WARNING: qemu-system-x86_64 looks like a hardware emulator (VMM). Hermit's host-time virtualization exposes mutually inconsistent clock sources (a synthetic RDTSC versus a virtualized clock_gettime) to the emulated guest, which can corrupt its clock calibration (for example "Unable to calibrate against PIT", TSC marked unstable, or "No current clocksource") and stall boot. If the nested guest misbehaves, either disable Hermit's virtual clock with --no-virtualize-time --no-virtualize-metadata, or make the emulator use a single instruction-derived clock (for QEMU: -icount shift=0,sleep=off). See docs/QEMU_BOOT.md.
2026-07-23T20:18:53.105030Z  INFO detcore::scheduler::runqueue: DETLOG SCHEDRAND: seeding scheduler runqueue with seed 0
2026-07-23T20:18:53.105684Z  INFO detcore::scheduler: [scheduler] daemon task starting up, waiting for guest thread start..
2026-07-23T20:18:53.105758Z  INFO detcore::tool_local: DETLOG USER RAND: seeding PRNG for root thread with seed 0
2026-07-23T20:18:53.105764Z  INFO detcore::tool_local: DETLOG CHAOSRAND: seeding chaos scheduler with seed 0
2026-07-23T20:18:53.106505Z  INFO detcore::scheduler: [scheduler] guest in queue, scheduler proceeding..
2026-07-23T20:18:53.106523Z  INFO detcore::scheduler: [sched-step5] >>>>>>>

 COMMIT turn 0, dettid 3 using resources {ParentContinue { parent: DetPid(3), child: DetPid(3) }: W}, on previously committed 1_640_995_199.000_000_000s
2026-07-23T20:18:53.106557Z  INFO detcore::scheduler: [sched-step5] >>>>>>>

 COMMIT turn 1, dettid 3 using resources {MemAddrSpace(DetPid(3)): RW}, on previously committed 1_640_995_199.000_500_000s
2026-07-23T20:18:53.106565Z  INFO detcore::tool_global: [detcore, dtid 3] New thread given go-ahead to proceed via <ivar 0x565547bea7d0 Go(None)>
2026-07-23T20:18:53.107583Z  INFO detcore: DETLOG [post_exec, dtid 3] init auxv AT_RANDOM value to [162, 205, 24, 211, 0, 83, 122, 92, 176, 131, 220, 72, 219, 250, 14, 242]
2026-07-23T20:18:53.107654Z  INFO detcore: [dtid 3] inbound rdtsc, new logical time: DetTime { syscalls: 1, rcbs: 49, nondet_instrs: 1, starting_micros: 1640995199000000, multiplier: 1.0 }
2026-07-23T20:18:53.107698Z  INFO detcore: [dtid 3] inbound rdtsc, new logical time: DetTime { syscalls: 1, rcbs: 408, nondet_instrs: 2, starting_micros: 1640995199000000, multiplier: 1.0 }
2026-07-23T20:18:53.107742Z  INFO detcore: DETLOG [syscall][detcore, dtid 3] inbound syscall: brk(NULL) = ?
2026-07-23T20:18:53.107767Z  INFO detcore: DETLOG [syscall][detcore, dtid 3] finish syscall #2: brk(NULL) = Ok(93825022504960)
2026-07-23T20:18:53.108185Z  INFO detcore: DETLOG [syscall][detcore, dtid 3] inbound syscall: arch_prctl(12289, 0x7fffffffb720) = ?
2026-07-23T20:18:53.108213Z  INFO detcore: DETLOG [syscall][detcore, dtid 3] finish syscall #3: arch_prctl(12289, 0x7fffffffb720) = Err(Errno(EINVAL))
2026-07-23T20:18:53.108262Z  INFO detcore: DETLOG [syscall][detcore, dtid 3] inbound syscall: mmap(NULL, 8192, ProtFlags(PROT_READ | PROT_WRITE), MapFlags(MAP_PRIVATE | MAP_ANON), -1, 0) = ?
2026-07-23T20:18:53.108299Z  INFO detcore: DETLOG [syscall][detcore, dtid 3] finish syscall #4: mmap(NULL, 8192, ProtFlags(PROT_READ | PROT_WRITE), MapFlags(MAP_PRIVATE | MAP_ANON), -1, 0) = Ok(140737353850880)
2026-07-23T20:18:53.108334Z  INFO detcore: DETLOG [syscall][detcore, dtid 3] inbound syscall: access(0x7ffff7ff2e50 -> "/etc/ld.so.preload", Mode(S_IROTH)) = ?
2026-07-23T20:18:53.108362Z  INFO detcore: DETLOG [syscall][detcore, dtid 3] finish syscall #5: access(0x7ffff7ff2e50 -> "/etc/ld.so.preload", Mode(S_IROTH)) = Err(Errno(ENOENT))
2026-07-23T20:18:53.108386Z  INFO detcore: [dtid 3] inbound rdtsc, new logical time: DetTime { syscalls: 5, rcbs: 33423, nondet_instrs: 24, starting_micros: 1640995199000000, multiplier: 1.0 }
2026-07-23T20:18:53.108418Z  INFO detcore: DETLOG [syscall][detcore, dtid 3] inbound syscall: openat(-100, 0x7ffff7ff1266 -> "/etc/ld.so.cache", OFlag(O_CLOEXEC)) = ?
2026-07-23T20:18:53.108436Z  INFO detcore::scheduler: [sched-step5] >>>>>>>

 COMMIT turn 2, dettid 3 using resources {Path("/etc/ld.so.cache"): R}, on previously committed 1_640_995_199.001_395_940s
2026-07-23T20:18:53.108493Z  INFO detcore::syscalls::files: Injecting additional fstat to retrieve file metadata on fd 3.
2026-07-23T20:18:53.108574Z  INFO detcore: DETLOG [syscall][detcore, dtid 3] finish syscall #6: openat(-100, 0x7ffff7ff1266 -> "/etc/ld.so.cache", OFlag(O_CLOEXEC)) = Ok(3)
2026-07-23T20:18:53.108598Z  INFO detcore: DETLOG [syscall][detcore, dtid 3] inbound syscall: fstat(3, 0x7fffffffa950) = ?
2026-07-23T20:18:53.108623Z  INFO detcore: DETLOG [syscall][detcore, dtid 3] finish syscall #7: fstat(3, 0x7fffffffa950) = Ok(0)
2026-07-23T20:18:53.108649Z  INFO detcore: DETLOG [syscall][detcore, dtid 3] inbound syscall: mmap(NULL, 29979, ProtFlags(PROT_READ), MapFlags(MAP_PRIVATE), 3, 0) = ?
2026-07-23T20:18:53.108677Z  INFO detcore: DETLOG [syscall][detcore, dtid 3] finish syscall #8: mmap(NULL, 29979, ProtFlags(PROT_READ), MapFlags(MAP_PRIVATE), 3, 0) = Ok(140737353818112)
2026-07-23T20:18:53.108708Z  INFO detcore: DETLOG [syscall][detcore, dtid 3] inbound syscall: close(3) = ?
2026-07-23T20:18:53.108732Z  INFO detcore: DETLOG [syscall][detcore, dtid 3] finish syscall #9: close(3) = Ok(0)
2026-07-23T20:18:53.108765Z  INFO detcore: DETLOG [syscall][detcore, dtid 3] inbound syscall: openat(-100, 0x7ffff7fba750 -> "/lib64/libcapstone.so.4", OFlag(O_CLOEXEC)) = ?
2026-07-23T20:18:53.108772Z  INFO detcore::scheduler: [sched-step5] >>>>>>>

 COMMIT turn 3, dettid 3 using resources {Path("/lib64/libcapstone.so.4"): R}, on previously committed 1_640_995_199.001_939_420s
2026-07-23T20:18:53.108807Z  INFO detcore::syscalls::files: Injecting additional fstat to retrieve file metadata on fd 3.
2026-07-23T20:18:53.108857Z  INFO detcore: DETLOG [syscall][detcore, dtid 3] finish syscall #10: openat(-100, 0x7ffff7fba750 -> "/lib64/libcapstone.so.4", OFlag(O_CLOEXEC)) = Ok(3)
2026-07-23T20:18:53.108880Z  INFO detcore: DETLOG [syscall][detcore, dtid 3] inbound syscall: read(3, 0x7fffffffaab8, 832) = ?
2026-07-23T20:18:53.108913Z  INFO detcore: DETLOG [syscall][detcore, dtid 3] finish syscall #11: read(3, 0x7fffffffaab8, 832) = Ok(832)
2026-07-23T20:18:53.108936Z  INFO detcore: DETLOG [syscall][detcore, dtid 3] inbound syscall: fstat(3, 0x7fffffffa950) = ?
2026-07-23T20:18:53.108957Z  INFO detcore: DETLOG [syscall][detcore, dtid 3] finish syscall #12: fstat(3, 0x7fffffffa950) = Ok(0)
2026-07-23T20:18:53.108980Z  INFO detcore: DETLOG [syscall][detcore, dtid 3] inbound syscall: mmap(NULL, 6605352, ProtFlags(PROT_READ), MapFlags(MAP_PRIVATE | MAP_DENYWRITE), 3, 0) = ?
2026-07-23T20:18:53.109001Z  INFO detcore: DETLOG [syscall][detcore, dtid 3] finish syscall #13: mmap(NULL, 6605352, ProtFlags(PROT_READ), MapFlags(MAP_PRIVATE | MAP_DENYWRITE), 3, 0) = Ok(140737345748992)
2026-07-23T20:18:53.109024Z  INFO detcore: DETLOG [syscall][detcore, dtid 3] inbound syscall: mmap(0x7ffff79c6000, 712704, ProtFlags(PROT_READ | PROT_EXEC), MapFlags(MAP_PRIVATE | MAP_FIXED | MAP_DENYWRITE), 3, 1859584) = ?
2026-07-23T20:18:53.109051Z  INFO detcore: DETLOG [syscall][detcore, dtid 3] finish syscall #14: mmap(0x7ffff79c6000, 712704, ProtFlags(PROT_READ | PROT_EXEC), MapFlags(MAP_PRIVATE | MAP_FIXED | MAP_DENYWRITE), 3, 1859584) = Ok(140737347608576)
2026-07-23T20:18:53.109075Z  INFO detcore: DETLOG [syscall][detcore, dtid 3] inbound syscall: mmap(0x7ffff7a74000, 2248704, ProtFlags(PROT_READ), MapFlags(MAP_PRIVATE | MAP_FIXED | MAP_DENYWRITE), 3, 2572288) = ?
2026-07-23T20:18:53.109100Z  INFO detcore: DETLOG [syscall][detcore, dtid 3] finish syscall #15: mmap(0x7ffff7a74000, 2248704, ProtFlags(PROT_READ), MapFlags(MAP_PRIVATE | MAP_FIXED | MAP_DENYWRITE), 3, 2572288) = Ok(140737348321280)
2026-07-23T20:18:53.109123Z  INFO detcore: DETLOG [syscall][detcore, dtid 3] inbound syscall: mmap(0x7ffff7c99000, 1785856, ProtFlags(PROT_READ | PROT_WRITE), MapFlags(MAP_PRIVATE | MAP_FIXED | MAP_DENYWRITE), 3, 4816896) = ?
2026-07-23T20:18:53.109144Z  INFO detcore: DETLOG [syscall][detcore, dtid 3] finish syscall #16: mmap(0x7ffff7c99000, 1785856, ProtFlags(PROT_READ | PROT_WRITE), MapFlags(MAP_PRIVATE | MAP_FIXED | MAP_DENYWRITE), 3, 4816896) = Ok(140737350569984)
2026-07-23T20:18:53.109181Z  INFO detcore: DETLOG [syscall][detcore, dtid 3] inbound syscall: close(3) = ?
2026-07-23T20:18:53.109203Z  INFO detcore: DETLOG [syscall][detcore, dtid 3] finish syscall #17: close(3) = Ok(0)
2026-07-23T20:18:53.109230Z  INFO detcore: DETLOG [syscall][detcore, dtid 3] inbound syscall: openat(-100, 0x7ffff7fbac50 -> "/lib64/libgnutls.so.30", OFlag(O_CLOEXEC)) = ?
2026-07-23T20:18:53.109237Z  INFO detcore::scheduler: [sched-step5] >>>>>>>

 COMMIT turn 4, dettid 3 using resources {Path("/lib64/libgnutls.so.30"): R}, on previously committed 1_640_995_199.002_527_950s
2026-07-23T20:18:53.109272Z  INFO detcore::syscalls::files: Injecting additional fstat to retrieve file metadata on fd 3.
2026-07-23T20:18:53.109315Z  INFO detcore: DETLOG [syscall][detcore, dtid 3] finish syscall #18: openat(-100, 0x7ffff7fbac50 -> "/lib64/libgnutls.so.30", OFlag(O_CLOEXEC)) = Ok(3)
2026-07-23T20:18:53.109336Z  INFO detcore: DETLOG [syscall][detcore, dtid 3] inbound syscall: read(3, 0x7fffffffaa98, 832) = ?
2026-07-23T20:18:53.109356Z  INFO detcore: DETLOG [syscall][detcore, dtid 3] finish syscall #19: read(3, 0x7fffffffaa98, 832) = Ok(832)
2026-07-23T20:18:53.109378Z  INFO detcore: DETLOG [syscall][detcore, dtid 3] inbound syscall: fstat(3, 0x7fffffffa930) = ?
2026-07-23T20:18:53.109403Z  INFO detcore: DETLOG [syscall][detcore, dtid 3] finish syscall #20: fstat(3, 0x7fffffffa930) = Ok(0)
2026-07-23T20:18:53.109428Z  INFO detcore: DETLOG [syscall][detcore, dtid 3] inbound syscall: mmap(NULL, 2979040, ProtFlags(PROT_READ), MapFlags(MAP_PRIVATE | MAP_DENYWRITE), 3, 0) = ?
2026-07-23T20:18:53.109455Z  INFO detcore: DETLOG [syscall][detcore, dtid 3] finish syscall #21: mmap(NULL, 2979040, ProtFlags(PROT_READ), MapFlags(MAP_PRIVATE | MAP_DENYWRITE), 3, 0) = Ok(140737341554688)
2026-07-23T20:18:53.109479Z  INFO detcore: DETLOG [syscall][detcore, dtid 3] inbound syscall: mmap(0x7ffff7439000, 1994752, ProtFlags(PROT_READ | PROT_EXEC), MapFlags(MAP_PRIVATE | MAP_FIXED | MAP_DENYWRITE), 3, 233472) = ?
2026-07-23T20:18:53.109505Z  INFO detcore: DETLOG [syscall][detcore, dtid 3] finish syscall #22: mmap(0x7ffff7439000, 1994752, ProtFlags(PROT_READ | PROT_EXEC), MapFlags(MAP_PRIVATE | MAP_FIXED | MAP_DENYWRITE), 3, 233472) = Ok(140737341788160)
2026-07-23T20:18:53.109527Z  INFO detcore: DETLOG [syscall][detcore, dtid 3] inbound syscall: mmap(0x7ffff7620000, 647168, ProtFlags(PROT_READ), MapFlags(MAP_PRIVATE | MAP_FIXED | MAP_DENYWRITE), 3, 2228224) = ?
2026-07-23T20:18:53.109549Z  INFO detcore: DETLOG [syscall][detcore, dtid 3] finish syscall #23: mmap(0x7ffff7620000, 647168, ProtFlags(PROT_READ), MapFlags(MAP_PRIVATE | MAP_FIXED | MAP_DENYWRITE), 3, 2228224) = Ok(140737343782912)
2026-07-23T20:18:53.109570Z  INFO detcore: DETLOG [syscall][detcore, dtid 3] inbound syscall: mmap(0x7ffff76be000, 90112, ProtFlags(PROT_READ | PROT_WRITE), MapFlags(MAP_PRIVATE | MAP_FIXED | MAP_DENYWRITE), 3, 2875392) = ?
2026-07-23T20:18:53.109595Z  INFO detcore: DETLOG [syscall][detcore, dtid 3] finish syscall #24: mmap(0x7ffff76be000, 90112, ProtFlags(PROT_READ | PROT_WRITE), MapFlags(MAP_PRIVATE | MAP_FIXED | MAP_DENYWRITE), 3, 2875392) = Ok(140737344430080)
2026-07-23T20:18:53.109619Z  INFO detcore: DETLOG [syscall][detcore, dtid 3] inbound syscall: mmap(0x7ffff76d4000, 13536, ProtFlags(PROT_READ | PROT_WRITE), MapFlags(MAP_PRIVATE | MAP_FIXED | MAP_ANON), -1, 0) = ?
2026-07-23T20:18:53.109643Z  INFO detcore: DETLOG [syscall][detcore, dtid 3] finish syscall #25: mmap(0x7ffff76d4000, 13536, ProtFlags(PROT_READ | PROT_WRITE), MapFlags(MAP_PRIVATE | MAP_FIXED | MAP_ANON), -1, 0) = Ok(140737344520192)
2026-07-23T20:18:53.109674Z  INFO detcore: DETLOG [syscall][detcore, dtid 3] inbound syscall: close(3) = ?
2026-07-23T20:18:53.109699Z  INFO detcore: DETLOG [syscall][detcore, dtid 3] finish syscall #26: close(3) = Ok(0)
2026-07-23T20:18:53.109738Z  INFO detcore: DETLOG [syscall][detcore, dtid 3] inbound syscall: openat(-100, 0x7ffff7fbb150 -> "/lib64/libpixman-1.so.0", OFlag(O_CLOEXEC)) = ?
2026-07-23T20:18:53.109744Z  INFO detcore::scheduler: [sched-step5] >>>>>>>

 COMMIT turn 5, dettid 3 using resources {Path("/lib64/libpixman-1.so.0"): R}, on previously committed 1_640_995_199.003_128_010s
2026-07-23T20:18:53.109782Z  INFO detcore::syscalls::files: Injecting additional fstat to retrieve file metadata on fd 3.
2026-07-23T20:18:53.109830Z  INFO detcore: DETLOG [syscall][detcore, dtid 3] finish syscall #27: openat(-100, 0x7ffff7fbb150 -> "/lib64/libpixman-1.so.0", OFlag(O_CLOEXEC)) = Ok(3)
2026-07-23T20:18:53.109855Z  INFO detcore: DETLOG [syscall][detcore, dtid 3] inbound syscall: read(3, 0x7fffffffaa78, 832) = ?
2026-07-23T20:18:53.109875Z  INFO detcore: DETLOG [syscall][detcore, dtid 3] finish syscall #28: read(3, 0x7fffffffaa78, 832) = Ok(832)
2026-07-23T20:18:53.109898Z  INFO detcore: DETLOG [syscall][detcore, dtid 3] inbound syscall: fstat(3, 0x7fffffffa910) = ?
2026-07-23T20:18:53.109919Z  INFO detcore: DETLOG [syscall][detcore, dtid 3] finish syscall #29: fstat(3, 0x7fffffffa910) = Ok(0)
2026-07-23T20:18:53.109941Z  INFO detcore: DETLOG [syscall][detcore, dtid 3] inbound syscall: mmap(NULL, 700744, ProtFlags(PROT_READ), MapFlags(MAP_PRIVATE | MAP_DENYWRITE), 3, 0) = ?
2026-07-23T20:18:53.109964Z  INFO detcore: DETLOG [syscall][detcore, dtid 3] finish syscall #30: mmap(NULL, 700744, ProtFlags(PROT_READ), MapFlags(MAP_PRIVATE | MAP_DENYWRITE), 3, 0) = Ok(140737353113600)
2026-07-23T20:18:53.109989Z  INFO detcore: DETLOG [syscall][detcore, dtid 3] inbound syscall: mmap(0x7ffff7f11000, 548864, ProtFlags(PROT_READ | PROT_EXEC), MapFlags(MAP_PRIVATE | MAP_FIXED | MAP_DENYWRITE), 3, 45056) = ?
2026-07-23T20:18:53.110014Z  INFO detcore: DETLOG [syscall][detcore, dtid 3] finish syscall #31: mmap(0x7ffff7f11000, 548864, ProtFlags(PROT_READ | PROT_EXEC), MapFlags(MAP_PRIVATE | MAP_FIXED | MAP_DENYWRITE), 3, 45056) = Ok(140737353158656)
2026-07-23T20:18:53.110035Z  INFO detcore: DETLOG [syscall][detcore, dtid 3] inbound syscall: mmap(0x7ffff7f97000, 73728, ProtFlags(PROT_READ), MapFlags(MAP_PRIVATE | MAP_FIXED | MAP_DENYWRITE), 3, 593920) = ?
2026-07-23T20:18:53.110056Z  INFO detcore: DETLOG [syscall][detcore, dtid 3] finish syscall #32: mmap(0x7ffff7f97000, 73728, ProtFlags(PROT_READ), MapFlags(MAP_PRIVATE | MAP_FIXED | MAP_DENYWRITE), 3, 593920) = Ok(140737353707520)
2026-07-23T20:18:53.110077Z  INFO detcore: DETLOG [syscall][detcore, dtid 3] inbound syscall: mmap(0x7ffff7fa9000, 36864, ProtFlags(PROT_READ | PROT_WRITE), MapFlags(MAP_PRIVATE | MAP_FIXED | MAP_DENYWRITE), 3, 663552) = ?
2026-07-23T20:18:53.110100Z  INFO detcore: DETLOG [syscall][detcore, dtid 3] finish syscall #33: mmap(0x7ffff7fa9000, 36864, ProtFlags(PROT_READ | PROT_WRITE), MapFlags(MAP_PRIVATE | MAP_FIXED | MAP_DENYWRITE), 3, 663552) = Ok(140737353781248)
2026-07-23T20:18:53.110132Z  INFO detcore: DETLOG [syscall][detcore, dtid 3] inbound syscall: close(3) = ?
2026-07-23T20:18:53.110151Z  INFO detcore: DETLOG [syscall][detcore, dtid 3] finish syscall #34: close(3) = Ok(0)
2026-07-23T20:18:53.110174Z  INFO detcore: DETLOG [syscall][detcore, dtid 3] inbound syscall: openat(-100, 0x7ffff7fbb650 -> "/lib64/libpng16.so.16", OFlag(O_CLOEXEC)) = ?
2026-07-23T20:18:53.110181Z  INFO detcore::scheduler: [sched-step5] >>>>>>>

 COMMIT turn 6, dettid 3 using resources {Path("/lib64/libpng16.so.16"): R}, on previously committed 1_640_995_199.003_717_540s
2026-07-23T20:18:53.110219Z  INFO detcore::syscalls::files: Injecting additional fstat to retrieve file metadata on fd 3.
2026-07-23T20:18:53.110268Z  INFO detcore: DETLOG [syscall][detcore, dtid 3] finish syscall #35: openat(-100, 0x7ffff7fbb650 -> "/lib64/libpng16.so.16", OFlag(O_CLOEXEC)) = Ok(3)
2026-07-23T20:18:53.110292Z  INFO detcore: DETLOG [syscall][detcore, dtid 3] inbound syscall: read(3, 0x7fffffffaa58, 832) = ?
2026-07-23T20:18:53.110311Z  INFO detcore: DETLOG [syscall][detcore, dtid 3] finish syscall #36: read(3, 0x7fffffffaa58, 832) = Ok(832)
2026-07-23T20:18:53.110331Z  INFO detcore: DETLOG [syscall][detcore, dtid 3] inbound syscall: fstat(3, 0x7fffffffa8f0) = ?
2026-07-23T20:18:53.110359Z  INFO detcore: DETLOG [syscall][detcore, dtid 3] finish syscall #37: fstat(3, 0x7fffffffa8f0) = Ok(0)
2026-07-23T20:18:53.110384Z  INFO detcore: DETLOG [syscall][detcore, dtid 3] inbound syscall: mmap(NULL, 221192, ProtFlags(PROT_READ), MapFlags(MAP_PRIVATE | MAP_DENYWRITE), 3, 0) = ?
2026-07-23T20:18:53.110406Z  INFO detcore: DETLOG [syscall][detcore, dtid 3] finish syscall #38: mmap(NULL, 221192, ProtFlags(PROT_READ), MapFlags(MAP_PRIVATE | MAP_DENYWRITE), 3, 0) = Ok(140737352888320)
2026-07-23T20:18:53.110430Z  INFO detcore: DETLOG [syscall][detcore, dtid 3] inbound syscall: mmap(0x7ffff7ed4000, 155648, ProtFlags(PROT_READ | PROT_EXEC), MapFlags(MAP_PRIVATE | MAP_FIXED | MAP_DENYWRITE), 3, 20480) = ?
2026-07-23T20:18:53.110451Z  INFO detcore: DETLOG [syscall][detcore, dtid 3] finish syscall #39: mmap(0x7ffff7ed4000, 155648, ProtFlags(PROT_READ | PROT_EXEC), MapFlags(MAP_PRIVATE | MAP_FIXED | MAP_DENYWRITE), 3, 20480) = Ok(140737352908800)
2026-07-23T20:18:53.110477Z  INFO detcore: DETLOG [syscall][detcore, dtid 3] inbound syscall: mmap(0x7ffff7efa000, 40960, ProtFlags(PROT_READ), MapFlags(MAP_PRIVATE | MAP_FIXED | MAP_DENYWRITE), 3, 176128) = ?
2026-07-23T20:18:53.110500Z  INFO detcore: DETLOG [syscall][detcore, dtid 3] finish syscall #40: mmap(0x7ffff7efa000, 40960, ProtFlags(PROT_READ), MapFlags(MAP_PRIVATE | MAP_FIXED | MAP_DENYWRITE), 3, 176128) = Ok(140737353064448)
2026-07-23T20:18:53.110531Z  INFO detcore: DETLOG [syscall][detcore, dtid 3] inbound syscall: mmap(0x7ffff7f04000, 4096, ProtFlags(PROT_READ | PROT_WRITE), MapFlags(MAP_PRIVATE | MAP_FIXED | MAP_DENYWRITE), 3, 212992) = ?
2026-07-23T20:18:53.110555Z  INFO detcore: DETLOG [syscall][detcore, dtid 3] finish syscall #41: mmap(0x7ffff7f04000, 4096, ProtFlags(PROT_READ | PROT_WRITE), MapFlags(MAP_PRIVATE | MAP_FIXED | MAP_DENYWRITE), 3, 212992) = Ok(140737353105408)
2026-07-23T20:18:53.110577Z  INFO detcore: DETLOG [syscall][detcore, dtid 3] inbound syscall: mmap(0x7ffff7f05000, 8, ProtFlags(PROT_READ | PROT_WRITE), MapFlags(MAP_PRIVATE | MAP_FIXED | MAP_ANON), -1, 0) = ?
2026-07-23T20:18:53.110597Z  INFO detcore: DETLOG [syscall][detcore, dtid 3] finish syscall #42: mmap(0x7ffff7f05000, 8, ProtFlags(PROT_READ | PROT_WRITE), MapFlags(MAP_PRIVATE | MAP_FIXED | MAP_ANON), -1, 0) = Ok(140737353109504)
2026-07-23T20:18:53.110624Z  INFO detcore: DETLOG [syscall][detcore, dtid 3] inbound syscall: close(3) = ?
2026-07-23T20:18:53.110642Z  INFO detcore: DETLOG [syscall][detcore, dtid 3] finish syscall #43: close(3) = Ok(0)
2026-07-23T20:18:53.110666Z  INFO detcore: DETLOG [syscall][detcore, dtid 3] inbound syscall: openat(-100, 0x7ffff7fbbb50 -> "/lib64/libz.so.1", OFlag(O_CLOEXEC)) = ?
2026-07-23T20:18:53.110673Z  INFO detcore::scheduler: [sched-step5] >>>>>>>

 COMMIT turn 7, dettid 3 using resources {Path("/lib64/libz.so.1"): R}, on previously committed 1_640_995_199.004_316_770s
2026-07-23T20:18:53.110715Z  INFO detcore::syscalls::files: Injecting additional fstat to retrieve file metadata on fd 3.
2026-07-23T20:18:53.110762Z  INFO detcore: DETLOG [syscall][detcore, dtid 3] finish syscall #44: openat(-100, 0x7ffff7fbbb50 -> "/lib64/libz.so.1", OFlag(O_CLOEXEC)) = Ok(3)
2026-07-23T20:18:53.110783Z  INFO detcore: DETLOG [syscall][detcore, dtid 3] inbound syscall: read(3, 0x7fffffffaa38, 832) = ?
2026-07-23T20:18:53.110806Z  INFO detcore: DETLOG [syscall][detcore, dtid 3] finish syscall #45: read(3, 0x7fffffffaa38, 832) = Ok(832)
2026-07-23T20:18:53.110827Z  INFO detcore: DETLOG [syscall][detcore, dtid 3] inbound syscall: fstat(3, 0x7fffffffa8d0) = ?
2026-07-23T20:18:53.110848Z  INFO detcore: DETLOG [syscall][detcore, dtid 3] finish syscall #46: fstat(3, 0x7fffffffa8d0) = Ok(0)
2026-07-23T20:18:53.110873Z  INFO detcore: DETLOG [syscall][detcore, dtid 3] inbound syscall: mmap(NULL, 8192, ProtFlags(PROT_READ | PROT_WRITE), MapFlags(MAP_PRIVATE | MAP_ANON), -1, 0) = ?
2026-07-23T20:18:53.110895Z  INFO detcore: DETLOG [syscall][detcore, dtid 3] finish syscall #47: mmap(NULL, 8192, ProtFlags(PROT_READ | PROT_WRITE), MapFlags(MAP_PRIVATE | MAP_ANON), -1, 0) = Ok(140737352880128)
2026-07-23T20:18:53.110924Z  INFO detcore: DETLOG [syscall][detcore, dtid 3] inbound syscall: mmap(NULL, 102408, ProtFlags(PROT_READ), MapFlags(MAP_PRIVATE | MAP_DENYWRITE), 3, 0) = ?
2026-07-23T20:18:53.110947Z  INFO detcore: DETLOG [syscall][detcore, dtid 3] finish syscall #48: mmap(NULL, 102408, ProtFlags(PROT_READ), MapFlags(MAP_PRIVATE | MAP_DENYWRITE), 3, 0) = Ok(140737352773632)
2026-07-23T20:18:53.110968Z  INFO detcore: DETLOG [syscall][detcore, dtid 3] inbound syscall: mprotect(0x7ffff7eb6000, 86016, ProtFlags(0x0)) = ?
2026-07-23T20:18:53.110993Z  INFO detcore: DETLOG [syscall][detcore, dtid 3] finish syscall #49: mprotect(0x7ffff7eb6000, 86016, ProtFlags(0x0)) = Ok(0)
2026-07-23T20:18:53.111014Z  INFO detcore: DETLOG [syscall][detcore, dtid 3] inbound syscall: mmap(0x7ffff7eb6000, 57344, ProtFlags(PROT_READ | PROT_EXEC), MapFlags(MAP_PRIVATE | MAP_FIXED | MAP_DENYWRITE), 3, 12288) = ?
2026-07-23T20:18:53.111038Z  INFO detcore: DETLOG [syscall][detcore, dtid 3] finish syscall #50: mmap(0x7ffff7eb6000, 57344, ProtFlags(PROT_READ | PROT_EXEC), MapFlags(MAP_PRIVATE | MAP_FIXED | MAP_DENYWRITE), 3, 12288) = Ok(140737352785920)
2026-07-23T20:18:53.111061Z  INFO detcore: DETLOG [syscall][detcore, dtid 3] inbound syscall: mmap(0x7ffff7ec4000, 24576, ProtFlags(PROT_READ), MapFlags(MAP_PRIVATE | MAP_FIXED | MAP_DENYWRITE), 3, 69632) = ?
2026-07-23T20:18:53.111083Z  INFO detcore: DETLOG [syscall][detcore, dtid 3] finish syscall #51: mmap(0x7ffff7ec4000, 24576, ProtFlags(PROT_READ), MapFlags(MAP_PRIVATE | MAP_FIXED | MAP_DENYWRITE), 3, 69632) = Ok(140737352843264)
2026-07-23T20:18:53.111110Z  INFO detcore: DETLOG [syscall][detcore, dtid 3] inbound syscall: mmap(0x7ffff7ecb000, 4096, ProtFlags(PROT_READ | PROT_WRITE), MapFlags(MAP_PRIVATE | MAP_FIXED | MAP_DENYWRITE), 3, 94208) = ?
2026-07-23T20:18:53.111135Z  INFO detcore: DETLOG [syscall][detcore, dtid 3] finish syscall #52: mmap(0x7ffff7ecb000, 4096, ProtFlags(PROT_READ | PROT_WRITE), MapFlags(MAP_PRIVATE | MAP_FIXED | MAP_DENYWRITE), 3, 94208) = Ok(140737352871936)
2026-07-23T20:18:53.111163Z  INFO detcore: DETLOG [syscall][detcore, dtid 3] inbound syscall: mmap(0x7ffff7ecc000, 8, ProtFlags(PROT_READ | PROT_WRITE), MapFlags(MAP_PRIVATE | MAP_FIXED | MAP_ANON), -1, 0) = ?
2026-07-23T20:18:53.111183Z  INFO detcore: DETLOG [syscall][detcore, dtid 3] finish syscall #53: mmap(0x7ffff7ecc000, 8, ProtFlags(PROT_READ | PROT_WRITE), MapFlags(MAP_PRIVATE | MAP_FIXED | MAP_ANON), -1, 0) = Ok(140737352876032)
2026-07-23T20:18:53.111209Z  INFO detcore: DETLOG [syscall][detcore, dtid 3] inbound syscall: close(3) = ?
2026-07-23T20:18:53.111229Z  INFO detcore: DETLOG [syscall][detcore, dtid 3] finish syscall #54: close(3) = Ok(0)
2026-07-23T20:18:53.111254Z  INFO detcore: DETLOG [syscall][detcore, dtid 3] inbound syscall: openat(-100, 0x7ffff7ecd4e0 -> "/lib64/libsasl2.so.3", OFlag(O_CLOEXEC)) = ?
2026-07-23T20:18:53.111260Z  INFO detcore::scheduler: [sched-step5] >>>>>>>

 COMMIT turn 8, dettid 3 using resources {Path("/lib64/libsasl2.so.3"): R}, on previously committed 1_640_995_199.004_936_370s
2026-07-23T20:18:53.111300Z  INFO detcore::syscalls::files: Injecting additional fstat to retrieve file metadata on fd 3.
2026-07-23T20:18:53.111344Z  INFO detcore: DETLOG [syscall][detcore, dtid 3] finish syscall #55: openat(-100, 0x7ffff7ecd4e0 -> "/lib64/libsasl2.so.3", OFlag(O_CLOEXEC)) = Ok(3)
2026-07-23T20:18:53.111366Z  INFO detcore: DETLOG [syscall][detcore, dtid 3] inbound syscall: read(3, 0x7fffffffaa18, 832) = ?
2026-07-23T20:18:53.111386Z  INFO detcore: DETLOG [syscall][detcore, dtid 3] finish syscall #56: read(3, 0x7fffffffaa18, 832) = Ok(832)
2026-07-23T20:18:53.111406Z  INFO detcore: DETLOG [syscall][detcore, dtid 3] inbound syscall: fstat(3, 0x7fffffffa8b0) = ?
2026-07-23T20:18:53.111426Z  INFO detcore: DETLOG [syscall][detcore, dtid 3] finish syscall #57: fstat(3, 0x7fffffffa8b0) = Ok(0)
2026-07-23T20:18:53.111451Z  INFO detcore: DETLOG [syscall][detcore, dtid 3] inbound syscall: mmap(NULL, 127960, ProtFlags(PROT_READ), MapFlags(MAP_PRIVATE | MAP_DENYWRITE), 3, 0) = ?
2026-07-23T20:18:53.111475Z  INFO detcore: DETLOG [syscall][detcore, dtid 3] finish syscall #58: mmap(NULL, 127960, ProtFlags(PROT_READ), MapFlags(MAP_PRIVATE | MAP_DENYWRITE), 3, 0) = Ok(140737352642560)
2026-07-23T20:18:53.111499Z  INFO detcore: DETLOG [syscall][detcore, dtid 3] inbound syscall: mmap(0x7ffff7e98000, 77824, ProtFlags(PROT_READ | PROT_EXEC), MapFlags(MAP_PRIVATE | MAP_FIXED | MAP_DENYWRITE), 3, 20480) = ?
2026-07-23T20:18:53.111523Z  INFO detcore: DETLOG [syscall][detcore, dtid 3] finish syscall #59: mmap(0x7ffff7e98000, 77824, ProtFlags(PROT_READ | PROT_EXEC), MapFlags(MAP_PRIVATE | MAP_FIXED | MAP_DENYWRITE), 3, 20480) = Ok(140737352663040)
2026-07-23T20:18:53.111544Z  INFO detcore: DETLOG [syscall][detcore, dtid 3] inbound syscall: mmap(0x7ffff7eab000, 24576, ProtFlags(PROT_READ), MapFlags(MAP_PRIVATE | MAP_FIXED | MAP_DENYWRITE), 3, 98304) = ?
2026-07-23T20:18:53.111568Z  INFO detcore: DETLOG [syscall][detcore, dtid 3] finish syscall #60: mmap(0x7ffff7eab000, 24576, ProtFlags(PROT_READ), MapFlags(MAP_PRIVATE | MAP_FIXED | MAP_DENYWRITE), 3, 98304) = Ok(140737352740864)
2026-07-23T20:18:53.111590Z  INFO detcore: DETLOG [syscall][detcore, dtid 3] inbound syscall: mmap(0x7ffff7eb1000, 8192, ProtFlags(PROT_READ | PROT_WRITE), MapFlags(MAP_PRIVATE | MAP_FIXED | MAP_DENYWRITE), 3, 118784) = ?
2026-07-23T20:18:53.111615Z  INFO detcore: DETLOG [syscall][detcore, dtid 3] finish syscall #61: mmap(0x7ffff7eb1000, 8192, ProtFlags(PROT_READ | PROT_WRITE), MapFlags(MAP_PRIVATE | MAP_FIXED | MAP_DENYWRITE), 3, 118784) = Ok(140737352765440)
2026-07-23T20:18:53.111644Z  INFO detcore: DETLOG [syscall][detcore, dtid 3] inbound syscall: close(3) = ?
2026-07-23T20:18:53.111663Z  INFO detcore: DETLOG [syscall][detcore, dtid 3] finish syscall #62: close(3) = Ok(0)
2026-07-23T20:18:53.111696Z  INFO detcore: DETLOG [syscall][detcore, dtid 3] inbound syscall: openat(-100, 0x7ffff7ecd9e0 -> "/lib64/libsnappy.so.1", OFlag(O_CLOEXEC)) = ?
2026-07-23T20:18:53.111703Z  INFO detcore::scheduler: [sched-step5] >>>>>>>

 COMMIT turn 9, dettid 3 using resources {Path("/lib64/libsnappy.so.1"): R}, on previously committed 1_640_995_199.005_526_420s
2026-07-23T20:18:53.111738Z  INFO detcore::syscalls::files: Injecting additional fstat to retrieve file metadata on fd 3.
2026-07-23T20:18:53.111788Z  INFO detcore: DETLOG [syscall][detcore, dtid 3] finish syscall #63: openat(-100, 0x7ffff7ecd9e0 -> "/lib64/libsnappy.so.1", OFlag(O_CLOEXEC)) = Ok(3)
2026-07-23T20:18:53.111819Z  INFO detcore: DETLOG [syscall][detcore, dtid 3] inbound syscall: read(3, 0x7fffffffa9f8, 832) = ?
2026-07-23T20:18:53.111848Z  INFO detcore: DETLOG [syscall][detcore, dtid 3] finish syscall #64: read(3, 0x7fffffffa9f8, 832) = Ok(832)
2026-07-23T20:18:53.111875Z  INFO detcore: DETLOG [syscall][detcore, dtid 3] inbound syscall: fstat(3, 0x7fffffffa890) = ?
2026-07-23T20:18:53.111900Z  INFO detcore: DETLOG [syscall][detcore, dtid 3] finish syscall #65: fstat(3, 0x7fffffffa890) = Ok(0)
2026-07-23T20:18:53.111924Z  INFO detcore: DETLOG [syscall][detcore, dtid 3] inbound syscall: mmap(NULL, 49176, ProtFlags(PROT_READ), MapFlags(MAP_PRIVATE | MAP_DENYWRITE), 3, 0) = ?
2026-07-23T20:18:53.111951Z  INFO detcore: DETLOG [syscall][detcore, dtid 3] finish syscall #66: mmap(NULL, 49176, ProtFlags(PROT_READ), MapFlags(MAP_PRIVATE | MAP_DENYWRITE), 3, 0) = Ok(140737352589312)
2026-07-23T20:18:53.111975Z  INFO detcore: DETLOG [syscall][detcore, dtid 3] inbound syscall: mprotect(0x7ffff7e89000, 32768, ProtFlags(0x0)) = ?
2026-07-23T20:18:53.112002Z  INFO detcore: DETLOG [syscall][detcore, dtid 3] finish syscall #67: mprotect(0x7ffff7e89000, 32768, ProtFlags(0x0)) = Ok(0)
2026-07-23T20:18:53.112024Z  INFO detcore: DETLOG [syscall][detcore, dtid 3] inbound syscall: mmap(0x7ffff7e89000, 20480, ProtFlags(PROT_READ | PROT_EXEC), MapFlags(MAP_PRIVATE | MAP_FIXED | MAP_DENYWRITE), 3, 12288) = ?
2026-07-23T20:18:53.112046Z  INFO detcore: DETLOG [syscall][detcore, dtid 3] finish syscall #68: mmap(0x7ffff7e89000, 20480, ProtFlags(PROT_READ | PROT_EXEC), MapFlags(MAP_PRIVATE | MAP_FIXED | MAP_DENYWRITE), 3, 12288) = Ok(140737352601600)
2026-07-23T20:18:53.112072Z  INFO detcore: DETLOG [syscall][detcore, dtid 3] inbound syscall: mmap(0x7ffff7e8e000, 8192, ProtFlags(PROT_READ), MapFlags(MAP_PRIVATE | MAP_FIXED | MAP_DENYWRITE), 3, 32768) = ?
2026-07-23T20:18:53.112095Z  INFO detcore: DETLOG [syscall][detcore, dtid 3] finish syscall #69: mmap(0x7ffff7e8e000, 8192, ProtFlags(PROT_READ), MapFlags(MAP_PRIVATE | MAP_FIXED | MAP_DENYWRITE), 3, 32768) = Ok(140737352622080)
2026-07-23T20:18:53.112118Z  INFO detcore: DETLOG [syscall][detcore, dtid 3] inbound syscall: mmap(0x7ffff7e91000, 8192, ProtFlags(PROT_READ | PROT_WRITE), MapFlags(MAP_PRIVATE | MAP_FIXED | MAP_DENYWRITE), 3, 40960) = ?
2026-07-23T20:18:53.112139Z  INFO detcore: DETLOG [syscall][detcore, dtid 3] finish syscall #70: mmap(0x7ffff7e91000, 8192, ProtFlags(PROT_READ | PROT_WRITE), MapFlags(MAP_PRIVATE | MAP_FIXED | MAP_DENYWRITE), 3, 40960) = Ok(140737352634368)
2026-07-23T20:18:53.112170Z  INFO detcore: DETLOG [syscall][detcore, dtid 3] inbound syscall: close(3) = ?
2026-07-23T20:18:53.112188Z  INFO detcore: DETLOG [syscall][detcore, dtid 3] finish syscall #71: close(3) = Ok(0)
2026-07-23T20:18:53.112214Z  INFO detcore: DETLOG [syscall][detcore, dtid 3] inbound syscall: openat(-100, 0x7ffff7ecdee0 -> "/lib64/liblzo2.so.2", OFlag(O_CLOEXEC)) = ?
2026-07-23T20:18:53.112220Z  INFO detcore::scheduler: [sched-step5] >>>>>>>

 COMMIT turn 10, dettid 3 using resources {Path("/lib64/liblzo2.so.2"): R}, on previously committed 1_640_995_199.006_127_830s
2026-07-23T20:18:53.112257Z  INFO detcore::syscalls::files: Injecting additional fstat to retrieve file metadata on fd 3.
2026-07-23T20:18:53.112298Z  INFO detcore: DETLOG [syscall][detcore, dtid 3] finish syscall #72: openat(-100, 0x7ffff7ecdee0 -> "/lib64/liblzo2.so.2", OFlag(O_CLOEXEC)) = Ok(3)
2026-07-23T20:18:53.112319Z  INFO detcore: DETLOG [syscall][detcore, dtid 3] inbound syscall: read(3, 0x7fffffffa9d8, 832) = ?
2026-07-23T20:18:53.112340Z  INFO detcore: DETLOG [syscall][detcore, dtid 3] finish syscall #73: read(3, 0x7fffffffa9d8, 832) = Ok(832)
2026-07-23T20:18:53.112360Z  INFO detcore: DETLOG [syscall][detcore, dtid 3] inbound syscall: fstat(3, 0x7fffffffa870) = ?
2026-07-23T20:18:53.112383Z  INFO detcore: DETLOG [syscall][detcore, dtid 3] finish syscall #74: fstat(3, 0x7fffffffa870) = Ok(0)
2026-07-23T20:18:53.112410Z  INFO detcore: DETLOG [syscall][detcore, dtid 3] inbound syscall: mmap(NULL, 131080, ProtFlags(PROT_READ), MapFlags(MAP_PRIVATE | MAP_DENYWRITE), 3, 0) = ?
2026-07-23T20:18:53.112434Z  INFO detcore: DETLOG [syscall][detcore, dtid 3] finish syscall #75: mmap(NULL, 131080, ProtFlags(PROT_READ), MapFlags(MAP_PRIVATE | MAP_DENYWRITE), 3, 0) = Ok(140737352454144)
2026-07-23T20:18:53.112463Z  INFO detcore: DETLOG [syscall][detcore, dtid 3] inbound syscall: mmap(0x7ffff7e68000, 102400, ProtFlags(PROT_READ | PROT_EXEC), MapFlags(MAP_PRIVATE | MAP_FIXED | MAP_DENYWRITE), 3, 12288) = ?
2026-07-23T20:18:53.112487Z  INFO detcore: DETLOG [syscall][detcore, dtid 3] finish syscall #76: mmap(0x7ffff7e68000, 102400, ProtFlags(PROT_READ | PROT_EXEC), MapFlags(MAP_PRIVATE | MAP_FIXED | MAP_DENYWRITE), 3, 12288) = Ok(140737352466432)
2026-07-23T20:18:53.112512Z  INFO detcore: DETLOG [syscall][detcore, dtid 3] inbound syscall: mmap(0x7ffff7e81000, 12288, ProtFlags(PROT_READ), MapFlags(MAP_PRIVATE | MAP_FIXED | MAP_DENYWRITE), 3, 114688) = ?
2026-07-23T20:18:53.112542Z  INFO detcore: DETLOG [syscall][detcore, dtid 3] finish syscall #77: mmap(0x7ffff7e81000, 12288, ProtFlags(PROT_READ), MapFlags(MAP_PRIVATE | MAP_FIXED | MAP_DENYWRITE), 3, 114688) = Ok(140737352568832)
2026-07-23T20:18:53.112571Z  INFO detcore: DETLOG [syscall][detcore, dtid 3] inbound syscall: mmap(0x7ffff7e84000, 4096, ProtFlags(PROT_READ | PROT_WRITE), MapFlags(MAP_PRIVATE | MAP_FIXED | MAP_DENYWRITE), 3, 122880) = ?
2026-07-23T20:18:53.112616Z  INFO detcore: DETLOG [syscall][detcore, dtid 3] finish syscall #78: mmap(0x7ffff7e84000, 4096, ProtFlags(PROT_READ | PROT_WRITE), MapFlags(MAP_PRIVATE | MAP_FIXED | MAP_DENYWRITE), 3, 122880) = Ok(140737352581120)
2026-07-23T20:18:53.112647Z  INFO detcore: DETLOG [syscall][detcore, dtid 3] inbound syscall: mmap(0x7ffff7e85000, 8, ProtFlags(PROT_READ | PROT_WRITE), MapFlags(MAP_PRIVATE | MAP_FIXED | MAP_ANON), -1, 0) = ?
2026-07-23T20:18:53.112672Z  INFO detcore: DETLOG [syscall][detcore, dtid 3] finish syscall #79: mmap(0x7ffff7e85000, 8, ProtFlags(PROT_READ | PROT_WRITE), MapFlags(MAP_PRIVATE | MAP_FIXED | MAP_ANON), -1, 0) = Ok(140737352585216)
2026-07-23T20:18:53.112706Z  INFO detcore: DETLOG [syscall][detcore, dtid 3] inbound syscall: close(3) = ?
2026-07-23T20:18:53.112734Z  INFO detcore: DETLOG [syscall][detcore, dtid 3] finish syscall #80: close(3) = Ok(0)
2026-07-23T20:18:53.112768Z  INFO detcore: DETLOG [syscall][detcore, dtid 3] inbound syscall: openat(-100, 0x7ffff7ece3e0 -> "/lib64/libpmem.so.1", OFlag(O_CLOEXEC)) = ?
2026-07-23T20:18:53.112777Z  INFO detcore::scheduler: [sched-step5] >>>>>>>

 COMMIT turn 11, dettid 3 using resources {Path("/lib64/libpmem.so.1"): R}, on previously committed 1_640_995_199.006_727_150s
2026-07-23T20:18:53.112819Z  INFO detcore::syscalls::files: Injecting additional fstat to retrieve file metadata on fd 3.
2026-07-23T20:18:53.112867Z  INFO detcore: DETLOG [syscall][detcore, dtid 3] finish syscall #81: openat(-100, 0x7ffff7ece3e0 -> "/lib64/libpmem.so.1", OFlag(O_CLOEXEC)) = Ok(3)
2026-07-23T20:18:53.112888Z  INFO detcore: DETLOG [syscall][detcore, dtid 3] inbound syscall: read(3, 0x7fffffffa9b8, 832) = ?
2026-07-23T20:18:53.112909Z  INFO detcore: DETLOG [syscall][detcore, dtid 3] finish syscall #82: read(3, 0x7fffffffa9b8, 832) = Ok(832)
2026-07-23T20:18:53.112930Z  INFO detcore: DETLOG [syscall][detcore, dtid 3] inbound syscall: fstat(3, 0x7fffffffa850) = ?
2026-07-23T20:18:53.112952Z  INFO detcore: DETLOG [syscall][detcore, dtid 3] finish syscall #83: fstat(3, 0x7fffffffa850) = Ok(0)
2026-07-23T20:18:53.112976Z  INFO detcore: DETLOG [syscall][detcore, dtid 3] inbound syscall: mmap(NULL, 352808, ProtFlags(PROT_READ), MapFlags(MAP_PRIVATE | MAP_DENYWRITE), 3, 0) = ?
2026-07-23T20:18:53.113001Z  INFO detcore: DETLOG [syscall][detcore, dtid 3] finish syscall #84: mmap(NULL, 352808, ProtFlags(PROT_READ), MapFlags(MAP_PRIVATE | MAP_DENYWRITE), 3, 0) = Ok(140737345392640)
2026-07-23T20:18:53.113022Z  INFO detcore: DETLOG [syscall][detcore, dtid 3] inbound syscall: mprotect(0x7ffff77ad000, 331776, ProtFlags(0x0)) = ?
2026-07-23T20:18:53.113046Z  INFO detcore: DETLOG [syscall][detcore, dtid 3] finish syscall #85: mprotect(0x7ffff77ad000, 331776, ProtFlags(0x0)) = Ok(0)
2026-07-23T20:18:53.113068Z  INFO detcore: DETLOG [syscall][detcore, dtid 3] inbound syscall: mmap(0x7ffff77ad000, 303104, ProtFlags(PROT_READ | PROT_EXEC), MapFlags(MAP_PRIVATE | MAP_FIXED | MAP_DENYWRITE), 3, 16384) = ?
2026-07-23T20:18:53.113096Z  INFO detcore: DETLOG [syscall][detcore, dtid 3] finish syscall #86: mmap(0x7ffff77ad000, 303104, ProtFlags(PROT_READ | PROT_EXEC), MapFlags(MAP_PRIVATE | MAP_FIXED | MAP_DENYWRITE), 3, 16384) = Ok(140737345409024)
2026-07-23T20:18:53.113120Z  INFO detcore: DETLOG [syscall][detcore, dtid 3] inbound syscall: mmap(0x7ffff77f7000, 24576, ProtFlags(PROT_READ), MapFlags(MAP_PRIVATE | MAP_FIXED | MAP_DENYWRITE), 3, 319488) = ?
2026-07-23T20:18:53.113143Z  INFO detcore: DETLOG [syscall][detcore, dtid 3] finish syscall #87: mmap(0x7ffff77f7000, 24576, ProtFlags(PROT_READ), MapFlags(MAP_PRIVATE | MAP_FIXED | MAP_DENYWRITE), 3, 319488) = Ok(140737345712128)
2026-07-23T20:18:53.113165Z  INFO detcore: DETLOG [syscall][detcore, dtid 3] inbound syscall: mmap(0x7ffff77fe000, 8192, ProtFlags(PROT_READ | PROT_WRITE), MapFlags(MAP_PRIVATE | MAP_FIXED | MAP_DENYWRITE), 3, 344064) = ?
2026-07-23T20:18:53.113185Z  INFO detcore: DETLOG [syscall][detcore, dtid 3] finish syscall #88: mmap(0x7ffff77fe000, 8192, ProtFlags(PROT_READ | PROT_WRITE), MapFlags(MAP_PRIVATE | MAP_FIXED | MAP_DENYWRITE), 3, 344064) = Ok(140737345740800)
2026-07-23T20:18:53.113213Z  INFO detcore: DETLOG [syscall][detcore, dtid 3] inbound syscall: close(3) = ?
2026-07-23T20:18:53.113232Z  INFO detcore: DETLOG [syscall][detcore, dtid 3] finish syscall #89: close(3) = Ok(0)
2026-07-23T20:18:53.113258Z  INFO detcore: DETLOG [syscall][detcore, dtid 3] inbound syscall: openat(-100, 0x7ffff7ece8e0 -> "/lib64/libseccomp.so.2", OFlag(O_CLOEXEC)) = ?
2026-07-23T20:18:53.113266Z  INFO detcore::scheduler: [sched-step5] >>>>>>>

 COMMIT turn 12, dettid 3 using resources {Path("/lib64/libseccomp.so.2"): R}, on previously committed 1_640_995_199.007_327_950s
2026-07-23T20:18:53.113303Z  INFO detcore::syscalls::files: Injecting additional fstat to retrieve file metadata on fd 3.
2026-07-23T20:18:53.113348Z  INFO detcore: DETLOG [syscall][detcore, dtid 3] finish syscall #90: openat(-100, 0x7ffff7ece8e0 -> "/lib64/libseccomp.so.2", OFlag(O_CLOEXEC)) = Ok(3)
2026-07-23T20:18:53.113368Z  INFO detcore: DETLOG [syscall][detcore, dtid 3] inbound syscall: read(3, 0x7fffffffa998, 832) = ?
2026-07-23T20:18:53.113390Z  INFO detcore: DETLOG [syscall][detcore, dtid 3] finish syscall #91: read(3, 0x7fffffffa998, 832) = Ok(832)
2026-07-23T20:18:53.113410Z  INFO detcore: DETLOG [syscall][detcore, dtid 3] inbound syscall: fstat(3, 0x7fffffffa830) = ?
2026-07-23T20:18:53.113430Z  INFO detcore: DETLOG [syscall][detcore, dtid 3] finish syscall #92: fstat(3, 0x7fffffffa830) = Ok(0)
2026-07-23T20:18:53.113452Z  INFO detcore: DETLOG [syscall][detcore, dtid 3] inbound syscall: mmap(NULL, 127040, ProtFlags(PROT_READ), MapFlags(MAP_PRIVATE | MAP_DENYWRITE), 3, 0) = ?
2026-07-23T20:18:53.113473Z  INFO detcore: DETLOG [syscall][detcore, dtid 3] finish syscall #93: mmap(NULL, 127040, ProtFlags(PROT_READ), MapFlags(MAP_PRIVATE | MAP_DENYWRITE), 3, 0) = Ok(140737345261568)
2026-07-23T20:18:53.113494Z  INFO detcore: DETLOG [syscall][detcore, dtid 3] inbound syscall: mmap(0x7ffff778b000, 57344, ProtFlags(PROT_READ | PROT_EXEC), MapFlags(MAP_PRIVATE | MAP_FIXED | MAP_DENYWRITE), 3, 8192) = ?
2026-07-23T20:18:53.113516Z  INFO detcore: DETLOG [syscall][detcore, dtid 3] finish syscall #94: mmap(0x7ffff778b000, 57344, ProtFlags(PROT_READ | PROT_EXEC), MapFlags(MAP_PRIVATE | MAP_FIXED | MAP_DENYWRITE), 3, 8192) = Ok(140737345269760)
2026-07-23T20:18:53.113537Z  INFO detcore: DETLOG [syscall][detcore, dtid 3] inbound syscall: mmap(0x7ffff7799000, 57344, ProtFlags(PROT_READ), MapFlags(MAP_PRIVATE | MAP_FIXED | MAP_DENYWRITE), 3, 65536) = ?
2026-07-23T20:18:53.113557Z  INFO detcore: DETLOG [syscall][detcore, dtid 3] finish syscall #95: mmap(0x7ffff7799000, 57344, ProtFlags(PROT_READ), MapFlags(MAP_PRIVATE | MAP_FIXED | MAP_DENYWRITE), 3, 65536) = Ok(140737345327104)
2026-07-23T20:18:53.113579Z  INFO detcore: DETLOG [syscall][detcore, dtid 3] inbound syscall: mmap(0x7ffff77a7000, 8192, ProtFlags(PROT_READ | PROT_WRITE), MapFlags(MAP_PRIVATE | MAP_FIXED | MAP_DENYWRITE), 3, 122880) = ?
2026-07-23T20:18:53.113602Z  INFO detcore: DETLOG [syscall][detcore, dtid 3] finish syscall #96: mmap(0x7ffff77a7000, 8192, ProtFlags(PROT_READ | PROT_WRITE), MapFlags(MAP_PRIVATE | MAP_FIXED | MAP_DENYWRITE), 3, 122880) = Ok(140737345384448)
2026-07-23T20:18:53.113631Z  INFO detcore: DETLOG [syscall][detcore, dtid 3] inbound syscall: close(3) = ?
2026-07-23T20:18:53.113652Z  INFO detcore: DETLOG [syscall][detcore, dtid 3] finish syscall #97: close(3) = Ok(0)
2026-07-23T20:18:53.113683Z  INFO detcore: DETLOG [syscall][detcore, dtid 3] inbound syscall: openat(-100, 0x7ffff7ecede0 -> "/lib64/libnuma.so.1", OFlag(O_CLOEXEC)) = ?
2026-07-23T20:18:53.113697Z  INFO detcore::scheduler: [sched-step5] >>>>>>>

 COMMIT turn 13, dettid 3 using resources {Path("/lib64/libnuma.so.1"): R}, on previously committed 1_640_995_199.007_918_120s
2026-07-23T20:18:53.113732Z  INFO detcore::syscalls::files: Injecting additional fstat to retrieve file metadata on fd 3.
2026-07-23T20:18:53.113787Z  INFO detcore: DETLOG [syscall][detcore, dtid 3] finish syscall #98: openat(-100, 0x7ffff7ecede0 -> "/lib64/libnuma.so.1", OFlag(O_CLOEXEC)) = Ok(3)
2026-07-23T20:18:53.113811Z  INFO detcore: DETLOG [syscall][detcore, dtid 3] inbound syscall: read(3, 0x7fffffffa978, 832) = ?
2026-07-23T20:18:53.113831Z  INFO detcore: DETLOG [syscall][detcore, dtid 3] finish syscall #99: read(3, 0x7fffffffa978, 832) = Ok(832)
2026-07-23T20:18:53.113854Z  INFO detcore: DETLOG [syscall][detcore, dtid 3] inbound syscall: fstat(3, 0x7fffffffa810) = ?
2026-07-23T20:18:53.113879Z  INFO detcore: DETLOG [syscall][detcore, dtid 3] finish syscall #100: fstat(3, 0x7fffffffa810) = Ok(0)
2026-07-23T20:18:53.113904Z  INFO detcore: DETLOG [syscall][detcore, dtid 3] inbound syscall: mmap(NULL, 8192, ProtFlags(PROT_READ | PROT_WRITE), MapFlags(MAP_PRIVATE | MAP_ANON), -1, 0) = ?
2026-07-23T20:18:53.113927Z  INFO detcore: DETLOG [syscall][detcore, dtid 3] finish syscall #101: mmap(NULL, 8192, ProtFlags(PROT_READ | PROT_WRITE), MapFlags(MAP_PRIVATE | MAP_ANON), -1, 0) = Ok(140737352445952)
2026-07-23T20:18:53.113952Z  INFO detcore: DETLOG [syscall][detcore, dtid 3] inbound syscall: mmap(NULL, 58784, ProtFlags(PROT_READ), MapFlags(MAP_PRIVATE | MAP_DENYWRITE), 3, 0) = ?
2026-07-23T20:18:53.113974Z  INFO detcore: DETLOG [syscall][detcore, dtid 3] finish syscall #102: mmap(NULL, 58784, ProtFlags(PROT_READ), MapFlags(MAP_PRIVATE | MAP_DENYWRITE), 3, 0) = Ok(140737352384512)
2026-07-23T20:18:53.113997Z  INFO detcore: DETLOG [syscall][detcore, dtid 3] inbound syscall: mmap(0x7ffff7e58000, 28672, ProtFlags(PROT_READ | PROT_EXEC), MapFlags(MAP_PRIVATE | MAP_FIXED | MAP_DENYWRITE), 3, 16384) = ?
2026-07-23T20:18:53.114023Z  INFO detcore: DETLOG [syscall][detcore, dtid 3] finish syscall #103: mmap(0x7ffff7e58000, 28672, ProtFlags(PROT_READ | PROT_EXEC), MapFlags(MAP_PRIVATE | MAP_FIXED | MAP_DENYWRITE), 3, 16384) = Ok(140737352400896)
2026-07-23T20:18:53.114052Z  INFO detcore: DETLOG [syscall][detcore, dtid 3] inbound syscall: mmap(0x7ffff7e5f000, 8192, ProtFlags(PROT_READ), MapFlags(MAP_PRIVATE | MAP_FIXED | MAP_DENYWRITE), 3, 45056) = ?
2026-07-23T20:18:53.114073Z  INFO detcore: DETLOG [syscall][detcore, dtid 3] finish syscall #104: mmap(0x7ffff7e5f000, 8192, ProtFlags(PROT_READ), MapFlags(MAP_PRIVATE | MAP_FIXED | MAP_DENYWRITE), 3, 45056) = Ok(140737352429568)
2026-07-23T20:18:53.114097Z  INFO detcore: DETLOG [syscall][detcore, dtid 3] inbound syscall: mmap(0x7ffff7e61000, 8192, ProtFlags(PROT_READ | PROT_WRITE), MapFlags(MAP_PRIVATE | MAP_FIXED | MAP_DENYWRITE), 3, 53248) = ?
2026-07-23T20:18:53.114118Z  INFO detcore: DETLOG [syscall][detcore, dtid 3] finish syscall #105: mmap(0x7ffff7e61000, 8192, ProtFlags(PROT_READ | PROT_WRITE), MapFlags(MAP_PRIVATE | MAP_FIXED | MAP_DENYWRITE), 3, 53248) = Ok(140737352437760)
2026-07-23T20:18:53.114154Z  INFO detcore: DETLOG [syscall][detcore, dtid 3] inbound syscall: close(3) = ?
2026-07-23T20:18:53.114174Z  INFO detcore: DETLOG [syscall][detcore, dtid 3] finish syscall #106: close(3) = Ok(0)
2026-07-23T20:18:53.114202Z  INFO detcore: DETLOG [syscall][detcore, dtid 3] inbound syscall: openat(-100, 0x7ffff7e634e0 -> "/lib64/libgio-2.0.so.0", OFlag(O_CLOEXEC)) = ?
2026-07-23T20:18:53.114209Z  INFO detcore::scheduler: [sched-step5] >>>>>>>

 COMMIT turn 14, dettid 3 using resources {Path("/lib64/libgio-2.0.so.0"): R}, on previously committed 1_640_995_199.008_521_080s
2026-07-23T20:18:53.114247Z  INFO detcore::syscalls::files: Injecting additional fstat to retrieve file metadata on fd 3.
2026-07-23T20:18:53.114288Z  INFO detcore: DETLOG [syscall][detcore, dtid 3] finish syscall #107: openat(-100, 0x7ffff7e634e0 -> "/lib64/libgio-2.0.so.0", OFlag(O_CLOEXEC)) = Ok(3)
2026-07-23T20:18:53.114312Z  INFO detcore: DETLOG [syscall][detcore, dtid 3] inbound syscall: read(3, 0x7fffffffa958, 832) = ?
2026-07-23T20:18:53.114335Z  INFO detcore: DETLOG [syscall][detcore, dtid 3] finish syscall #108: read(3, 0x7fffffffa958, 832) = Ok(832)
2026-07-23T20:18:53.114357Z  INFO detcore: DETLOG [syscall][detcore, dtid 3] inbound syscall: fstat(3, 0x7fffffffa7f0) = ?
2026-07-23T20:18:53.114376Z  INFO detcore: DETLOG [syscall][detcore, dtid 3] finish syscall #109: fstat(3, 0x7fffffffa7f0) = Ok(0)
2026-07-23T20:18:53.114397Z  INFO detcore: DETLOG [syscall][detcore, dtid 3] inbound syscall: mmap(NULL, 1926000, ProtFlags(PROT_READ), MapFlags(MAP_PRIVATE | MAP_DENYWRITE), 3, 0) = ?
2026-07-23T20:18:53.114417Z  INFO detcore: DETLOG [syscall][detcore, dtid 3] finish syscall #110: mmap(NULL, 1926000, ProtFlags(PROT_READ), MapFlags(MAP_PRIVATE | MAP_DENYWRITE), 3, 0) = Ok(140737339625472)
2026-07-23T20:18:53.114440Z  INFO detcore: DETLOG [syscall][detcore, dtid 3] inbound syscall: mmap(0x7ffff7261000, 1114112, ProtFlags(PROT_READ | PROT_EXEC), MapFlags(MAP_PRIVATE | MAP_FIXED | MAP_DENYWRITE), 3, 229376) = ?
2026-07-23T20:18:53.114462Z  INFO detcore: DETLOG [syscall][detcore, dtid 3] finish syscall #111: mmap(0x7ffff7261000, 1114112, ProtFlags(PROT_READ | PROT_EXEC), MapFlags(MAP_PRIVATE | MAP_FIXED | MAP_DENYWRITE), 3, 229376) = Ok(140737339854848)
2026-07-23T20:18:53.114482Z  INFO detcore: DETLOG [syscall][detcore, dtid 3] inbound syscall: mmap(0x7ffff7371000, 540672, ProtFlags(PROT_READ), MapFlags(MAP_PRIVATE | MAP_FIXED | MAP_DENYWRITE), 3, 1343488) = ?
2026-07-23T20:18:53.114509Z  INFO detcore: DETLOG [syscall][detcore, dtid 3] finish syscall #112: mmap(0x7ffff7371000, 540672, ProtFlags(PROT_READ), MapFlags(MAP_PRIVATE | MAP_FIXED | MAP_DENYWRITE), 3, 1343488) = Ok(140737340968960)
2026-07-23T20:18:53.114529Z  INFO detcore: DETLOG [syscall][detcore, dtid 3] inbound syscall: mmap(0x7ffff73f5000, 36864, ProtFlags(PROT_READ | PROT_WRITE), MapFlags(MAP_PRIVATE | MAP_FIXED | MAP_DENYWRITE), 3, 1880064) = ?
2026-07-23T20:18:53.114549Z  INFO detcore: DETLOG [syscall][detcore, dtid 3] finish syscall #113: mmap(0x7ffff73f5000, 36864, ProtFlags(PROT_READ | PROT_WRITE), MapFlags(MAP_PRIVATE | MAP_FIXED | MAP_DENYWRITE), 3, 1880064) = Ok(140737341509632)
2026-07-23T20:18:53.114574Z  INFO detcore: DETLOG [syscall][detcore, dtid 3] inbound syscall: mmap(0x7ffff73fe000, 4976, ProtFlags(PROT_READ | PROT_WRITE), MapFlags(MAP_PRIVATE | MAP_FIXED | MAP_ANON), -1, 0) = ?
2026-07-23T20:18:53.114593Z  INFO detcore: DETLOG [syscall][detcore, dtid 3] finish syscall #114: mmap(0x7ffff73fe000, 4976, ProtFlags(PROT_READ | PROT_WRITE), MapFlags(MAP_PRIVATE | MAP_FIXED | MAP_ANON), -1, 0) = Ok(140737341546496)
2026-07-23T20:18:53.114626Z  INFO detcore: DETLOG [syscall][detcore, dtid 3] inbound syscall: close(3) = ?
2026-07-23T20:18:53.114645Z  INFO detcore: DETLOG [syscall][detcore, dtid 3] finish syscall #115: close(3) = Ok(0)
2026-07-23T20:18:53.114676Z  INFO detcore: DETLOG [syscall][detcore, dtid 3] inbound syscall: openat(-100, 0x7ffff7e639e0 -> "/lib64/libgobject-2.0.so.0", OFlag(O_CLOEXEC)) = ?
2026-07-23T20:18:53.114682Z  INFO detcore::scheduler: [sched-step5] >>>>>>>

 COMMIT turn 15, dettid 3 using resources {Path("/lib64/libgobject-2.0.so.0"): R}, on previously committed 1_640_995_199.009_123_390s
2026-07-23T20:18:53.114725Z  INFO detcore::syscalls::files: Injecting additional fstat to retrieve file metadata on fd 3.
2026-07-23T20:18:53.114786Z  INFO detcore: DETLOG [syscall][detcore, dtid 3] finish syscall #116: openat(-100, 0x7ffff7e639e0 -> "/lib64/libgobject-2.0.so.0", OFlag(O_CLOEXEC)) = Ok(3)
2026-07-23T20:18:53.114820Z  INFO detcore: DETLOG [syscall][detcore, dtid 3] inbound syscall: read(3, 0x7fffffffa938, 832) = ?
2026-07-23T20:18:53.114847Z  INFO detcore: DETLOG [syscall][detcore, dtid 3] finish syscall #117: read(3, 0x7fffffffa938, 832) = Ok(832)
2026-07-23T20:18:53.114874Z  INFO detcore: DETLOG [syscall][detcore, dtid 3] inbound syscall: fstat(3, 0x7fffffffa7d0) = ?
2026-07-23T20:18:53.114903Z  INFO detcore: DETLOG [syscall][detcore, dtid 3] finish syscall #118: fstat(3, 0x7fffffffa7d0) = Ok(0)
2026-07-23T20:18:53.114945Z  INFO detcore: DETLOG [syscall][detcore, dtid 3] inbound syscall: mmap(NULL, 367544, ProtFlags(PROT_READ), MapFlags(MAP_PRIVATE | MAP_DENYWRITE), 3, 0) = ?
2026-07-23T20:18:53.114980Z  INFO detcore: DETLOG [syscall][detcore, dtid 3] finish syscall #119: mmap(NULL, 367544, ProtFlags(PROT_READ), MapFlags(MAP_PRIVATE | MAP_DENYWRITE), 3, 0) = Ok(140737344892928)
2026-07-23T20:18:53.115009Z  INFO detcore: DETLOG [syscall][detcore, dtid 3] inbound syscall: mmap(0x7ffff773d000, 196608, ProtFlags(PROT_READ | PROT_EXEC), MapFlags(MAP_PRIVATE | MAP_FIXED | MAP_DENYWRITE), 3, 57344) = ?
2026-07-23T20:18:53.115045Z  INFO detcore: DETLOG [syscall][detcore, dtid 3] finish syscall #120: mmap(0x7ffff773d000, 196608, ProtFlags(PROT_READ | PROT_EXEC), MapFlags(MAP_PRIVATE | MAP_FIXED | MAP_DENYWRITE), 3, 57344) = Ok(140737344950272)
2026-07-23T20:18:53.115077Z  INFO detcore: DETLOG [syscall][detcore, dtid 3] inbound syscall: mmap(0x7ffff776d000, 98304, ProtFlags(PROT_READ), MapFlags(MAP_PRIVATE | MAP_FIXED | MAP_DENYWRITE), 3, 253952) = ?
2026-07-23T20:18:53.115123Z  INFO detcore: DETLOG [syscall][detcore, dtid 3] finish syscall #121: mmap(0x7ffff776d000, 98304, ProtFlags(PROT_READ), MapFlags(MAP_PRIVATE | MAP_FIXED | MAP_DENYWRITE), 3, 253952) = Ok(140737345146880)
2026-07-23T20:18:53.115152Z  INFO detcore: DETLOG [syscall][detcore, dtid 3] inbound syscall: mmap(0x7ffff7785000, 16384, ProtFlags(PROT_READ | PROT_WRITE), MapFlags(MAP_PRIVATE | MAP_FIXED | MAP_DENYWRITE), 3, 352256) = ?
2026-07-23T20:18:53.115189Z  INFO detcore: DETLOG [syscall][detcore, dtid 3] finish syscall #122: mmap(0x7ffff7785000, 16384, ProtFlags(PROT_READ | PROT_WRITE), MapFlags(MAP_PRIVATE | MAP_FIXED | MAP_DENYWRITE), 3, 352256) = Ok(140737345245184)
2026-07-23T20:18:53.115235Z  INFO detcore: DETLOG [syscall][detcore, dtid 3] inbound syscall: close(3) = ?
2026-07-23T20:18:53.115268Z  INFO detcore: DETLOG [syscall][detcore, dtid 3] finish syscall #123: close(3) = Ok(0)
2026-07-23T20:18:53.115313Z  INFO detcore: DETLOG [syscall][detcore, dtid 3] inbound syscall: openat(-100, 0x7ffff7e63ee0 -> "/lib64/libglib-2.0.so.0", OFlag(O_CLOEXEC)) = ?
2026-07-23T20:18:53.115325Z  INFO detcore::scheduler: [sched-step5] >>>>>>>

 COMMIT turn 16, dettid 3 using resources {Path("/lib64/libglib-2.0.so.0"): R}, on previously committed 1_640_995_199.009_715_700s
2026-07-23T20:18:53.115383Z  INFO detcore::syscalls::files: Injecting additional fstat to retrieve file metadata on fd 3.
2026-07-23T20:18:53.115454Z  INFO detcore: DETLOG [syscall][detcore, dtid 3] finish syscall #124: openat(-100, 0x7ffff7e63ee0 -> "/lib64/libglib-2.0.so.0", OFlag(O_CLOEXEC)) = Ok(3)
2026-07-23T20:18:53.115491Z  INFO detcore: DETLOG [syscall][detcore, dtid 3] inbound syscall: read(3, 0x7fffffffa918, 832) = ?
2026-07-23T20:18:53.115532Z  INFO detcore: DETLOG [syscall][detcore, dtid 3] finish syscall #125: read(3, 0x7fffffffa918, 832) = Ok(832)
2026-07-23T20:18:53.115562Z  INFO detcore: DETLOG [syscall][detcore, dtid 3] inbound syscall: fstat(3, 0x7fffffffa7b0) = ?
2026-07-23T20:18:53.115599Z  INFO detcore: DETLOG [syscall][detcore, dtid 3] finish syscall #126: fstat(3, 0x7fffffffa7b0) = Ok(0)
2026-07-23T20:18:53.115634Z  INFO detcore: DETLOG [syscall][detcore, dtid 3] inbound syscall: mmap(NULL, 1283056, ProtFlags(PROT_READ), MapFlags(MAP_PRIVATE | MAP_DENYWRITE), 3, 0) = ?
2026-07-23T20:18:53.115659Z  INFO detcore: DETLOG [syscall][detcore, dtid 3] finish syscall #127: mmap(NULL, 1283056, ProtFlags(PROT_READ), MapFlags(MAP_PRIVATE | MAP_DENYWRITE), 3, 0) = Ok(140737338339328)
2026-07-23T20:18:53.115694Z  INFO detcore: DETLOG [syscall][detcore, dtid 3] inbound syscall: mmap(0x7ffff710c000, 593920, ProtFlags(PROT_READ | PROT_EXEC), MapFlags(MAP_PRIVATE | MAP_FIXED | MAP_DENYWRITE), 3, 118784) = ?
2026-07-23T20:18:53.115732Z  INFO detcore: DETLOG [syscall][detcore, dtid 3] finish syscall #128: mmap(0x7ffff710c000, 593920, ProtFlags(PROT_READ | PROT_EXEC), MapFlags(MAP_PRIVATE | MAP_FIXED | MAP_DENYWRITE), 3, 118784) = Ok(140737338458112)
2026-07-23T20:18:53.115764Z  INFO detcore: DETLOG [syscall][detcore, dtid 3] inbound syscall: mmap(0x7ffff719d000, 561152, ProtFlags(PROT_READ), MapFlags(MAP_PRIVATE | MAP_FIXED | MAP_DENYWRITE), 3, 712704) = ?
2026-07-23T20:18:53.115793Z  INFO detcore: DETLOG [syscall][detcore, dtid 3] finish syscall #129: mmap(0x7ffff719d000, 561152, ProtFlags(PROT_READ), MapFlags(MAP_PRIVATE | MAP_FIXED | MAP_DENYWRITE), 3, 712704) = Ok(140737339052032)
2026-07-23T20:18:53.115822Z  INFO detcore: DETLOG [syscall][detcore, dtid 3] inbound syscall: mmap(0x7ffff7226000, 8192, ProtFlags(PROT_READ | PROT_WRITE), MapFlags(MAP_PRIVATE | MAP_FIXED | MAP_DENYWRITE), 3, 1273856) = ?
2026-07-23T20:18:53.115854Z  INFO detcore: DETLOG [syscall][detcore, dtid 3] finish syscall #130: mmap(0x7ffff7226000, 8192, ProtFlags(PROT_READ | PROT_WRITE), MapFlags(MAP_PRIVATE | MAP_FIXED | MAP_DENYWRITE), 3, 1273856) = Ok(140737339613184)
2026-07-23T20:18:53.115894Z  INFO detcore: DETLOG [syscall][detcore, dtid 3] inbound syscall: mmap(0x7ffff7228000, 1008, ProtFlags(PROT_READ | PROT_WRITE), MapFlags(MAP_PRIVATE | MAP_FIXED | MAP_ANON), -1, 0) = ?
2026-07-23T20:18:53.115924Z  INFO detcore: DETLOG [syscall][detcore, dtid 3] finish syscall #131: mmap(0x7ffff7228000, 1008, ProtFlags(PROT_READ | PROT_WRITE), MapFlags(MAP_PRIVATE | MAP_FIXED | MAP_ANON), -1, 0) = Ok(140737339621376)
2026-07-23T20:18:53.115953Z  INFO detcore: DETLOG [syscall][detcore, dtid 3] inbound syscall: close(3) = ?
2026-07-23T20:18:53.115974Z  INFO detcore: DETLOG [syscall][detcore, dtid 3] finish syscall #132: close(3) = Ok(0)
2026-07-23T20:18:53.116003Z  INFO detcore: DETLOG [syscall][detcore, dtid 3] inbound syscall: openat(-100, 0x7ffff7e643e0 -> "/lib64/librdmacm.so.1", OFlag(O_CLOEXEC)) = ?
2026-07-23T20:18:53.116012Z  INFO detcore::scheduler: [sched-step5] >>>>>>>

 COMMIT turn 17, dettid 3 using resources {Path("/lib64/librdmacm.so.1"): R}, on previously committed 1_640_995_199.010_317_990s
2026-07-23T20:18:53.116066Z  INFO detcore::syscalls::files: Injecting additional fstat to retrieve file metadata on fd 3.
2026-07-23T20:18:53.116136Z  INFO detcore: DETLOG [syscall][detcore, dtid 3] finish syscall #133: openat(-100, 0x7ffff7e643e0 -> "/lib64/librdmacm.so.1", OFlag(O_CLOEXEC)) = Ok(3)
2026-07-23T20:18:53.116168Z  INFO detcore: DETLOG [syscall][detcore, dtid 3] inbound syscall: read(3, 0x7fffffffa8f8, 832) = ?
2026-07-23T20:18:53.116197Z  INFO detcore: DETLOG [syscall][detcore, dtid 3] finish syscall #134: read(3, 0x7fffffffa8f8, 832) = Ok(832)
2026-07-23T20:18:53.116224Z  INFO detcore: DETLOG [syscall][detcore, dtid 3] inbound syscall: fstat(3, 0x7fffffffa790) = ?
2026-07-23T20:18:53.116254Z  INFO detcore: DETLOG [syscall][detcore, dtid 3] finish syscall #135: fstat(3, 0x7fffffffa790) = Ok(0)
2026-07-23T20:18:53.116284Z  INFO detcore: DETLOG [syscall][detcore, dtid 3] inbound syscall: mmap(NULL, 115240, ProtFlags(PROT_READ), MapFlags(MAP_PRIVATE | MAP_DENYWRITE), 3, 0) = ?
2026-07-23T20:18:53.116317Z  INFO detcore: DETLOG [syscall][detcore, dtid 3] finish syscall #136: mmap(NULL, 115240, ProtFlags(PROT_READ), MapFlags(MAP_PRIVATE | MAP_DENYWRITE), 3, 0) = Ok(140737344774144)
2026-07-23T20:18:53.116345Z  INFO detcore: DETLOG [syscall][detcore, dtid 3] inbound syscall: mmap(0x7ffff7716000, 77824, ProtFlags(PROT_READ | PROT_EXEC), MapFlags(MAP_PRIVATE | MAP_FIXED | MAP_DENYWRITE), 3, 16384) = ?
2026-07-23T20:18:53.116371Z  INFO detcore: DETLOG [syscall][detcore, dtid 3] finish syscall #137: mmap(0x7ffff7716000, 77824, ProtFlags(PROT_READ | PROT_EXEC), MapFlags(MAP_PRIVATE | MAP_FIXED | MAP_DENYWRITE), 3, 16384) = Ok(140737344790528)
2026-07-23T20:18:53.116392Z  INFO detcore: DETLOG [syscall][detcore, dtid 3] inbound syscall: mmap(0x7ffff7729000, 12288, ProtFlags(PROT_READ), MapFlags(MAP_PRIVATE | MAP_FIXED | MAP_DENYWRITE), 3, 94208) = ?
2026-07-23T20:18:53.116418Z  INFO detcore: DETLOG [syscall][detcore, dtid 3] finish syscall #138: mmap(0x7ffff7729000, 12288, ProtFlags(PROT_READ), MapFlags(MAP_PRIVATE | MAP_FIXED | MAP_DENYWRITE), 3, 94208) = Ok(140737344868352)
2026-07-23T20:18:53.116447Z  INFO detcore: DETLOG [syscall][detcore, dtid 3] inbound syscall: mmap(0x7ffff772c000, 8192, ProtFlags(PROT_READ | PROT_WRITE), MapFlags(MAP_PRIVATE | MAP_FIXED | MAP_DENYWRITE), 3, 106496) = ?
2026-07-23T20:18:53.116477Z  INFO detcore: DETLOG [syscall][detcore, dtid 3] finish syscall #139: mmap(0x7ffff772c000, 8192, ProtFlags(PROT_READ | PROT_WRITE), MapFlags(MAP_PRIVATE | MAP_FIXED | MAP_DENYWRITE), 3, 106496) = Ok(140737344880640)
2026-07-23T20:18:53.116512Z  INFO detcore: DETLOG [syscall][detcore, dtid 3] inbound syscall: mmap(0x7ffff772e000, 552, ProtFlags(PROT_READ | PROT_WRITE), MapFlags(MAP_PRIVATE | MAP_FIXED | MAP_ANON), -1, 0) = ?
2026-07-23T20:18:53.116544Z  INFO detcore: DETLOG [syscall][detcore, dtid 3] finish syscall #140: mmap(0x7ffff772e000, 552, ProtFlags(PROT_READ | PROT_WRITE), MapFlags(MAP_PRIVATE | MAP_FIXED | MAP_ANON), -1, 0) = Ok(140737344888832)
2026-07-23T20:18:53.116584Z  INFO detcore: DETLOG [syscall][detcore, dtid 3] inbound syscall: close(3) = ?
2026-07-23T20:18:53.116616Z  INFO detcore: DETLOG [syscall][detcore, dtid 3] finish syscall #141: close(3) = Ok(0)
2026-07-23T20:18:53.116654Z  INFO detcore: DETLOG [syscall][detcore, dtid 3] inbound syscall: openat(-100, 0x7ffff7e648e0 -> "/lib64/libibverbs.so.1", OFlag(O_CLOEXEC)) = ?
2026-07-23T20:18:53.116665Z  INFO detcore::scheduler: [sched-step5] >>>>>>>

 COMMIT turn 18, dettid 3 using resources {Path("/lib64/libibverbs.so.1"): R}, on previously committed 1_640_995_199.010_921_740s
2026-07-23T20:18:53.116729Z  INFO detcore::syscalls::files: Injecting additional fstat to retrieve file metadata on fd 3.
2026-07-23T20:18:53.116799Z  INFO detcore: DETLOG [syscall][detcore, dtid 3] finish syscall #142: openat(-100, 0x7ffff7e648e0 -> "/lib64/libibverbs.so.1", OFlag(O_CLOEXEC)) = Ok(3)
2026-07-23T20:18:53.116828Z  INFO detcore: DETLOG [syscall][detcore, dtid 3] inbound syscall: read(3, 0x7fffffffa8d8, 832) = ?
2026-07-23T20:18:53.116859Z  INFO detcore: DETLOG [syscall][detcore, dtid 3] finish syscall #143: read(3, 0x7fffffffa8d8, 832) = Ok(832)
2026-07-23T20:18:53.116888Z  INFO detcore: DETLOG [syscall][detcore, dtid 3] inbound syscall: fstat(3, 0x7fffffffa770) = ?
2026-07-23T20:18:53.116919Z  INFO detcore: DETLOG [syscall][detcore, dtid 3] finish syscall #144: fstat(3, 0x7fffffffa770) = Ok(0)
2026-07-23T20:18:53.116952Z  INFO detcore: DETLOG [syscall][detcore, dtid 3] inbound syscall: mmap(NULL, 136096, ProtFlags(PROT_READ), MapFlags(MAP_PRIVATE | MAP_DENYWRITE), 3, 0) = ?
2026-07-23T20:18:53.116985Z  INFO detcore: DETLOG [syscall][detcore, dtid 3] finish syscall #145: mmap(NULL, 136096, ProtFlags(PROT_READ), MapFlags(MAP_PRIVATE | MAP_DENYWRITE), 3, 0) = Ok(140737344634880)
2026-07-23T20:18:53.117014Z  INFO detcore: DETLOG [syscall][detcore, dtid 3] inbound syscall: mmap(0x7ffff76f7000, 81920, ProtFlags(PROT_READ | PROT_EXEC), MapFlags(MAP_PRIVATE | MAP_FIXED | MAP_DENYWRITE), 3, 28672) = ?
2026-07-23T20:18:53.117052Z  INFO detcore: DETLOG [syscall][detcore, dtid 3] finish syscall #146: mmap(0x7ffff76f7000, 81920, ProtFlags(PROT_READ | PROT_EXEC), MapFlags(MAP_PRIVATE | MAP_FIXED | MAP_DENYWRITE), 3, 28672) = Ok(140737344663552)
2026-07-23T20:18:53.117084Z  INFO detcore: DETLOG [syscall][detcore, dtid 3] inbound syscall: mmap(0x7ffff770b000, 20480, ProtFlags(PROT_READ), MapFlags(MAP_PRIVATE | MAP_FIXED | MAP_DENYWRITE), 3, 110592) = ?
2026-07-23T20:18:53.117115Z  INFO detcore: DETLOG [syscall][detcore, dtid 3] finish syscall #147: mmap(0x7ffff770b000, 20480, ProtFlags(PROT_READ), MapFlags(MAP_PRIVATE | MAP_FIXED | MAP_DENYWRITE), 3, 110592) = Ok(140737344745472)
2026-07-23T20:18:53.117145Z  INFO detcore: DETLOG [syscall][detcore, dtid 3] inbound syscall: mmap(0x7ffff7710000, 8192, ProtFlags(PROT_READ | PROT_WRITE), MapFlags(MAP_PRIVATE | MAP_FIXED | MAP_DENYWRITE), 3, 131072) = ?
2026-07-23T20:18:53.117173Z  INFO detcore: DETLOG [syscall][detcore, dtid 3] finish syscall #148: mmap(0x7ffff7710000, 8192, ProtFlags(PROT_READ | PROT_WRITE), MapFlags(MAP_PRIVATE | MAP_FIXED | MAP_DENYWRITE), 3, 131072) = Ok(140737344765952)
2026-07-23T20:18:53.117212Z  INFO detcore: DETLOG [syscall][detcore, dtid 3] inbound syscall: close(3) = ?
2026-07-23T20:18:53.117237Z  INFO detcore: DETLOG [syscall][detcore, dtid 3] finish syscall #149: close(3) = Ok(0)
2026-07-23T20:18:53.117276Z  INFO detcore: DETLOG [syscall][detcore, dtid 3] inbound syscall: openat(-100, 0x7ffff7e64de0 -> "/lib64/libzstd.so.1", OFlag(O_CLOEXEC)) = ?
2026-07-23T20:18:53.117285Z  INFO detcore::scheduler: [sched-step5] >>>>>>>

 COMMIT turn 19, dettid 3 using resources {Path("/lib64/libzstd.so.1"): R}, on previously committed 1_640_995_199.011_514_110s
2026-07-23T20:18:53.117333Z  INFO detcore::syscalls::files: Injecting additional fstat to retrieve file metadata on fd 3.
2026-07-23T20:18:53.117400Z  INFO detcore: DETLOG [syscall][detcore, dtid 3] finish syscall #150: openat(-100, 0x7ffff7e64de0 -> "/lib64/libzstd.so.1", OFlag(O_CLOEXEC)) = Ok(3)
2026-07-23T20:18:53.117433Z  INFO detcore: DETLOG [syscall][detcore, dtid 3] inbound syscall: read(3, 0x7fffffffa8b8, 832) = ?
2026-07-23T20:18:53.117460Z  INFO detcore: DETLOG [syscall][detcore, dtid 3] finish syscall #151: read(3, 0x7fffffffa8b8, 832) = Ok(832)
2026-07-23T20:18:53.117490Z  INFO detcore: DETLOG [syscall][detcore, dtid 3] inbound syscall: fstat(3, 0x7fffffffa750) = ?
2026-07-23T20:18:53.117520Z  INFO detcore: DETLOG [syscall][detcore, dtid 3] finish syscall #152: fstat(3, 0x7fffffffa750) = Ok(0)
2026-07-23T20:18:53.117550Z  INFO detcore: DETLOG [syscall][detcore, dtid 3] inbound syscall: mmap(NULL, 8192, ProtFlags(PROT_READ | PROT_WRITE), MapFlags(MAP_PRIVATE | MAP_ANON), -1, 0) = ?
2026-07-23T20:18:53.117579Z  INFO detcore: DETLOG [syscall][detcore, dtid 3] finish syscall #153: mmap(NULL, 8192, ProtFlags(PROT_READ | PROT_WRITE), MapFlags(MAP_PRIVATE | MAP_ANON), -1, 0) = Ok(140737352376320)
2026-07-23T20:18:53.117611Z  INFO detcore: DETLOG [syscall][detcore, dtid 3] inbound syscall: mmap(NULL, 745520, ProtFlags(PROT_READ), MapFlags(MAP_PRIVATE | MAP_DENYWRITE), 3, 0) = ?
2026-07-23T20:18:53.117638Z  INFO detcore: DETLOG [syscall][detcore, dtid 3] finish syscall #154: mmap(NULL, 745520, ProtFlags(PROT_READ), MapFlags(MAP_PRIVATE | MAP_DENYWRITE), 3, 0) = Ok(140737337589760)
2026-07-23T20:18:53.117665Z  INFO detcore: DETLOG [syscall][detcore, dtid 3] inbound syscall: mmap(0x7ffff703d000, 655360, ProtFlags(PROT_READ | PROT_EXEC), MapFlags(MAP_PRIVATE | MAP_FIXED | MAP_DENYWRITE), 3, 20480) = ?
2026-07-23T20:18:53.117706Z  INFO detcore: DETLOG [syscall][detcore, dtid 3] finish syscall #155: mmap(0x7ffff703d000, 655360, ProtFlags(PROT_READ | PROT_EXEC), MapFlags(MAP_PRIVATE | MAP_FIXED | MAP_DENYWRITE), 3, 20480) = Ok(140737337610240)
2026-07-23T20:18:53.117736Z  INFO detcore: DETLOG [syscall][detcore, dtid 3] inbound syscall: mmap(0x7ffff70dd000, 65536, ProtFlags(PROT_READ), MapFlags(MAP_PRIVATE | MAP_FIXED | MAP_DENYWRITE), 3, 675840) = ?
2026-07-23T20:18:53.117766Z  INFO detcore: DETLOG [syscall][detcore, dtid 3] finish syscall #156: mmap(0x7ffff70dd000, 65536, ProtFlags(PROT_READ), MapFlags(MAP_PRIVATE | MAP_FIXED | MAP_DENYWRITE), 3, 675840) = Ok(140737338265600)
2026-07-23T20:18:53.117797Z  INFO detcore: DETLOG [syscall][detcore, dtid 3] inbound syscall: mmap(0x7ffff70ed000, 4096, ProtFlags(PROT_READ | PROT_WRITE), MapFlags(MAP_PRIVATE | MAP_FIXED | MAP_DENYWRITE), 3, 741376) = ?
2026-07-23T20:18:53.117827Z  INFO detcore: DETLOG [syscall][detcore, dtid 3] finish syscall #157: mmap(0x7ffff70ed000, 4096, ProtFlags(PROT_READ | PROT_WRITE), MapFlags(MAP_PRIVATE | MAP_FIXED | MAP_DENYWRITE), 3, 741376) = Ok(140737338331136)
2026-07-23T20:18:53.117864Z  INFO detcore: DETLOG [syscall][detcore, dtid 3] inbound syscall: mmap(0x7ffff70ee000, 48, ProtFlags(PROT_READ | PROT_WRITE), MapFlags(MAP_PRIVATE | MAP_FIXED | MAP_ANON), -1, 0) = ?
2026-07-23T20:18:53.117893Z  INFO detcore: DETLOG [syscall][detcore, dtid 3] finish syscall #158: mmap(0x7ffff70ee000, 48, ProtFlags(PROT_READ | PROT_WRITE), MapFlags(MAP_PRIVATE | MAP_FIXED | MAP_ANON), -1, 0) = Ok(140737338335232)
2026-07-23T20:18:53.117921Z  INFO detcore: DETLOG [syscall][detcore, dtid 3] inbound syscall: close(3) = ?
2026-07-23T20:18:53.117947Z  INFO detcore: DETLOG [syscall][detcore, dtid 3] finish syscall #159: close(3) = Ok(0)
2026-07-23T20:18:53.117983Z  INFO detcore: DETLOG [syscall][detcore, dtid 3] inbound syscall: openat(-100, 0x7ffff7e524e0 -> "/lib64/libslirp.so.0", OFlag(O_CLOEXEC)) = ?
2026-07-23T20:18:53.117994Z  INFO detcore::scheduler: [sched-step5] >>>>>>>

 COMMIT turn 20, dettid 3 using resources {Path("/lib64/libslirp.so.0"): R}, on previously committed 1_640_995_199.012_126_820s
2026-07-23T20:18:53.118047Z  INFO detcore::syscalls::files: Injecting additional fstat to retrieve file metadata on fd 3.
2026-07-23T20:18:53.118118Z  INFO detcore: DETLOG [syscall][detcore, dtid 3] finish syscall #160: openat(-100, 0x7ffff7e524e0 -> "/lib64/libslirp.so.0", OFlag(O_CLOEXEC)) = Ok(3)
2026-07-23T20:18:53.118151Z  INFO detcore: DETLOG [syscall][detcore, dtid 3] inbound syscall: read(3, 0x7fffffffa898, 832) = ?
2026-07-23T20:18:53.118185Z  INFO detcore: DETLOG [syscall][detcore, dtid 3] finish syscall #161: read(3, 0x7fffffffa898, 832) = Ok(832)
2026-07-23T20:18:53.118212Z  INFO detcore: DETLOG [syscall][detcore, dtid 3] inbound syscall: fstat(3, 0x7fffffffa730) = ?
2026-07-23T20:18:53.118239Z  INFO detcore: DETLOG [syscall][detcore, dtid 3] finish syscall #162: fstat(3, 0x7fffffffa730) = Ok(0)
2026-07-23T20:18:53.118267Z  INFO detcore: DETLOG [syscall][detcore, dtid 3] inbound syscall: mmap(NULL, 126504, ProtFlags(PROT_READ), MapFlags(MAP_PRIVATE | MAP_DENYWRITE), 3, 0) = ?
2026-07-23T20:18:53.118295Z  INFO detcore: DETLOG [syscall][detcore, dtid 3] finish syscall #163: mmap(NULL, 126504, ProtFlags(PROT_READ), MapFlags(MAP_PRIVATE | MAP_DENYWRITE), 3, 0) = Ok(140737337462784)
2026-07-23T20:18:53.118316Z  INFO detcore: DETLOG [syscall][detcore, dtid 3] inbound syscall: mprotect(0x7ffff701c000, 102400, ProtFlags(0x0)) = ?
2026-07-23T20:18:53.118341Z  INFO detcore: DETLOG [syscall][detcore, dtid 3] finish syscall #164: mprotect(0x7ffff701c000, 102400, ProtFlags(0x0)) = Ok(0)
2026-07-23T20:18:53.118366Z  INFO detcore: DETLOG [syscall][detcore, dtid 3] inbound syscall: mmap(0x7ffff701c000, 81920, ProtFlags(PROT_READ | PROT_EXEC), MapFlags(MAP_PRIVATE | MAP_FIXED | MAP_DENYWRITE), 3, 12288) = ?
2026-07-23T20:18:53.118395Z  INFO detcore: DETLOG [syscall][detcore, dtid 3] finish syscall #165: mmap(0x7ffff701c000, 81920, ProtFlags(PROT_READ | PROT_EXEC), MapFlags(MAP_PRIVATE | MAP_FIXED | MAP_DENYWRITE), 3, 12288) = Ok(140737337475072)
2026-07-23T20:18:53.118428Z  INFO detcore: DETLOG [syscall][detcore, dtid 3] inbound syscall: mmap(0x7ffff7030000, 16384, ProtFlags(PROT_READ), MapFlags(MAP_PRIVATE | MAP_FIXED | MAP_DENYWRITE), 3, 94208) = ?
2026-07-23T20:18:53.118457Z  INFO detcore: DETLOG [syscall][detcore, dtid 3] finish syscall #166: mmap(0x7ffff7030000, 16384, ProtFlags(PROT_READ), MapFlags(MAP_PRIVATE | MAP_FIXED | MAP_DENYWRITE), 3, 94208) = Ok(140737337556992)
2026-07-23T20:18:53.118487Z  INFO detcore: DETLOG [syscall][detcore, dtid 3] inbound syscall: mmap(0x7ffff7035000, 12288, ProtFlags(PROT_READ | PROT_WRITE), MapFlags(MAP_PRIVATE | MAP_FIXED | MAP_DENYWRITE), 3, 110592) = ?
2026-07-23T20:18:53.118514Z  INFO detcore: DETLOG [syscall][detcore, dtid 3] finish syscall #167: mmap(0x7ffff7035000, 12288, ProtFlags(PROT_READ | PROT_WRITE), MapFlags(MAP_PRIVATE | MAP_FIXED | MAP_DENYWRITE), 3, 110592) = Ok(140737337577472)
2026-07-23T20:18:53.118552Z  INFO detcore: DETLOG [syscall][detcore, dtid 3] inbound syscall: close(3) = ?
2026-07-23T20:18:53.118579Z  INFO detcore: DETLOG [syscall][detcore, dtid 3] finish syscall #168: close(3) = Ok(0)
2026-07-23T20:18:53.118610Z  INFO detcore: DETLOG [syscall][detcore, dtid 3] inbound syscall: openat(-100, 0x7ffff7e529e0 -> "/lib64/libaio.so.1", OFlag(O_CLOEXEC)) = ?
2026-07-23T20:18:53.118618Z  INFO detcore::scheduler: [sched-step5] >>>>>>>

 COMMIT turn 21, dettid 3 using resources {Path("/lib64/libaio.so.1"): R}, on previously committed 1_640_995_199.012_730_390s
2026-07-23T20:18:53.118657Z  INFO detcore::syscalls::files: Injecting additional fstat to retrieve file metadata on fd 3.
2026-07-23T20:18:53.118716Z  INFO detcore: DETLOG [syscall][detcore, dtid 3] finish syscall #169: openat(-100, 0x7ffff7e529e0 -> "/lib64/libaio.so.1", OFlag(O_CLOEXEC)) = Ok(3)
2026-07-23T20:18:53.118748Z  INFO detcore: DETLOG [syscall][detcore, dtid 3] inbound syscall: read(3, 0x7fffffffa878, 832) = ?
2026-07-23T20:18:53.118776Z  INFO detcore: DETLOG [syscall][detcore, dtid 3] finish syscall #170: read(3, 0x7fffffffa878, 832) = Ok(832)
2026-07-23T20:18:53.118804Z  INFO detcore: DETLOG [syscall][detcore, dtid 3] inbound syscall: fstat(3, 0x7fffffffa710) = ?
2026-07-23T20:18:53.118838Z  INFO detcore: DETLOG [syscall][detcore, dtid 3] finish syscall #171: fstat(3, 0x7fffffffa710) = Ok(0)
2026-07-23T20:18:53.118872Z  INFO detcore: DETLOG [syscall][detcore, dtid 3] inbound syscall: mmap(NULL, 16416, ProtFlags(PROT_READ), MapFlags(MAP_PRIVATE | MAP_DENYWRITE), 3, 0) = ?
2026-07-23T20:18:53.118909Z  INFO detcore: DETLOG [syscall][detcore, dtid 3] finish syscall #172: mmap(NULL, 16416, ProtFlags(PROT_READ), MapFlags(MAP_PRIVATE | MAP_DENYWRITE), 3, 0) = Ok(140737352355840)
2026-07-23T20:18:53.118936Z  INFO detcore: DETLOG [syscall][detcore, dtid 3] inbound syscall: mmap(0x7ffff7e4e000, 4096, ProtFlags(PROT_READ | PROT_EXEC), MapFlags(MAP_PRIVATE | MAP_FIXED | MAP_DENYWRITE), 3, 4096) = ?
2026-07-23T20:18:53.118971Z  INFO detcore: DETLOG [syscall][detcore, dtid 3] finish syscall #173: mmap(0x7ffff7e4e000, 4096, ProtFlags(PROT_READ | PROT_EXEC), MapFlags(MAP_PRIVATE | MAP_FIXED | MAP_DENYWRITE), 3, 4096) = Ok(140737352359936)
2026-07-23T20:18:53.118997Z  INFO detcore: DETLOG [syscall][detcore, dtid 3] inbound syscall: mmap(0x7ffff7e4f000, 4096, ProtFlags(PROT_READ), MapFlags(MAP_PRIVATE | MAP_FIXED | MAP_DENYWRITE), 3, 8192) = ?
2026-07-23T20:18:53.119025Z  INFO detcore: DETLOG [syscall][detcore, dtid 3] finish syscall #174: mmap(0x7ffff7e4f000, 4096, ProtFlags(PROT_READ), MapFlags(MAP_PRIVATE | MAP_FIXED | MAP_DENYWRITE), 3, 8192) = Ok(140737352364032)
2026-07-23T20:18:53.119056Z  INFO detcore: DETLOG [syscall][detcore, dtid 3] inbound syscall: mmap(0x7ffff7e50000, 4096, ProtFlags(PROT_READ | PROT_WRITE), MapFlags(MAP_PRIVATE | MAP_FIXED | MAP_DENYWRITE), 3, 8192) = ?
2026-07-23T20:18:53.119087Z  INFO detcore: DETLOG [syscall][detcore, dtid 3] finish syscall #175: mmap(0x7ffff7e50000, 4096, ProtFlags(PROT_READ | PROT_WRITE), MapFlags(MAP_PRIVATE | MAP_FIXED | MAP_DENYWRITE), 3, 8192) = Ok(140737352368128)
2026-07-23T20:18:53.119115Z  INFO detcore: DETLOG [syscall][detcore, dtid 3] inbound syscall: mmap(0x7ffff7e51000, 32, ProtFlags(PROT_READ | PROT_WRITE), MapFlags(MAP_PRIVATE | MAP_FIXED | MAP_ANON), -1, 0) = ?
2026-07-23T20:18:53.119143Z  INFO detcore: DETLOG [syscall][detcore, dtid 3] finish syscall #176: mmap(0x7ffff7e51000, 32, ProtFlags(PROT_READ | PROT_WRITE), MapFlags(MAP_PRIVATE | MAP_FIXED | MAP_ANON), -1, 0) = Ok(140737352372224)
2026-07-23T20:18:53.119177Z  INFO detcore: DETLOG [syscall][detcore, dtid 3] inbound syscall: close(3) = ?
2026-07-23T20:18:53.119202Z  INFO detcore: DETLOG [syscall][detcore, dtid 3] finish syscall #177: close(3) = Ok(0)
2026-07-23T20:18:53.119239Z  INFO detcore: DETLOG [syscall][detcore, dtid 3] inbound syscall: openat(-100, 0x7ffff7e52ee0 -> "/lib64/liburing.so.2", OFlag(O_CLOEXEC)) = ?
2026-07-23T20:18:53.119250Z  INFO detcore::scheduler: [sched-step5] >>>>>>>

 COMMIT turn 22, dettid 3 using resources {Path("/lib64/liburing.so.2"): R}, on previously committed 1_640_995_199.013_335_030s
2026-07-23T20:18:53.119309Z  INFO detcore::syscalls::files: Injecting additional fstat to retrieve file metadata on fd 3.
2026-07-23T20:18:53.119375Z  INFO detcore: DETLOG [syscall][detcore, dtid 3] finish syscall #178: openat(-100, 0x7ffff7e52ee0 -> "/lib64/liburing.so.2", OFlag(O_CLOEXEC)) = Ok(3)
2026-07-23T20:18:53.119406Z  INFO detcore: DETLOG [syscall][detcore, dtid 3] inbound syscall: read(3, 0x7fffffffa858, 832) = ?
2026-07-23T20:18:53.119437Z  INFO detcore: DETLOG [syscall][detcore, dtid 3] finish syscall #179: read(3, 0x7fffffffa858, 832) = Ok(832)
2026-07-23T20:18:53.119465Z  INFO detcore: DETLOG [syscall][detcore, dtid 3] inbound syscall: fstat(3, 0x7fffffffa6f0) = ?
2026-07-23T20:18:53.119497Z  INFO detcore: DETLOG [syscall][detcore, dtid 3] finish syscall #180: fstat(3, 0x7fffffffa6f0) = Ok(0)
2026-07-23T20:18:53.119531Z  INFO detcore: DETLOG [syscall][detcore, dtid 3] inbound syscall: mmap(NULL, 28680, ProtFlags(PROT_READ), MapFlags(MAP_PRIVATE | MAP_DENYWRITE), 3, 0) = ?
2026-07-23T20:18:53.119561Z  INFO detcore: DETLOG [syscall][detcore, dtid 3] finish syscall #181: mmap(NULL, 28680, ProtFlags(PROT_READ), MapFlags(MAP_PRIVATE | MAP_DENYWRITE), 3, 0) = Ok(140737344602112)
2026-07-23T20:18:53.119590Z  INFO detcore: DETLOG [syscall][detcore, dtid 3] inbound syscall: mmap(0x7ffff76ea000, 12288, ProtFlags(PROT_READ | PROT_EXEC), MapFlags(MAP_PRIVATE | MAP_FIXED | MAP_DENYWRITE), 3, 8192) = ?
2026-07-23T20:18:53.119629Z  INFO detcore: DETLOG [syscall][detcore, dtid 3] finish syscall #182: mmap(0x7ffff76ea000, 12288, ProtFlags(PROT_READ | PROT_EXEC), MapFlags(MAP_PRIVATE | MAP_FIXED | MAP_DENYWRITE), 3, 8192) = Ok(140737344610304)
2026-07-23T20:18:53.119662Z  INFO detcore: DETLOG [syscall][detcore, dtid 3] inbound syscall: mmap(0x7ffff76ed000, 4096, ProtFlags(PROT_READ), MapFlags(MAP_PRIVATE | MAP_FIXED | MAP_DENYWRITE), 3, 20480) = ?
2026-07-23T20:18:53.119701Z  INFO detcore: DETLOG [syscall][detcore, dtid 3] finish syscall #183: mmap(0x7ffff76ed000, 4096, ProtFlags(PROT_READ), MapFlags(MAP_PRIVATE | MAP_FIXED | MAP_DENYWRITE), 3, 20480) = Ok(140737344622592)
2026-07-23T20:18:53.119737Z  INFO detcore: DETLOG [syscall][detcore, dtid 3] inbound syscall: mmap(0x7ffff76ee000, 4096, ProtFlags(PROT_READ | PROT_WRITE), MapFlags(MAP_PRIVATE | MAP_FIXED | MAP_DENYWRITE), 3, 24576) = ?
2026-07-23T20:18:53.119771Z  INFO detcore: DETLOG [syscall][detcore, dtid 3] finish syscall #184: mmap(0x7ffff76ee000, 4096, ProtFlags(PROT_READ | PROT_WRITE), MapFlags(MAP_PRIVATE | MAP_FIXED | MAP_DENYWRITE), 3, 24576) = Ok(140737344626688)
2026-07-23T20:18:53.119802Z  INFO detcore: DETLOG [syscall][detcore, dtid 3] inbound syscall: mmap(0x7ffff76ef000, 8, ProtFlags(PROT_READ | PROT_WRITE), MapFlags(MAP_PRIVATE | MAP_FIXED | MAP_ANON), -1, 0) = ?
2026-07-23T20:18:53.119833Z  INFO detcore: DETLOG [syscall][detcore, dtid 3] finish syscall #185: mmap(0x7ffff76ef000, 8, ProtFlags(PROT_READ | PROT_WRITE), MapFlags(MAP_PRIVATE | MAP_FIXED | MAP_ANON), -1, 0) = Ok(140737344630784)
2026-07-23T20:18:53.119870Z  INFO detcore: DETLOG [syscall][detcore, dtid 3] inbound syscall: close(3) = ?
2026-07-23T20:18:53.119899Z  INFO detcore: DETLOG [syscall][detcore, dtid 3] finish syscall #186: close(3) = Ok(0)
2026-07-23T20:18:53.119939Z  INFO detcore: DETLOG [syscall][detcore, dtid 3] inbound syscall: openat(-100, 0x7ffff7e533e0 -> "/lib64/libgmodule-2.0.so.0", OFlag(O_CLOEXEC)) = ?
2026-07-23T20:18:53.119950Z  INFO detcore::scheduler: [sched-step5] >>>>>>>

 COMMIT turn 23, dettid 3 using resources {Path("/lib64/libgmodule-2.0.so.0"): R}, on previously committed 1_640_995_199.013_941_460s
2026-07-23T20:18:53.120008Z  INFO detcore::syscalls::files: Injecting additional fstat to retrieve file metadata on fd 3.
2026-07-23T20:18:53.120069Z  INFO detcore: DETLOG [syscall][detcore, dtid 3] finish syscall #187: openat(-100, 0x7ffff7e533e0 -> "/lib64/libgmodule-2.0.so.0", OFlag(O_CLOEXEC)) = Ok(3)
2026-07-23T20:18:53.120097Z  INFO detcore: DETLOG [syscall][detcore, dtid 3] inbound syscall: read(3, 0x7fffffffa838, 832) = ?
2026-07-23T20:18:53.120126Z  INFO detcore: DETLOG [syscall][detcore, dtid 3] finish syscall #188: read(3, 0x7fffffffa838, 832) = Ok(832)
2026-07-23T20:18:53.120156Z  INFO detcore: DETLOG [syscall][detcore, dtid 3] inbound syscall: fstat(3, 0x7fffffffa6d0) = ?
2026-07-23T20:18:53.120189Z  INFO detcore: DETLOG [syscall][detcore, dtid 3] finish syscall #189: fstat(3, 0x7fffffffa6d0) = Ok(0)
2026-07-23T20:18:53.120221Z  INFO detcore: DETLOG [syscall][detcore, dtid 3] inbound syscall: mmap(NULL, 20576, ProtFlags(PROT_READ), MapFlags(MAP_PRIVATE | MAP_DENYWRITE), 3, 0) = ?
2026-07-23T20:18:53.120252Z  INFO detcore: DETLOG [syscall][detcore, dtid 3] finish syscall #190: mmap(NULL, 20576, ProtFlags(PROT_READ), MapFlags(MAP_PRIVATE | MAP_DENYWRITE), 3, 0) = Ok(140737344577536)
2026-07-23T20:18:53.120282Z  INFO detcore: DETLOG [syscall][detcore, dtid 3] inbound syscall: mmap(0x7ffff76e3000, 8192, ProtFlags(PROT_READ | PROT_EXEC), MapFlags(MAP_PRIVATE | MAP_FIXED | MAP_DENYWRITE), 3, 4096) = ?
2026-07-23T20:18:53.120314Z  INFO detcore: DETLOG [syscall][detcore, dtid 3] finish syscall #191: mmap(0x7ffff76e3000, 8192, ProtFlags(PROT_READ | PROT_EXEC), MapFlags(MAP_PRIVATE | MAP_FIXED | MAP_DENYWRITE), 3, 4096) = Ok(140737344581632)
2026-07-23T20:18:53.120393Z  INFO detcore: DETLOG [syscall][detcore, dtid 3] inbound syscall: mmap(0x7ffff76e5000, 4096, ProtFlags(PROT_READ), MapFlags(MAP_PRIVATE | MAP_FIXED | MAP_DENYWRITE), 3, 12288) = ?
2026-07-23T20:18:53.120424Z  INFO detcore: DETLOG [syscall][detcore, dtid 3] finish syscall #192: mmap(0x7ffff76e5000, 4096, ProtFlags(PROT_READ), MapFlags(MAP_PRIVATE | MAP_FIXED | MAP_DENYWRITE), 3, 12288) = Ok(140737344589824)
2026-07-23T20:18:53.120456Z  INFO detcore: DETLOG [syscall][detcore, dtid 3] inbound syscall: mmap(0x7ffff76e6000, 8192, ProtFlags(PROT_READ | PROT_WRITE), MapFlags(MAP_PRIVATE | MAP_FIXED | MAP_DENYWRITE), 3, 12288) = ?
2026-07-23T20:18:53.120485Z  INFO detcore: DETLOG [syscall][detcore, dtid 3] finish syscall #193: mmap(0x7ffff76e6000, 8192, ProtFlags(PROT_READ | PROT_WRITE), MapFlags(MAP_PRIVATE | MAP_FIXED | MAP_DENYWRITE), 3, 12288) = Ok(140737344593920)
2026-07-23T20:18:53.120520Z  INFO detcore: DETLOG [syscall][detcore, dtid 3] inbound syscall: close(3) = ?
2026-07-23T20:18:53.120543Z  INFO detcore: DETLOG [syscall][detcore, dtid 3] finish syscall #194: close(3) = Ok(0)
2026-07-23T20:18:53.120569Z  INFO detcore: DETLOG [syscall][detcore, dtid 3] inbound syscall: openat(-100, 0x7ffff7e538e0 -> "/lib64/libm.so.6", OFlag(O_CLOEXEC)) = ?
2026-07-23T20:18:53.120577Z  INFO detcore::scheduler: [sched-step5] >>>>>>>

 COMMIT turn 24, dettid 3 using resources {Path("/lib64/libm.so.6"): R}, on previously committed 1_640_995_199.014_535_180s
2026-07-23T20:18:53.120618Z  INFO detcore::syscalls::files: Injecting additional fstat to retrieve file metadata on fd 3.
2026-07-23T20:18:53.120665Z  INFO detcore: DETLOG [syscall][detcore, dtid 3] finish syscall #195: openat(-100, 0x7ffff7e538e0 -> "/lib64/libm.so.6", OFlag(O_CLOEXEC)) = Ok(3)
2026-07-23T20:18:53.120692Z  INFO detcore: DETLOG [syscall][detcore, dtid 3] inbound syscall: read(3, 0x7fffffffa818, 832) = ?
2026-07-23T20:18:53.120714Z  INFO detcore: DETLOG [syscall][detcore, dtid 3] finish syscall #196: read(3, 0x7fffffffa818, 832) = Ok(832)
2026-07-23T20:18:53.120737Z  INFO detcore: DETLOG [syscall][detcore, dtid 3] inbound syscall: fstat(3, 0x7fffffffa6b0) = ?
2026-07-23T20:18:53.120761Z  INFO detcore: DETLOG [syscall][detcore, dtid 3] finish syscall #197: fstat(3, 0x7fffffffa6b0) = Ok(0)
2026-07-23T20:18:53.120782Z  INFO detcore: DETLOG [syscall][detcore, dtid 3] inbound syscall: mmap(NULL, 901424, ProtFlags(PROT_READ), MapFlags(MAP_PRIVATE | MAP_DENYWRITE), 3, 0) = ?
2026-07-23T20:18:53.120805Z  INFO detcore: DETLOG [syscall][detcore, dtid 3] finish syscall #198: mmap(NULL, 901424, ProtFlags(PROT_READ), MapFlags(MAP_PRIVATE | MAP_DENYWRITE), 3, 0) = Ok(140737336557568)
2026-07-23T20:18:53.120829Z  INFO detcore: DETLOG [syscall][detcore, dtid 3] inbound syscall: mmap(0x7ffff6f49000, 466944, ProtFlags(PROT_READ | PROT_EXEC), MapFlags(MAP_PRIVATE | MAP_FIXED | MAP_DENYWRITE), 3, 53248) = ?
2026-07-23T20:18:53.120857Z  INFO detcore: DETLOG [syscall][detcore, dtid 3] finish syscall #199: mmap(0x7ffff6f49000, 466944, ProtFlags(PROT_READ | PROT_EXEC), MapFlags(MAP_PRIVATE | MAP_FIXED | MAP_DENYWRITE), 3, 53248) = Ok(140737336610816)
2026-07-23T20:18:53.120877Z  INFO detcore: DETLOG [syscall][detcore, dtid 3] inbound syscall: mmap(0x7ffff6fbb000, 376832, ProtFlags(PROT_READ), MapFlags(MAP_PRIVATE | MAP_FIXED | MAP_DENYWRITE), 3, 520192) = ?
2026-07-23T20:18:53.120905Z  INFO detcore: DETLOG [syscall][detcore, dtid 3] finish syscall #200: mmap(0x7ffff6fbb000, 376832, ProtFlags(PROT_READ), MapFlags(MAP_PRIVATE | MAP_FIXED | MAP_DENYWRITE), 3, 520192) = Ok(140737337077760)
2026-07-23T20:18:53.120925Z  INFO detcore: DETLOG [syscall][detcore, dtid 3] inbound syscall: mmap(0x7ffff7017000, 8192, ProtFlags(PROT_READ | PROT_WRITE), MapFlags(MAP_PRIVATE | MAP_FIXED | MAP_DENYWRITE), 3, 892928) = ?
2026-07-23T20:18:53.120948Z  INFO detcore: DETLOG [syscall][detcore, dtid 3] finish syscall #201: mmap(0x7ffff7017000, 8192, ProtFlags(PROT_READ | PROT_WRITE), MapFlags(MAP_PRIVATE | MAP_FIXED | MAP_DENYWRITE), 3, 892928) = Ok(140737337454592)
2026-07-23T20:18:53.120977Z  INFO detcore: DETLOG [syscall][detcore, dtid 3] inbound syscall: close(3) = ?
2026-07-23T20:18:53.121001Z  INFO detcore: DETLOG [syscall][detcore, dtid 3] finish syscall #202: close(3) = Ok(0)
2026-07-23T20:18:53.121030Z  INFO detcore: DETLOG [syscall][detcore, dtid 3] inbound syscall: openat(-100, 0x7ffff7e53de0 -> "/lib64/libresolv.so.2", OFlag(O_CLOEXEC)) = ?
2026-07-23T20:18:53.121036Z  INFO detcore::scheduler: [sched-step5] >>>>>>>

 COMMIT turn 25, dettid 3 using resources {Path("/lib64/libresolv.so.2"): R}, on previously committed 1_640_995_199.015_128_970s
2026-07-23T20:18:53.121070Z  INFO detcore::syscalls::files: Injecting additional fstat to retrieve file metadata on fd 3.
2026-07-23T20:18:53.121117Z  INFO detcore: DETLOG [syscall][detcore, dtid 3] finish syscall #203: openat(-100, 0x7ffff7e53de0 -> "/lib64/libresolv.so.2", OFlag(O_CLOEXEC)) = Ok(3)
2026-07-23T20:18:53.121138Z  INFO detcore: DETLOG [syscall][detcore, dtid 3] inbound syscall: read(3, 0x7fffffffa7f8, 832) = ?
2026-07-23T20:18:53.121160Z  INFO detcore: DETLOG [syscall][detcore, dtid 3] finish syscall #204: read(3, 0x7fffffffa7f8, 832) = Ok(832)
2026-07-23T20:18:53.121181Z  INFO detcore: DETLOG [syscall][detcore, dtid 3] inbound syscall: fstat(3, 0x7fffffffa690) = ?
2026-07-23T20:18:53.121201Z  INFO detcore: DETLOG [syscall][detcore, dtid 3] finish syscall #205: fstat(3, 0x7fffffffa690) = Ok(0)
2026-07-23T20:18:53.121222Z  INFO detcore: DETLOG [syscall][detcore, dtid 3] inbound syscall: mmap(NULL, 8192, ProtFlags(PROT_READ | PROT_WRITE), MapFlags(MAP_PRIVATE | MAP_ANON), -1, 0) = ?
2026-07-23T20:18:53.121243Z  INFO detcore: DETLOG [syscall][detcore, dtid 3] finish syscall #206: mmap(NULL, 8192, ProtFlags(PROT_READ | PROT_WRITE), MapFlags(MAP_PRIVATE | MAP_ANON), -1, 0) = Ok(140737344569344)
2026-07-23T20:18:53.121268Z  INFO detcore: DETLOG [syscall][detcore, dtid 3] inbound syscall: mmap(NULL, 80456, ProtFlags(PROT_READ), MapFlags(MAP_PRIVATE | MAP_DENYWRITE), 3, 0) = ?
2026-07-23T20:18:53.121293Z  INFO detcore: DETLOG [syscall][detcore, dtid 3] finish syscall #207: mmap(NULL, 80456, ProtFlags(PROT_READ), MapFlags(MAP_PRIVATE | MAP_DENYWRITE), 3, 0) = Ok(140737336475648)
2026-07-23T20:18:53.121317Z  INFO detcore: DETLOG [syscall][detcore, dtid 3] inbound syscall: mmap(0x7ffff6f2c000, 36864, ProtFlags(PROT_READ | PROT_EXEC), MapFlags(MAP_PRIVATE | MAP_FIXED | MAP_DENYWRITE), 3, 16384) = ?
2026-07-23T20:18:53.121341Z  INFO detcore: DETLOG [syscall][detcore, dtid 3] finish syscall #208: mmap(0x7ffff6f2c000, 36864, ProtFlags(PROT_READ | PROT_EXEC), MapFlags(MAP_PRIVATE | MAP_FIXED | MAP_DENYWRITE), 3, 16384) = Ok(140737336492032)
2026-07-23T20:18:53.121362Z  INFO detcore: DETLOG [syscall][detcore, dtid 3] inbound syscall: mmap(0x7ffff6f35000, 12288, ProtFlags(PROT_READ), MapFlags(MAP_PRIVATE | MAP_FIXED | MAP_DENYWRITE), 3, 53248) = ?
2026-07-23T20:18:53.121383Z  INFO detcore: DETLOG [syscall][detcore, dtid 3] finish syscall #209: mmap(0x7ffff6f35000, 12288, ProtFlags(PROT_READ), MapFlags(MAP_PRIVATE | MAP_FIXED | MAP_DENYWRITE), 3, 53248) = Ok(140737336528896)
2026-07-23T20:18:53.121403Z  INFO detcore: DETLOG [syscall][detcore, dtid 3] inbound syscall: mmap(0x7ffff6f38000, 8192, ProtFlags(PROT_READ | PROT_WRITE), MapFlags(MAP_PRIVATE | MAP_FIXED | MAP_DENYWRITE), 3, 61440) = ?
2026-07-23T20:18:53.121424Z  INFO detcore: DETLOG [syscall][detcore, dtid 3] finish syscall #210: mmap(0x7ffff6f38000, 8192, ProtFlags(PROT_READ | PROT_WRITE), MapFlags(MAP_PRIVATE | MAP_FIXED | MAP_DENYWRITE), 3, 61440) = Ok(140737336541184)
2026-07-23T20:18:53.121447Z  INFO detcore: DETLOG [syscall][detcore, dtid 3] inbound syscall: mmap(0x7ffff6f3a000, 6728, ProtFlags(PROT_READ | PROT_WRITE), MapFlags(MAP_PRIVATE | MAP_FIXED | MAP_ANON), -1, 0) = ?
2026-07-23T20:18:53.121466Z  INFO detcore: DETLOG [syscall][detcore, dtid 3] finish syscall #211: mmap(0x7ffff6f3a000, 6728, ProtFlags(PROT_READ | PROT_WRITE), MapFlags(MAP_PRIVATE | MAP_FIXED | MAP_ANON), -1, 0) = Ok(140737336549376)
2026-07-23T20:18:53.121491Z  INFO detcore: DETLOG [syscall][detcore, dtid 3] inbound syscall: close(3) = ?
2026-07-23T20:18:53.121509Z  INFO detcore: DETLOG [syscall][detcore, dtid 3] finish syscall #212: close(3) = Ok(0)
2026-07-23T20:18:53.121535Z  INFO detcore: DETLOG [syscall][detcore, dtid 3] inbound syscall: openat(-100, 0x7ffff76e04e0 -> "/lib64/libgcc_s.so.1", OFlag(O_CLOEXEC)) = ?
2026-07-23T20:18:53.121543Z  INFO detcore::scheduler: [sched-step5] >>>>>>>

 COMMIT turn 26, dettid 3 using resources {Path("/lib64/libgcc_s.so.1"): R}, on previously committed 1_640_995_199.015_743_710s
2026-07-23T20:18:53.121577Z  INFO detcore::syscalls::files: Injecting additional fstat to retrieve file metadata on fd 3.
2026-07-23T20:18:53.121621Z  INFO detcore: DETLOG [syscall][detcore, dtid 3] finish syscall #213: openat(-100, 0x7ffff76e04e0 -> "/lib64/libgcc_s.so.1", OFlag(O_CLOEXEC)) = Ok(3)
2026-07-23T20:18:53.121643Z  INFO detcore: DETLOG [syscall][detcore, dtid 3] inbound syscall: read(3, 0x7fffffffa7d8, 832) = ?
2026-07-23T20:18:53.121662Z  INFO detcore: DETLOG [syscall][detcore, dtid 3] finish syscall #214: read(3, 0x7fffffffa7d8, 832) = Ok(832)
2026-07-23T20:18:53.121688Z  INFO detcore: DETLOG [syscall][detcore, dtid 3] inbound syscall: fstat(3, 0x7fffffffa670) = ?
2026-07-23T20:18:53.121717Z  INFO detcore: DETLOG [syscall][detcore, dtid 3] finish syscall #215: fstat(3, 0x7fffffffa670) = Ok(0)
2026-07-23T20:18:53.121740Z  INFO detcore: DETLOG [syscall][detcore, dtid 3] inbound syscall: mmap(NULL, 115144, ProtFlags(PROT_READ), MapFlags(MAP_PRIVATE | MAP_DENYWRITE), 3, 0) = ?
2026-07-23T20:18:53.121764Z  INFO detcore: DETLOG [syscall][detcore, dtid 3] finish syscall #216: mmap(NULL, 115144, ProtFlags(PROT_READ), MapFlags(MAP_PRIVATE | MAP_DENYWRITE), 3, 0) = Ok(140737336356864)
2026-07-23T20:18:53.121785Z  INFO detcore: DETLOG [syscall][detcore, dtid 3] inbound syscall: mmap(0x7ffff6f0e000, 81920, ProtFlags(PROT_READ | PROT_EXEC), MapFlags(MAP_PRIVATE | MAP_FIXED | MAP_DENYWRITE), 3, 12288) = ?
2026-07-23T20:18:53.121811Z  INFO detcore: DETLOG [syscall][detcore, dtid 3] finish syscall #217: mmap(0x7ffff6f0e000, 81920, ProtFlags(PROT_READ | PROT_EXEC), MapFlags(MAP_PRIVATE | MAP_FIXED | MAP_DENYWRITE), 3, 12288) = Ok(140737336369152)
2026-07-23T20:18:53.121832Z  INFO detcore: DETLOG [syscall][detcore, dtid 3] inbound syscall: mmap(0x7ffff6f22000, 16384, ProtFlags(PROT_READ), MapFlags(MAP_PRIVATE | MAP_FIXED | MAP_DENYWRITE), 3, 94208) = ?
2026-07-23T20:18:53.121855Z  INFO detcore: DETLOG [syscall][detcore, dtid 3] finish syscall #218: mmap(0x7ffff6f22000, 16384, ProtFlags(PROT_READ), MapFlags(MAP_PRIVATE | MAP_FIXED | MAP_DENYWRITE), 3, 94208) = Ok(140737336451072)
2026-07-23T20:18:53.121878Z  INFO detcore: DETLOG [syscall][detcore, dtid 3] inbound syscall: mmap(0x7ffff6f26000, 4096, ProtFlags(PROT_READ | PROT_WRITE), MapFlags(MAP_PRIVATE | MAP_FIXED | MAP_DENYWRITE), 3, 106496) = ?
2026-07-23T20:18:53.121901Z  INFO detcore: DETLOG [syscall][detcore, dtid 3] finish syscall #219: mmap(0x7ffff6f26000, 4096, ProtFlags(PROT_READ | PROT_WRITE), MapFlags(MAP_PRIVATE | MAP_FIXED | MAP_DENYWRITE), 3, 106496) = Ok(140737336467456)
2026-07-23T20:18:53.121922Z  INFO detcore: DETLOG [syscall][detcore, dtid 3] inbound syscall: mmap(0x7ffff6f27000, 456, ProtFlags(PROT_READ | PROT_WRITE), MapFlags(MAP_PRIVATE | MAP_FIXED | MAP_ANON), -1, 0) = ?
2026-07-23T20:18:53.121942Z  INFO detcore: DETLOG [syscall][detcore, dtid 3] finish syscall #220: mmap(0x7ffff6f27000, 456, ProtFlags(PROT_READ | PROT_WRITE), MapFlags(MAP_PRIVATE | MAP_FIXED | MAP_ANON), -1, 0) = Ok(140737336471552)
2026-07-23T20:18:53.121966Z  INFO detcore: DETLOG [syscall][detcore, dtid 3] inbound syscall: close(3) = ?
2026-07-23T20:18:53.121984Z  INFO detcore: DETLOG [syscall][detcore, dtid 3] finish syscall #221: close(3) = Ok(0)
2026-07-23T20:18:53.122009Z  INFO detcore: DETLOG [syscall][detcore, dtid 3] inbound syscall: openat(-100, 0x7ffff76e09e0 -> "/lib64/libc.so.6", OFlag(O_CLOEXEC)) = ?
2026-07-23T20:18:53.122015Z  INFO detcore::scheduler: [sched-step5] >>>>>>>

 COMMIT turn 27, dettid 3 using resources {Path("/lib64/libc.so.6"): R}, on previously committed 1_640_995_199.016_350_310s
2026-07-23T20:18:53.122050Z  INFO detcore::syscalls::files: Injecting additional fstat to retrieve file metadata on fd 3.
2026-07-23T20:18:53.122100Z  INFO detcore: DETLOG [syscall][detcore, dtid 3] finish syscall #222: openat(-100, 0x7ffff76e09e0 -> "/lib64/libc.so.6", OFlag(O_CLOEXEC)) = Ok(3)
2026-07-23T20:18:53.122123Z  INFO detcore: DETLOG [syscall][detcore, dtid 3] inbound syscall: read(3, 0x7fffffffa7b8, 832) = ?
2026-07-23T20:18:53.122143Z  INFO detcore: DETLOG [syscall][detcore, dtid 3] finish syscall #223: read(3, 0x7fffffffa7b8, 832) = Ok(832)
2026-07-23T20:18:53.122164Z  INFO detcore: DETLOG [syscall][detcore, dtid 3] inbound syscall: pread64(3, 0x7fffffffa3b0, 784, 64) = ?
2026-07-23T20:18:53.122185Z  INFO detcore: DETLOG [syscall][detcore, dtid 3] finish syscall #224: pread64(3, 0x7fffffffa3b0, 784, 64) = Ok(784)
2026-07-23T20:18:53.122205Z  INFO detcore: DETLOG [syscall][detcore, dtid 3] inbound syscall: pread64(3, 0x7fffffffa370, 48, 848) = ?
2026-07-23T20:18:53.122224Z  INFO detcore: DETLOG [syscall][detcore, dtid 3] finish syscall #225: pread64(3, 0x7fffffffa370, 48, 848) = Ok(48)
2026-07-23T20:18:53.122244Z  INFO detcore: DETLOG [syscall][detcore, dtid 3] inbound syscall: pread64(3, 0x7fffffffa320, 68, 896) = ?
2026-07-23T20:18:53.122265Z  INFO detcore: DETLOG [syscall][detcore, dtid 3] finish syscall #226: pread64(3, 0x7fffffffa320, 68, 896) = Ok(68)
2026-07-23T20:18:53.122286Z  INFO detcore: DETLOG [syscall][detcore, dtid 3] inbound syscall: fstat(3, 0x7fffffffa650) = ?
2026-07-23T20:18:53.122306Z  INFO detcore: DETLOG [syscall][detcore, dtid 3] finish syscall #227: fstat(3, 0x7fffffffa650) = Ok(0)
2026-07-23T20:18:53.122326Z  INFO detcore: DETLOG [syscall][detcore, dtid 3] inbound syscall: pread64(3, 0x7fffffffa2a0, 784, 64) = ?
2026-07-23T20:18:53.122345Z  INFO detcore: DETLOG [syscall][detcore, dtid 3] finish syscall #228: pread64(3, 0x7fffffffa2a0, 784, 64) = Ok(784)
2026-07-23T20:18:53.122367Z  INFO detcore: DETLOG [syscall][detcore, dtid 3] inbound syscall: mmap(NULL, 2138064, ProtFlags(PROT_READ), MapFlags(MAP_PRIVATE | MAP_DENYWRITE), 3, 0) = ?
2026-07-23T20:18:53.122390Z  INFO detcore: DETLOG [syscall][detcore, dtid 3] finish syscall #229: mmap(NULL, 2138064, ProtFlags(PROT_READ), MapFlags(MAP_PRIVATE | MAP_DENYWRITE), 3, 0) = Ok(140737333166080)
2026-07-23T20:18:53.122411Z  INFO detcore: DETLOG [syscall][detcore, dtid 3] inbound syscall: mmap(0x7ffff6c29000, 1527808, ProtFlags(PROT_READ | PROT_EXEC), MapFlags(MAP_PRIVATE | MAP_FIXED | MAP_DENYWRITE), 3, 167936) = ?
2026-07-23T20:18:53.122440Z  INFO detcore: DETLOG [syscall][detcore, dtid 3] finish syscall #230: mmap(0x7ffff6c29000, 1527808, ProtFlags(PROT_READ | PROT_EXEC), MapFlags(MAP_PRIVATE | MAP_FIXED | MAP_DENYWRITE), 3, 167936) = Ok(140737333334016)
2026-07-23T20:18:53.122460Z  INFO detcore: DETLOG [syscall][detcore, dtid 3] inbound syscall: mmap(0x7ffff6d9e000, 364544, ProtFlags(PROT_READ), MapFlags(MAP_PRIVATE | MAP_FIXED | MAP_DENYWRITE), 3, 1695744) = ?
2026-07-23T20:18:53.122500Z  INFO detcore: DETLOG [syscall][detcore, dtid 3] finish syscall #231: mmap(0x7ffff6d9e000, 364544, ProtFlags(PROT_READ), MapFlags(MAP_PRIVATE | MAP_FIXED | MAP_DENYWRITE), 3, 1695744) = Ok(140737334861824)
2026-07-23T20:18:53.122521Z  INFO detcore: DETLOG [syscall][detcore, dtid 3] inbound syscall: mmap(0x7ffff6df7000, 24576, ProtFlags(PROT_READ | PROT_WRITE), MapFlags(MAP_PRIVATE | MAP_FIXED | MAP_DENYWRITE), 3, 2056192) = ?
2026-07-23T20:18:53.122545Z  INFO detcore: DETLOG [syscall][detcore, dtid 3] finish syscall #232: mmap(0x7ffff6df7000, 24576, ProtFlags(PROT_READ | PROT_WRITE), MapFlags(MAP_PRIVATE | MAP_FIXED | MAP_DENYWRITE), 3, 2056192) = Ok(140737335226368)
2026-07-23T20:18:53.122573Z  INFO detcore: DETLOG [syscall][detcore, dtid 3] inbound syscall: mmap(0x7ffff6dfd000, 53200, ProtFlags(PROT_READ | PROT_WRITE), MapFlags(MAP_PRIVATE | MAP_FIXED | MAP_ANON), -1, 0) = ?
2026-07-23T20:18:53.122593Z  INFO detcore: DETLOG [syscall][detcore, dtid 3] finish syscall #233: mmap(0x7ffff6dfd000, 53200, ProtFlags(PROT_READ | PROT_WRITE), MapFlags(MAP_PRIVATE | MAP_FIXED | MAP_ANON), -1, 0) = Ok(140737335250944)
2026-07-23T20:18:53.122622Z  INFO detcore: DETLOG [syscall][detcore, dtid 3] inbound syscall: close(3) = ?
2026-07-23T20:18:53.122642Z  INFO detcore: DETLOG [syscall][detcore, dtid 3] finish syscall #234: close(3) = Ok(0)
2026-07-23T20:18:53.122674Z  INFO detcore: DETLOG [syscall][detcore, dtid 3] inbound syscall: openat(-100, 0x7ffff76e0f10 -> "/lib64/libp11-kit.so.0", OFlag(O_CLOEXEC)) = ?
2026-07-23T20:18:53.122681Z  INFO detcore::scheduler: [sched-step5] >>>>>>>

 COMMIT turn 28, dettid 3 using resources {Path("/lib64/libp11-kit.so.0"): R}, on previously committed 1_640_995_199.017_006_160s
2026-07-23T20:18:53.122721Z  INFO detcore::syscalls::files: Injecting additional fstat to retrieve file metadata on fd 3.
2026-07-23T20:18:53.122766Z  INFO detcore: DETLOG [syscall][detcore, dtid 3] finish syscall #235: openat(-100, 0x7ffff76e0f10 -> "/lib64/libp11-kit.so.0", OFlag(O_CLOEXEC)) = Ok(3)
2026-07-23T20:18:53.122790Z  INFO detcore: DETLOG [syscall][detcore, dtid 3] inbound syscall: read(3, 0x7fffffffa778, 832) = ?
2026-07-23T20:18:53.122812Z  INFO detcore: DETLOG [syscall][detcore, dtid 3] finish syscall #236: read(3, 0x7fffffffa778, 832) = Ok(832)
2026-07-23T20:18:53.122833Z  INFO detcore: DETLOG [syscall][detcore, dtid 3] inbound syscall: fstat(3, 0x7fffffffa610) = ?
2026-07-23T20:18:53.122854Z  INFO detcore: DETLOG [syscall][detcore, dtid 3] finish syscall #237: fstat(3, 0x7fffffffa610) = Ok(0)
2026-07-23T20:18:53.122876Z  INFO detcore: DETLOG [syscall][detcore, dtid 3] inbound syscall: mmap(NULL, 1896328, ProtFlags(PROT_READ), MapFlags(MAP_PRIVATE | MAP_DENYWRITE), 3, 0) = ?
2026-07-23T20:18:53.122898Z  INFO detcore: DETLOG [syscall][detcore, dtid 3] finish syscall #238: mmap(NULL, 1896328, ProtFlags(PROT_READ), MapFlags(MAP_PRIVATE | MAP_DENYWRITE), 3, 0) = Ok(140737331269632)
2026-07-23T20:18:53.122918Z  INFO detcore: DETLOG [syscall][detcore, dtid 3] inbound syscall: mmap(0x7ffff6a70000, 958464, ProtFlags(PROT_READ | PROT_EXEC), MapFlags(MAP_PRIVATE | MAP_FIXED | MAP_DENYWRITE), 3, 258048) = ?
2026-07-23T20:18:53.122940Z  INFO detcore: DETLOG [syscall][detcore, dtid 3] finish syscall #239: mmap(0x7ffff6a70000, 958464, ProtFlags(PROT_READ | PROT_EXEC), MapFlags(MAP_PRIVATE | MAP_FIXED | MAP_DENYWRITE), 3, 258048) = Ok(140737331527680)
2026-07-23T20:18:53.122960Z  INFO detcore: DETLOG [syscall][detcore, dtid 3] inbound syscall: mmap(0x7ffff6b5a000, 552960, ProtFlags(PROT_READ), MapFlags(MAP_PRIVATE | MAP_FIXED | MAP_DENYWRITE), 3, 1216512) = ?
2026-07-23T20:18:53.122981Z  INFO detcore: DETLOG [syscall][detcore, dtid 3] finish syscall #240: mmap(0x7ffff6b5a000, 552960, ProtFlags(PROT_READ), MapFlags(MAP_PRIVATE | MAP_FIXED | MAP_DENYWRITE), 3, 1216512) = Ok(140737332486144)
2026-07-23T20:18:53.123002Z  INFO detcore: DETLOG [syscall][detcore, dtid 3] inbound syscall: mmap(0x7ffff6be1000, 126976, ProtFlags(PROT_READ | PROT_WRITE), MapFlags(MAP_PRIVATE | MAP_FIXED | MAP_DENYWRITE), 3, 1769472) = ?
2026-07-23T20:18:53.123022Z  INFO detcore: DETLOG [syscall][detcore, dtid 3] finish syscall #241: mmap(0x7ffff6be1000, 126976, ProtFlags(PROT_READ | PROT_WRITE), MapFlags(MAP_PRIVATE | MAP_FIXED | MAP_DENYWRITE), 3, 1769472) = Ok(140737333039104)
2026-07-23T20:18:53.123054Z  INFO detcore: DETLOG [syscall][detcore, dtid 3] inbound syscall: close(3) = ?
2026-07-23T20:18:53.123074Z  INFO detcore: DETLOG [syscall][detcore, dtid 3] finish syscall #242: close(3) = Ok(0)
2026-07-23T20:18:53.123098Z  INFO detcore: DETLOG [syscall][detcore, dtid 3] inbound syscall: openat(-100, 0x7ffff76e1410 -> "/lib64/libidn2.so.0", OFlag(O_CLOEXEC)) = ?
2026-07-23T20:18:53.123105Z  INFO detcore::scheduler: [sched-step5] >>>>>>>

 COMMIT turn 29, dettid 3 using resources {Path("/lib64/libidn2.so.0"): R}, on previously committed 1_640_995_199.017_601_510s
2026-07-23T20:18:53.123139Z  INFO detcore::syscalls::files: Injecting additional fstat to retrieve file metadata on fd 3.
2026-07-23T20:18:53.123185Z  INFO detcore: DETLOG [syscall][detcore, dtid 3] finish syscall #243: openat(-100, 0x7ffff76e1410 -> "/lib64/libidn2.so.0", OFlag(O_CLOEXEC)) = Ok(3)
2026-07-23T20:18:53.123213Z  INFO detcore: DETLOG [syscall][detcore, dtid 3] inbound syscall: read(3, 0x7fffffffa758, 832) = ?
2026-07-23T20:18:53.123238Z  INFO detcore: DETLOG [syscall][detcore, dtid 3] finish syscall #244: read(3, 0x7fffffffa758, 832) = Ok(832)
2026-07-23T20:18:53.123259Z  INFO detcore: DETLOG [syscall][detcore, dtid 3] inbound syscall: fstat(3, 0x7fffffffa5f0) = ?
2026-07-23T20:18:53.123281Z  INFO detcore: DETLOG [syscall][detcore, dtid 3] finish syscall #245: fstat(3, 0x7fffffffa5f0) = Ok(0)
2026-07-23T20:18:53.123307Z  INFO detcore: DETLOG [syscall][detcore, dtid 3] inbound syscall: mmap(NULL, 131080, ProtFlags(PROT_READ), MapFlags(MAP_PRIVATE | MAP_DENYWRITE), 3, 0) = ?
2026-07-23T20:18:53.123328Z  INFO detcore: DETLOG [syscall][detcore, dtid 3] finish syscall #246: mmap(NULL, 131080, ProtFlags(PROT_READ), MapFlags(MAP_PRIVATE | MAP_DENYWRITE), 3, 0) = Ok(140737336221696)
2026-07-23T20:18:53.123349Z  INFO detcore: DETLOG [syscall][detcore, dtid 3] inbound syscall: mmap(0x7ffff6eec000, 16384, ProtFlags(PROT_READ | PROT_EXEC), MapFlags(MAP_PRIVATE | MAP_FIXED | MAP_DENYWRITE), 3, 8192) = ?
2026-07-23T20:18:53.123370Z  INFO detcore: DETLOG [syscall][detcore, dtid 3] finish syscall #247: mmap(0x7ffff6eec000, 16384, ProtFlags(PROT_READ | PROT_EXEC), MapFlags(MAP_PRIVATE | MAP_FIXED | MAP_DENYWRITE), 3, 8192) = Ok(140737336229888)
2026-07-23T20:18:53.123391Z  INFO detcore: DETLOG [syscall][detcore, dtid 3] inbound syscall: mmap(0x7ffff6ef0000, 102400, ProtFlags(PROT_READ), MapFlags(MAP_PRIVATE | MAP_FIXED | MAP_DENYWRITE), 3, 24576) = ?
2026-07-23T20:18:53.123412Z  INFO detcore: DETLOG [syscall][detcore, dtid 3] finish syscall #248: mmap(0x7ffff6ef0000, 102400, ProtFlags(PROT_READ), MapFlags(MAP_PRIVATE | MAP_FIXED | MAP_DENYWRITE), 3, 24576) = Ok(140737336246272)
2026-07-23T20:18:53.123438Z  INFO detcore: DETLOG [syscall][detcore, dtid 3] inbound syscall: mmap(0x7ffff6f09000, 4096, ProtFlags(PROT_READ | PROT_WRITE), MapFlags(MAP_PRIVATE | MAP_FIXED | MAP_DENYWRITE), 3, 122880) = ?
2026-07-23T20:18:53.123462Z  INFO detcore: DETLOG [syscall][detcore, dtid 3] finish syscall #249: mmap(0x7ffff6f09000, 4096, ProtFlags(PROT_READ | PROT_WRITE), MapFlags(MAP_PRIVATE | MAP_FIXED | MAP_DENYWRITE), 3, 122880) = Ok(140737336348672)
2026-07-23T20:18:53.123485Z  INFO detcore: DETLOG [syscall][detcore, dtid 3] inbound syscall: mmap(0x7ffff6f0a000, 8, ProtFlags(PROT_READ | PROT_WRITE), MapFlags(MAP_PRIVATE | MAP_FIXED | MAP_ANON), -1, 0) = ?
2026-07-23T20:18:53.123506Z  INFO detcore: DETLOG [syscall][detcore, dtid 3] finish syscall #250: mmap(0x7ffff6f0a000, 8, ProtFlags(PROT_READ | PROT_WRITE), MapFlags(MAP_PRIVATE | MAP_FIXED | MAP_ANON), -1, 0) = Ok(140737336352768)
2026-07-23T20:18:53.123537Z  INFO detcore: DETLOG [syscall][detcore, dtid 3] inbound syscall: close(3) = ?
2026-07-23T20:18:53.123556Z  INFO detcore: DETLOG [syscall][detcore, dtid 3] finish syscall #251: close(3) = Ok(0)
2026-07-23T20:18:53.123582Z  INFO detcore: DETLOG [syscall][detcore, dtid 3] inbound syscall: openat(-100, 0x7ffff76e1910 -> "/lib64/libunistring.so.2", OFlag(O_CLOEXEC)) = ?
2026-07-23T20:18:53.123589Z  INFO detcore::scheduler: [sched-step5] >>>>>>>

 COMMIT turn 30, dettid 3 using resources {Path("/lib64/libunistring.so.2"): R}, on previously committed 1_640_995_199.018_206_840s
2026-07-23T20:18:53.123624Z  INFO detcore::syscalls::files: Injecting additional fstat to retrieve file metadata on fd 3.
2026-07-23T20:18:53.123674Z  INFO detcore: DETLOG [syscall][detcore, dtid 3] finish syscall #252: openat(-100, 0x7ffff76e1910 -> "/lib64/libunistring.so.2", OFlag(O_CLOEXEC)) = Ok(3)
2026-07-23T20:18:53.123703Z  INFO detcore: DETLOG [syscall][detcore, dtid 3] inbound syscall: read(3, 0x7fffffffa738, 832) = ?
2026-07-23T20:18:53.123731Z  INFO detcore: DETLOG [syscall][detcore, dtid 3] finish syscall #253: read(3, 0x7fffffffa738, 832) = Ok(832)
2026-07-23T20:18:53.123751Z  INFO detcore: DETLOG [syscall][detcore, dtid 3] inbound syscall: fstat(3, 0x7fffffffa5d0) = ?
2026-07-23T20:18:53.123774Z  INFO detcore: DETLOG [syscall][detcore, dtid 3] finish syscall #254: fstat(3, 0x7fffffffa5d0) = Ok(0)
2026-07-23T20:18:53.123798Z  INFO detcore: DETLOG [syscall][detcore, dtid 3] inbound syscall: mmap(NULL, 1591504, ProtFlags(PROT_READ), MapFlags(MAP_PRIVATE | MAP_DENYWRITE), 3, 0) = ?
2026-07-23T20:18:53.123821Z  INFO detcore: DETLOG [syscall][detcore, dtid 3] finish syscall #255: mmap(NULL, 1591504, ProtFlags(PROT_READ), MapFlags(MAP_PRIVATE | MAP_DENYWRITE), 3, 0) = Ok(140737329676288)
2026-07-23T20:18:53.123844Z  INFO detcore: DETLOG [syscall][detcore, dtid 3] inbound syscall: mmap(0x7ffff68bd000, 229376, ProtFlags(PROT_READ | PROT_EXEC), MapFlags(MAP_PRIVATE | MAP_FIXED | MAP_DENYWRITE), 3, 69632) = ?
2026-07-23T20:18:53.123871Z  INFO detcore: DETLOG [syscall][detcore, dtid 3] finish syscall #256: mmap(0x7ffff68bd000, 229376, ProtFlags(PROT_READ | PROT_EXEC), MapFlags(MAP_PRIVATE | MAP_FIXED | MAP_DENYWRITE), 3, 69632) = Ok(140737329745920)
2026-07-23T20:18:53.123892Z  INFO detcore: DETLOG [syscall][detcore, dtid 3] inbound syscall: mmap(0x7ffff68f5000, 1273856, ProtFlags(PROT_READ), MapFlags(MAP_PRIVATE | MAP_FIXED | MAP_DENYWRITE), 3, 299008) = ?
2026-07-23T20:18:53.123925Z  INFO detcore: DETLOG [syscall][detcore, dtid 3] finish syscall #257: mmap(0x7ffff68f5000, 1273856, ProtFlags(PROT_READ), MapFlags(MAP_PRIVATE | MAP_FIXED | MAP_DENYWRITE), 3, 299008) = Ok(140737329975296)
2026-07-23T20:18:53.123945Z  INFO detcore: DETLOG [syscall][detcore, dtid 3] inbound syscall: mmap(0x7ffff6a2c000, 20480, ProtFlags(PROT_READ | PROT_WRITE), MapFlags(MAP_PRIVATE | MAP_FIXED | MAP_DENYWRITE), 3, 1568768) = ?
2026-07-23T20:18:53.123967Z  INFO detcore: DETLOG [syscall][detcore, dtid 3] finish syscall #258: mmap(0x7ffff6a2c000, 20480, ProtFlags(PROT_READ | PROT_WRITE), MapFlags(MAP_PRIVATE | MAP_FIXED | MAP_DENYWRITE), 3, 1568768) = Ok(140737331249152)
2026-07-23T20:18:53.123996Z  INFO detcore: DETLOG [syscall][detcore, dtid 3] inbound syscall: close(3) = ?
2026-07-23T20:18:53.124015Z  INFO detcore: DETLOG [syscall][detcore, dtid 3] finish syscall #259: close(3) = Ok(0)
2026-07-23T20:18:53.124039Z  INFO detcore: DETLOG [syscall][detcore, dtid 3] inbound syscall: openat(-100, 0x7ffff76e1e10 -> "/lib64/libtasn1.so.6", OFlag(O_CLOEXEC)) = ?
2026-07-23T20:18:53.124046Z  INFO detcore::scheduler: [sched-step5] >>>>>>>

 COMMIT turn 31, dettid 3 using resources {Path("/lib64/libtasn1.so.6"): R}, on previously committed 1_640_995_199.018_802_520s
2026-07-23T20:18:53.124082Z  INFO detcore::syscalls::files: Injecting additional fstat to retrieve file metadata on fd 3.
2026-07-23T20:18:53.124127Z  INFO detcore: DETLOG [syscall][detcore, dtid 3] finish syscall #260: openat(-100, 0x7ffff76e1e10 -> "/lib64/libtasn1.so.6", OFlag(O_CLOEXEC)) = Ok(3)
2026-07-23T20:18:53.124151Z  INFO detcore: DETLOG [syscall][detcore, dtid 3] inbound syscall: read(3, 0x7fffffffa718, 832) = ?
2026-07-23T20:18:53.124170Z  INFO detcore: DETLOG [syscall][detcore, dtid 3] finish syscall #261: read(3, 0x7fffffffa718, 832) = Ok(832)
2026-07-23T20:18:53.124190Z  INFO detcore: DETLOG [syscall][detcore, dtid 3] inbound syscall: fstat(3, 0x7fffffffa5b0) = ?
2026-07-23T20:18:53.124211Z  INFO detcore: DETLOG [syscall][detcore, dtid 3] finish syscall #262: fstat(3, 0x7fffffffa5b0) = Ok(0)
2026-07-23T20:18:53.124235Z  INFO detcore: DETLOG [syscall][detcore, dtid 3] inbound syscall: mmap(NULL, 8192, ProtFlags(PROT_READ | PROT_WRITE), MapFlags(MAP_PRIVATE | MAP_ANON), -1, 0) = ?
2026-07-23T20:18:53.124255Z  INFO detcore: DETLOG [syscall][detcore, dtid 3] finish syscall #263: mmap(NULL, 8192, ProtFlags(PROT_READ | PROT_WRITE), MapFlags(MAP_PRIVATE | MAP_ANON), -1, 0) = Ok(140737344561152)
2026-07-23T20:18:53.124277Z  INFO detcore: DETLOG [syscall][detcore, dtid 3] inbound syscall: mmap(NULL, 90600, ProtFlags(PROT_READ), MapFlags(MAP_PRIVATE | MAP_DENYWRITE), 3, 0) = ?
2026-07-23T20:18:53.124298Z  INFO detcore: DETLOG [syscall][detcore, dtid 3] finish syscall #264: mmap(NULL, 90600, ProtFlags(PROT_READ), MapFlags(MAP_PRIVATE | MAP_DENYWRITE), 3, 0) = Ok(140737336127488)
2026-07-23T20:18:53.124318Z  INFO detcore: DETLOG [syscall][detcore, dtid 3] inbound syscall: mmap(0x7ffff6ed6000, 57344, ProtFlags(PROT_READ | PROT_EXEC), MapFlags(MAP_PRIVATE | MAP_FIXED | MAP_DENYWRITE), 3, 12288) = ?
2026-07-23T20:18:53.124345Z  INFO detcore: DETLOG [syscall][detcore, dtid 3] finish syscall #265: mmap(0x7ffff6ed6000, 57344, ProtFlags(PROT_READ | PROT_EXEC), MapFlags(MAP_PRIVATE | MAP_FIXED | MAP_DENYWRITE), 3, 12288) = Ok(140737336139776)
2026-07-23T20:18:53.124366Z  INFO detcore: DETLOG [syscall][detcore, dtid 3] inbound syscall: mmap(0x7ffff6ee4000, 16384, ProtFlags(PROT_READ), MapFlags(MAP_PRIVATE | MAP_FIXED | MAP_DENYWRITE), 3, 69632) = ?
2026-07-23T20:18:53.124388Z  INFO detcore: DETLOG [syscall][detcore, dtid 3] finish syscall #266: mmap(0x7ffff6ee4000, 16384, ProtFlags(PROT_READ), MapFlags(MAP_PRIVATE | MAP_FIXED | MAP_DENYWRITE), 3, 69632) = Ok(140737336197120)
2026-07-23T20:18:53.124408Z  INFO detcore: DETLOG [syscall][detcore, dtid 3] inbound syscall: mmap(0x7ffff6ee8000, 4096, ProtFlags(PROT_READ | PROT_WRITE), MapFlags(MAP_PRIVATE | MAP_FIXED | MAP_DENYWRITE), 3, 86016) = ?
2026-07-23T20:18:53.124430Z  INFO detcore: DETLOG [syscall][detcore, dtid 3] finish syscall #267: mmap(0x7ffff6ee8000, 4096, ProtFlags(PROT_READ | PROT_WRITE), MapFlags(MAP_PRIVATE | MAP_FIXED | MAP_DENYWRITE), 3, 86016) = Ok(140737336213504)
2026-07-23T20:18:53.124453Z  INFO detcore: DETLOG [syscall][detcore, dtid 3] inbound syscall: mmap(0x7ffff6ee9000, 488, ProtFlags(PROT_READ | PROT_WRITE), MapFlags(MAP_PRIVATE | MAP_FIXED | MAP_ANON), -1, 0) = ?
2026-07-23T20:18:53.124473Z  INFO detcore: DETLOG [syscall][detcore, dtid 3] finish syscall #268: mmap(0x7ffff6ee9000, 488, ProtFlags(PROT_READ | PROT_WRITE), MapFlags(MAP_PRIVATE | MAP_FIXED | MAP_ANON), -1, 0) = Ok(140737336217600)
2026-07-23T20:18:53.124496Z  INFO detcore: DETLOG [syscall][detcore, dtid 3] inbound syscall: close(3) = ?
2026-07-23T20:18:53.124515Z  INFO detcore: DETLOG [syscall][detcore, dtid 3] finish syscall #269: close(3) = Ok(0)
2026-07-23T20:18:53.124539Z  INFO detcore: DETLOG [syscall][detcore, dtid 3] inbound syscall: openat(-100, 0x7ffff76de4e0 -> "/lib64/libhogweed.so.6", OFlag(O_CLOEXEC)) = ?
2026-07-23T20:18:53.124546Z  INFO detcore::scheduler: [sched-step5] >>>>>>>

 COMMIT turn 32, dettid 3 using resources {Path("/lib64/libhogweed.so.6"): R}, on previously committed 1_640_995_199.019_420_770s
2026-07-23T20:18:53.124582Z  INFO detcore::syscalls::files: Injecting additional fstat to retrieve file metadata on fd 3.
2026-07-23T20:18:53.124628Z  INFO detcore: DETLOG [syscall][detcore, dtid 3] finish syscall #270: openat(-100, 0x7ffff76de4e0 -> "/lib64/libhogweed.so.6", OFlag(O_CLOEXEC)) = Ok(3)
2026-07-23T20:18:53.124651Z  INFO detcore: DETLOG [syscall][detcore, dtid 3] inbound syscall: read(3, 0x7fffffffa6f8, 832) = ?
2026-07-23T20:18:53.124670Z  INFO detcore: DETLOG [syscall][detcore, dtid 3] finish syscall #271: read(3, 0x7fffffffa6f8, 832) = Ok(832)
2026-07-23T20:18:53.124698Z  INFO detcore: DETLOG [syscall][detcore, dtid 3] inbound syscall: fstat(3, 0x7fffffffa590) = ?
2026-07-23T20:18:53.124720Z  INFO detcore: DETLOG [syscall][detcore, dtid 3] finish syscall #272: fstat(3, 0x7fffffffa590) = Ok(0)
2026-07-23T20:18:53.124743Z  INFO detcore: DETLOG [syscall][detcore, dtid 3] inbound syscall: mmap(NULL, 618848, ProtFlags(PROT_READ), MapFlags(MAP_PRIVATE | MAP_DENYWRITE), 3, 0) = ?
2026-07-23T20:18:53.124767Z  INFO detcore: DETLOG [syscall][detcore, dtid 3] finish syscall #273: mmap(NULL, 618848, ProtFlags(PROT_READ), MapFlags(MAP_PRIVATE | MAP_DENYWRITE), 3, 0) = Ok(140737335504896)
2026-07-23T20:18:53.124788Z  INFO detcore: DETLOG [syscall][detcore, dtid 3] inbound syscall: mmap(0x7ffff6e43000, 409600, ProtFlags(PROT_READ | PROT_EXEC), MapFlags(MAP_PRIVATE | MAP_FIXED | MAP_DENYWRITE), 3, 32768) = ?
2026-07-23T20:18:53.124810Z  INFO detcore: DETLOG [syscall][detcore, dtid 3] finish syscall #274: mmap(0x7ffff6e43000, 409600, ProtFlags(PROT_READ | PROT_EXEC), MapFlags(MAP_PRIVATE | MAP_FIXED | MAP_DENYWRITE), 3, 32768) = Ok(140737335537664)
2026-07-23T20:18:53.124830Z  INFO detcore: DETLOG [syscall][detcore, dtid 3] inbound syscall: mmap(0x7ffff6ea7000, 167936, ProtFlags(PROT_READ), MapFlags(MAP_PRIVATE | MAP_FIXED | MAP_DENYWRITE), 3, 442368) = ?
2026-07-23T20:18:53.124853Z  INFO detcore: DETLOG [syscall][detcore, dtid 3] finish syscall #275: mmap(0x7ffff6ea7000, 167936, ProtFlags(PROT_READ), MapFlags(MAP_PRIVATE | MAP_FIXED | MAP_DENYWRITE), 3, 442368) = Ok(140737335947264)
2026-07-23T20:18:53.124876Z  INFO detcore: DETLOG [syscall][detcore, dtid 3] inbound syscall: mmap(0x7ffff6ed0000, 12288, ProtFlags(PROT_READ | PROT_WRITE), MapFlags(MAP_PRIVATE | MAP_FIXED | MAP_DENYWRITE), 3, 610304) = ?
2026-07-23T20:18:53.124898Z  INFO detcore: DETLOG [syscall][detcore, dtid 3] finish syscall #276: mmap(0x7ffff6ed0000, 12288, ProtFlags(PROT_READ | PROT_WRITE), MapFlags(MAP_PRIVATE | MAP_FIXED | MAP_DENYWRITE), 3, 610304) = Ok(140737336115200)
2026-07-23T20:18:53.124925Z  INFO detcore: DETLOG [syscall][detcore, dtid 3] inbound syscall: close(3) = ?
2026-07-23T20:18:53.124944Z  INFO detcore: DETLOG [syscall][detcore, dtid 3] finish syscall #277: close(3) = Ok(0)
2026-07-23T20:18:53.124968Z  INFO detcore: DETLOG [syscall][detcore, dtid 3] inbound syscall: openat(-100, 0x7ffff76de9e0 -> "/lib64/libnettle.so.8", OFlag(O_CLOEXEC)) = ?
2026-07-23T20:18:53.124975Z  INFO detcore::scheduler: [sched-step5] >>>>>>>

 COMMIT turn 33, dettid 3 using resources {Path("/lib64/libnettle.so.8"): R}, on previously committed 1_640_995_199.020_016_840s
2026-07-23T20:18:53.125009Z  INFO detcore::syscalls::files: Injecting additional fstat to retrieve file metadata on fd 3.
2026-07-23T20:18:53.125052Z  INFO detcore: DETLOG [syscall][detcore, dtid 3] finish syscall #278: openat(-100, 0x7ffff76de9e0 -> "/lib64/libnettle.so.8", OFlag(O_CLOEXEC)) = Ok(3)
2026-07-23T20:18:53.125072Z  INFO detcore: DETLOG [syscall][detcore, dtid 3] inbound syscall: read(3, 0x7fffffffa6d8, 832) = ?
2026-07-23T20:18:53.125092Z  INFO detcore: DETLOG [syscall][detcore, dtid 3] finish syscall #279: read(3, 0x7fffffffa6d8, 832) = Ok(832)
2026-07-23T20:18:53.125112Z  INFO detcore: DETLOG [syscall][detcore, dtid 3] inbound syscall: fstat(3, 0x7fffffffa570) = ?
2026-07-23T20:18:53.125133Z  INFO detcore: DETLOG [syscall][detcore, dtid 3] finish syscall #280: fstat(3, 0x7fffffffa570) = Ok(0)
2026-07-23T20:18:53.125155Z  INFO detcore: DETLOG [syscall][detcore, dtid 3] inbound syscall: mmap(NULL, 352376, ProtFlags(PROT_READ), MapFlags(MAP_PRIVATE | MAP_DENYWRITE), 3, 0) = ?
2026-07-23T20:18:53.125175Z  INFO detcore: DETLOG [syscall][detcore, dtid 3] finish syscall #281: mmap(NULL, 352376, ProtFlags(PROT_READ), MapFlags(MAP_PRIVATE | MAP_DENYWRITE), 3, 0) = Ok(140737329319936)
2026-07-23T20:18:53.125195Z  INFO detcore: DETLOG [syscall][detcore, dtid 3] inbound syscall: mmap(0x7ffff6863000, 188416, ProtFlags(PROT_READ | PROT_EXEC), MapFlags(MAP_PRIVATE | MAP_FIXED | MAP_DENYWRITE), 3, 57344) = ?
2026-07-23T20:18:53.125220Z  INFO detcore: DETLOG [syscall][detcore, dtid 3] finish syscall #282: mmap(0x7ffff6863000, 188416, ProtFlags(PROT_READ | PROT_EXEC), MapFlags(MAP_PRIVATE | MAP_FIXED | MAP_DENYWRITE), 3, 57344) = Ok(140737329377280)
2026-07-23T20:18:53.125240Z  INFO detcore: DETLOG [syscall][detcore, dtid 3] inbound syscall: mmap(0x7ffff6891000, 98304, ProtFlags(PROT_READ), MapFlags(MAP_PRIVATE | MAP_FIXED | MAP_DENYWRITE), 3, 245760) = ?
2026-07-23T20:18:53.125261Z  INFO detcore: DETLOG [syscall][detcore, dtid 3] finish syscall #283: mmap(0x7ffff6891000, 98304, ProtFlags(PROT_READ), MapFlags(MAP_PRIVATE | MAP_FIXED | MAP_DENYWRITE), 3, 245760) = Ok(140737329565696)
2026-07-23T20:18:53.125282Z  INFO detcore: DETLOG [syscall][detcore, dtid 3] inbound syscall: mmap(0x7ffff68a9000, 12288, ProtFlags(PROT_READ | PROT_WRITE), MapFlags(MAP_PRIVATE | MAP_FIXED | MAP_DENYWRITE), 3, 344064) = ?
2026-07-23T20:18:53.125302Z  INFO detcore: DETLOG [syscall][detcore, dtid 3] finish syscall #284: mmap(0x7ffff68a9000, 12288, ProtFlags(PROT_READ | PROT_WRITE), MapFlags(MAP_PRIVATE | MAP_FIXED | MAP_DENYWRITE), 3, 344064) = Ok(140737329664000)
2026-07-23T20:18:53.125329Z  INFO detcore: DETLOG [syscall][detcore, dtid 3] inbound syscall: close(3) = ?
2026-07-23T20:18:53.125349Z  INFO detcore: DETLOG [syscall][detcore, dtid 3] finish syscall #285: close(3) = Ok(0)
2026-07-23T20:18:53.125383Z  INFO detcore: DETLOG [syscall][detcore, dtid 3] inbound syscall: openat(-100, 0x7ffff76df050 -> "/lib64/libcrypt.so.2", OFlag(O_CLOEXEC)) = ?
2026-07-23T20:18:53.125390Z  INFO detcore::scheduler: [sched-step5] >>>>>>>

 COMMIT turn 34, dettid 3 using resources {Path("/lib64/libcrypt.so.2"): R}, on previously committed 1_640_995_199.020_656_690s
2026-07-23T20:18:53.125421Z  INFO detcore::syscalls::files: Injecting additional fstat to retrieve file metadata on fd 3.
2026-07-23T20:18:53.125464Z  INFO detcore: DETLOG [syscall][detcore, dtid 3] finish syscall #286: openat(-100, 0x7ffff76df050 -> "/lib64/libcrypt.so.2", OFlag(O_CLOEXEC)) = Ok(3)
2026-07-23T20:18:53.125485Z  INFO detcore: DETLOG [syscall][detcore, dtid 3] inbound syscall: read(3, 0x7fffffffa6b8, 832) = ?
2026-07-23T20:18:53.125504Z  INFO detcore: DETLOG [syscall][detcore, dtid 3] finish syscall #287: read(3, 0x7fffffffa6b8, 832) = Ok(832)
2026-07-23T20:18:53.125524Z  INFO detcore: DETLOG [syscall][detcore, dtid 3] inbound syscall: fstat(3, 0x7fffffffa550) = ?
2026-07-23T20:18:53.125544Z  INFO detcore: DETLOG [syscall][detcore, dtid 3] finish syscall #288: fstat(3, 0x7fffffffa550) = Ok(0)
2026-07-23T20:18:53.125566Z  INFO detcore: DETLOG [syscall][detcore, dtid 3] inbound syscall: mmap(NULL, 233728, ProtFlags(PROT_READ), MapFlags(MAP_PRIVATE | MAP_DENYWRITE), 3, 0) = ?
2026-07-23T20:18:53.125589Z  INFO detcore: DETLOG [syscall][detcore, dtid 3] finish syscall #289: mmap(NULL, 233728, ProtFlags(PROT_READ), MapFlags(MAP_PRIVATE | MAP_DENYWRITE), 3, 0) = Ok(140737329082368)
2026-07-23T20:18:53.125610Z  INFO detcore: DETLOG [syscall][detcore, dtid 3] inbound syscall: mprotect(0x7ffff681d000, 188416, ProtFlags(0x0)) = ?
2026-07-23T20:18:53.125636Z  INFO detcore: DETLOG [syscall][detcore, dtid 3] finish syscall #290: mprotect(0x7ffff681d000, 188416, ProtFlags(0x0)) = Ok(0)
2026-07-23T20:18:53.125656Z  INFO detcore: DETLOG [syscall][detcore, dtid 3] inbound syscall: mmap(0x7ffff681d000, 81920, ProtFlags(PROT_READ | PROT_EXEC), MapFlags(MAP_PRIVATE | MAP_FIXED | MAP_DENYWRITE), 3, 8192) = ?
2026-07-23T20:18:53.125677Z  INFO detcore: DETLOG [syscall][detcore, dtid 3] finish syscall #291: mmap(0x7ffff681d000, 81920, ProtFlags(PROT_READ | PROT_EXEC), MapFlags(MAP_PRIVATE | MAP_FIXED | MAP_DENYWRITE), 3, 8192) = Ok(140737329090560)
2026-07-23T20:18:53.125705Z  INFO detcore: DETLOG [syscall][detcore, dtid 3] inbound syscall: mmap(0x7ffff6831000, 102400, ProtFlags(PROT_READ), MapFlags(MAP_PRIVATE | MAP_FIXED | MAP_DENYWRITE), 3, 90112) = ?
2026-07-23T20:18:53.125728Z  INFO detcore: DETLOG [syscall][detcore, dtid 3] finish syscall #292: mmap(0x7ffff6831000, 102400, ProtFlags(PROT_READ), MapFlags(MAP_PRIVATE | MAP_FIXED | MAP_DENYWRITE), 3, 90112) = Ok(140737329172480)
2026-07-23T20:18:53.125750Z  INFO detcore: DETLOG [syscall][detcore, dtid 3] inbound syscall: mmap(0x7ffff684b000, 4096, ProtFlags(PROT_READ | PROT_WRITE), MapFlags(MAP_PRIVATE | MAP_FIXED | MAP_DENYWRITE), 3, 192512) = ?
2026-07-23T20:18:53.125775Z  INFO detcore: DETLOG [syscall][detcore, dtid 3] finish syscall #293: mmap(0x7ffff684b000, 4096, ProtFlags(PROT_READ | PROT_WRITE), MapFlags(MAP_PRIVATE | MAP_FIXED | MAP_DENYWRITE), 3, 192512) = Ok(140737329278976)
2026-07-23T20:18:53.125799Z  INFO detcore: DETLOG [syscall][detcore, dtid 3] inbound syscall: mmap(0x7ffff684c000, 33024, ProtFlags(PROT_READ | PROT_WRITE), MapFlags(MAP_PRIVATE | MAP_FIXED | MAP_ANON), -1, 0) = ?
2026-07-23T20:18:53.125824Z  INFO detcore: DETLOG [syscall][detcore, dtid 3] finish syscall #294: mmap(0x7ffff684c000, 33024, ProtFlags(PROT_READ | PROT_WRITE), MapFlags(MAP_PRIVATE | MAP_FIXED | MAP_ANON), -1, 0) = Ok(140737329283072)
2026-07-23T20:18:53.125852Z  INFO detcore: DETLOG [syscall][detcore, dtid 3] inbound syscall: close(3) = ?
2026-07-23T20:18:53.125872Z  INFO detcore: DETLOG [syscall][detcore, dtid 3] finish syscall #295: close(3) = Ok(0)
2026-07-23T20:18:53.125897Z  INFO detcore: DETLOG [syscall][detcore, dtid 3] inbound syscall: openat(-100, 0x7ffff76df550 -> "/lib64/libgssapi_krb5.so.2", OFlag(O_CLOEXEC)) = ?
2026-07-23T20:18:53.125905Z  INFO detcore::scheduler: [sched-step5] >>>>>>>

 COMMIT turn 35, dettid 3 using resources {Path("/lib64/libgssapi_krb5.so.2"): R}, on previously committed 1_640_995_199.021_276_680s
2026-07-23T20:18:53.125944Z  INFO detcore::syscalls::files: Injecting additional fstat to retrieve file metadata on fd 3.
2026-07-23T20:18:53.125989Z  INFO detcore: DETLOG [syscall][detcore, dtid 3] finish syscall #296: openat(-100, 0x7ffff76df550 -> "/lib64/libgssapi_krb5.so.2", OFlag(O_CLOEXEC)) = Ok(3)
2026-07-23T20:18:53.126011Z  INFO detcore: DETLOG [syscall][detcore, dtid 3] inbound syscall: read(3, 0x7fffffffa698, 832) = ?
2026-07-23T20:18:53.126035Z  INFO detcore: DETLOG [syscall][detcore, dtid 3] finish syscall #297: read(3, 0x7fffffffa698, 832) = Ok(832)
2026-07-23T20:18:53.126054Z  INFO detcore: DETLOG [syscall][detcore, dtid 3] inbound syscall: fstat(3, 0x7fffffffa530) = ?
2026-07-23T20:18:53.126078Z  INFO detcore: DETLOG [syscall][detcore, dtid 3] finish syscall #298: fstat(3, 0x7fffffffa530) = Ok(0)
2026-07-23T20:18:53.126106Z  INFO detcore: DETLOG [syscall][detcore, dtid 3] inbound syscall: mmap(NULL, 350944, ProtFlags(PROT_READ), MapFlags(MAP_PRIVATE | MAP_DENYWRITE), 3, 0) = ?
2026-07-23T20:18:53.126127Z  INFO detcore: DETLOG [syscall][detcore, dtid 3] finish syscall #299: mmap(NULL, 350944, ProtFlags(PROT_READ), MapFlags(MAP_PRIVATE | MAP_DENYWRITE), 3, 0) = Ok(140737328730112)
2026-07-23T20:18:53.126152Z  INFO detcore: DETLOG [syscall][detcore, dtid 3] inbound syscall: mmap(0x7ffff67d1000, 241664, ProtFlags(PROT_READ | PROT_EXEC), MapFlags(MAP_PRIVATE | MAP_FIXED | MAP_DENYWRITE), 3, 49152) = ?
2026-07-23T20:18:53.126176Z  INFO detcore: DETLOG [syscall][detcore, dtid 3] finish syscall #300: mmap(0x7ffff67d1000, 241664, ProtFlags(PROT_READ | PROT_EXEC), MapFlags(MAP_PRIVATE | MAP_FIXED | MAP_DENYWRITE), 3, 49152) = Ok(140737328779264)
2026-07-23T20:18:53.126196Z  INFO detcore: DETLOG [syscall][detcore, dtid 3] inbound syscall: mmap(0x7ffff680c000, 49152, ProtFlags(PROT_READ), MapFlags(MAP_PRIVATE | MAP_FIXED | MAP_DENYWRITE), 3, 290816) = ?
2026-07-23T20:18:53.126222Z  INFO detcore: DETLOG [syscall][detcore, dtid 3] finish syscall #301: mmap(0x7ffff680c000, 49152, ProtFlags(PROT_READ), MapFlags(MAP_PRIVATE | MAP_FIXED | MAP_DENYWRITE), 3, 290816) = Ok(140737329020928)
2026-07-23T20:18:53.126243Z  INFO detcore: DETLOG [syscall][detcore, dtid 3] inbound syscall: mmap(0x7ffff6818000, 12288, ProtFlags(PROT_READ | PROT_WRITE), MapFlags(MAP_PRIVATE | MAP_FIXED | MAP_DENYWRITE), 3, 339968) = ?
2026-07-23T20:18:53.126265Z  INFO detcore: DETLOG [syscall][detcore, dtid 3] finish syscall #302: mmap(0x7ffff6818000, 12288, ProtFlags(PROT_READ | PROT_WRITE), MapFlags(MAP_PRIVATE | MAP_FIXED | MAP_DENYWRITE), 3, 339968) = Ok(140737329070080)
2026-07-23T20:18:53.126296Z  INFO detcore: DETLOG [syscall][detcore, dtid 3] inbound syscall: close(3) = ?
2026-07-23T20:18:53.126317Z  INFO detcore: DETLOG [syscall][detcore, dtid 3] finish syscall #303: close(3) = Ok(0)
2026-07-23T20:18:53.126342Z  INFO detcore: DETLOG [syscall][detcore, dtid 3] inbound syscall: openat(-100, 0x7ffff76dfa50 -> "/lib64/libkrb5.so.3", OFlag(O_CLOEXEC)) = ?
2026-07-23T20:18:53.126348Z  INFO detcore::scheduler: [sched-step5] >>>>>>>

 COMMIT turn 36, dettid 3 using resources {Path("/lib64/libkrb5.so.3"): R}, on previously committed 1_640_995_199.021_874_070s
2026-07-23T20:18:53.126386Z  INFO detcore::syscalls::files: Injecting additional fstat to retrieve file metadata on fd 3.
2026-07-23T20:18:53.126431Z  INFO detcore: DETLOG [syscall][detcore, dtid 3] finish syscall #304: openat(-100, 0x7ffff76dfa50 -> "/lib64/libkrb5.so.3", OFlag(O_CLOEXEC)) = Ok(3)
2026-07-23T20:18:53.126452Z  INFO detcore: DETLOG [syscall][detcore, dtid 3] inbound syscall: read(3, 0x7fffffffa678, 832) = ?
2026-07-23T20:18:53.126473Z  INFO detcore: DETLOG [syscall][detcore, dtid 3] finish syscall #305: read(3, 0x7fffffffa678, 832) = Ok(832)
2026-07-23T20:18:53.126500Z  INFO detcore: DETLOG [syscall][detcore, dtid 3] inbound syscall: fstat(3, 0x7fffffffa510) = ?
2026-07-23T20:18:53.126521Z  INFO detcore: DETLOG [syscall][detcore, dtid 3] finish syscall #306: fstat(3, 0x7fffffffa510) = Ok(0)
2026-07-23T20:18:53.126542Z  INFO detcore: DETLOG [syscall][detcore, dtid 3] inbound syscall: mmap(NULL, 893712, ProtFlags(PROT_READ), MapFlags(MAP_PRIVATE | MAP_DENYWRITE), 3, 0) = ?
2026-07-23T20:18:53.126567Z  INFO detcore: DETLOG [syscall][detcore, dtid 3] finish syscall #307: mmap(NULL, 893712, ProtFlags(PROT_READ), MapFlags(MAP_PRIVATE | MAP_DENYWRITE), 3, 0) = Ok(140737327833088)
2026-07-23T20:18:53.126587Z  INFO detcore: DETLOG [syscall][detcore, dtid 3] inbound syscall: mmap(0x7ffff670c000, 434176, ProtFlags(PROT_READ | PROT_EXEC), MapFlags(MAP_PRIVATE | MAP_FIXED | MAP_DENYWRITE), 3, 139264) = ?
2026-07-23T20:18:53.126614Z  INFO detcore: DETLOG [syscall][detcore, dtid 3] finish syscall #308: mmap(0x7ffff670c000, 434176, ProtFlags(PROT_READ | PROT_EXEC), MapFlags(MAP_PRIVATE | MAP_FIXED | MAP_DENYWRITE), 3, 139264) = Ok(140737327972352)
2026-07-23T20:18:53.126636Z  INFO detcore: DETLOG [syscall][detcore, dtid 3] inbound syscall: mmap(0x7ffff6776000, 258048, ProtFlags(PROT_READ), MapFlags(MAP_PRIVATE | MAP_FIXED | MAP_DENYWRITE), 3, 573440) = ?
2026-07-23T20:18:53.126657Z  INFO detcore: DETLOG [syscall][detcore, dtid 3] finish syscall #309: mmap(0x7ffff6776000, 258048, ProtFlags(PROT_READ), MapFlags(MAP_PRIVATE | MAP_FIXED | MAP_DENYWRITE), 3, 573440) = Ok(140737328406528)
2026-07-23T20:18:53.126692Z  INFO detcore: DETLOG [syscall][detcore, dtid 3] inbound syscall: mmap(0x7ffff67b5000, 61440, ProtFlags(PROT_READ | PROT_WRITE), MapFlags(MAP_PRIVATE | MAP_FIXED | MAP_DENYWRITE), 3, 827392) = ?
2026-07-23T20:18:53.126715Z  INFO detcore: DETLOG [syscall][detcore, dtid 3] finish syscall #310: mmap(0x7ffff67b5000, 61440, ProtFlags(PROT_READ | PROT_WRITE), MapFlags(MAP_PRIVATE | MAP_FIXED | MAP_DENYWRITE), 3, 827392) = Ok(140737328664576)
2026-07-23T20:18:53.126741Z  INFO detcore: DETLOG [syscall][detcore, dtid 3] inbound syscall: mmap(0x7ffff67c4000, 784, ProtFlags(PROT_READ | PROT_WRITE), MapFlags(MAP_PRIVATE | MAP_FIXED | MAP_ANON), -1, 0) = ?
2026-07-23T20:18:53.126764Z  INFO detcore: DETLOG [syscall][detcore, dtid 3] finish syscall #311: mmap(0x7ffff67c4000, 784, ProtFlags(PROT_READ | PROT_WRITE), MapFlags(MAP_PRIVATE | MAP_FIXED | MAP_ANON), -1, 0) = Ok(140737328726016)
2026-07-23T20:18:53.126791Z  INFO detcore: DETLOG [syscall][detcore, dtid 3] inbound syscall: close(3) = ?
2026-07-23T20:18:53.126810Z  INFO detcore: DETLOG [syscall][detcore, dtid 3] finish syscall #312: close(3) = Ok(0)
2026-07-23T20:18:53.126836Z  INFO detcore: DETLOG [syscall][detcore, dtid 3] inbound syscall: openat(-100, 0x7ffff76dff50 -> "/lib64/libk5crypto.so.3", OFlag(O_CLOEXEC)) = ?
2026-07-23T20:18:53.126843Z  INFO detcore::scheduler: [sched-step5] >>>>>>>

 COMMIT turn 37, dettid 3 using resources {Path("/lib64/libk5crypto.so.3"): R}, on previously committed 1_640_995_199.022_481_580s
2026-07-23T20:18:53.126878Z  INFO detcore::syscalls::files: Injecting additional fstat to retrieve file metadata on fd 3.
2026-07-23T20:18:53.126925Z  INFO detcore: DETLOG [syscall][detcore, dtid 3] finish syscall #313: openat(-100, 0x7ffff76dff50 -> "/lib64/libk5crypto.so.3", OFlag(O_CLOEXEC)) = Ok(3)
2026-07-23T20:18:53.126947Z  INFO detcore: DETLOG [syscall][detcore, dtid 3] inbound syscall: read(3, 0x7fffffffa658, 832) = ?
2026-07-23T20:18:53.126968Z  INFO detcore: DETLOG [syscall][detcore, dtid 3] finish syscall #314: read(3, 0x7fffffffa658, 832) = Ok(832)
2026-07-23T20:18:53.126988Z  INFO detcore: DETLOG [syscall][detcore, dtid 3] inbound syscall: fstat(3, 0x7fffffffa4f0) = ?
2026-07-23T20:18:53.127009Z  INFO detcore: DETLOG [syscall][detcore, dtid 3] finish syscall #315: fstat(3, 0x7fffffffa4f0) = Ok(0)
2026-07-23T20:18:53.127041Z  INFO detcore: DETLOG [syscall][detcore, dtid 3] inbound syscall: mmap(NULL, 8192, ProtFlags(PROT_READ | PROT_WRITE), MapFlags(MAP_PRIVATE | MAP_ANON), -1, 0) = ?
2026-07-23T20:18:53.127071Z  INFO detcore: DETLOG [syscall][detcore, dtid 3] finish syscall #316: mmap(NULL, 8192, ProtFlags(PROT_READ | PROT_WRITE), MapFlags(MAP_PRIVATE | MAP_ANON), -1, 0) = Ok(140737344552960)
2026-07-23T20:18:53.127094Z  INFO detcore: DETLOG [syscall][detcore, dtid 3] inbound syscall: mmap(NULL, 98352, ProtFlags(PROT_READ), MapFlags(MAP_PRIVATE | MAP_DENYWRITE), 3, 0) = ?
2026-07-23T20:18:53.127122Z  INFO detcore: DETLOG [syscall][detcore, dtid 3] finish syscall #317: mmap(NULL, 98352, ProtFlags(PROT_READ), MapFlags(MAP_PRIVATE | MAP_DENYWRITE), 3, 0) = Ok(140737335402496)
2026-07-23T20:18:53.127145Z  INFO detcore: DETLOG [syscall][detcore, dtid 3] inbound syscall: mmap(0x7ffff6e27000, 53248, ProtFlags(PROT_READ | PROT_EXEC), MapFlags(MAP_PRIVATE | MAP_FIXED | MAP_DENYWRITE), 3, 20480) = ?
2026-07-23T20:18:53.127168Z  INFO detcore: DETLOG [syscall][detcore, dtid 3] finish syscall #318: mmap(0x7ffff6e27000, 53248, ProtFlags(PROT_READ | PROT_EXEC), MapFlags(MAP_PRIVATE | MAP_FIXED | MAP_DENYWRITE), 3, 20480) = Ok(140737335422976)
2026-07-23T20:18:53.127188Z  INFO detcore: DETLOG [syscall][detcore, dtid 3] inbound syscall: mmap(0x7ffff6e34000, 16384, ProtFlags(PROT_READ), MapFlags(MAP_PRIVATE | MAP_FIXED | MAP_DENYWRITE), 3, 73728) = ?
2026-07-23T20:18:53.127210Z  INFO detcore: DETLOG [syscall][detcore, dtid 3] finish syscall #319: mmap(0x7ffff6e34000, 16384, ProtFlags(PROT_READ), MapFlags(MAP_PRIVATE | MAP_FIXED | MAP_DENYWRITE), 3, 73728) = Ok(140737335476224)
2026-07-23T20:18:53.127231Z  INFO detcore: DETLOG [syscall][detcore, dtid 3] inbound syscall: mmap(0x7ffff6e38000, 8192, ProtFlags(PROT_READ | PROT_WRITE), MapFlags(MAP_PRIVATE | MAP_FIXED | MAP_DENYWRITE), 3, 86016) = ?
2026-07-23T20:18:53.127253Z  INFO detcore: DETLOG [syscall][detcore, dtid 3] finish syscall #320: mmap(0x7ffff6e38000, 8192, ProtFlags(PROT_READ | PROT_WRITE), MapFlags(MAP_PRIVATE | MAP_FIXED | MAP_DENYWRITE), 3, 86016) = Ok(140737335492608)
2026-07-23T20:18:53.127276Z  INFO detcore: DETLOG [syscall][detcore, dtid 3] inbound syscall: mmap(0x7ffff6e3a000, 48, ProtFlags(PROT_READ | PROT_WRITE), MapFlags(MAP_PRIVATE | MAP_FIXED | MAP_ANON), -1, 0) = ?
2026-07-23T20:18:53.127298Z  INFO detcore: DETLOG [syscall][detcore, dtid 3] finish syscall #321: mmap(0x7ffff6e3a000, 48, ProtFlags(PROT_READ | PROT_WRITE), MapFlags(MAP_PRIVATE | MAP_FIXED | MAP_ANON), -1, 0) = Ok(140737335500800)
2026-07-23T20:18:53.127322Z  INFO detcore: DETLOG [syscall][detcore, dtid 3] inbound syscall: close(3) = ?
2026-07-23T20:18:53.127340Z  INFO detcore: DETLOG [syscall][detcore, dtid 3] finish syscall #322: close(3) = Ok(0)
2026-07-23T20:18:53.127363Z  INFO detcore: DETLOG [syscall][detcore, dtid 3] inbound syscall: openat(-100, 0x7ffff76dc4e0 -> "/lib64/libcom_err.so.2", OFlag(O_CLOEXEC)) = ?
2026-07-23T20:18:53.127370Z  INFO detcore::scheduler: [sched-step5] >>>>>>>

 COMMIT turn 38, dettid 3 using resources {Path("/lib64/libcom_err.so.2"): R}, on previously committed 1_640_995_199.023_099_410s
2026-07-23T20:18:53.127403Z  INFO detcore::syscalls::files: Injecting additional fstat to retrieve file metadata on fd 3.
2026-07-23T20:18:53.127445Z  INFO detcore: DETLOG [syscall][detcore, dtid 3] finish syscall #323: openat(-100, 0x7ffff76dc4e0 -> "/lib64/libcom_err.so.2", OFlag(O_CLOEXEC)) = Ok(3)
2026-07-23T20:18:53.127469Z  INFO detcore: DETLOG [syscall][detcore, dtid 3] inbound syscall: read(3, 0x7fffffffa638, 832) = ?
2026-07-23T20:18:53.127488Z  INFO detcore: DETLOG [syscall][detcore, dtid 3] finish syscall #324: read(3, 0x7fffffffa638, 832) = Ok(832)
2026-07-23T20:18:53.127508Z  INFO detcore: DETLOG [syscall][detcore, dtid 3] inbound syscall: fstat(3, 0x7fffffffa4d0) = ?
2026-07-23T20:18:53.127529Z  INFO detcore: DETLOG [syscall][detcore, dtid 3] finish syscall #325: fstat(3, 0x7fffffffa4d0) = Ok(0)
2026-07-23T20:18:53.127552Z  INFO detcore: DETLOG [syscall][detcore, dtid 3] inbound syscall: mmap(NULL, 24640, ProtFlags(PROT_READ), MapFlags(MAP_PRIVATE | MAP_DENYWRITE), 3, 0) = ?
2026-07-23T20:18:53.127574Z  INFO detcore: DETLOG [syscall][detcore, dtid 3] finish syscall #326: mmap(NULL, 24640, ProtFlags(PROT_READ), MapFlags(MAP_PRIVATE | MAP_DENYWRITE), 3, 0) = Ok(140737335373824)
2026-07-23T20:18:53.127597Z  INFO detcore: DETLOG [syscall][detcore, dtid 3] inbound syscall: mmap(0x7ffff6e1d000, 8192, ProtFlags(PROT_READ | PROT_EXEC), MapFlags(MAP_PRIVATE | MAP_FIXED | MAP_DENYWRITE), 3, 8192) = ?
2026-07-23T20:18:53.127621Z  INFO detcore: DETLOG [syscall][detcore, dtid 3] finish syscall #327: mmap(0x7ffff6e1d000, 8192, ProtFlags(PROT_READ | PROT_EXEC), MapFlags(MAP_PRIVATE | MAP_FIXED | MAP_DENYWRITE), 3, 8192) = Ok(140737335382016)
2026-07-23T20:18:53.127643Z  INFO detcore: DETLOG [syscall][detcore, dtid 3] inbound syscall: mmap(0x7ffff6e1f000, 4096, ProtFlags(PROT_READ), MapFlags(MAP_PRIVATE | MAP_FIXED | MAP_DENYWRITE), 3, 16384) = ?
2026-07-23T20:18:53.127667Z  INFO detcore: DETLOG [syscall][detcore, dtid 3] finish syscall #328: mmap(0x7ffff6e1f000, 4096, ProtFlags(PROT_READ), MapFlags(MAP_PRIVATE | MAP_FIXED | MAP_DENYWRITE), 3, 16384) = Ok(140737335390208)
2026-07-23T20:18:53.127695Z  INFO detcore: DETLOG [syscall][detcore, dtid 3] inbound syscall: mmap(0x7ffff6e20000, 8192, ProtFlags(PROT_READ | PROT_WRITE), MapFlags(MAP_PRIVATE | MAP_FIXED | MAP_DENYWRITE), 3, 16384) = ?
2026-07-23T20:18:53.127719Z  INFO detcore: DETLOG [syscall][detcore, dtid 3] finish syscall #329: mmap(0x7ffff6e20000, 8192, ProtFlags(PROT_READ | PROT_WRITE), MapFlags(MAP_PRIVATE | MAP_FIXED | MAP_DENYWRITE), 3, 16384) = Ok(140737335394304)
2026-07-23T20:18:53.127746Z  INFO detcore: DETLOG [syscall][detcore, dtid 3] inbound syscall: close(3) = ?
2026-07-23T20:18:53.127772Z  INFO detcore: DETLOG [syscall][detcore, dtid 3] finish syscall #330: close(3) = Ok(0)
2026-07-23T20:18:53.127799Z  INFO detcore: DETLOG [syscall][detcore, dtid 3] inbound syscall: openat(-100, 0x7ffff76dca70 -> "/lib64/libstdc++.so.6", OFlag(O_CLOEXEC)) = ?
2026-07-23T20:18:53.127805Z  INFO detcore::scheduler: [sched-step5] >>>>>>>

 COMMIT turn 39, dettid 3 using resources {Path("/lib64/libstdc++.so.6"): R}, on previously committed 1_640_995_199.023_711_460s
2026-07-23T20:18:53.127839Z  INFO detcore::syscalls::files: Injecting additional fstat to retrieve file metadata on fd 3.
2026-07-23T20:18:53.127881Z  INFO detcore: DETLOG [syscall][detcore, dtid 3] finish syscall #331: openat(-100, 0x7ffff76dca70 -> "/lib64/libstdc++.so.6", OFlag(O_CLOEXEC)) = Ok(3)
2026-07-23T20:18:53.127902Z  INFO detcore: DETLOG [syscall][detcore, dtid 3] inbound syscall: read(3, 0x7fffffffa618, 832) = ?
2026-07-23T20:18:53.127923Z  INFO detcore: DETLOG [syscall][detcore, dtid 3] finish syscall #332: read(3, 0x7fffffffa618, 832) = Ok(832)
2026-07-23T20:18:53.127944Z  INFO detcore: DETLOG [syscall][detcore, dtid 3] inbound syscall: fstat(3, 0x7fffffffa4b0) = ?
2026-07-23T20:18:53.127965Z  INFO detcore: DETLOG [syscall][detcore, dtid 3] finish syscall #333: fstat(3, 0x7fffffffa4b0) = Ok(0)
2026-07-23T20:18:53.127987Z  INFO detcore: DETLOG [syscall][detcore, dtid 3] inbound syscall: mmap(NULL, 2263040, ProtFlags(PROT_READ), MapFlags(MAP_PRIVATE | MAP_DENYWRITE), 3, 0) = ?
2026-07-23T20:18:53.128009Z  INFO detcore: DETLOG [syscall][detcore, dtid 3] finish syscall #334: mmap(NULL, 2263040, ProtFlags(PROT_READ), MapFlags(MAP_PRIVATE | MAP_DENYWRITE), 3, 0) = Ok(140737324777472)
2026-07-23T20:18:53.128029Z  INFO detcore: DETLOG [syscall][detcore, dtid 3] inbound syscall: mmap(0x7ffff6499000, 1097728, ProtFlags(PROT_READ | PROT_EXEC), MapFlags(MAP_PRIVATE | MAP_FIXED | MAP_DENYWRITE), 3, 626688) = ?
2026-07-23T20:18:53.128055Z  INFO detcore: DETLOG [syscall][detcore, dtid 3] finish syscall #335: mmap(0x7ffff6499000, 1097728, ProtFlags(PROT_READ | PROT_EXEC), MapFlags(MAP_PRIVATE | MAP_FIXED | MAP_DENYWRITE), 3, 626688) = Ok(140737325404160)
2026-07-23T20:18:53.128079Z  INFO detcore: DETLOG [syscall][detcore, dtid 3] inbound syscall: mmap(0x7ffff65a5000, 471040, ProtFlags(PROT_READ), MapFlags(MAP_PRIVATE | MAP_FIXED | MAP_DENYWRITE), 3, 1724416) = ?
2026-07-23T20:18:53.128103Z  INFO detcore: DETLOG [syscall][detcore, dtid 3] finish syscall #336: mmap(0x7ffff65a5000, 471040, ProtFlags(PROT_READ), MapFlags(MAP_PRIVATE | MAP_FIXED | MAP_DENYWRITE), 3, 1724416) = Ok(140737326501888)
2026-07-23T20:18:53.128130Z  INFO detcore: DETLOG [syscall][detcore, dtid 3] inbound syscall: mmap(0x7ffff6618000, 57344, ProtFlags(PROT_READ | PROT_WRITE), MapFlags(MAP_PRIVATE | MAP_FIXED | MAP_DENYWRITE), 3, 2191360) = ?
2026-07-23T20:18:53.128154Z  INFO detcore: DETLOG [syscall][detcore, dtid 3] finish syscall #337: mmap(0x7ffff6618000, 57344, ProtFlags(PROT_READ | PROT_WRITE), MapFlags(MAP_PRIVATE | MAP_FIXED | MAP_DENYWRITE), 3, 2191360) = Ok(140737326972928)
2026-07-23T20:18:53.128181Z  INFO detcore: DETLOG [syscall][detcore, dtid 3] inbound syscall: mmap(0x7ffff6626000, 10240, ProtFlags(PROT_READ | PROT_WRITE), MapFlags(MAP_PRIVATE | MAP_FIXED | MAP_ANON), -1, 0) = ?
2026-07-23T20:18:53.128203Z  INFO detcore: DETLOG [syscall][detcore, dtid 3] finish syscall #338: mmap(0x7ffff6626000, 10240, ProtFlags(PROT_READ | PROT_WRITE), MapFlags(MAP_PRIVATE | MAP_FIXED | MAP_ANON), -1, 0) = Ok(140737327030272)
2026-07-23T20:18:53.128230Z  INFO detcore: DETLOG [syscall][detcore, dtid 3] inbound syscall: close(3) = ?
2026-07-23T20:18:53.128248Z  INFO detcore: DETLOG [syscall][detcore, dtid 3] finish syscall #339: close(3) = Ok(0)
2026-07-23T20:18:53.128281Z  INFO detcore: DETLOG [syscall][detcore, dtid 3] inbound syscall: openat(-100, 0x7ffff76dcff0 -> "/lib64/libndctl.so.6", OFlag(O_CLOEXEC)) = ?
2026-07-23T20:18:53.128287Z  INFO detcore::scheduler: [sched-step5] >>>>>>>

 COMMIT turn 40, dettid 3 using resources {Path("/lib64/libndctl.so.6"): R}, on previously committed 1_640_995_199.024_347_520s
2026-07-23T20:18:53.128320Z  INFO detcore::syscalls::files: Injecting additional fstat to retrieve file metadata on fd 3.
2026-07-23T20:18:53.128365Z  INFO detcore: DETLOG [syscall][detcore, dtid 3] finish syscall #340: openat(-100, 0x7ffff76dcff0 -> "/lib64/libndctl.so.6", OFlag(O_CLOEXEC)) = Ok(3)
2026-07-23T20:18:53.128386Z  INFO detcore: DETLOG [syscall][detcore, dtid 3] inbound syscall: read(3, 0x7fffffffa5f8, 832) = ?
2026-07-23T20:18:53.128405Z  INFO detcore: DETLOG [syscall][detcore, dtid 3] finish syscall #341: read(3, 0x7fffffffa5f8, 832) = Ok(832)
2026-07-23T20:18:53.128425Z  INFO detcore: DETLOG [syscall][detcore, dtid 3] inbound syscall: fstat(3, 0x7fffffffa490) = ?
2026-07-23T20:18:53.128446Z  INFO detcore: DETLOG [syscall][detcore, dtid 3] finish syscall #342: fstat(3, 0x7fffffffa490) = Ok(0)
2026-07-23T20:18:53.128466Z  INFO detcore: DETLOG [syscall][detcore, dtid 3] inbound syscall: mmap(NULL, 170048, ProtFlags(PROT_READ), MapFlags(MAP_PRIVATE | MAP_DENYWRITE), 3, 0) = ?
2026-07-23T20:18:53.128487Z  INFO detcore: DETLOG [syscall][detcore, dtid 3] finish syscall #343: mmap(NULL, 170048, ProtFlags(PROT_READ), MapFlags(MAP_PRIVATE | MAP_DENYWRITE), 3, 0) = Ok(140737327661056)
2026-07-23T20:18:53.128510Z  INFO detcore: DETLOG [syscall][detcore, dtid 3] inbound syscall: mmap(0x7ffff66ca000, 86016, ProtFlags(PROT_READ | PROT_EXEC), MapFlags(MAP_PRIVATE | MAP_FIXED | MAP_DENYWRITE), 3, 40960) = ?
2026-07-23T20:18:53.128536Z  INFO detcore: DETLOG [syscall][detcore, dtid 3] finish syscall #344: mmap(0x7ffff66ca000, 86016, ProtFlags(PROT_READ | PROT_EXEC), MapFlags(MAP_PRIVATE | MAP_FIXED | MAP_DENYWRITE), 3, 40960) = Ok(140737327702016)
2026-07-23T20:18:53.128560Z  INFO detcore: DETLOG [syscall][detcore, dtid 3] inbound syscall: mmap(0x7ffff66df000, 36864, ProtFlags(PROT_READ), MapFlags(MAP_PRIVATE | MAP_FIXED | MAP_DENYWRITE), 3, 126976) = ?
2026-07-23T20:18:53.128588Z  INFO detcore: DETLOG [syscall][detcore, dtid 3] finish syscall #345: mmap(0x7ffff66df000, 36864, ProtFlags(PROT_READ), MapFlags(MAP_PRIVATE | MAP_FIXED | MAP_DENYWRITE), 3, 126976) = Ok(140737327788032)
2026-07-23T20:18:53.128609Z  INFO detcore: DETLOG [syscall][detcore, dtid 3] inbound syscall: mmap(0x7ffff66e8000, 8192, ProtFlags(PROT_READ | PROT_WRITE), MapFlags(MAP_PRIVATE | MAP_FIXED | MAP_DENYWRITE), 3, 159744) = ?
2026-07-23T20:18:53.128633Z  INFO detcore: DETLOG [syscall][detcore, dtid 3] finish syscall #346: mmap(0x7ffff66e8000, 8192, ProtFlags(PROT_READ | PROT_WRITE), MapFlags(MAP_PRIVATE | MAP_FIXED | MAP_DENYWRITE), 3, 159744) = Ok(140737327824896)
2026-07-23T20:18:53.128667Z  INFO detcore: DETLOG [syscall][detcore, dtid 3] inbound syscall: close(3) = ?
2026-07-23T20:18:53.128697Z  INFO detcore: DETLOG [syscall][detcore, dtid 3] finish syscall #347: close(3) = Ok(0)
2026-07-23T20:18:53.128724Z  INFO detcore: DETLOG [syscall][detcore, dtid 3] inbound syscall: openat(-100, 0x7ffff76dd4f0 -> "/lib64/libdaxctl.so.1", OFlag(O_CLOEXEC)) = ?
2026-07-23T20:18:53.128731Z  INFO detcore::scheduler: [sched-step5] >>>>>>>

 COMMIT turn 41, dettid 3 using resources {Path("/lib64/libdaxctl.so.1"): R}, on previously committed 1_640_995_199.024_945_640s
2026-07-23T20:18:53.128770Z  INFO detcore::syscalls::files: Injecting additional fstat to retrieve file metadata on fd 3.
2026-07-23T20:18:53.128816Z  INFO detcore: DETLOG [syscall][detcore, dtid 3] finish syscall #348: openat(-100, 0x7ffff76dd4f0 -> "/lib64/libdaxctl.so.1", OFlag(O_CLOEXEC)) = Ok(3)
2026-07-23T20:18:53.128839Z  INFO detcore: DETLOG [syscall][detcore, dtid 3] inbound syscall: read(3, 0x7fffffffa5d8, 832) = ?
2026-07-23T20:18:53.128861Z  INFO detcore: DETLOG [syscall][detcore, dtid 3] finish syscall #349: read(3, 0x7fffffffa5d8, 832) = Ok(832)
2026-07-23T20:18:53.128882Z  INFO detcore: DETLOG [syscall][detcore, dtid 3] inbound syscall: fstat(3, 0x7fffffffa470) = ?
2026-07-23T20:18:53.128906Z  INFO detcore: DETLOG [syscall][detcore, dtid 3] finish syscall #350: fstat(3, 0x7fffffffa470) = Ok(0)
2026-07-23T20:18:53.128934Z  INFO detcore: DETLOG [syscall][detcore, dtid 3] inbound syscall: mmap(NULL, 49160, ProtFlags(PROT_READ), MapFlags(MAP_PRIVATE | MAP_DENYWRITE), 3, 0) = ?
2026-07-23T20:18:53.128953Z  INFO detcore: DETLOG [syscall][detcore, dtid 3] finish syscall #351: mmap(NULL, 49160, ProtFlags(PROT_READ), MapFlags(MAP_PRIVATE | MAP_DENYWRITE), 3, 0) = Ok(140737335320576)
2026-07-23T20:18:53.128976Z  INFO detcore: DETLOG [syscall][detcore, dtid 3] inbound syscall: mprotect(0x7ffff6e11000, 32768, ProtFlags(0x0)) = ?
2026-07-23T20:18:53.128999Z  INFO detcore: DETLOG [syscall][detcore, dtid 3] finish syscall #352: mprotect(0x7ffff6e11000, 32768, ProtFlags(0x0)) = Ok(0)
2026-07-23T20:18:53.129019Z  INFO detcore: DETLOG [syscall][detcore, dtid 3] inbound syscall: mmap(0x7ffff6e11000, 20480, ProtFlags(PROT_READ | PROT_EXEC), MapFlags(MAP_PRIVATE | MAP_FIXED | MAP_DENYWRITE), 3, 12288) = ?
2026-07-23T20:18:53.129042Z  INFO detcore: DETLOG [syscall][detcore, dtid 3] finish syscall #353: mmap(0x7ffff6e11000, 20480, ProtFlags(PROT_READ | PROT_EXEC), MapFlags(MAP_PRIVATE | MAP_FIXED | MAP_DENYWRITE), 3, 12288) = Ok(140737335332864)
2026-07-23T20:18:53.129065Z  INFO detcore: DETLOG [syscall][detcore, dtid 3] inbound syscall: mmap(0x7ffff6e16000, 8192, ProtFlags(PROT_READ), MapFlags(MAP_PRIVATE | MAP_FIXED | MAP_DENYWRITE), 3, 32768) = ?
2026-07-23T20:18:53.129089Z  INFO detcore: DETLOG [syscall][detcore, dtid 3] finish syscall #354: mmap(0x7ffff6e16000, 8192, ProtFlags(PROT_READ), MapFlags(MAP_PRIVATE | MAP_FIXED | MAP_DENYWRITE), 3, 32768) = Ok(140737335353344)
2026-07-23T20:18:53.129112Z  INFO detcore: DETLOG [syscall][detcore, dtid 3] inbound syscall: mmap(0x7ffff6e19000, 4096, ProtFlags(PROT_READ | PROT_WRITE), MapFlags(MAP_PRIVATE | MAP_FIXED | MAP_DENYWRITE), 3, 40960) = ?
2026-07-23T20:18:53.129132Z  INFO detcore: DETLOG [syscall][detcore, dtid 3] finish syscall #355: mmap(0x7ffff6e19000, 4096, ProtFlags(PROT_READ | PROT_WRITE), MapFlags(MAP_PRIVATE | MAP_FIXED | MAP_DENYWRITE), 3, 40960) = Ok(140737335365632)
2026-07-23T20:18:53.129156Z  INFO detcore: DETLOG [syscall][detcore, dtid 3] inbound syscall: mmap(0x7ffff6e1a000, 8, ProtFlags(PROT_READ | PROT_WRITE), MapFlags(MAP_PRIVATE | MAP_FIXED | MAP_ANON), -1, 0) = ?
2026-07-23T20:18:53.129177Z  INFO detcore: DETLOG [syscall][detcore, dtid 3] finish syscall #356: mmap(0x7ffff6e1a000, 8, ProtFlags(PROT_READ | PROT_WRITE), MapFlags(MAP_PRIVATE | MAP_FIXED | MAP_ANON), -1, 0) = Ok(140737335369728)
2026-07-23T20:18:53.129208Z  INFO detcore: DETLOG [syscall][detcore, dtid 3] inbound syscall: close(3) = ?
2026-07-23T20:18:53.129228Z  INFO detcore: DETLOG [syscall][detcore, dtid 3] finish syscall #357: close(3) = Ok(0)
2026-07-23T20:18:53.129257Z  INFO detcore: DETLOG [syscall][detcore, dtid 3] inbound syscall: openat(-100, 0x7ffff76ddab0 -> "/lib64/libmount.so.1", OFlag(O_CLOEXEC)) = ?
2026-07-23T20:18:53.129263Z  INFO detcore::scheduler: [sched-step5] >>>>>>>

 COMMIT turn 42, dettid 3 using resources {Path("/lib64/libmount.so.1"): R}, on previously committed 1_640_995_199.025_601_870s
2026-07-23T20:18:53.129297Z  INFO detcore::syscalls::files: Injecting additional fstat to retrieve file metadata on fd 3.
2026-07-23T20:18:53.129345Z  INFO detcore: DETLOG [syscall][detcore, dtid 3] finish syscall #358: openat(-100, 0x7ffff76ddab0 -> "/lib64/libmount.so.1", OFlag(O_CLOEXEC)) = Ok(3)
2026-07-23T20:18:53.129367Z  INFO detcore: DETLOG [syscall][detcore, dtid 3] inbound syscall: read(3, 0x7fffffffa5b8, 832) = ?
2026-07-23T20:18:53.129386Z  INFO detcore: DETLOG [syscall][detcore, dtid 3] finish syscall #359: read(3, 0x7fffffffa5b8, 832) = Ok(832)
2026-07-23T20:18:53.129406Z  INFO detcore: DETLOG [syscall][detcore, dtid 3] inbound syscall: fstat(3, 0x7fffffffa450) = ?
2026-07-23T20:18:53.129429Z  INFO detcore: DETLOG [syscall][detcore, dtid 3] finish syscall #360: fstat(3, 0x7fffffffa450) = Ok(0)
2026-07-23T20:18:53.129450Z  INFO detcore: DETLOG [syscall][detcore, dtid 3] inbound syscall: mmap(NULL, 283144, ProtFlags(PROT_READ), MapFlags(MAP_PRIVATE | MAP_DENYWRITE), 3, 0) = ?
2026-07-23T20:18:53.129472Z  INFO detcore: DETLOG [syscall][detcore, dtid 3] finish syscall #361: mmap(NULL, 283144, ProtFlags(PROT_READ), MapFlags(MAP_PRIVATE | MAP_DENYWRITE), 3, 0) = Ok(140737327374336)
2026-07-23T20:18:53.129493Z  INFO detcore: DETLOG [syscall][detcore, dtid 3] inbound syscall: mmap(0x7ffff6684000, 184320, ProtFlags(PROT_READ | PROT_EXEC), MapFlags(MAP_PRIVATE | MAP_FIXED | MAP_DENYWRITE), 3, 40960) = ?
2026-07-23T20:18:53.129522Z  INFO detcore: DETLOG [syscall][detcore, dtid 3] finish syscall #362: mmap(0x7ffff6684000, 184320, ProtFlags(PROT_READ | PROT_EXEC), MapFlags(MAP_PRIVATE | MAP_FIXED | MAP_DENYWRITE), 3, 40960) = Ok(140737327415296)
2026-07-23T20:18:53.129547Z  INFO detcore: DETLOG [syscall][detcore, dtid 3] inbound syscall: mmap(0x7ffff66b1000, 49152, ProtFlags(PROT_READ), MapFlags(MAP_PRIVATE | MAP_FIXED | MAP_DENYWRITE), 3, 225280) = ?
2026-07-23T20:18:53.129572Z  INFO detcore: DETLOG [syscall][detcore, dtid 3] finish syscall #363: mmap(0x7ffff66b1000, 49152, ProtFlags(PROT_READ), MapFlags(MAP_PRIVATE | MAP_FIXED | MAP_DENYWRITE), 3, 225280) = Ok(140737327599616)
2026-07-23T20:18:53.129595Z  INFO detcore: DETLOG [syscall][detcore, dtid 3] inbound syscall: mmap(0x7ffff66bd000, 12288, ProtFlags(PROT_READ | PROT_WRITE), MapFlags(MAP_PRIVATE | MAP_FIXED | MAP_DENYWRITE), 3, 274432) = ?
2026-07-23T20:18:53.129617Z  INFO detcore: DETLOG [syscall][detcore, dtid 3] finish syscall #364: mmap(0x7ffff66bd000, 12288, ProtFlags(PROT_READ | PROT_WRITE), MapFlags(MAP_PRIVATE | MAP_FIXED | MAP_DENYWRITE), 3, 274432) = Ok(140737327648768)
2026-07-23T20:18:53.129646Z  INFO detcore: DETLOG [syscall][detcore, dtid 3] inbound syscall: close(3) = ?
2026-07-23T20:18:53.129666Z  INFO detcore: DETLOG [syscall][detcore, dtid 3] finish syscall #365: close(3) = Ok(0)
2026-07-23T20:18:53.129704Z  INFO detcore: DETLOG [syscall][detcore, dtid 3] inbound syscall: openat(-100, 0x7ffff76ddfb0 -> "/lib64/libselinux.so.1", OFlag(O_CLOEXEC)) = ?
2026-07-23T20:18:53.129711Z  INFO detcore::scheduler: [sched-step5] >>>>>>>

 COMMIT turn 43, dettid 3 using resources {Path("/lib64/libselinux.so.1"): R}, on previously committed 1_640_995_199.026_201_280s
2026-07-23T20:18:53.129751Z  INFO detcore::syscalls::files: Injecting additional fstat to retrieve file metadata on fd 3.
2026-07-23T20:18:53.129807Z  INFO detcore: DETLOG [syscall][detcore, dtid 3] finish syscall #366: openat(-100, 0x7ffff76ddfb0 -> "/lib64/libselinux.so.1", OFlag(O_CLOEXEC)) = Ok(3)
2026-07-23T20:18:53.129831Z  INFO detcore: DETLOG [syscall][detcore, dtid 3] inbound syscall: read(3, 0x7fffffffa598, 832) = ?
2026-07-23T20:18:53.129857Z  INFO detcore: DETLOG [syscall][detcore, dtid 3] finish syscall #367: read(3, 0x7fffffffa598, 832) = Ok(832)
2026-07-23T20:18:53.129891Z  INFO detcore: DETLOG [syscall][detcore, dtid 3] inbound syscall: fstat(3, 0x7fffffffa430) = ?
2026-07-23T20:18:53.129914Z  INFO detcore: DETLOG [syscall][detcore, dtid 3] finish syscall #368: fstat(3, 0x7fffffffa430) = Ok(0)
2026-07-23T20:18:53.129937Z  INFO detcore: DETLOG [syscall][detcore, dtid 3] inbound syscall: mmap(NULL, 8192, ProtFlags(PROT_READ | PROT_WRITE), MapFlags(MAP_PRIVATE | MAP_ANON), -1, 0) = ?
2026-07-23T20:18:53.129964Z  INFO detcore: DETLOG [syscall][detcore, dtid 3] finish syscall #369: mmap(NULL, 8192, ProtFlags(PROT_READ | PROT_WRITE), MapFlags(MAP_PRIVATE | MAP_ANON), -1, 0) = Ok(140737344544768)
2026-07-23T20:18:53.129990Z  INFO detcore: DETLOG [syscall][detcore, dtid 3] inbound syscall: mmap(NULL, 181896, ProtFlags(PROT_READ), MapFlags(MAP_PRIVATE | MAP_DENYWRITE), 3, 0) = ?
2026-07-23T20:18:53.130014Z  INFO detcore: DETLOG [syscall][detcore, dtid 3] finish syscall #370: mmap(NULL, 181896, ProtFlags(PROT_READ), MapFlags(MAP_PRIVATE | MAP_DENYWRITE), 3, 0) = Ok(140737327190016)
2026-07-23T20:18:53.130039Z  INFO detcore: DETLOG [syscall][detcore, dtid 3] inbound syscall: mmap(0x7ffff6653000, 110592, ProtFlags(PROT_READ | PROT_EXEC), MapFlags(MAP_PRIVATE | MAP_FIXED | MAP_DENYWRITE), 3, 24576) = ?
2026-07-23T20:18:53.130063Z  INFO detcore: DETLOG [syscall][detcore, dtid 3] finish syscall #371: mmap(0x7ffff6653000, 110592, ProtFlags(PROT_READ | PROT_EXEC), MapFlags(MAP_PRIVATE | MAP_FIXED | MAP_DENYWRITE), 3, 24576) = Ok(140737327214592)
2026-07-23T20:18:53.130086Z  INFO detcore: DETLOG [syscall][detcore, dtid 3] inbound syscall: mmap(0x7ffff666e000, 32768, ProtFlags(PROT_READ), MapFlags(MAP_PRIVATE | MAP_FIXED | MAP_DENYWRITE), 3, 135168) = ?
2026-07-23T20:18:53.130107Z  INFO detcore: DETLOG [syscall][detcore, dtid 3] finish syscall #372: mmap(0x7ffff666e000, 32768, ProtFlags(PROT_READ), MapFlags(MAP_PRIVATE | MAP_FIXED | MAP_DENYWRITE), 3, 135168) = Ok(140737327325184)
2026-07-23T20:18:53.130129Z  INFO detcore: DETLOG [syscall][detcore, dtid 3] inbound syscall: mmap(0x7ffff6676000, 8192, ProtFlags(PROT_READ | PROT_WRITE), MapFlags(MAP_PRIVATE | MAP_FIXED | MAP_DENYWRITE), 3, 163840) = ?
2026-07-23T20:18:53.130153Z  INFO detcore: DETLOG [syscall][detcore, dtid 3] finish syscall #373: mmap(0x7ffff6676000, 8192, ProtFlags(PROT_READ | PROT_WRITE), MapFlags(MAP_PRIVATE | MAP_FIXED | MAP_DENYWRITE), 3, 163840) = Ok(140737327357952)
2026-07-23T20:18:53.130176Z  INFO detcore: DETLOG [syscall][detcore, dtid 3] inbound syscall: mmap(0x7ffff6678000, 5768, ProtFlags(PROT_READ | PROT_WRITE), MapFlags(MAP_PRIVATE | MAP_FIXED | MAP_ANON), -1, 0) = ?
2026-07-23T20:18:53.130195Z  INFO detcore: DETLOG [syscall][detcore, dtid 3] finish syscall #374: mmap(0x7ffff6678000, 5768, ProtFlags(PROT_READ | PROT_WRITE), MapFlags(MAP_PRIVATE | MAP_FIXED | MAP_ANON), -1, 0) = Ok(140737327366144)
2026-07-23T20:18:53.130221Z  INFO detcore: DETLOG [syscall][detcore, dtid 3] inbound syscall: close(3) = ?
2026-07-23T20:18:53.130239Z  INFO detcore: DETLOG [syscall][detcore, dtid 3] finish syscall #375: close(3) = Ok(0)
2026-07-23T20:18:53.130264Z  INFO detcore: DETLOG [syscall][detcore, dtid 3] inbound syscall: openat(-100, 0x7ffff76da570 -> "/lib64/libffi.so.8", OFlag(O_CLOEXEC)) = ?
2026-07-23T20:18:53.130271Z  INFO detcore::scheduler: [sched-step5] >>>>>>>

 COMMIT turn 44, dettid 3 using resources {Path("/lib64/libffi.so.8"): R}, on previously committed 1_640_995_199.026_831_320s
2026-07-23T20:18:53.130307Z  INFO detcore::syscalls::files: Injecting additional fstat to retrieve file metadata on fd 3.
2026-07-23T20:18:53.130349Z  INFO detcore: DETLOG [syscall][detcore, dtid 3] finish syscall #376: openat(-100, 0x7ffff76da570 -> "/lib64/libffi.so.8", OFlag(O_CLOEXEC)) = Ok(3)
2026-07-23T20:18:53.130370Z  INFO detcore: DETLOG [syscall][detcore, dtid 3] inbound syscall: read(3, 0x7fffffffa578, 832) = ?
2026-07-23T20:18:53.130461Z  INFO detcore: DETLOG [syscall][detcore, dtid 3] finish syscall #377: read(3, 0x7fffffffa578, 832) = Ok(832)
2026-07-23T20:18:53.130482Z  INFO detcore: DETLOG [syscall][detcore, dtid 3] inbound syscall: fstat(3, 0x7fffffffa410) = ?
2026-07-23T20:18:53.130500Z  INFO detcore: DETLOG [syscall][detcore, dtid 3] finish syscall #378: fstat(3, 0x7fffffffa410) = Ok(0)
2026-07-23T20:18:53.130528Z  INFO detcore: DETLOG [syscall][detcore, dtid 3] inbound syscall: mmap(NULL, 46320, ProtFlags(PROT_READ), MapFlags(MAP_PRIVATE | MAP_DENYWRITE), 3, 0) = ?
2026-07-23T20:18:53.130551Z  INFO detcore: DETLOG [syscall][detcore, dtid 3] finish syscall #379: mmap(NULL, 46320, ProtFlags(PROT_READ), MapFlags(MAP_PRIVATE | MAP_DENYWRITE), 3, 0) = Ok(140737327140864)
2026-07-23T20:18:53.130575Z  INFO detcore: DETLOG [syscall][detcore, dtid 3] inbound syscall: mprotect(0x7ffff6643000, 32768, ProtFlags(0x0)) = ?
2026-07-23T20:18:53.130600Z  INFO detcore: DETLOG [syscall][detcore, dtid 3] finish syscall #380: mprotect(0x7ffff6643000, 32768, ProtFlags(0x0)) = Ok(0)
2026-07-23T20:18:53.130620Z  INFO detcore: DETLOG [syscall][detcore, dtid 3] inbound syscall: mmap(0x7ffff6643000, 24576, ProtFlags(PROT_READ | PROT_EXEC), MapFlags(MAP_PRIVATE | MAP_FIXED | MAP_DENYWRITE), 3, 8192) = ?
2026-07-23T20:18:53.130643Z  INFO detcore: DETLOG [syscall][detcore, dtid 3] finish syscall #381: mmap(0x7ffff6643000, 24576, ProtFlags(PROT_READ | PROT_EXEC), MapFlags(MAP_PRIVATE | MAP_FIXED | MAP_DENYWRITE), 3, 8192) = Ok(140737327149056)
2026-07-23T20:18:53.130666Z  INFO detcore: DETLOG [syscall][detcore, dtid 3] inbound syscall: mmap(0x7ffff6649000, 4096, ProtFlags(PROT_READ), MapFlags(MAP_PRIVATE | MAP_FIXED | MAP_DENYWRITE), 3, 32768) = ?
2026-07-23T20:18:53.130698Z  INFO detcore: DETLOG [syscall][detcore, dtid 3] finish syscall #382: mmap(0x7ffff6649000, 4096, ProtFlags(PROT_READ), MapFlags(MAP_PRIVATE | MAP_FIXED | MAP_DENYWRITE), 3, 32768) = Ok(140737327173632)
2026-07-23T20:18:53.130724Z  INFO detcore: DETLOG [syscall][detcore, dtid 3] inbound syscall: mmap(0x7ffff664b000, 8192, ProtFlags(PROT_READ | PROT_WRITE), MapFlags(MAP_PRIVATE | MAP_FIXED | MAP_DENYWRITE), 3, 36864) = ?
2026-07-23T20:18:53.130747Z  INFO detcore: DETLOG [syscall][detcore, dtid 3] finish syscall #383: mmap(0x7ffff664b000, 8192, ProtFlags(PROT_READ | PROT_WRITE), MapFlags(MAP_PRIVATE | MAP_FIXED | MAP_DENYWRITE), 3, 36864) = Ok(140737327181824)
2026-07-23T20:18:53.130784Z  INFO detcore: DETLOG [syscall][detcore, dtid 3] inbound syscall: close(3) = ?
2026-07-23T20:18:53.130803Z  INFO detcore: DETLOG [syscall][detcore, dtid 3] finish syscall #384: close(3) = Ok(0)
2026-07-23T20:18:53.130830Z  INFO detcore: DETLOG [syscall][detcore, dtid 3] inbound syscall: openat(-100, 0x7ffff76daac0 -> "/lib64/libpcre.so.1", OFlag(O_CLOEXEC)) = ?
2026-07-23T20:18:53.130837Z  INFO detcore::scheduler: [sched-step5] >>>>>>>

 COMMIT turn 45, dettid 3 using resources {Path("/lib64/libpcre.so.1"): R}, on previously committed 1_640_995_199.027_447_880s
2026-07-23T20:18:53.130878Z  INFO detcore::syscalls::files: Injecting additional fstat to retrieve file metadata on fd 3.
2026-07-23T20:18:53.130921Z  INFO detcore: DETLOG [syscall][detcore, dtid 3] finish syscall #385: openat(-100, 0x7ffff76daac0 -> "/lib64/libpcre.so.1", OFlag(O_CLOEXEC)) = Ok(3)
2026-07-23T20:18:53.130944Z  INFO detcore: DETLOG [syscall][detcore, dtid 3] inbound syscall: read(3, 0x7fffffffa558, 832) = ?
2026-07-23T20:18:53.130964Z  INFO detcore: DETLOG [syscall][detcore, dtid 3] finish syscall #386: read(3, 0x7fffffffa558, 832) = Ok(832)
2026-07-23T20:18:53.130987Z  INFO detcore: DETLOG [syscall][detcore, dtid 3] inbound syscall: fstat(3, 0x7fffffffa3f0) = ?
2026-07-23T20:18:53.131009Z  INFO detcore: DETLOG [syscall][detcore, dtid 3] finish syscall #387: fstat(3, 0x7fffffffa3f0) = Ok(0)
2026-07-23T20:18:53.131033Z  INFO detcore: DETLOG [syscall][detcore, dtid 3] inbound syscall: mmap(NULL, 487696, ProtFlags(PROT_READ), MapFlags(MAP_PRIVATE | MAP_DENYWRITE), 3, 0) = ?
2026-07-23T20:18:53.131054Z  INFO detcore: DETLOG [syscall][detcore, dtid 3] finish syscall #388: mmap(NULL, 487696, ProtFlags(PROT_READ), MapFlags(MAP_PRIVATE | MAP_DENYWRITE), 3, 0) = Ok(140737324285952)
2026-07-23T20:18:53.131079Z  INFO detcore: DETLOG [syscall][detcore, dtid 3] inbound syscall: mmap(0x7ffff638a000, 356352, ProtFlags(PROT_READ | PROT_EXEC), MapFlags(MAP_PRIVATE | MAP_FIXED | MAP_DENYWRITE), 3, 8192) = ?
2026-07-23T20:18:53.131106Z  INFO detcore: DETLOG [syscall][detcore, dtid 3] finish syscall #389: mmap(0x7ffff638a000, 356352, ProtFlags(PROT_READ | PROT_EXEC), MapFlags(MAP_PRIVATE | MAP_FIXED | MAP_DENYWRITE), 3, 8192) = Ok(140737324294144)
2026-07-23T20:18:53.131126Z  INFO detcore: DETLOG [syscall][detcore, dtid 3] inbound syscall: mmap(0x7ffff63e1000, 118784, ProtFlags(PROT_READ), MapFlags(MAP_PRIVATE | MAP_FIXED | MAP_DENYWRITE), 3, 364544) = ?
2026-07-23T20:18:53.131148Z  INFO detcore: DETLOG [syscall][detcore, dtid 3] finish syscall #390: mmap(0x7ffff63e1000, 118784, ProtFlags(PROT_READ), MapFlags(MAP_PRIVATE | MAP_FIXED | MAP_DENYWRITE), 3, 364544) = Ok(140737324650496)
2026-07-23T20:18:53.131168Z  INFO detcore: DETLOG [syscall][detcore, dtid 3] inbound syscall: mmap(0x7ffff63fe000, 8192, ProtFlags(PROT_READ | PROT_WRITE), MapFlags(MAP_PRIVATE | MAP_FIXED | MAP_DENYWRITE), 3, 479232) = ?
2026-07-23T20:18:53.131189Z  INFO detcore: DETLOG [syscall][detcore, dtid 3] finish syscall #391: mmap(0x7ffff63fe000, 8192, ProtFlags(PROT_READ | PROT_WRITE), MapFlags(MAP_PRIVATE | MAP_FIXED | MAP_DENYWRITE), 3, 479232) = Ok(140737324769280)
2026-07-23T20:18:53.131215Z  INFO detcore: DETLOG [syscall][detcore, dtid 3] inbound syscall: close(3) = ?
2026-07-23T20:18:53.131233Z  INFO detcore: DETLOG [syscall][detcore, dtid 3] finish syscall #392: close(3) = Ok(0)
2026-07-23T20:18:53.131261Z  INFO detcore: DETLOG [syscall][detcore, dtid 3] inbound syscall: openat(-100, 0x7ffff76db000 -> "/lib64/libnl-3.so.200", OFlag(O_CLOEXEC)) = ?
2026-07-23T20:18:53.131268Z  INFO detcore::scheduler: [sched-step5] >>>>>>>

 COMMIT turn 46, dettid 3 using resources {Path("/lib64/libnl-3.so.200"): R}, on previously committed 1_640_995_199.028_061_860s
2026-07-23T20:18:53.131302Z  INFO detcore::syscalls::files: Injecting additional fstat to retrieve file metadata on fd 3.
2026-07-23T20:18:53.131346Z  INFO detcore: DETLOG [syscall][detcore, dtid 3] finish syscall #393: openat(-100, 0x7ffff76db000 -> "/lib64/libnl-3.so.200", OFlag(O_CLOEXEC)) = Ok(3)
2026-07-23T20:18:53.131366Z  INFO detcore: DETLOG [syscall][detcore, dtid 3] inbound syscall: read(3, 0x7fffffffa538, 832) = ?
2026-07-23T20:18:53.131385Z  INFO detcore: DETLOG [syscall][detcore, dtid 3] finish syscall #394: read(3, 0x7fffffffa538, 832) = Ok(832)
2026-07-23T20:18:53.131410Z  INFO detcore: DETLOG [syscall][detcore, dtid 3] inbound syscall: fstat(3, 0x7fffffffa3d0) = ?
2026-07-23T20:18:53.131430Z  INFO detcore: DETLOG [syscall][detcore, dtid 3] finish syscall #395: fstat(3, 0x7fffffffa3d0) = Ok(0)
2026-07-23T20:18:53.131451Z  INFO detcore: DETLOG [syscall][detcore, dtid 3] inbound syscall: mmap(NULL, 147960, ProtFlags(PROT_READ), MapFlags(MAP_PRIVATE | MAP_DENYWRITE), 3, 0) = ?
2026-07-23T20:18:53.131472Z  INFO detcore: DETLOG [syscall][detcore, dtid 3] finish syscall #396: mmap(NULL, 147960, ProtFlags(PROT_READ), MapFlags(MAP_PRIVATE | MAP_DENYWRITE), 3, 0) = Ok(140737324134400)
2026-07-23T20:18:53.131492Z  INFO detcore: DETLOG [syscall][detcore, dtid 3] inbound syscall: mmap(0x7ffff636c000, 65536, ProtFlags(PROT_READ | PROT_EXEC), MapFlags(MAP_PRIVATE | MAP_FIXED | MAP_DENYWRITE), 3, 36864) = ?
2026-07-23T20:18:53.131514Z  INFO detcore: DETLOG [syscall][detcore, dtid 3] finish syscall #397: mmap(0x7ffff636c000, 65536, ProtFlags(PROT_READ | PROT_EXEC), MapFlags(MAP_PRIVATE | MAP_FIXED | MAP_DENYWRITE), 3, 36864) = Ok(140737324171264)
2026-07-23T20:18:53.131534Z  INFO detcore: DETLOG [syscall][detcore, dtid 3] inbound syscall: mmap(0x7ffff637c000, 36864, ProtFlags(PROT_READ), MapFlags(MAP_PRIVATE | MAP_FIXED | MAP_DENYWRITE), 3, 102400) = ?
2026-07-23T20:18:53.131556Z  INFO detcore: DETLOG [syscall][detcore, dtid 3] finish syscall #398: mmap(0x7ffff637c000, 36864, ProtFlags(PROT_READ), MapFlags(MAP_PRIVATE | MAP_FIXED | MAP_DENYWRITE), 3, 102400) = Ok(140737324236800)
2026-07-23T20:18:53.131580Z  INFO detcore: DETLOG [syscall][detcore, dtid 3] inbound syscall: mmap(0x7ffff6385000, 12288, ProtFlags(PROT_READ | PROT_WRITE), MapFlags(MAP_PRIVATE | MAP_FIXED | MAP_DENYWRITE), 3, 139264) = ?
2026-07-23T20:18:53.131602Z  INFO detcore: DETLOG [syscall][detcore, dtid 3] finish syscall #399: mmap(0x7ffff6385000, 12288, ProtFlags(PROT_READ | PROT_WRITE), MapFlags(MAP_PRIVATE | MAP_FIXED | MAP_DENYWRITE), 3, 139264) = Ok(140737324273664)
2026-07-23T20:18:53.131628Z  INFO detcore: DETLOG [syscall][detcore, dtid 3] inbound syscall: close(3) = ?
2026-07-23T20:18:53.131648Z  INFO detcore: DETLOG [syscall][detcore, dtid 3] finish syscall #400: close(3) = Ok(0)
2026-07-23T20:18:53.131674Z  INFO detcore: DETLOG [syscall][detcore, dtid 3] inbound syscall: openat(-100, 0x7ffff76db560 -> "/lib64/libnl-route-3.so.200", OFlag(O_CLOEXEC)) = ?
2026-07-23T20:18:53.131680Z  INFO detcore::scheduler: [sched-step5] >>>>>>>

 COMMIT turn 47, dettid 3 using resources {Path("/lib64/libnl-route-3.so.200"): R}, on previously committed 1_640_995_199.028_669_430s
2026-07-23T20:18:53.131718Z  INFO detcore::syscalls::files: Injecting additional fstat to retrieve file metadata on fd 3.
2026-07-23T20:18:53.131764Z  INFO detcore: DETLOG [syscall][detcore, dtid 3] finish syscall #401: openat(-100, 0x7ffff76db560 -> "/lib64/libnl-route-3.so.200", OFlag(O_CLOEXEC)) = Ok(3)
2026-07-23T20:18:53.131786Z  INFO detcore: DETLOG [syscall][detcore, dtid 3] inbound syscall: read(3, 0x7fffffffa518, 832) = ?
2026-07-23T20:18:53.131806Z  INFO detcore: DETLOG [syscall][detcore, dtid 3] finish syscall #402: read(3, 0x7fffffffa518, 832) = Ok(832)
2026-07-23T20:18:53.131828Z  INFO detcore: DETLOG [syscall][detcore, dtid 3] inbound syscall: fstat(3, 0x7fffffffa3b0) = ?
2026-07-23T20:18:53.131848Z  INFO detcore: DETLOG [syscall][detcore, dtid 3] finish syscall #403: fstat(3, 0x7fffffffa3b0) = Ok(0)
2026-07-23T20:18:53.131869Z  INFO detcore: DETLOG [syscall][detcore, dtid 3] inbound syscall: mmap(NULL, 631392, ProtFlags(PROT_READ), MapFlags(MAP_PRIVATE | MAP_DENYWRITE), 3, 0) = ?
2026-07-23T20:18:53.131890Z  INFO detcore: DETLOG [syscall][detcore, dtid 3] finish syscall #404: mmap(NULL, 631392, ProtFlags(PROT_READ), MapFlags(MAP_PRIVATE | MAP_DENYWRITE), 3, 0) = Ok(140737323499520)
2026-07-23T20:18:53.131910Z  INFO detcore: DETLOG [syscall][detcore, dtid 3] inbound syscall: mmap(0x7ffff62e7000, 311296, ProtFlags(PROT_READ | PROT_EXEC), MapFlags(MAP_PRIVATE | MAP_FIXED | MAP_DENYWRITE), 3, 126976) = ?
2026-07-23T20:18:53.131932Z  INFO detcore: DETLOG [syscall][detcore, dtid 3] finish syscall #405: mmap(0x7ffff62e7000, 311296, ProtFlags(PROT_READ | PROT_EXEC), MapFlags(MAP_PRIVATE | MAP_FIXED | MAP_DENYWRITE), 3, 126976) = Ok(140737323626496)
2026-07-23T20:18:53.131954Z  INFO detcore: DETLOG [syscall][detcore, dtid 3] inbound syscall: mmap(0x7ffff6333000, 147456, ProtFlags(PROT_READ), MapFlags(MAP_PRIVATE | MAP_FIXED | MAP_DENYWRITE), 3, 438272) = ?
2026-07-23T20:18:53.131978Z  INFO detcore: DETLOG [syscall][detcore, dtid 3] finish syscall #406: mmap(0x7ffff6333000, 147456, ProtFlags(PROT_READ), MapFlags(MAP_PRIVATE | MAP_FIXED | MAP_DENYWRITE), 3, 438272) = Ok(140737323937792)
2026-07-23T20:18:53.131999Z  INFO detcore: DETLOG [syscall][detcore, dtid 3] inbound syscall: mmap(0x7ffff6357000, 36864, ProtFlags(PROT_READ | PROT_WRITE), MapFlags(MAP_PRIVATE | MAP_FIXED | MAP_DENYWRITE), 3, 581632) = ?
2026-07-23T20:18:53.132062Z  INFO detcore: DETLOG [syscall][detcore, dtid 3] finish syscall #407: mmap(0x7ffff6357000, 36864, ProtFlags(PROT_READ | PROT_WRITE), MapFlags(MAP_PRIVATE | MAP_FIXED | MAP_DENYWRITE), 3, 581632) = Ok(140737324085248)
2026-07-23T20:18:53.132088Z  INFO detcore: DETLOG [syscall][detcore, dtid 3] inbound syscall: mmap(0x7ffff6360000, 8800, ProtFlags(PROT_READ | PROT_WRITE), MapFlags(MAP_PRIVATE | MAP_FIXED | MAP_ANON), -1, 0) = ?
2026-07-23T20:18:53.132110Z  INFO detcore: DETLOG [syscall][detcore, dtid 3] finish syscall #408: mmap(0x7ffff6360000, 8800, ProtFlags(PROT_READ | PROT_WRITE), MapFlags(MAP_PRIVATE | MAP_FIXED | MAP_ANON), -1, 0) = Ok(140737324122112)
2026-07-23T20:18:53.132142Z  INFO detcore: DETLOG [syscall][detcore, dtid 3] inbound syscall: close(3) = ?
2026-07-23T20:18:53.132162Z  INFO detcore: DETLOG [syscall][detcore, dtid 3] finish syscall #409: close(3) = Ok(0)
2026-07-23T20:18:53.132205Z  INFO detcore: DETLOG [syscall][detcore, dtid 3] inbound syscall: openat(-100, 0x7ffff76dbe20 -> "/lib64/libkrb5support.so.0", OFlag(O_CLOEXEC)) = ?
2026-07-23T20:18:53.132211Z  INFO detcore::scheduler: [sched-step5] >>>>>>>

 COMMIT turn 48, dettid 3 using resources {Path("/lib64/libkrb5support.so.0"): R}, on previously committed 1_640_995_199.029_461_440s
2026-07-23T20:18:53.132245Z  INFO detcore::syscalls::files: Injecting additional fstat to retrieve file metadata on fd 3.
2026-07-23T20:18:53.132289Z  INFO detcore: DETLOG [syscall][detcore, dtid 3] finish syscall #410: openat(-100, 0x7ffff76dbe20 -> "/lib64/libkrb5support.so.0", OFlag(O_CLOEXEC)) = Ok(3)
2026-07-23T20:18:53.132310Z  INFO detcore: DETLOG [syscall][detcore, dtid 3] inbound syscall: read(3, 0x7fffffffa4f8, 832) = ?
2026-07-23T20:18:53.132332Z  INFO detcore: DETLOG [syscall][detcore, dtid 3] finish syscall #411: read(3, 0x7fffffffa4f8, 832) = Ok(832)
2026-07-23T20:18:53.132354Z  INFO detcore: DETLOG [syscall][detcore, dtid 3] inbound syscall: fstat(3, 0x7fffffffa390) = ?
2026-07-23T20:18:53.132375Z  INFO detcore: DETLOG [syscall][detcore, dtid 3] finish syscall #412: fstat(3, 0x7fffffffa390) = Ok(0)
2026-07-23T20:18:53.132396Z  INFO detcore: DETLOG [syscall][detcore, dtid 3] inbound syscall: mmap(NULL, 8192, ProtFlags(PROT_READ | PROT_WRITE), MapFlags(MAP_PRIVATE | MAP_ANON), -1, 0) = ?
2026-07-23T20:18:53.132417Z  INFO detcore: DETLOG [syscall][detcore, dtid 3] finish syscall #413: mmap(NULL, 8192, ProtFlags(PROT_READ | PROT_WRITE), MapFlags(MAP_PRIVATE | MAP_ANON), -1, 0) = Ok(140737344536576)
2026-07-23T20:18:53.132440Z  INFO detcore: DETLOG [syscall][detcore, dtid 3] inbound syscall: mmap(NULL, 66192, ProtFlags(PROT_READ), MapFlags(MAP_PRIVATE | MAP_DENYWRITE), 3, 0) = ?
2026-07-23T20:18:53.132461Z  INFO detcore: DETLOG [syscall][detcore, dtid 3] finish syscall #414: mmap(NULL, 66192, ProtFlags(PROT_READ), MapFlags(MAP_PRIVATE | MAP_DENYWRITE), 3, 0) = Ok(140737327071232)
2026-07-23T20:18:53.132483Z  INFO detcore: DETLOG [syscall][detcore, dtid 3] inbound syscall: mmap(0x7ffff6634000, 32768, ProtFlags(PROT_READ | PROT_EXEC), MapFlags(MAP_PRIVATE | MAP_FIXED | MAP_DENYWRITE), 3, 16384) = ?
2026-07-23T20:18:53.132508Z  INFO detcore: DETLOG [syscall][detcore, dtid 3] finish syscall #415: mmap(0x7ffff6634000, 32768, ProtFlags(PROT_READ | PROT_EXEC), MapFlags(MAP_PRIVATE | MAP_FIXED | MAP_DENYWRITE), 3, 16384) = Ok(140737327087616)
2026-07-23T20:18:53.132532Z  INFO detcore: DETLOG [syscall][detcore, dtid 3] inbound syscall: mmap(0x7ffff663c000, 12288, ProtFlags(PROT_READ), MapFlags(MAP_PRIVATE | MAP_FIXED | MAP_DENYWRITE), 3, 49152) = ?
2026-07-23T20:18:53.132554Z  INFO detcore: DETLOG [syscall][detcore, dtid 3] finish syscall #416: mmap(0x7ffff663c000, 12288, ProtFlags(PROT_READ), MapFlags(MAP_PRIVATE | MAP_FIXED | MAP_DENYWRITE), 3, 49152) = Ok(140737327120384)
2026-07-23T20:18:53.132574Z  INFO detcore: DETLOG [syscall][detcore, dtid 3] inbound syscall: mmap(0x7ffff663f000, 8192, ProtFlags(PROT_READ | PROT_WRITE), MapFlags(MAP_PRIVATE | MAP_FIXED | MAP_DENYWRITE), 3, 57344) = ?
2026-07-23T20:18:53.132595Z  INFO detcore: DETLOG [syscall][detcore, dtid 3] finish syscall #417: mmap(0x7ffff663f000, 8192, ProtFlags(PROT_READ | PROT_WRITE), MapFlags(MAP_PRIVATE | MAP_FIXED | MAP_DENYWRITE), 3, 57344) = Ok(140737327132672)
2026-07-23T20:18:53.132626Z  INFO detcore: DETLOG [syscall][detcore, dtid 3] inbound syscall: close(3) = ?
2026-07-23T20:18:53.132647Z  INFO detcore: DETLOG [syscall][detcore, dtid 3] finish syscall #418: close(3) = Ok(0)
2026-07-23T20:18:53.132672Z  INFO detcore: DETLOG [syscall][detcore, dtid 3] inbound syscall: openat(-100, 0x7ffff76d84e0 -> "/lib64/libkeyutils.so.1", OFlag(O_CLOEXEC)) = ?
2026-07-23T20:18:53.132680Z  INFO detcore::scheduler: [sched-step5] >>>>>>>

 COMMIT turn 49, dettid 3 using resources {Path("/lib64/libkeyutils.so.1"): R}, on previously committed 1_640_995_199.030_072_290s
2026-07-23T20:18:53.132724Z  INFO detcore::syscalls::files: Injecting additional fstat to retrieve file metadata on fd 3.
2026-07-23T20:18:53.132776Z  INFO detcore: DETLOG [syscall][detcore, dtid 3] finish syscall #419: openat(-100, 0x7ffff76d84e0 -> "/lib64/libkeyutils.so.1", OFlag(O_CLOEXEC)) = Ok(3)
2026-07-23T20:18:53.132805Z  INFO detcore: DETLOG [syscall][detcore, dtid 3] inbound syscall: read(3, 0x7fffffffa4d8, 832) = ?
2026-07-23T20:18:53.132826Z  INFO detcore: DETLOG [syscall][detcore, dtid 3] finish syscall #420: read(3, 0x7fffffffa4d8, 832) = Ok(832)
2026-07-23T20:18:53.132851Z  INFO detcore: DETLOG [syscall][detcore, dtid 3] inbound syscall: fstat(3, 0x7fffffffa370) = ?
2026-07-23T20:18:53.132874Z  INFO detcore: DETLOG [syscall][detcore, dtid 3] finish syscall #421: fstat(3, 0x7fffffffa370) = Ok(0)
2026-07-23T20:18:53.132895Z  INFO detcore: DETLOG [syscall][detcore, dtid 3] inbound syscall: mmap(NULL, 24584, ProtFlags(PROT_READ), MapFlags(MAP_PRIVATE | MAP_DENYWRITE), 3, 0) = ?
2026-07-23T20:18:53.132916Z  INFO detcore: DETLOG [syscall][detcore, dtid 3] finish syscall #422: mmap(NULL, 24584, ProtFlags(PROT_READ), MapFlags(MAP_PRIVATE | MAP_DENYWRITE), 3, 0) = Ok(140737327042560)
2026-07-23T20:18:53.132938Z  INFO detcore: DETLOG [syscall][detcore, dtid 3] inbound syscall: mmap(0x7ffff662b000, 8192, ProtFlags(PROT_READ | PROT_EXEC), MapFlags(MAP_PRIVATE | MAP_FIXED | MAP_DENYWRITE), 3, 8192) = ?
2026-07-23T20:18:53.132967Z  INFO detcore: DETLOG [syscall][detcore, dtid 3] finish syscall #423: mmap(0x7ffff662b000, 8192, ProtFlags(PROT_READ | PROT_EXEC), MapFlags(MAP_PRIVATE | MAP_FIXED | MAP_DENYWRITE), 3, 8192) = Ok(140737327050752)
2026-07-23T20:18:53.132989Z  INFO detcore: DETLOG [syscall][detcore, dtid 3] inbound syscall: mmap(0x7ffff662d000, 4096, ProtFlags(PROT_READ), MapFlags(MAP_PRIVATE | MAP_FIXED | MAP_DENYWRITE), 3, 16384) = ?
2026-07-23T20:18:53.133011Z  INFO detcore: DETLOG [syscall][detcore, dtid 3] finish syscall #424: mmap(0x7ffff662d000, 4096, ProtFlags(PROT_READ), MapFlags(MAP_PRIVATE | MAP_FIXED | MAP_DENYWRITE), 3, 16384) = Ok(140737327058944)
2026-07-23T20:18:53.133032Z  INFO detcore: DETLOG [syscall][detcore, dtid 3] inbound syscall: mmap(0x7ffff662e000, 4096, ProtFlags(PROT_READ | PROT_WRITE), MapFlags(MAP_PRIVATE | MAP_FIXED | MAP_DENYWRITE), 3, 16384) = ?
2026-07-23T20:18:53.133054Z  INFO detcore: DETLOG [syscall][detcore, dtid 3] finish syscall #425: mmap(0x7ffff662e000, 4096, ProtFlags(PROT_READ | PROT_WRITE), MapFlags(MAP_PRIVATE | MAP_FIXED | MAP_DENYWRITE), 3, 16384) = Ok(140737327063040)
2026-07-23T20:18:53.133076Z  INFO detcore: DETLOG [syscall][detcore, dtid 3] inbound syscall: mmap(0x7ffff662f000, 8, ProtFlags(PROT_READ | PROT_WRITE), MapFlags(MAP_PRIVATE | MAP_FIXED | MAP_ANON), -1, 0) = ?
2026-07-23T20:18:53.133099Z  INFO detcore: DETLOG [syscall][detcore, dtid 3] finish syscall #426: mmap(0x7ffff662f000, 8, ProtFlags(PROT_READ | PROT_WRITE), MapFlags(MAP_PRIVATE | MAP_FIXED | MAP_ANON), -1, 0) = Ok(140737327067136)
2026-07-23T20:18:53.133125Z  INFO detcore: DETLOG [syscall][detcore, dtid 3] inbound syscall: close(3) = ?
2026-07-23T20:18:53.133143Z  INFO detcore: DETLOG [syscall][detcore, dtid 3] finish syscall #427: close(3) = Ok(0)
2026-07-23T20:18:53.133174Z  INFO detcore: DETLOG [syscall][detcore, dtid 3] inbound syscall: openat(-100, 0x7ffff76d89e0 -> "/lib64/libcrypto.so.3", OFlag(O_CLOEXEC)) = ?
2026-07-23T20:18:53.133181Z  INFO detcore::scheduler: [sched-step5] >>>>>>>

 COMMIT turn 50, dettid 3 using resources {Path("/lib64/libcrypto.so.3"): R}, on previously committed 1_640_995_199.030_687_030s
2026-07-23T20:18:53.133219Z  INFO detcore::syscalls::files: Injecting additional fstat to retrieve file metadata on fd 3.
2026-07-23T20:18:53.133261Z  INFO detcore: DETLOG [syscall][detcore, dtid 3] finish syscall #428: openat(-100, 0x7ffff76d89e0 -> "/lib64/libcrypto.so.3", OFlag(O_CLOEXEC)) = Ok(3)
2026-07-23T20:18:53.133283Z  INFO detcore: DETLOG [syscall][detcore, dtid 3] inbound syscall: read(3, 0x7fffffffa4b8, 832) = ?
2026-07-23T20:18:53.133305Z  INFO detcore: DETLOG [syscall][detcore, dtid 3] finish syscall #429: read(3, 0x7fffffffa4b8, 832) = Ok(832)
2026-07-23T20:18:53.133327Z  INFO detcore: DETLOG [syscall][detcore, dtid 3] inbound syscall: fstat(3, 0x7fffffffa350) = ?
2026-07-23T20:18:53.133347Z  INFO detcore: DETLOG [syscall][detcore, dtid 3] finish syscall #430: fstat(3, 0x7fffffffa350) = Ok(0)
2026-07-23T20:18:53.133367Z  INFO detcore: DETLOG [syscall][detcore, dtid 3] inbound syscall: mmap(NULL, 6052176, ProtFlags(PROT_READ), MapFlags(MAP_PRIVATE | MAP_DENYWRITE), 3, 0) = ?
2026-07-23T20:18:53.133390Z  INFO detcore: DETLOG [syscall][detcore, dtid 3] finish syscall #431: mmap(NULL, 6052176, ProtFlags(PROT_READ), MapFlags(MAP_PRIVATE | MAP_DENYWRITE), 3, 0) = Ok(140737316388864)
2026-07-23T20:18:53.133411Z  INFO detcore: DETLOG [syscall][detcore, dtid 3] inbound syscall: mmap(0x7ffff5cdc000, 3444736, ProtFlags(PROT_READ | PROT_EXEC), MapFlags(MAP_PRIVATE | MAP_FIXED | MAP_DENYWRITE), 3, 901120) = ?
2026-07-23T20:18:53.133434Z  INFO detcore: DETLOG [syscall][detcore, dtid 3] finish syscall #432: mmap(0x7ffff5cdc000, 3444736, ProtFlags(PROT_READ | PROT_EXEC), MapFlags(MAP_PRIVATE | MAP_FIXED | MAP_DENYWRITE), 3, 901120) = Ok(140737317289984)
2026-07-23T20:18:53.133455Z  INFO detcore: DETLOG [syscall][detcore, dtid 3] inbound syscall: mmap(0x7ffff6025000, 1196032, ProtFlags(PROT_READ), MapFlags(MAP_PRIVATE | MAP_FIXED | MAP_DENYWRITE), 3, 4345856) = ?
2026-07-23T20:18:53.133476Z  INFO detcore: DETLOG [syscall][detcore, dtid 3] finish syscall #433: mmap(0x7ffff6025000, 1196032, ProtFlags(PROT_READ), MapFlags(MAP_PRIVATE | MAP_FIXED | MAP_DENYWRITE), 3, 4345856) = Ok(140737320734720)
2026-07-23T20:18:53.133496Z  INFO detcore: DETLOG [syscall][detcore, dtid 3] inbound syscall: mmap(0x7ffff6149000, 499712, ProtFlags(PROT_READ | PROT_WRITE), MapFlags(MAP_PRIVATE | MAP_FIXED | MAP_DENYWRITE), 3, 5541888) = ?
2026-07-23T20:18:53.133520Z  INFO detcore: DETLOG [syscall][detcore, dtid 3] finish syscall #434: mmap(0x7ffff6149000, 499712, ProtFlags(PROT_READ | PROT_WRITE), MapFlags(MAP_PRIVATE | MAP_FIXED | MAP_DENYWRITE), 3, 5541888) = Ok(140737321930752)
2026-07-23T20:18:53.133545Z  INFO detcore: DETLOG [syscall][detcore, dtid 3] inbound syscall: mmap(0x7ffff61c3000, 10576, ProtFlags(PROT_READ | PROT_WRITE), MapFlags(MAP_PRIVATE | MAP_FIXED | MAP_ANON), -1, 0) = ?
2026-07-23T20:18:53.133565Z  INFO detcore: DETLOG [syscall][detcore, dtid 3] finish syscall #435: mmap(0x7ffff61c3000, 10576, ProtFlags(PROT_READ | PROT_WRITE), MapFlags(MAP_PRIVATE | MAP_FIXED | MAP_ANON), -1, 0) = Ok(140737322430464)
2026-07-23T20:18:53.133593Z  INFO detcore: DETLOG [syscall][detcore, dtid 3] inbound syscall: close(3) = ?
2026-07-23T20:18:53.133611Z  INFO detcore: DETLOG [syscall][detcore, dtid 3] finish syscall #436: close(3) = Ok(0)
2026-07-23T20:18:53.133654Z  INFO detcore: DETLOG [syscall][detcore, dtid 3] inbound syscall: openat(-100, 0x7ffff76d9130 -> "/lib64/libudev.so.1", OFlag(O_CLOEXEC)) = ?
2026-07-23T20:18:53.133661Z  INFO detcore::scheduler: [sched-step5] >>>>>>>

 COMMIT turn 51, dettid 3 using resources {Path("/lib64/libudev.so.1"): R}, on previously committed 1_640_995_199.031_462_610s
2026-07-23T20:18:53.133703Z  INFO detcore::syscalls::files: Injecting additional fstat to retrieve file metadata on fd 3.
2026-07-23T20:18:53.133748Z  INFO detcore: DETLOG [syscall][detcore, dtid 3] finish syscall #437: openat(-100, 0x7ffff76d9130 -> "/lib64/libudev.so.1", OFlag(O_CLOEXEC)) = Ok(3)
2026-07-23T20:18:53.133773Z  INFO detcore: DETLOG [syscall][detcore, dtid 3] inbound syscall: read(3, 0x7fffffffa498, 832) = ?
2026-07-23T20:18:53.133792Z  INFO detcore: DETLOG [syscall][detcore, dtid 3] finish syscall #438: read(3, 0x7fffffffa498, 832) = Ok(832)
2026-07-23T20:18:53.133812Z  INFO detcore: DETLOG [syscall][detcore, dtid 3] inbound syscall: fstat(3, 0x7fffffffa330) = ?
2026-07-23T20:18:53.133834Z  INFO detcore: DETLOG [syscall][detcore, dtid 3] finish syscall #439: fstat(3, 0x7fffffffa330) = Ok(0)
2026-07-23T20:18:53.133857Z  INFO detcore: DETLOG [syscall][detcore, dtid 3] inbound syscall: mmap(NULL, 309544, ProtFlags(PROT_READ), MapFlags(MAP_PRIVATE | MAP_DENYWRITE), 3, 0) = ?
2026-07-23T20:18:53.133878Z  INFO detcore: DETLOG [syscall][detcore, dtid 3] finish syscall #440: mmap(NULL, 309544, ProtFlags(PROT_READ), MapFlags(MAP_PRIVATE | MAP_DENYWRITE), 3, 0) = Ok(140737323188224)
2026-07-23T20:18:53.133899Z  INFO detcore: DETLOG [syscall][detcore, dtid 3] inbound syscall: mmap(0x7ffff6284000, 163840, ProtFlags(PROT_READ | PROT_EXEC), MapFlags(MAP_PRIVATE | MAP_FIXED | MAP_DENYWRITE), 3, 32768) = ?
2026-07-23T20:18:53.133924Z  INFO detcore: DETLOG [syscall][detcore, dtid 3] finish syscall #441: mmap(0x7ffff6284000, 163840, ProtFlags(PROT_READ | PROT_EXEC), MapFlags(MAP_PRIVATE | MAP_FIXED | MAP_DENYWRITE), 3, 32768) = Ok(140737323220992)
2026-07-23T20:18:53.133945Z  INFO detcore: DETLOG [syscall][detcore, dtid 3] inbound syscall: mmap(0x7ffff62ac000, 90112, ProtFlags(PROT_READ), MapFlags(MAP_PRIVATE | MAP_FIXED | MAP_DENYWRITE), 3, 196608) = ?
2026-07-23T20:18:53.133965Z  INFO detcore: DETLOG [syscall][detcore, dtid 3] finish syscall #442: mmap(0x7ffff62ac000, 90112, ProtFlags(PROT_READ), MapFlags(MAP_PRIVATE | MAP_FIXED | MAP_DENYWRITE), 3, 196608) = Ok(140737323384832)
2026-07-23T20:18:53.133987Z  INFO detcore: DETLOG [syscall][detcore, dtid 3] inbound syscall: mmap(0x7ffff62c2000, 24576, ProtFlags(PROT_READ | PROT_WRITE), MapFlags(MAP_PRIVATE | MAP_FIXED | MAP_DENYWRITE), 3, 286720) = ?
2026-07-23T20:18:53.134007Z  INFO detcore: DETLOG [syscall][detcore, dtid 3] finish syscall #443: mmap(0x7ffff62c2000, 24576, ProtFlags(PROT_READ | PROT_WRITE), MapFlags(MAP_PRIVATE | MAP_FIXED | MAP_DENYWRITE), 3, 286720) = Ok(140737323474944)
2026-07-23T20:18:53.134038Z  INFO detcore: DETLOG [syscall][detcore, dtid 3] inbound syscall: close(3) = ?
2026-07-23T20:18:53.134057Z  INFO detcore: DETLOG [syscall][detcore, dtid 3] finish syscall #444: close(3) = Ok(0)
2026-07-23T20:18:53.134082Z  INFO detcore: DETLOG [syscall][detcore, dtid 3] inbound syscall: openat(-100, 0x7ffff76d9630 -> "/lib64/libuuid.so.1", OFlag(O_CLOEXEC)) = ?
2026-07-23T20:18:53.134089Z  INFO detcore::scheduler: [sched-step5] >>>>>>>

 COMMIT turn 52, dettid 3 using resources {Path("/lib64/libuuid.so.1"): R}, on previously committed 1_640_995_199.032_063_590s
2026-07-23T20:18:53.134123Z  INFO detcore::syscalls::files: Injecting additional fstat to retrieve file metadata on fd 3.
2026-07-23T20:18:53.134165Z  INFO detcore: DETLOG [syscall][detcore, dtid 3] finish syscall #445: openat(-100, 0x7ffff76d9630 -> "/lib64/libuuid.so.1", OFlag(O_CLOEXEC)) = Ok(3)
2026-07-23T20:18:53.134187Z  INFO detcore: DETLOG [syscall][detcore, dtid 3] inbound syscall: read(3, 0x7fffffffa478, 832) = ?
2026-07-23T20:18:53.134206Z  INFO detcore: DETLOG [syscall][detcore, dtid 3] finish syscall #446: read(3, 0x7fffffffa478, 832) = Ok(832)
2026-07-23T20:18:53.134227Z  INFO detcore: DETLOG [syscall][detcore, dtid 3] inbound syscall: fstat(3, 0x7fffffffa310) = ?
2026-07-23T20:18:53.134248Z  INFO detcore: DETLOG [syscall][detcore, dtid 3] finish syscall #447: fstat(3, 0x7fffffffa310) = Ok(0)
2026-07-23T20:18:53.134268Z  INFO detcore: DETLOG [syscall][detcore, dtid 3] inbound syscall: mmap(NULL, 36896, ProtFlags(PROT_READ), MapFlags(MAP_PRIVATE | MAP_DENYWRITE), 3, 0) = ?
2026-07-23T20:18:53.134291Z  INFO detcore: DETLOG [syscall][detcore, dtid 3] finish syscall #448: mmap(NULL, 36896, ProtFlags(PROT_READ), MapFlags(MAP_PRIVATE | MAP_DENYWRITE), 3, 0) = Ok(140737323147264)
2026-07-23T20:18:53.134314Z  INFO detcore: DETLOG [syscall][detcore, dtid 3] inbound syscall: mmap(0x7ffff6274000, 20480, ProtFlags(PROT_READ | PROT_EXEC), MapFlags(MAP_PRIVATE | MAP_FIXED | MAP_DENYWRITE), 3, 8192) = ?
2026-07-23T20:18:53.134335Z  INFO detcore: DETLOG [syscall][detcore, dtid 3] finish syscall #449: mmap(0x7ffff6274000, 20480, ProtFlags(PROT_READ | PROT_EXEC), MapFlags(MAP_PRIVATE | MAP_FIXED | MAP_DENYWRITE), 3, 8192) = Ok(140737323155456)
2026-07-23T20:18:53.134357Z  INFO detcore: DETLOG [syscall][detcore, dtid 3] inbound syscall: mmap(0x7ffff6279000, 4096, ProtFlags(PROT_READ), MapFlags(MAP_PRIVATE | MAP_FIXED | MAP_DENYWRITE), 3, 28672) = ?
2026-07-23T20:18:53.134379Z  INFO detcore: DETLOG [syscall][detcore, dtid 3] finish syscall #450: mmap(0x7ffff6279000, 4096, ProtFlags(PROT_READ), MapFlags(MAP_PRIVATE | MAP_FIXED | MAP_DENYWRITE), 3, 28672) = Ok(140737323175936)
2026-07-23T20:18:53.134399Z  INFO detcore: DETLOG [syscall][detcore, dtid 3] inbound syscall: mmap(0x7ffff627a000, 4096, ProtFlags(PROT_READ | PROT_WRITE), MapFlags(MAP_PRIVATE | MAP_FIXED | MAP_DENYWRITE), 3, 28672) = ?
2026-07-23T20:18:53.134421Z  INFO detcore: DETLOG [syscall][detcore, dtid 3] finish syscall #451: mmap(0x7ffff627a000, 4096, ProtFlags(PROT_READ | PROT_WRITE), MapFlags(MAP_PRIVATE | MAP_FIXED | MAP_DENYWRITE), 3, 28672) = Ok(140737323180032)
2026-07-23T20:18:53.134442Z  INFO detcore: DETLOG [syscall][detcore, dtid 3] inbound syscall: mmap(0x7ffff627b000, 32, ProtFlags(PROT_READ | PROT_WRITE), MapFlags(MAP_PRIVATE | MAP_FIXED | MAP_ANON), -1, 0) = ?
2026-07-23T20:18:53.134461Z  INFO detcore: DETLOG [syscall][detcore, dtid 3] finish syscall #452: mmap(0x7ffff627b000, 32, ProtFlags(PROT_READ | PROT_WRITE), MapFlags(MAP_PRIVATE | MAP_FIXED | MAP_ANON), -1, 0) = Ok(140737323184128)
2026-07-23T20:18:53.134485Z  INFO detcore: DETLOG [syscall][detcore, dtid 3] inbound syscall: close(3) = ?
2026-07-23T20:18:53.134504Z  INFO detcore: DETLOG [syscall][detcore, dtid 3] finish syscall #453: close(3) = Ok(0)
2026-07-23T20:18:53.134530Z  INFO detcore: DETLOG [syscall][detcore, dtid 3] inbound syscall: openat(-100, 0x7ffff76d9b30 -> "/lib64/libkmod.so.2", OFlag(O_CLOEXEC)) = ?
2026-07-23T20:18:53.134536Z  INFO detcore::scheduler: [sched-step5] >>>>>>>

 COMMIT turn 53, dettid 3 using resources {Path("/lib64/libkmod.so.2"): R}, on previously committed 1_640_995_199.032_673_060s
2026-07-23T20:18:53.134570Z  INFO detcore::syscalls::files: Injecting additional fstat to retrieve file metadata on fd 3.
2026-07-23T20:18:53.134615Z  INFO detcore: DETLOG [syscall][detcore, dtid 3] finish syscall #454: openat(-100, 0x7ffff76d9b30 -> "/lib64/libkmod.so.2", OFlag(O_CLOEXEC)) = Ok(3)
2026-07-23T20:18:53.134637Z  INFO detcore: DETLOG [syscall][detcore, dtid 3] inbound syscall: read(3, 0x7fffffffa458, 832) = ?
2026-07-23T20:18:53.134658Z  INFO detcore: DETLOG [syscall][detcore, dtid 3] finish syscall #455: read(3, 0x7fffffffa458, 832) = Ok(832)
2026-07-23T20:18:53.134679Z  INFO detcore: DETLOG [syscall][detcore, dtid 3] inbound syscall: fstat(3, 0x7fffffffa2f0) = ?
2026-07-23T20:18:53.134704Z  INFO detcore: DETLOG [syscall][detcore, dtid 3] finish syscall #456: fstat(3, 0x7fffffffa2f0) = Ok(0)
2026-07-23T20:18:53.134725Z  INFO detcore: DETLOG [syscall][detcore, dtid 3] inbound syscall: mmap(NULL, 8192, ProtFlags(PROT_READ | PROT_WRITE), MapFlags(MAP_PRIVATE | MAP_ANON), -1, 0) = ?
2026-07-23T20:18:53.134746Z  INFO detcore: DETLOG [syscall][detcore, dtid 3] finish syscall #457: mmap(NULL, 8192, ProtFlags(PROT_READ | PROT_WRITE), MapFlags(MAP_PRIVATE | MAP_ANON), -1, 0) = Ok(140737335312384)
2026-07-23T20:18:53.134771Z  INFO detcore: DETLOG [syscall][detcore, dtid 3] inbound syscall: mmap(NULL, 102448, ProtFlags(PROT_READ), MapFlags(MAP_PRIVATE | MAP_DENYWRITE), 3, 0) = ?
2026-07-23T20:18:53.134791Z  INFO detcore: DETLOG [syscall][detcore, dtid 3] finish syscall #458: mmap(NULL, 102448, ProtFlags(PROT_READ), MapFlags(MAP_PRIVATE | MAP_DENYWRITE), 3, 0) = Ok(140737323040768)
2026-07-23T20:18:53.134813Z  INFO detcore: DETLOG [syscall][detcore, dtid 3] inbound syscall: mmap(0x7ffff625c000, 65536, ProtFlags(PROT_READ | PROT_EXEC), MapFlags(MAP_PRIVATE | MAP_FIXED | MAP_DENYWRITE), 3, 16384) = ?
2026-07-23T20:18:53.134837Z  INFO detcore: DETLOG [syscall][detcore, dtid 3] finish syscall #459: mmap(0x7ffff625c000, 65536, ProtFlags(PROT_READ | PROT_EXEC), MapFlags(MAP_PRIVATE | MAP_FIXED | MAP_DENYWRITE), 3, 16384) = Ok(140737323057152)
2026-07-23T20:18:53.134860Z  INFO detcore: DETLOG [syscall][detcore, dtid 3] inbound syscall: mmap(0x7ffff626c000, 16384, ProtFlags(PROT_READ), MapFlags(MAP_PRIVATE | MAP_FIXED | MAP_DENYWRITE), 3, 81920) = ?
2026-07-23T20:18:53.134885Z  INFO detcore: DETLOG [syscall][detcore, dtid 3] finish syscall #460: mmap(0x7ffff626c000, 16384, ProtFlags(PROT_READ), MapFlags(MAP_PRIVATE | MAP_FIXED | MAP_DENYWRITE), 3, 81920) = Ok(140737323122688)
2026-07-23T20:18:53.134906Z  INFO detcore: DETLOG [syscall][detcore, dtid 3] inbound syscall: mmap(0x7ffff6270000, 8192, ProtFlags(PROT_READ | PROT_WRITE), MapFlags(MAP_PRIVATE | MAP_FIXED | MAP_DENYWRITE), 3, 98304) = ?
2026-07-23T20:18:53.134928Z  INFO detcore: DETLOG [syscall][detcore, dtid 3] finish syscall #461: mmap(0x7ffff6270000, 8192, ProtFlags(PROT_READ | PROT_WRITE), MapFlags(MAP_PRIVATE | MAP_FIXED | MAP_DENYWRITE), 3, 98304) = Ok(140737323139072)
2026-07-23T20:18:53.134958Z  INFO detcore: DETLOG [syscall][detcore, dtid 3] inbound syscall: close(3) = ?
2026-07-23T20:18:53.134978Z  INFO detcore: DETLOG [syscall][detcore, dtid 3] finish syscall #462: close(3) = Ok(0)
2026-07-23T20:18:53.135011Z  INFO detcore: DETLOG [syscall][detcore, dtid 3] inbound syscall: openat(-100, 0x7ffff6e0c5a0 -> "/lib64/libblkid.so.1", OFlag(O_CLOEXEC)) = ?
2026-07-23T20:18:53.135018Z  INFO detcore::scheduler: [sched-step5] >>>>>>>

 COMMIT turn 54, dettid 3 using resources {Path("/lib64/libblkid.so.1"): R}, on previously committed 1_640_995_199.033_328_140s
2026-07-23T20:18:53.135054Z  INFO detcore::syscalls::files: Injecting additional fstat to retrieve file metadata on fd 3.
2026-07-23T20:18:53.135106Z  INFO detcore: DETLOG [syscall][detcore, dtid 3] finish syscall #463: openat(-100, 0x7ffff6e0c5a0 -> "/lib64/libblkid.so.1", OFlag(O_CLOEXEC)) = Ok(3)
2026-07-23T20:18:53.135126Z  INFO detcore: DETLOG [syscall][detcore, dtid 3] inbound syscall: read(3, 0x7fffffffa438, 832) = ?
2026-07-23T20:18:53.135145Z  INFO detcore: DETLOG [syscall][detcore, dtid 3] finish syscall #464: read(3, 0x7fffffffa438, 832) = Ok(832)
2026-07-23T20:18:53.135167Z  INFO detcore: DETLOG [syscall][detcore, dtid 3] inbound syscall: fstat(3, 0x7fffffffa2d0) = ?
2026-07-23T20:18:53.135189Z  INFO detcore: DETLOG [syscall][detcore, dtid 3] finish syscall #465: fstat(3, 0x7fffffffa2d0) = Ok(0)
2026-07-23T20:18:53.135220Z  INFO detcore: DETLOG [syscall][detcore, dtid 3] inbound syscall: mmap(NULL, 222096, ProtFlags(PROT_READ), MapFlags(MAP_PRIVATE | MAP_DENYWRITE), 3, 0) = ?
2026-07-23T20:18:53.135245Z  INFO detcore: DETLOG [syscall][detcore, dtid 3] finish syscall #466: mmap(NULL, 222096, ProtFlags(PROT_READ), MapFlags(MAP_PRIVATE | MAP_DENYWRITE), 3, 0) = Ok(140737322815488)
2026-07-23T20:18:53.135270Z  INFO detcore: DETLOG [syscall][detcore, dtid 3] inbound syscall: mmap(0x7ffff6228000, 135168, ProtFlags(PROT_READ | PROT_EXEC), MapFlags(MAP_PRIVATE | MAP_FIXED | MAP_DENYWRITE), 3, 28672) = ?
2026-07-23T20:18:53.135298Z  INFO detcore: DETLOG [syscall][detcore, dtid 3] finish syscall #467: mmap(0x7ffff6228000, 135168, ProtFlags(PROT_READ | PROT_EXEC), MapFlags(MAP_PRIVATE | MAP_FIXED | MAP_DENYWRITE), 3, 28672) = Ok(140737322844160)
2026-07-23T20:18:53.135320Z  INFO detcore: DETLOG [syscall][detcore, dtid 3] inbound syscall: mmap(0x7ffff6249000, 36864, ProtFlags(PROT_READ), MapFlags(MAP_PRIVATE | MAP_FIXED | MAP_DENYWRITE), 3, 163840) = ?
2026-07-23T20:18:53.135347Z  INFO detcore: DETLOG [syscall][detcore, dtid 3] finish syscall #468: mmap(0x7ffff6249000, 36864, ProtFlags(PROT_READ), MapFlags(MAP_PRIVATE | MAP_FIXED | MAP_DENYWRITE), 3, 163840) = Ok(140737322979328)
2026-07-23T20:18:53.135369Z  INFO detcore: DETLOG [syscall][detcore, dtid 3] inbound syscall: mmap(0x7ffff6252000, 24576, ProtFlags(PROT_READ | PROT_WRITE), MapFlags(MAP_PRIVATE | MAP_FIXED | MAP_DENYWRITE), 3, 200704) = ?
2026-07-23T20:18:53.135390Z  INFO detcore: DETLOG [syscall][detcore, dtid 3] finish syscall #469: mmap(0x7ffff6252000, 24576, ProtFlags(PROT_READ | PROT_WRITE), MapFlags(MAP_PRIVATE | MAP_FIXED | MAP_DENYWRITE), 3, 200704) = Ok(140737323016192)
2026-07-23T20:18:53.135421Z  INFO detcore: DETLOG [syscall][detcore, dtid 3] inbound syscall: close(3) = ?
2026-07-23T20:18:53.135441Z  INFO detcore: DETLOG [syscall][detcore, dtid 3] finish syscall #470: close(3) = Ok(0)
2026-07-23T20:18:53.135467Z  INFO detcore: DETLOG [syscall][detcore, dtid 3] inbound syscall: openat(-100, 0x7ffff6e0caf0 -> "/lib64/libpcre2-8.so.0", OFlag(O_CLOEXEC)) = ?
2026-07-23T20:18:53.135473Z  INFO detcore::scheduler: [sched-step5] >>>>>>>

 COMMIT turn 55, dettid 3 using resources {Path("/lib64/libpcre2-8.so.0"): R}, on previously committed 1_640_995_199.033_946_800s
2026-07-23T20:18:53.135507Z  INFO detcore::syscalls::files: Injecting additional fstat to retrieve file metadata on fd 3.
2026-07-23T20:18:53.135552Z  INFO detcore: DETLOG [syscall][detcore, dtid 3] finish syscall #471: openat(-100, 0x7ffff6e0caf0 -> "/lib64/libpcre2-8.so.0", OFlag(O_CLOEXEC)) = Ok(3)
2026-07-23T20:18:53.135578Z  INFO detcore: DETLOG [syscall][detcore, dtid 3] inbound syscall: read(3, 0x7fffffffa418, 832) = ?
2026-07-23T20:18:53.135598Z  INFO detcore: DETLOG [syscall][detcore, dtid 3] finish syscall #472: read(3, 0x7fffffffa418, 832) = Ok(832)
2026-07-23T20:18:53.135620Z  INFO detcore: DETLOG [syscall][detcore, dtid 3] inbound syscall: fstat(3, 0x7fffffffa2b0) = ?
2026-07-23T20:18:53.135645Z  INFO detcore: DETLOG [syscall][detcore, dtid 3] finish syscall #473: fstat(3, 0x7fffffffa2b0) = Ok(0)
2026-07-23T20:18:53.135668Z  INFO detcore: DETLOG [syscall][detcore, dtid 3] inbound syscall: mmap(NULL, 635440, ProtFlags(PROT_READ), MapFlags(MAP_PRIVATE | MAP_DENYWRITE), 3, 0) = ?
2026-07-23T20:18:53.135696Z  INFO detcore: DETLOG [syscall][detcore, dtid 3] finish syscall #474: mmap(NULL, 635440, ProtFlags(PROT_READ), MapFlags(MAP_PRIVATE | MAP_DENYWRITE), 3, 0) = Ok(140737315749888)
2026-07-23T20:18:53.135719Z  INFO detcore: DETLOG [syscall][detcore, dtid 3] inbound syscall: mmap(0x7ffff5b66000, 446464, ProtFlags(PROT_READ | PROT_EXEC), MapFlags(MAP_PRIVATE | MAP_FIXED | MAP_DENYWRITE), 3, 8192) = ?
2026-07-23T20:18:53.135751Z  INFO detcore: DETLOG [syscall][detcore, dtid 3] finish syscall #475: mmap(0x7ffff5b66000, 446464, ProtFlags(PROT_READ | PROT_EXEC), MapFlags(MAP_PRIVATE | MAP_FIXED | MAP_DENYWRITE), 3, 8192) = Ok(140737315758080)
2026-07-23T20:18:53.135776Z  INFO detcore: DETLOG [syscall][detcore, dtid 3] inbound syscall: mmap(0x7ffff5bd3000, 176128, ProtFlags(PROT_READ), MapFlags(MAP_PRIVATE | MAP_FIXED | MAP_DENYWRITE), 3, 454656) = ?
2026-07-23T20:18:53.135801Z  INFO detcore: DETLOG [syscall][detcore, dtid 3] finish syscall #476: mmap(0x7ffff5bd3000, 176128, ProtFlags(PROT_READ), MapFlags(MAP_PRIVATE | MAP_FIXED | MAP_DENYWRITE), 3, 454656) = Ok(140737316204544)
2026-07-23T20:18:53.135822Z  INFO detcore: DETLOG [syscall][detcore, dtid 3] inbound syscall: mmap(0x7ffff5bfe000, 8192, ProtFlags(PROT_READ | PROT_WRITE), MapFlags(MAP_PRIVATE | MAP_FIXED | MAP_DENYWRITE), 3, 626688) = ?
2026-07-23T20:18:53.135843Z  INFO detcore: DETLOG [syscall][detcore, dtid 3] finish syscall #477: mmap(0x7ffff5bfe000, 8192, ProtFlags(PROT_READ | PROT_WRITE), MapFlags(MAP_PRIVATE | MAP_FIXED | MAP_DENYWRITE), 3, 626688) = Ok(140737316380672)
2026-07-23T20:18:53.135872Z  INFO detcore: DETLOG [syscall][detcore, dtid 3] inbound syscall: close(3) = ?
2026-07-23T20:18:53.135892Z  INFO detcore: DETLOG [syscall][detcore, dtid 3] finish syscall #478: close(3) = Ok(0)
2026-07-23T20:18:53.135936Z  INFO detcore: DETLOG [syscall][detcore, dtid 3] inbound syscall: openat(-100, 0x7ffff6e0d2a0 -> "/lib64/liblzma.so.5", OFlag(O_CLOEXEC)) = ?
2026-07-23T20:18:53.135946Z  INFO detcore::scheduler: [sched-step5] >>>>>>>

 COMMIT turn 56, dettid 3 using resources {Path("/lib64/liblzma.so.5"): R}, on previously committed 1_640_995_199.034_694_120s
2026-07-23T20:18:53.135983Z  INFO detcore::syscalls::files: Injecting additional fstat to retrieve file metadata on fd 3.
2026-07-23T20:18:53.136032Z  INFO detcore: DETLOG [syscall][detcore, dtid 3] finish syscall #479: openat(-100, 0x7ffff6e0d2a0 -> "/lib64/liblzma.so.5", OFlag(O_CLOEXEC)) = Ok(3)
2026-07-23T20:18:53.136055Z  INFO detcore: DETLOG [syscall][detcore, dtid 3] inbound syscall: read(3, 0x7fffffffa3f8, 832) = ?
2026-07-23T20:18:53.136077Z  INFO detcore: DETLOG [syscall][detcore, dtid 3] finish syscall #480: read(3, 0x7fffffffa3f8, 832) = Ok(832)
2026-07-23T20:18:53.136098Z  INFO detcore: DETLOG [syscall][detcore, dtid 3] inbound syscall: fstat(3, 0x7fffffffa290) = ?
2026-07-23T20:18:53.136118Z  INFO detcore: DETLOG [syscall][detcore, dtid 3] finish syscall #481: fstat(3, 0x7fffffffa290) = Ok(0)
2026-07-23T20:18:53.136147Z  INFO detcore: DETLOG [syscall][detcore, dtid 3] inbound syscall: mmap(NULL, 176136, ProtFlags(PROT_READ), MapFlags(MAP_PRIVATE | MAP_DENYWRITE), 3, 0) = ?
2026-07-23T20:18:53.136169Z  INFO detcore: DETLOG [syscall][detcore, dtid 3] finish syscall #482: mmap(NULL, 176136, ProtFlags(PROT_READ), MapFlags(MAP_PRIVATE | MAP_DENYWRITE), 3, 0) = Ok(140737322635264)
2026-07-23T20:18:53.136191Z  INFO detcore: DETLOG [syscall][detcore, dtid 3] inbound syscall: mprotect(0x7ffff61f8000, 159744, ProtFlags(0x0)) = ?
2026-07-23T20:18:53.136225Z  INFO detcore: DETLOG [syscall][detcore, dtid 3] finish syscall #483: mprotect(0x7ffff61f8000, 159744, ProtFlags(0x0)) = Ok(0)
2026-07-23T20:18:53.136245Z  INFO detcore: DETLOG [syscall][detcore, dtid 3] inbound syscall: mmap(0x7ffff61f8000, 110592, ProtFlags(PROT_READ | PROT_EXEC), MapFlags(MAP_PRIVATE | MAP_FIXED | MAP_DENYWRITE), 3, 12288) = ?
2026-07-23T20:18:53.136269Z  INFO detcore: DETLOG [syscall][detcore, dtid 3] finish syscall #484: mmap(0x7ffff61f8000, 110592, ProtFlags(PROT_READ | PROT_EXEC), MapFlags(MAP_PRIVATE | MAP_FIXED | MAP_DENYWRITE), 3, 12288) = Ok(140737322647552)
2026-07-23T20:18:53.136291Z  INFO detcore: DETLOG [syscall][detcore, dtid 3] inbound syscall: mmap(0x7ffff6213000, 45056, ProtFlags(PROT_READ), MapFlags(MAP_PRIVATE | MAP_FIXED | MAP_DENYWRITE), 3, 122880) = ?
2026-07-23T20:18:53.136311Z  INFO detcore: DETLOG [syscall][detcore, dtid 3] finish syscall #485: mmap(0x7ffff6213000, 45056, ProtFlags(PROT_READ), MapFlags(MAP_PRIVATE | MAP_FIXED | MAP_DENYWRITE), 3, 122880) = Ok(140737322758144)
2026-07-23T20:18:53.136333Z  INFO detcore: DETLOG [syscall][detcore, dtid 3] inbound syscall: mmap(0x7ffff621f000, 4096, ProtFlags(PROT_READ | PROT_WRITE), MapFlags(MAP_PRIVATE | MAP_FIXED | MAP_DENYWRITE), 3, 167936) = ?
2026-07-23T20:18:53.136355Z  INFO detcore: DETLOG [syscall][detcore, dtid 3] finish syscall #486: mmap(0x7ffff621f000, 4096, ProtFlags(PROT_READ | PROT_WRITE), MapFlags(MAP_PRIVATE | MAP_FIXED | MAP_DENYWRITE), 3, 167936) = Ok(140737322807296)
2026-07-23T20:18:53.136386Z  INFO detcore: DETLOG [syscall][detcore, dtid 3] inbound syscall: mmap(0x7ffff6220000, 8, ProtFlags(PROT_READ | PROT_WRITE), MapFlags(MAP_PRIVATE | MAP_FIXED | MAP_ANON), -1, 0) = ?
2026-07-23T20:18:53.136407Z  INFO detcore: DETLOG [syscall][detcore, dtid 3] finish syscall #487: mmap(0x7ffff6220000, 8, ProtFlags(PROT_READ | PROT_WRITE), MapFlags(MAP_PRIVATE | MAP_FIXED | MAP_ANON), -1, 0) = Ok(140737322811392)
2026-07-23T20:18:53.136431Z  INFO detcore: DETLOG [syscall][detcore, dtid 3] inbound syscall: close(3) = ?
2026-07-23T20:18:53.136449Z  INFO detcore: DETLOG [syscall][detcore, dtid 3] finish syscall #488: close(3) = Ok(0)
2026-07-23T20:18:53.136482Z  INFO detcore: [dtid 3] inbound rdtsc, new logical time: DetTime { syscalls: 488, rcbs: 196961, nondet_instrs: 25, starting_micros: 1640995199000000, multiplier: 1.0 }
2026-07-23T20:18:53.136523Z  INFO detcore: DETLOG [syscall][detcore, dtid 3] inbound syscall: mmap(NULL, 8192, ProtFlags(PROT_READ | PROT_WRITE), MapFlags(MAP_PRIVATE | MAP_ANON), -1, 0) = ?
2026-07-23T20:18:53.136545Z  INFO detcore: DETLOG [syscall][detcore, dtid 3] finish syscall #489: mmap(NULL, 8192, ProtFlags(PROT_READ | PROT_WRITE), MapFlags(MAP_PRIVATE | MAP_ANON), -1, 0) = Ok(140737335304192)
2026-07-23T20:18:53.136604Z  INFO detcore: DETLOG [syscall][detcore, dtid 3] inbound syscall: mmap(NULL, 8192, ProtFlags(PROT_READ | PROT_WRITE), MapFlags(MAP_PRIVATE | MAP_ANON), -1, 0) = ?
2026-07-23T20:18:53.136623Z  INFO detcore: DETLOG [syscall][detcore, dtid 3] finish syscall #490: mmap(NULL, 8192, ProtFlags(PROT_READ | PROT_WRITE), MapFlags(MAP_PRIVATE | MAP_ANON), -1, 0) = Ok(140737322627072)
2026-07-23T20:18:53.136676Z  INFO detcore: DETLOG [syscall][detcore, dtid 3] inbound syscall: mmap(NULL, 8192, ProtFlags(PROT_READ | PROT_WRITE), MapFlags(MAP_PRIVATE | MAP_ANON), -1, 0) = ?
2026-07-23T20:18:53.136706Z  INFO detcore: DETLOG [syscall][detcore, dtid 3] finish syscall #491: mmap(NULL, 8192, ProtFlags(PROT_READ | PROT_WRITE), MapFlags(MAP_PRIVATE | MAP_ANON), -1, 0) = Ok(140737322618880)
2026-07-23T20:18:53.136759Z  INFO detcore: DETLOG [syscall][detcore, dtid 3] inbound syscall: mmap(NULL, 8192, ProtFlags(PROT_READ | PROT_WRITE), MapFlags(MAP_PRIVATE | MAP_ANON), -1, 0) = ?
2026-07-23T20:18:53.136779Z  INFO detcore: DETLOG [syscall][detcore, dtid 3] finish syscall #492: mmap(NULL, 8192, ProtFlags(PROT_READ | PROT_WRITE), MapFlags(MAP_PRIVATE | MAP_ANON), -1, 0) = Ok(140737322610688)
2026-07-23T20:18:53.136804Z  INFO detcore: DETLOG [syscall][detcore, dtid 3] inbound syscall: mmap(NULL, 8192, ProtFlags(PROT_READ | PROT_WRITE), MapFlags(MAP_PRIVATE | MAP_ANON), -1, 0) = ?
2026-07-23T20:18:53.136823Z  INFO detcore: DETLOG [syscall][detcore, dtid 3] finish syscall #493: mmap(NULL, 8192, ProtFlags(PROT_READ | PROT_WRITE), MapFlags(MAP_PRIVATE | MAP_ANON), -1, 0) = Ok(140737322602496)
2026-07-23T20:18:53.136846Z  INFO detcore: DETLOG [syscall][detcore, dtid 3] inbound syscall: arch_prctl(ARCH_SET_FS, 140737322616000) = ?
2026-07-23T20:18:53.136866Z  INFO detcore: DETLOG [syscall][detcore, dtid 3] finish syscall #494: arch_prctl(ARCH_SET_FS, 140737322616000) = Ok(0)
2026-07-23T20:18:53.136888Z  INFO detcore: DETLOG [syscall][detcore, dtid 3] inbound syscall: set_tid_address(0x7ffff61f0790) = ?
2026-07-23T20:18:53.136910Z  INFO detcore: DETLOG [syscall][detcore, dtid 3] finish syscall #495: set_tid_address(0x7ffff61f0790) = Ok(3)
2026-07-23T20:18:53.136931Z  INFO detcore: DETLOG [syscall][detcore, dtid 3] inbound syscall: set_robust_list(0x7ffff61f07a0, 24) = ?
2026-07-23T20:18:53.136950Z  INFO detcore: DETLOG [syscall][detcore, dtid 3] finish syscall #496: set_robust_list(0x7ffff61f07a0, 24) = Ok(0)
2026-07-23T20:18:53.136972Z  INFO detcore: DETLOG [syscall][detcore, dtid 3] inbound syscall: rseq(140737322618464, 32, 0, 1392848979, 0, 0) = ?
2026-07-23T20:18:53.136991Z  INFO detcore: DETLOG [syscall][detcore, dtid 3] finish syscall #497: rseq(140737322618464, 32, 0, 1392848979, 0, 0) = Ok(0)
2026-07-23T20:18:53.137013Z  INFO detcore: [dtid 3] inbound rdtsc, new logical time: DetTime { syscalls: 497, rcbs: 279955, nondet_instrs: 26, starting_micros: 1640995199000000, multiplier: 1.0 }
2026-07-23T20:18:53.137116Z  INFO detcore: DETLOG [syscall][detcore, dtid 3] inbound syscall: mprotect(0x7ffff6df7000, 16384, ProtFlags(PROT_READ)) = ?
2026-07-23T20:18:53.137139Z  INFO detcore: DETLOG [syscall][detcore, dtid 3] finish syscall #498: mprotect(0x7ffff6df7000, 16384, ProtFlags(PROT_READ)) = Ok(0)
2026-07-23T20:18:53.137162Z  INFO detcore: [dtid 3] inbound rdtsc, new logical time: DetTime { syscalls: 498, rcbs: 311394, nondet_instrs: 27, starting_micros: 1640995199000000, multiplier: 1.0 }
2026-07-23T20:18:53.137185Z  INFO detcore: [dtid 3] inbound rdtsc, new logical time: DetTime { syscalls: 498, rcbs: 311394, nondet_instrs: 28, starting_micros: 1640995199000000, multiplier: 1.0 }
2026-07-23T20:18:53.137285Z  INFO detcore: DETLOG [syscall][detcore, dtid 3] inbound syscall: mprotect(0x7ffff621f000, 4096, ProtFlags(PROT_READ)) = ?
2026-07-23T20:18:53.137304Z  INFO detcore: DETLOG [syscall][detcore, dtid 3] finish syscall #499: mprotect(0x7ffff621f000, 4096, ProtFlags(PROT_READ)) = Ok(0)
2026-07-23T20:18:53.137350Z  INFO detcore: DETLOG [syscall][detcore, dtid 3] inbound syscall: mprotect(0x7ffff5bfe000, 4096, ProtFlags(PROT_READ)) = ?
2026-07-23T20:18:53.137370Z  INFO detcore: DETLOG [syscall][detcore, dtid 3] finish syscall #500: mprotect(0x7ffff5bfe000, 4096, ProtFlags(PROT_READ)) = Ok(0)
2026-07-23T20:18:53.137539Z  INFO detcore: DETLOG [syscall][detcore, dtid 3] inbound syscall: mprotect(0x7ffff6252000, 20480, ProtFlags(PROT_READ)) = ?
2026-07-23T20:18:53.137563Z  INFO detcore: DETLOG [syscall][detcore, dtid 3] finish syscall #501: mprotect(0x7ffff6252000, 20480, ProtFlags(PROT_READ)) = Ok(0)
2026-07-23T20:18:53.137627Z  INFO detcore: DETLOG [syscall][detcore, dtid 3] inbound syscall: mprotect(0x7ffff70ed000, 4096, ProtFlags(PROT_READ)) = ?
2026-07-23T20:18:53.137645Z  INFO detcore: DETLOG [syscall][detcore, dtid 3] finish syscall #502: mprotect(0x7ffff70ed000, 4096, ProtFlags(PROT_READ)) = Ok(0)
2026-07-23T20:18:53.137677Z  INFO detcore: DETLOG [syscall][detcore, dtid 3] inbound syscall: mprotect(0x7ffff7ecb000, 4096, ProtFlags(PROT_READ)) = ?
2026-07-23T20:18:53.137700Z  INFO detcore: DETLOG [syscall][detcore, dtid 3] finish syscall #503: mprotect(0x7ffff7ecb000, 4096, ProtFlags(PROT_READ)) = Ok(0)
2026-07-23T20:18:53.137999Z  INFO detcore: DETLOG [syscall][detcore, dtid 3] inbound syscall: mprotect(0x7ffff6149000, 487424, ProtFlags(PROT_READ)) = ?
2026-07-23T20:18:53.138028Z  INFO detcore: DETLOG [syscall][detcore, dtid 3] finish syscall #504: mprotect(0x7ffff6149000, 487424, ProtFlags(PROT_READ)) = Ok(0)
2026-07-23T20:18:53.138071Z  INFO detcore: DETLOG [syscall][detcore, dtid 3] inbound syscall: mprotect(0x7ffff6f26000, 4096, ProtFlags(PROT_READ)) = ?
2026-07-23T20:18:53.138096Z  INFO detcore: DETLOG [syscall][detcore, dtid 3] finish syscall #505: mprotect(0x7ffff6f26000, 4096, ProtFlags(PROT_READ)) = Ok(0)
2026-07-23T20:18:53.138181Z  INFO detcore: DETLOG [syscall][detcore, dtid 3] inbound syscall: mprotect(0x7ffff6270000, 4096, ProtFlags(PROT_READ)) = ?
2026-07-23T20:18:53.138203Z  INFO detcore: DETLOG [syscall][detcore, dtid 3] finish syscall #506: mprotect(0x7ffff6270000, 4096, ProtFlags(PROT_READ)) = Ok(0)
2026-07-23T20:18:53.138236Z  INFO detcore: DETLOG [syscall][detcore, dtid 3] inbound syscall: mprotect(0x7ffff627a000, 4096, ProtFlags(PROT_READ)) = ?
2026-07-23T20:18:53.138256Z  INFO detcore: DETLOG [syscall][detcore, dtid 3] finish syscall #507: mprotect(0x7ffff627a000, 4096, ProtFlags(PROT_READ)) = Ok(0)
2026-07-23T20:18:53.138336Z  INFO detcore: DETLOG [syscall][detcore, dtid 3] inbound syscall: mprotect(0x7ffff62c2000, 20480, ProtFlags(PROT_READ)) = ?
2026-07-23T20:18:53.138355Z  INFO detcore: DETLOG [syscall][detcore, dtid 3] finish syscall #508: mprotect(0x7ffff62c2000, 20480, ProtFlags(PROT_READ)) = Ok(0)
2026-07-23T20:18:53.138399Z  INFO detcore: DETLOG [syscall][detcore, dtid 3] inbound syscall: mprotect(0x7ffff662e000, 4096, ProtFlags(PROT_READ)) = ?
2026-07-23T20:18:53.138417Z  INFO detcore: DETLOG [syscall][detcore, dtid 3] finish syscall #509: mprotect(0x7ffff662e000, 4096, ProtFlags(PROT_READ)) = Ok(0)
2026-07-23T20:18:53.138462Z  INFO detcore: DETLOG [syscall][detcore, dtid 3] inbound syscall: mprotect(0x7ffff6f38000, 4096, ProtFlags(PROT_READ)) = ?
2026-07-23T20:18:53.138483Z  INFO detcore: DETLOG [syscall][detcore, dtid 3] finish syscall #510: mprotect(0x7ffff6f38000, 4096, ProtFlags(PROT_READ)) = Ok(0)
2026-07-23T20:18:53.138560Z  INFO detcore: DETLOG [syscall][detcore, dtid 3] inbound syscall: mprotect(0x7ffff6676000, 4096, ProtFlags(PROT_READ)) = ?
2026-07-23T20:18:53.138582Z  INFO detcore: DETLOG [syscall][detcore, dtid 3] finish syscall #511: mprotect(0x7ffff6676000, 4096, ProtFlags(PROT_READ)) = Ok(0)
2026-07-23T20:18:53.138657Z  INFO detcore: DETLOG [syscall][detcore, dtid 3] inbound syscall: mprotect(0x7ffff663f000, 4096, ProtFlags(PROT_READ)) = ?
2026-07-23T20:18:53.138678Z  INFO detcore: DETLOG [syscall][detcore, dtid 3] finish syscall #512: mprotect(0x7ffff663f000, 4096, ProtFlags(PROT_READ)) = Ok(0)
2026-07-23T20:18:53.138818Z  INFO detcore: DETLOG [syscall][detcore, dtid 3] inbound syscall: mprotect(0x7ffff6385000, 8192, ProtFlags(PROT_READ)) = ?
2026-07-23T20:18:53.138837Z  INFO detcore: DETLOG [syscall][detcore, dtid 3] finish syscall #513: mprotect(0x7ffff6385000, 8192, ProtFlags(PROT_READ)) = Ok(0)
2026-07-23T20:18:53.139107Z  INFO detcore: DETLOG [syscall][detcore, dtid 3] inbound syscall: mprotect(0x7ffff6357000, 16384, ProtFlags(PROT_READ)) = ?
2026-07-23T20:18:53.139133Z  INFO detcore: DETLOG [syscall][detcore, dtid 3] finish syscall #514: mprotect(0x7ffff6357000, 16384, ProtFlags(PROT_READ)) = Ok(0)
2026-07-23T20:18:53.139172Z  INFO detcore: DETLOG [syscall][detcore, dtid 3] inbound syscall: mprotect(0x7ffff63fe000, 4096, ProtFlags(PROT_READ)) = ?
2026-07-23T20:18:53.139190Z  INFO detcore: DETLOG [syscall][detcore, dtid 3] finish syscall #515: mprotect(0x7ffff63fe000, 4096, ProtFlags(PROT_READ)) = Ok(0)
2026-07-23T20:18:53.139226Z  INFO detcore: DETLOG [syscall][detcore, dtid 3] inbound syscall: mprotect(0x7ffff664b000, 4096, ProtFlags(PROT_READ)) = ?
2026-07-23T20:18:53.139245Z  INFO detcore: DETLOG [syscall][detcore, dtid 3] finish syscall #516: mprotect(0x7ffff664b000, 4096, ProtFlags(PROT_READ)) = Ok(0)
2026-07-23T20:18:53.139412Z  INFO detcore: DETLOG [syscall][detcore, dtid 3] inbound syscall: mprotect(0x7ffff66bd000, 8192, ProtFlags(PROT_READ)) = ?
2026-07-23T20:18:53.139435Z  INFO detcore: DETLOG [syscall][detcore, dtid 3] finish syscall #517: mprotect(0x7ffff66bd000, 8192, ProtFlags(PROT_READ)) = Ok(0)
2026-07-23T20:18:53.139478Z  INFO detcore: DETLOG [syscall][detcore, dtid 3] inbound syscall: mprotect(0x7ffff6e19000, 4096, ProtFlags(PROT_READ)) = ?
2026-07-23T20:18:53.139499Z  INFO detcore: DETLOG [syscall][detcore, dtid 3] finish syscall #518: mprotect(0x7ffff6e19000, 4096, ProtFlags(PROT_READ)) = Ok(0)
2026-07-23T20:18:53.139619Z  INFO detcore: DETLOG [syscall][detcore, dtid 3] inbound syscall: mprotect(0x7ffff66e8000, 4096, ProtFlags(PROT_READ)) = ?
2026-07-23T20:18:53.139639Z  INFO detcore: DETLOG [syscall][detcore, dtid 3] finish syscall #519: mprotect(0x7ffff66e8000, 4096, ProtFlags(PROT_READ)) = Ok(0)
2026-07-23T20:18:53.139680Z  INFO detcore: DETLOG [syscall][detcore, dtid 3] inbound syscall: mprotect(0x7ffff7017000, 4096, ProtFlags(PROT_READ)) = ?
2026-07-23T20:18:53.139709Z  INFO detcore: DETLOG [syscall][detcore, dtid 3] finish syscall #520: mprotect(0x7ffff7017000, 4096, ProtFlags(PROT_READ)) = Ok(0)
2026-07-23T20:18:53.141053Z  INFO detcore: DETLOG [syscall][detcore, dtid 3] inbound syscall: mprotect(0x7ffff6618000, 53248, ProtFlags(PROT_READ)) = ?
2026-07-23T20:18:53.141081Z  INFO detcore: DETLOG [syscall][detcore, dtid 3] finish syscall #521: mprotect(0x7ffff6618000, 53248, ProtFlags(PROT_READ)) = Ok(0)
2026-07-23T20:18:53.141117Z  INFO detcore: DETLOG [syscall][detcore, dtid 3] inbound syscall: mprotect(0x7ffff6e20000, 4096, ProtFlags(PROT_READ)) = ?
2026-07-23T20:18:53.141139Z  INFO detcore: DETLOG [syscall][detcore, dtid 3] finish syscall #522: mprotect(0x7ffff6e20000, 4096, ProtFlags(PROT_READ)) = Ok(0)
2026-07-23T20:18:53.141241Z  INFO detcore: DETLOG [syscall][detcore, dtid 3] inbound syscall: mprotect(0x7ffff6e38000, 8192, ProtFlags(PROT_READ)) = ?
2026-07-23T20:18:53.141259Z  INFO detcore: DETLOG [syscall][detcore, dtid 3] finish syscall #523: mprotect(0x7ffff6e38000, 8192, ProtFlags(PROT_READ)) = Ok(0)
2026-07-23T20:18:53.141566Z  INFO detcore: DETLOG [syscall][detcore, dtid 3] inbound syscall: mprotect(0x7ffff67b5000, 57344, ProtFlags(PROT_READ)) = ?
2026-07-23T20:18:53.141595Z  INFO detcore: DETLOG [syscall][detcore, dtid 3] finish syscall #524: mprotect(0x7ffff67b5000, 57344, ProtFlags(PROT_READ)) = Ok(0)
2026-07-23T20:18:53.141781Z  INFO detcore: DETLOG [syscall][detcore, dtid 3] inbound syscall: mprotect(0x7ffff6818000, 8192, ProtFlags(PROT_READ)) = ?
2026-07-23T20:18:53.141806Z  INFO detcore: DETLOG [syscall][detcore, dtid 3] finish syscall #525: mprotect(0x7ffff6818000, 8192, ProtFlags(PROT_READ)) = Ok(0)
2026-07-23T20:18:53.141837Z  INFO detcore: DETLOG [syscall][detcore, dtid 3] inbound syscall: mprotect(0x7ffff684b000, 4096, ProtFlags(PROT_READ)) = ?
2026-07-23T20:18:53.141860Z  INFO detcore: DETLOG [syscall][detcore, dtid 3] finish syscall #526: mprotect(0x7ffff684b000, 4096, ProtFlags(PROT_READ)) = Ok(0)
2026-07-23T20:18:53.142050Z  INFO detcore: DETLOG [syscall][detcore, dtid 3] inbound syscall: mprotect(0x7ffff68a9000, 8192, ProtFlags(PROT_READ)) = ?
2026-07-23T20:18:53.142071Z  INFO detcore: DETLOG [syscall][detcore, dtid 3] finish syscall #527: mprotect(0x7ffff68a9000, 8192, ProtFlags(PROT_READ)) = Ok(0)
2026-07-23T20:18:53.142173Z  INFO detcore: DETLOG [syscall][detcore, dtid 3] inbound syscall: mprotect(0x7ffff6ed0000, 8192, ProtFlags(PROT_READ)) = ?
2026-07-23T20:18:53.142195Z  INFO detcore: DETLOG [syscall][detcore, dtid 3] finish syscall #528: mprotect(0x7ffff6ed0000, 8192, ProtFlags(PROT_READ)) = Ok(0)
2026-07-23T20:18:53.142232Z  INFO detcore: DETLOG [syscall][detcore, dtid 3] inbound syscall: mprotect(0x7ffff6ee8000, 4096, ProtFlags(PROT_READ)) = ?
2026-07-23T20:18:53.142250Z  INFO detcore: DETLOG [syscall][detcore, dtid 3] finish syscall #529: mprotect(0x7ffff6ee8000, 4096, ProtFlags(PROT_READ)) = Ok(0)
2026-07-23T20:18:53.142427Z  INFO detcore: DETLOG [syscall][detcore, dtid 3] inbound syscall: mprotect(0x7ffff6a2c000, 16384, ProtFlags(PROT_READ)) = ?
2026-07-23T20:18:53.142448Z  INFO detcore: DETLOG [syscall][detcore, dtid 3] finish syscall #530: mprotect(0x7ffff6a2c000, 16384, ProtFlags(PROT_READ)) = Ok(0)
2026-07-23T20:18:53.142479Z  INFO detcore: DETLOG [syscall][detcore, dtid 3] inbound syscall: mprotect(0x7ffff6f09000, 4096, ProtFlags(PROT_READ)) = ?
2026-07-23T20:18:53.142497Z  INFO detcore: DETLOG [syscall][detcore, dtid 3] finish syscall #531: mprotect(0x7ffff6f09000, 4096, ProtFlags(PROT_READ)) = Ok(0)
2026-07-23T20:18:53.142667Z  INFO detcore: DETLOG [syscall][detcore, dtid 3] inbound syscall: mprotect(0x7ffff6be1000, 65536, ProtFlags(PROT_READ)) = ?
2026-07-23T20:18:53.142736Z  INFO detcore: DETLOG [syscall][detcore, dtid 3] finish syscall #532: mprotect(0x7ffff6be1000, 65536, ProtFlags(PROT_READ)) = Ok(0)
2026-07-23T20:18:53.142847Z  INFO detcore: DETLOG [syscall][detcore, dtid 3] inbound syscall: mprotect(0x7ffff7226000, 4096, ProtFlags(PROT_READ)) = ?
2026-07-23T20:18:53.142869Z  INFO detcore: DETLOG [syscall][detcore, dtid 3] finish syscall #533: mprotect(0x7ffff7226000, 4096, ProtFlags(PROT_READ)) = Ok(0)
2026-07-23T20:18:53.142904Z  INFO detcore: DETLOG [syscall][detcore, dtid 3] inbound syscall: mprotect(0x7ffff76e6000, 4096, ProtFlags(PROT_READ)) = ?
2026-07-23T20:18:53.142924Z  INFO detcore: DETLOG [syscall][detcore, dtid 3] finish syscall #534: mprotect(0x7ffff76e6000, 4096, ProtFlags(PROT_READ)) = Ok(0)
2026-07-23T20:18:53.142957Z  INFO detcore: DETLOG [syscall][detcore, dtid 3] inbound syscall: mprotect(0x7ffff76ee000, 4096, ProtFlags(PROT_READ)) = ?
2026-07-23T20:18:53.142978Z  INFO detcore: DETLOG [syscall][detcore, dtid 3] finish syscall #535: mprotect(0x7ffff76ee000, 4096, ProtFlags(PROT_READ)) = Ok(0)
2026-07-23T20:18:53.143008Z  INFO detcore: DETLOG [syscall][detcore, dtid 3] inbound syscall: mprotect(0x7ffff7e50000, 4096, ProtFlags(PROT_READ)) = ?
2026-07-23T20:18:53.143031Z  INFO detcore: DETLOG [syscall][detcore, dtid 3] finish syscall #536: mprotect(0x7ffff7e50000, 4096, ProtFlags(PROT_READ)) = Ok(0)
2026-07-23T20:18:53.143080Z  INFO detcore: DETLOG [syscall][detcore, dtid 3] inbound syscall: mprotect(0x7ffff7035000, 4096, ProtFlags(PROT_READ)) = ?
2026-07-23T20:18:53.143103Z  INFO detcore: DETLOG [syscall][detcore, dtid 3] finish syscall #537: mprotect(0x7ffff7035000, 4096, ProtFlags(PROT_READ)) = Ok(0)
2026-07-23T20:18:53.143194Z  INFO detcore: DETLOG [syscall][detcore, dtid 3] inbound syscall: mprotect(0x7ffff7710000, 4096, ProtFlags(PROT_READ)) = ?
2026-07-23T20:18:53.143218Z  INFO detcore: DETLOG [syscall][detcore, dtid 3] finish syscall #538: mprotect(0x7ffff7710000, 4096, ProtFlags(PROT_READ)) = Ok(0)
2026-07-23T20:18:53.143285Z  INFO detcore: DETLOG [syscall][detcore, dtid 3] inbound syscall: mprotect(0x7ffff772c000, 4096, ProtFlags(PROT_READ)) = ?
2026-07-23T20:18:53.143305Z  INFO detcore: DETLOG [syscall][detcore, dtid 3] finish syscall #539: mprotect(0x7ffff772c000, 4096, ProtFlags(PROT_READ)) = Ok(0)
2026-07-23T20:18:53.143393Z  INFO detcore: DETLOG [syscall][detcore, dtid 3] inbound syscall: mprotect(0x7ffff7785000, 12288, ProtFlags(PROT_READ)) = ?
2026-07-23T20:18:53.143417Z  INFO detcore: DETLOG [syscall][detcore, dtid 3] finish syscall #540: mprotect(0x7ffff7785000, 12288, ProtFlags(PROT_READ)) = Ok(0)
2026-07-23T20:18:53.143732Z  INFO detcore: DETLOG [syscall][detcore, dtid 3] inbound syscall: mprotect(0x7ffff73f5000, 32768, ProtFlags(PROT_READ)) = ?
2026-07-23T20:18:53.143757Z  INFO detcore: DETLOG [syscall][detcore, dtid 3] finish syscall #541: mprotect(0x7ffff73f5000, 32768, ProtFlags(PROT_READ)) = Ok(0)
2026-07-23T20:18:53.143804Z  INFO detcore: DETLOG [syscall][detcore, dtid 3] inbound syscall: mprotect(0x7ffff7e61000, 4096, ProtFlags(PROT_READ)) = ?
2026-07-23T20:18:53.143826Z  INFO detcore: DETLOG [syscall][detcore, dtid 3] finish syscall #542: mprotect(0x7ffff7e61000, 4096, ProtFlags(PROT_READ)) = Ok(0)
2026-07-23T20:18:53.143857Z  INFO detcore: DETLOG [syscall][detcore, dtid 3] inbound syscall: mprotect(0x7ffff77a7000, 4096, ProtFlags(PROT_READ)) = ?
2026-07-23T20:18:53.143881Z  INFO detcore: DETLOG [syscall][detcore, dtid 3] finish syscall #543: mprotect(0x7ffff77a7000, 4096, ProtFlags(PROT_READ)) = Ok(0)
2026-07-23T20:18:53.143950Z  INFO detcore: DETLOG [syscall][detcore, dtid 3] inbound syscall: mprotect(0x7ffff77fe000, 4096, ProtFlags(PROT_READ)) = ?
2026-07-23T20:18:53.143974Z  INFO detcore: DETLOG [syscall][detcore, dtid 3] finish syscall #544: mprotect(0x7ffff77fe000, 4096, ProtFlags(PROT_READ)) = Ok(0)
2026-07-23T20:18:53.144005Z  INFO detcore: DETLOG [syscall][detcore, dtid 3] inbound syscall: mprotect(0x7ffff7e84000, 4096, ProtFlags(PROT_READ)) = ?
2026-07-23T20:18:53.144028Z  INFO detcore: DETLOG [syscall][detcore, dtid 3] finish syscall #545: mprotect(0x7ffff7e84000, 4096, ProtFlags(PROT_READ)) = Ok(0)
2026-07-23T20:18:53.144068Z  INFO detcore: DETLOG [syscall][detcore, dtid 3] inbound syscall: mprotect(0x7ffff7e91000, 4096, ProtFlags(PROT_READ)) = ?
2026-07-23T20:18:53.144090Z  INFO detcore: DETLOG [syscall][detcore, dtid 3] finish syscall #546: mprotect(0x7ffff7e91000, 4096, ProtFlags(PROT_READ)) = Ok(0)
2026-07-23T20:18:53.144148Z  INFO detcore: DETLOG [syscall][detcore, dtid 3] inbound syscall: mprotect(0x7ffff7eb1000, 4096, ProtFlags(PROT_READ)) = ?
2026-07-23T20:18:53.144172Z  INFO detcore: DETLOG [syscall][detcore, dtid 3] finish syscall #547: mprotect(0x7ffff7eb1000, 4096, ProtFlags(PROT_READ)) = Ok(0)
2026-07-23T20:18:53.144226Z  INFO detcore: DETLOG [syscall][detcore, dtid 3] inbound syscall: mprotect(0x7ffff7f04000, 4096, ProtFlags(PROT_READ)) = ?
2026-07-23T20:18:53.144247Z  INFO detcore: DETLOG [syscall][detcore, dtid 3] finish syscall #548: mprotect(0x7ffff7f04000, 4096, ProtFlags(PROT_READ)) = Ok(0)
2026-07-23T20:18:53.144300Z  INFO detcore: DETLOG [syscall][detcore, dtid 3] inbound syscall: mprotect(0x7ffff7fa9000, 32768, ProtFlags(PROT_READ)) = ?
2026-07-23T20:18:53.144322Z  INFO detcore: DETLOG [syscall][detcore, dtid 3] finish syscall #549: mprotect(0x7ffff7fa9000, 32768, ProtFlags(PROT_READ)) = Ok(0)
2026-07-23T20:18:53.144699Z  INFO detcore: DETLOG [syscall][detcore, dtid 3] inbound syscall: mprotect(0x7ffff76be000, 73728, ProtFlags(PROT_READ)) = ?
2026-07-23T20:18:53.144724Z  INFO detcore: DETLOG [syscall][detcore, dtid 3] finish syscall #550: mprotect(0x7ffff76be000, 73728, ProtFlags(PROT_READ)) = Ok(0)
2026-07-23T20:18:53.145316Z  INFO detcore: DETLOG [syscall][detcore, dtid 3] inbound syscall: mprotect(0x7ffff7c99000, 1339392, ProtFlags(PROT_READ)) = ?
2026-07-23T20:18:53.145353Z  INFO detcore: DETLOG [syscall][detcore, dtid 3] finish syscall #551: mprotect(0x7ffff7c99000, 1339392, ProtFlags(PROT_READ)) = Ok(0)
2026-07-23T20:18:53.146626Z  INFO detcore: DETLOG [syscall][detcore, dtid 3] inbound syscall: mprotect(0x555556381000, 14376960, ProtFlags(PROT_READ)) = ?
2026-07-23T20:18:53.146676Z  INFO detcore: DETLOG [syscall][detcore, dtid 3] finish syscall #552: mprotect(0x555556381000, 14376960, ProtFlags(PROT_READ)) = Ok(0)
2026-07-23T20:18:53.146706Z  INFO detcore: [dtid 3] inbound rdtsc, new logical time: DetTime { syscalls: 552, rcbs: 5842552, nondet_instrs: 29, starting_micros: 1640995199000000, multiplier: 1.0 }
2026-07-23T20:18:53.146741Z  INFO detcore: DETLOG [syscall][detcore, dtid 3] inbound syscall: mmap(NULL, 8192, ProtFlags(PROT_READ | PROT_WRITE), MapFlags(MAP_PRIVATE | MAP_ANON), -1, 0) = ?
2026-07-23T20:18:53.146770Z  INFO detcore: DETLOG [syscall][detcore, dtid 3] finish syscall #553: mmap(NULL, 8192, ProtFlags(PROT_READ | PROT_WRITE), MapFlags(MAP_PRIVATE | MAP_ANON), -1, 0) = Ok(140737322594304)
2026-07-23T20:18:53.146807Z  INFO detcore: [dtid 3] inbound rdtsc, new logical time: DetTime { syscalls: 553, rcbs: 5847743, nondet_instrs: 30, starting_micros: 1640995199000000, multiplier: 1.0 }
2026-07-23T20:18:53.146832Z  INFO detcore: [dtid 3] inbound rdtsc, new logical time: DetTime { syscalls: 553, rcbs: 5847778, nondet_instrs: 31, starting_micros: 1640995199000000, multiplier: 1.0 }
2026-07-23T20:18:53.146858Z  INFO detcore: DETLOG [syscall][detcore, dtid 3] inbound syscall: mprotect(0x7ffff7ffb000, 8192, ProtFlags(PROT_READ)) = ?
2026-07-23T20:18:53.146889Z  INFO detcore: DETLOG [syscall][detcore, dtid 3] finish syscall #554: mprotect(0x7ffff7ffb000, 8192, ProtFlags(PROT_READ)) = Ok(0)
2026-07-23T20:18:53.146927Z  INFO detcore: DETLOG [syscall][detcore, dtid 3] inbound syscall: prlimit64(0, 3, NULL, 0x7fffffffb490) = ?
2026-07-23T20:18:53.146949Z  INFO detcore: DETLOG [syscall][detcore, dtid 3] finish syscall #555: prlimit64(0, 3, NULL, 0x7fffffffb490) = Ok(0)
2026-07-23T20:18:53.146978Z  INFO detcore: DETLOG [syscall][detcore, dtid 3] inbound syscall: munmap(0x7ffff7fb2000, 29979) = ?
2026-07-23T20:18:53.147007Z  INFO detcore: DETLOG [syscall][detcore, dtid 3] finish syscall #556: munmap(0x7ffff7fb2000, 29979) = Ok(0)
2026-07-23T20:18:53.147033Z  INFO detcore: DETLOG [syscall][detcore, dtid 3] inbound syscall: prlimit64(0, 3, NULL, 0x7fffffffb7c0) = ?
2026-07-23T20:18:53.147054Z  INFO detcore: DETLOG [syscall][detcore, dtid 3] finish syscall #557: prlimit64(0, 3, NULL, 0x7fffffffb7c0) = Ok(0)
2026-07-23T20:18:53.147076Z  INFO detcore: DETLOG [syscall][detcore, dtid 3] inbound syscall: mmap(NULL, 8392704, ProtFlags(PROT_READ | PROT_WRITE), MapFlags(MAP_PRIVATE | MAP_ANON), -1, 0) = ?
2026-07-23T20:18:53.147104Z  INFO detcore: DETLOG [syscall][detcore, dtid 3] finish syscall #558: mmap(NULL, 8392704, ProtFlags(PROT_READ | PROT_WRITE), MapFlags(MAP_PRIVATE | MAP_ANON), -1, 0) = Ok(140737307357184)
2026-07-23T20:18:53.147127Z  INFO detcore: DETLOG [syscall][detcore, dtid 3] inbound syscall: mprotect(0x7ffff5363000, 4096, ProtFlags(0x0)) = ?
2026-07-23T20:18:53.147150Z  INFO detcore: DETLOG [syscall][detcore, dtid 3] finish syscall #559: mprotect(0x7ffff5363000, 4096, ProtFlags(0x0)) = Ok(0)
2026-07-23T20:18:53.147502Z  INFO detcore: DETLOG [syscall][detcore, dtid 3] inbound syscall: statfs(0x7ffff666e225 -> "/sys/fs/selinux", 0x7fffffffb6b0) = ?
2026-07-23T20:18:53.147539Z  INFO detcore: DETLOG [syscall][detcore, dtid 3] finish syscall #560: statfs(0x7ffff666e225 -> "/sys/fs/selinux", 0x7fffffffb6b0) = Err(Errno(ENOENT))
2026-07-23T20:18:53.147564Z  INFO detcore: DETLOG [syscall][detcore, dtid 3] inbound syscall: statfs(0x7ffff666e22c -> "/selinux", 0x7fffffffb6b0) = ?
2026-07-23T20:18:53.147585Z  INFO detcore: DETLOG [syscall][detcore, dtid 3] finish syscall #561: statfs(0x7ffff666e22c -> "/selinux", 0x7fffffffb6b0) = Err(Errno(ENOENT))
2026-07-23T20:18:53.147615Z  INFO detcore: DETLOG [syscall][detcore, dtid 3] inbound syscall: getrandom(0x7ffff6e024f8, 8, 1) = ?
2026-07-23T20:18:53.147625Z  INFO detcore: DETLOG [syscall][detcore, dtid 3] finish syscall #562: getrandom(0x7ffff6e024f8, 8, 1) = Ok(8)
2026-07-23T20:18:53.147665Z  INFO detcore: DETLOG [syscall][detcore, dtid 3] inbound syscall: brk(NULL) = ?
2026-07-23T20:18:53.147690Z  INFO detcore: DETLOG [syscall][detcore, dtid 3] finish syscall #563: brk(NULL) = Ok(93825022504960)
2026-07-23T20:18:53.147714Z  INFO detcore: DETLOG [syscall][detcore, dtid 3] inbound syscall: brk(0x555557254000) = ?
2026-07-23T20:18:53.147739Z  INFO detcore: DETLOG [syscall][detcore, dtid 3] finish syscall #564: brk(0x555557254000) = Ok(93825022640128)
2026-07-23T20:18:53.147774Z  INFO detcore: DETLOG [syscall][detcore, dtid 3] inbound syscall: openat(-100, 0x7ffff666e209 -> "/proc/filesystems", OFlag(O_CLOEXEC)) = ?
2026-07-23T20:18:53.147786Z  INFO detcore::scheduler: [sched-step5] >>>>>>>

 COMMIT turn 57, dettid 3 using resources {Path("/proc/filesystems"): R}, on previously committed 1_640_995_199.092_655_950s
2026-07-23T20:18:53.147838Z  INFO detcore::syscalls::files: Injecting additional fstat to retrieve file metadata on fd 3.
2026-07-23T20:18:53.147891Z  INFO detcore: DETLOG [syscall][detcore, dtid 3] finish syscall #565: openat(-100, 0x7ffff666e209 -> "/proc/filesystems", OFlag(O_CLOEXEC)) = Ok(3)
2026-07-23T20:18:53.147916Z  INFO detcore: DETLOG [syscall][detcore, dtid 3] inbound syscall: fstat(3, 0x7fffffffb570) = ?
2026-07-23T20:18:53.147938Z  INFO detcore: DETLOG [syscall][detcore, dtid 3] finish syscall #566: fstat(3, 0x7fffffffb570) = Ok(0)
2026-07-23T20:18:53.147965Z  INFO detcore: DETLOG [syscall][detcore, dtid 3] inbound syscall: read(3, 0x555557233500, 1024) = ?
2026-07-23T20:18:53.148037Z  INFO detcore: DETLOG [syscall][detcore, dtid 3] finish syscall #567: read(3, 0x555557233500, 1024) = Ok(417)
2026-07-23T20:18:53.148061Z  INFO detcore: DETLOG [syscall][detcore, dtid 3] inbound syscall: read(3, 0x555557233500, 1024) = ?
2026-07-23T20:18:53.148081Z  INFO detcore: DETLOG [syscall][detcore, dtid 3] finish syscall #568: read(3, 0x555557233500, 1024) = Ok(0)
2026-07-23T20:18:53.148104Z  INFO detcore: DETLOG [syscall][detcore, dtid 3] inbound syscall: close(3) = ?
2026-07-23T20:18:53.148127Z  INFO detcore: DETLOG [syscall][detcore, dtid 3] finish syscall #569: close(3) = Ok(0)
2026-07-23T20:18:53.148153Z  INFO detcore: DETLOG [syscall][detcore, dtid 3] inbound syscall: access(0x7ffff666e24d -> "/etc/selinux/config", Mode(0x0)) = ?
2026-07-23T20:18:53.148177Z  INFO detcore: DETLOG [syscall][detcore, dtid 3] finish syscall #570: access(0x7ffff666e24d -> "/etc/selinux/config", Mode(0x0)) = Ok(0)
2026-07-23T20:18:53.148256Z  INFO detcore: DETLOG [syscall][detcore, dtid 3] inbound syscall: newfstatat(-100, 0x555557233ca0 -> "/etc/libnl/classid", 0x7fffffffb5c0, AtFlags(0x0)) = ?
2026-07-23T20:18:53.148290Z  INFO detcore: DETLOG [syscall][detcore, dtid 3] finish syscall #571: newfstatat(-100, 0x555557233ca0 -> "/etc/libnl/classid", 0x7fffffffb5c0 -> {st_mode=SFlag(S_IFREG) | 0644, st_size=1130, ...}, AtFlags(0x0)) = Ok(0)
2026-07-23T20:18:53.148315Z  INFO detcore: DETLOG [syscall][detcore, dtid 3] inbound syscall: openat(-100, 0x555557233ca0 -> "/etc/libnl/classid", OFlag(O_CLOEXEC)) = ?
2026-07-23T20:18:53.148322Z  INFO detcore::scheduler: [sched-step5] >>>>>>>

 COMMIT turn 58, dettid 3 using resources {Path("/etc/libnl/classid"): R}, on previously committed 1_640_995_199.093_301_180s
2026-07-23T20:18:53.148357Z  INFO detcore::syscalls::files: Injecting additional fstat to retrieve file metadata on fd 3.
2026-07-23T20:18:53.148399Z  INFO detcore: DETLOG [syscall][detcore, dtid 3] finish syscall #572: openat(-100, 0x555557233ca0 -> "/etc/libnl/classid", OFlag(O_CLOEXEC)) = Ok(3)
2026-07-23T20:18:53.148419Z  INFO detcore: DETLOG [syscall][detcore, dtid 3] inbound syscall: fstat(3, 0x7fffffffb3b0) = ?
2026-07-23T20:18:53.148438Z  INFO detcore: DETLOG [syscall][detcore, dtid 3] finish syscall #573: fstat(3, 0x7fffffffb3b0) = Ok(0)
2026-07-23T20:18:53.148461Z  INFO detcore: DETLOG [syscall][detcore, dtid 3] inbound syscall: read(3, 0x555557233cc0, 4096) = ?
2026-07-23T20:18:53.148513Z  INFO detcore: DETLOG [syscall][detcore, dtid 3] finish syscall #574: read(3, 0x555557233cc0, 4096) = Ok(1130)
2026-07-23T20:18:53.148541Z  INFO detcore: DETLOG [syscall][detcore, dtid 3] inbound syscall: read(3, 0x555557233cc0, 4096) = ?
2026-07-23T20:18:53.148559Z  INFO detcore: DETLOG [syscall][detcore, dtid 3] finish syscall #575: read(3, 0x555557233cc0, 4096) = Ok(0)
2026-07-23T20:18:53.148579Z  INFO detcore: DETLOG [syscall][detcore, dtid 3] inbound syscall: close(3) = ?
2026-07-23T20:18:53.148600Z  INFO detcore: DETLOG [syscall][detcore, dtid 3] finish syscall #576: close(3) = Ok(0)
2026-07-23T20:18:53.148807Z  INFO detcore: DETLOG [syscall][detcore, dtid 3] inbound syscall: gettimeofday(0x7fffffffb680, NULL) = ?
2026-07-23T20:18:53.148835Z  INFO detcore: DETLOG [syscall][detcore, dtid 3] finish syscall #577: gettimeofday(0x7fffffffb680 -> { tv_sec: 1640995199, tv_usec: 93427 }, NULL) = Ok(0)
2026-07-23T20:18:53.148945Z  INFO detcore: DETLOG [syscall][detcore, dtid 3] inbound syscall: futex(0x7ffff72280f8, 129, 2147483647, NULL, NULL, 1462033056) = ?
2026-07-23T20:18:53.148955Z  INFO detcore: DETLOG [syscall][detcore, dtid 3] finish syscall #578: futex(0x7ffff72280f8, 129, 2147483647, NULL, NULL, 1462033056) = Ok(0)
2026-07-23T20:18:53.149000Z  INFO detcore: DETLOG [syscall][detcore, dtid 3] inbound syscall: futex(0x7ffff72280f8, 129, 2147483647, NULL, 0x1, 0) = ?
2026-07-23T20:18:53.149006Z  INFO detcore: DETLOG [syscall][detcore, dtid 3] finish syscall #579: futex(0x7ffff72280f8, 129, 2147483647, NULL, 0x1, 0) = Ok(0)
2026-07-23T20:18:53.149069Z  INFO detcore: DETLOG [syscall][detcore, dtid 3] inbound syscall: openat(-100, 0x7ffff7e5f002 -> "/proc/self/status", 0) = ?
2026-07-23T20:18:53.149076Z  INFO detcore::scheduler: [sched-step5] >>>>>>>

 COMMIT turn 59, dettid 3 using resources {Path("/proc/self/status"): R}, on previously committed 1_640_995_199.094_367_415s
2026-07-23T20:18:53.149117Z  INFO detcore::syscalls::files: Injecting additional fstat to retrieve file metadata on fd 3.
2026-07-23T20:18:53.149162Z  INFO detcore: DETLOG [syscall][detcore, dtid 3] finish syscall #580: openat(-100, 0x7ffff7e5f002 -> "/proc/self/status", 0) = Ok(3)
2026-07-23T20:18:53.149183Z  INFO detcore: DETLOG [syscall][detcore, dtid 3] inbound syscall: fstat(3, 0x7fffffffb5c0) = ?
2026-07-23T20:18:53.149204Z  INFO detcore: DETLOG [syscall][detcore, dtid 3] finish syscall #581: fstat(3, 0x7fffffffb5c0) = Ok(0)
2026-07-23T20:18:53.149228Z  INFO detcore: DETLOG [syscall][detcore, dtid 3] inbound syscall: read(3, 0x555557233500, 1024) = ?
2026-07-23T20:18:53.149352Z  INFO detcore: DETLOG [syscall][detcore, dtid 3] finish syscall #582: read(3, 0x555557233500, 1024) = Ok(1024)
2026-07-23T20:18:53.149377Z  INFO detcore: DETLOG [syscall][detcore, dtid 3] inbound syscall: read(3, 0x555557233500, 1024) = ?
2026-07-23T20:18:53.149383Z  INFO detcore: DETLOG [syscall][detcore, dtid 3] finish syscall #583: read(3, 0x555557233500, 1024) = Ok(305)
2026-07-23T20:18:53.149418Z  INFO detcore: DETLOG [syscall][detcore, dtid 3] inbound syscall: read(3, 0x555557233500, 1024) = ?
2026-07-23T20:18:53.149423Z  INFO detcore: DETLOG [syscall][detcore, dtid 3] finish syscall #584: read(3, 0x555557233500, 1024) = Ok(0)
2026-07-23T20:18:53.149458Z  INFO detcore: DETLOG [syscall][detcore, dtid 3] inbound syscall: close(3) = ?
2026-07-23T20:18:53.149480Z  INFO detcore: DETLOG [syscall][detcore, dtid 3] finish syscall #585: close(3) = Ok(0)
2026-07-23T20:18:53.149506Z  INFO detcore: DETLOG [syscall][detcore, dtid 3] inbound syscall: openat(-100, 0x7ffff7e5f023 -> "/sys/devices/system/node", OFlag(O_CLOEXEC | O_DIRECTORY | O_NDELAY), Mode(0x0)) = ?
2026-07-23T20:18:53.149513Z  INFO detcore::scheduler: [sched-step5] >>>>>>>

 COMMIT turn 60, dettid 3 using resources {Path("/sys/devices/system/node"): R}, on previously committed 1_640_995_199.094_950_275s
2026-07-23T20:18:53.149555Z  INFO detcore::syscalls::files: Injecting additional fstat to retrieve file metadata on fd 3.
2026-07-23T20:18:53.149600Z  INFO detcore: DETLOG [syscall][detcore, dtid 3] finish syscall #586: openat(-100, 0x7ffff7e5f023 -> "/sys/devices/system/node", OFlag(O_CLOEXEC | O_DIRECTORY | O_NDELAY), Mode(0x0)) = Ok(3)
2026-07-23T20:18:53.149624Z  INFO detcore: DETLOG [syscall][detcore, dtid 3] inbound syscall: fstat(3, 0x7fffffffb690) = ?
2026-07-23T20:18:53.149645Z  INFO detcore: DETLOG [syscall][detcore, dtid 3] finish syscall #587: fstat(3, 0x7fffffffb690) = Ok(0)
2026-07-23T20:18:53.149668Z  INFO detcore: DETLOG [syscall][detcore, dtid 3] inbound syscall: brk(0x55555727b000) = ?
2026-07-23T20:18:53.149698Z  INFO detcore: DETLOG [syscall][detcore, dtid 3] finish syscall #588: brk(0x55555727b000) = Ok(93825022799872)
2026-07-23T20:18:53.149723Z  INFO detcore: DETLOG [syscall][detcore, dtid 3] inbound syscall: getdents64(3, 0x5555572521b0, 32768) = ?
2026-07-23T20:18:53.149764Z  INFO detcore: DETLOG [syscall][detcore, dtid 3] finish syscall #589: getdents64(3, 0x5555572521b0, 32768) = Ok(328)
2026-07-23T20:18:53.149788Z  INFO detcore: DETLOG [syscall][detcore, dtid 3] inbound syscall: getdents64(3, 0x5555572521b0, 32768) = ?
2026-07-23T20:18:53.149807Z  INFO detcore: DETLOG [syscall][detcore, dtid 3] finish syscall #590: getdents64(3, 0x5555572521b0, 32768) = Ok(0)
2026-07-23T20:18:53.149828Z  INFO detcore: DETLOG [syscall][detcore, dtid 3] inbound syscall: brk(0x555557273000) = ?
2026-07-23T20:18:53.149851Z  INFO detcore: DETLOG [syscall][detcore, dtid 3] finish syscall #591: brk(0x555557273000) = Ok(93825022767104)
2026-07-23T20:18:53.149872Z  INFO detcore: DETLOG [syscall][detcore, dtid 3] inbound syscall: close(3) = ?
2026-07-23T20:18:53.149894Z  INFO detcore: DETLOG [syscall][detcore, dtid 3] finish syscall #592: close(3) = Ok(0)
2026-07-23T20:18:53.149915Z  INFO detcore: DETLOG [syscall][detcore, dtid 3] inbound syscall: sched_getaffinity(0, 512, 0x555557252180) = ?
2026-07-23T20:18:53.149920Z  INFO detcore::syscalls::threads: Suppressing sched_getaffinity and returning 512-byte virtualized result, [1, 0, 0, 0, 0, 0, 0, 0, 0, 0, 0, 0, 0, 0, 0, 0, 0, 0, 0, 0, 0, 0, 0, 0, 0, 0, 0, 0, 0, 0, 0, 0, 0, 0, 0, 0, 0, 0, 0, 0, 0, 0, 0, 0, 0, 0, 0, 0, 0, 0, 0, 0, 0, 0, 0, 0, 0, 0, 0, 0, 0, 0, 0, 0, 0, 0, 0, 0, 0, 0, 0, 0, 0, 0, 0, 0, 0, 0, 0, 0, 0, 0, 0, 0, 0, 0, 0, 0, 0, 0, 0, 0, 0, 0, 0, 0, 0, 0, 0, 0, 0, 0, 0, 0, 0, 0, 0, 0, 0, 0, 0, 0, 0, 0, 0, 0, 0, 0, 0, 0, 0, 0, 0, 0, 0, 0, 0, 0, 0, 0, 0, 0, 0, 0, 0, 0, 0, 0, 0, 0, 0, 0, 0, 0, 0, 0, 0, 0, 0, 0, 0, 0, 0, 0, 0, 0, 0, 0, 0, 0, 0, 0, 0, 0, 0, 0, 0, 0, 0, 0, 0, 0, 0, 0, 0, 0, 0, 0, 0, 0, 0, 0, 0, 0, 0, 0, 0, 0, 0, 0, 0, 0, 0, 0, 0, 0, 0, 0, 0, 0, 0, 0, 0, 0, 0, 0, 0, 0, 0, 0, 0, 0, 0, 0, 0, 0, 0, 0, 0, 0, 0, 0, 0, 0, 0, 0, 0, 0, 0, 0, 0, 0, 0, 0, 0, 0, 0, 0, 0, 0, 0, 0, 0, 0, 0, 0, 0, 0, 0, 0, 0, 0, 0, 0, 0, 0, 0, 0, 0, 0, 0, 0, 0, 0, 0, 0, 0, 0, 0, 0, 0, 0, 0, 0, 0, 0, 0, 0, 0, 0, 0, 0, 0, 0, 0, 0, 0, 0, 0, 0, 0, 0, 0, 0, 0, 0, 0, 0, 0, 0, 0, 0, 0, 0, 0, 0, 0, 0, 0, 0, 0, 0, 0, 0, 0, 0, 0, 0, 0, 0, 0, 0, 0, 0, 0, 0, 0, 0, 0, 0, 0, 0, 0, 0, 0, 0, 0, 0, 0, 0, 0, 0, 0, 0, 0, 0, 0, 0, 0, 0, 0, 0, 0, 0, 0, 0, 0, 0, 0, 0, 0, 0, 0, 0, 0, 0, 0, 0, 0, 0, 0, 0, 0, 0, 0, 0, 0, 0, 0, 0, 0, 0, 0, 0, 0, 0, 0, 0, 0, 0, 0, 0, 0, 0, 0, 0, 0, 0, 0, 0, 0, 0, 0, 0, 0, 0, 0, 0, 0, 0, 0, 0, 0, 0, 0, 0, 0, 0, 0, 0, 0, 0, 0, 0, 0, 0, 0, 0, 0, 0, 0, 0, 0, 0, 0, 0, 0, 0, 0, 0, 0, 0, 0, 0, 0, 0, 0, 0, 0, 0, 0, 0, 0, 0, 0, 0, 0, 0, 0, 0, 0, 0, 0, 0, 0, 0, 0, 0, 0, 0, 0, 0, 0, 0, 0, 0, 0, 0, 0, 0, 0, 0, 0, 0, 0, 0, 0, 0, 0, 0, 0, 0, 0, 0, 0, 0, 0, 0, 0, 0, 0, 0, 0, 0, 0, 0, 0, 0, 0, 0, 0, 0]
2026-07-23T20:18:53.149937Z  INFO detcore: DETLOG [syscall][detcore, dtid 3] finish syscall #593: sched_getaffinity(0, 512, 0x555557252180) = Ok(16)
2026-07-23T20:18:53.149975Z  INFO detcore: DETLOG [syscall][detcore, dtid 3] inbound syscall: openat(-100, 0x7ffff6dbac9e -> "/sys/devices/system/cpu", OFlag(O_CLOEXEC | O_DIRECTORY | O_NDELAY), Mode(0x0)) = ?
2026-07-23T20:18:53.149982Z  INFO detcore::scheduler: [sched-step5] >>>>>>>

 COMMIT turn 61, dettid 3 using resources {Path("/sys/devices/system/cpu"): R}, on previously committed 1_640_995_199.095_534_915s
2026-07-23T20:18:53.150017Z  INFO detcore::syscalls::files: Injecting additional fstat to retrieve file metadata on fd 3.
2026-07-23T20:18:53.150059Z  INFO detcore: DETLOG [syscall][detcore, dtid 3] finish syscall #594: openat(-100, 0x7ffff6dbac9e -> "/sys/devices/system/cpu", OFlag(O_CLOEXEC | O_DIRECTORY | O_NDELAY), Mode(0x0)) = Ok(3)
2026-07-23T20:18:53.150081Z  INFO detcore: DETLOG [syscall][detcore, dtid 3] inbound syscall: fstat(3, 0x7fffffffb5e0) = ?
2026-07-23T20:18:53.150101Z  INFO detcore: DETLOG [syscall][detcore, dtid 3] finish syscall #595: fstat(3, 0x7fffffffb5e0) = Ok(0)
2026-07-23T20:18:53.150122Z  INFO detcore: DETLOG [syscall][detcore, dtid 3] inbound syscall: getdents64(3, 0x5555572523c0, 32768) = ?
2026-07-23T20:18:53.150355Z  INFO detcore: DETLOG [syscall][detcore, dtid 3] finish syscall #596: getdents64(3, 0x5555572523c0, 32768) = Ok(10592)
2026-07-23T20:18:53.150387Z  INFO detcore: DETLOG [syscall][detcore, dtid 3] inbound syscall: getdents64(3, 0x5555572523c0, 32768) = ?
2026-07-23T20:18:53.150409Z  INFO detcore: DETLOG [syscall][detcore, dtid 3] finish syscall #597: getdents64(3, 0x5555572523c0, 32768) = Ok(0)
2026-07-23T20:18:53.150427Z  INFO detcore: DETLOG [syscall][detcore, dtid 3] inbound syscall: close(3) = ?
2026-07-23T20:18:53.150445Z  INFO detcore: DETLOG [syscall][detcore, dtid 3] finish syscall #598: close(3) = Ok(0)
2026-07-23T20:18:53.150468Z  INFO detcore: DETLOG [syscall][detcore, dtid 3] inbound syscall: openat(-100, 0x7ffff7e5f002 -> "/proc/self/status", 0) = ?
2026-07-23T20:18:53.150475Z  INFO detcore::scheduler: [sched-step5] >>>>>>>

 COMMIT turn 62, dettid 3 using resources {Path("/proc/self/status"): R}, on previously committed 1_640_995_199.096_217_035s
2026-07-23T20:18:53.150506Z  INFO detcore::syscalls::files: Injecting additional fstat to retrieve file metadata on fd 3.
2026-07-23T20:18:53.150555Z  INFO detcore: DETLOG [syscall][detcore, dtid 3] finish syscall #599: openat(-100, 0x7ffff7e5f002 -> "/proc/self/status", 0) = Ok(3)
2026-07-23T20:18:53.150579Z  INFO detcore: DETLOG [syscall][detcore, dtid 3] inbound syscall: fstat(3, 0x7fffffffb5c0) = ?
2026-07-23T20:18:53.150600Z  INFO detcore: DETLOG [syscall][detcore, dtid 3] finish syscall #600: fstat(3, 0x7fffffffb5c0) = Ok(0)
2026-07-23T20:18:53.150621Z  INFO detcore: DETLOG [syscall][detcore, dtid 3] inbound syscall: read(3, 0x555557233500, 1024) = ?
2026-07-23T20:18:53.150740Z  INFO detcore: DETLOG [syscall][detcore, dtid 3] finish syscall #601: read(3, 0x555557233500, 1024) = Ok(1024)
2026-07-23T20:18:53.150771Z  INFO detcore: DETLOG [syscall][detcore, dtid 3] inbound syscall: read(3, 0x555557233500, 1024) = ?
2026-07-23T20:18:53.150776Z  INFO detcore: DETLOG [syscall][detcore, dtid 3] finish syscall #602: read(3, 0x555557233500, 1024) = Ok(305)
2026-07-23T20:18:53.150815Z  INFO detcore: DETLOG [syscall][detcore, dtid 3] inbound syscall: read(3, 0x555557233500, 1024) = ?
2026-07-23T20:18:53.150819Z  INFO detcore: DETLOG [syscall][detcore, dtid 3] finish syscall #603: read(3, 0x555557233500, 1024) = Ok(0)
2026-07-23T20:18:53.150860Z  INFO detcore: DETLOG [syscall][detcore, dtid 3] inbound syscall: close(3) = ?
2026-07-23T20:18:53.150882Z  INFO detcore: DETLOG [syscall][detcore, dtid 3] finish syscall #604: close(3) = Ok(0)
2026-07-23T20:18:53.150922Z  INFO detcore: DETLOG [syscall][detcore, dtid 3] inbound syscall: futex(0x7ffff77ff0c0, 129, 2147483647, NULL, 0x7ffff6dfdb00, 1) = ?
2026-07-23T20:18:53.150929Z  INFO detcore: DETLOG [syscall][detcore, dtid 3] finish syscall #605: futex(0x7ffff77ff0c0, 129, 2147483647, NULL, 0x7ffff6dfdb00, 1) = Ok(0)
2026-07-23T20:18:53.151208Z  INFO detcore: DETLOG [syscall][detcore, dtid 3] inbound syscall: newfstatat(-100, 0x7ffff77f8239 -> "/sys/bus/nd/devices", 0x7fffffffb640, AtFlags(0x0)) = ?
2026-07-23T20:18:53.151239Z  INFO detcore: DETLOG [syscall][detcore, dtid 3] finish syscall #606: newfstatat(-100, 0x7ffff77f8239 -> "/sys/bus/nd/devices", 0x7fffffffb640 -> {st_mode=SFlag(0x0) | 00, st_size=5288754736637306183, ...}, AtFlags(0x0)) = Err(Errno(ENOENT))
2026-07-23T20:18:53.151567Z  INFO detcore: DETLOG [syscall][detcore, dtid 3] inbound syscall: brk(0x555557294000) = ?
2026-07-23T20:18:53.151593Z  INFO detcore: DETLOG [syscall][detcore, dtid 3] finish syscall #607: brk(0x555557294000) = Ok(93825022902272)
2026-07-23T20:18:53.151641Z  INFO detcore: DETLOG [syscall][detcore, dtid 3] inbound syscall: openat(-100, 0x7ffff7634a0f -> "/proc/sys/crypto/fips_enabled", OFlag(O_CLOEXEC)) = ?
2026-07-23T20:18:53.151648Z  INFO detcore::scheduler: [sched-step5] >>>>>>>

 COMMIT turn 63, dettid 3 using resources {Path("/proc/sys/crypto/fips_enabled"): R}, on previously committed 1_640_995_199.098_215_520s
2026-07-23T20:18:53.151678Z  INFO detcore: DETLOG [syscall][detcore, dtid 3] finish syscall #608: openat(-100, 0x7ffff7634a0f -> "/proc/sys/crypto/fips_enabled", OFlag(O_CLOEXEC)) = Err(Errno(ENOENT))
2026-07-23T20:18:53.151713Z  INFO detcore: DETLOG [syscall][detcore, dtid 3] inbound syscall: access(0x7ffff7634a45 -> "/etc/system-fips", Mode(0x0)) = ?
2026-07-23T20:18:53.151737Z  INFO detcore: DETLOG [syscall][detcore, dtid 3] finish syscall #609: access(0x7ffff7634a45 -> "/etc/system-fips", Mode(0x0)) = Err(Errno(ENOENT))
2026-07-23T20:18:53.151765Z  INFO detcore: DETLOG [syscall][detcore, dtid 3] inbound syscall: getrandom(0x7fffffffb6ff, 1, 1) = ?
2026-07-23T20:18:53.151771Z  INFO detcore: DETLOG [syscall][detcore, dtid 3] finish syscall #610: getrandom(0x7fffffffb6ff, 1, 1) = Ok(1)
2026-07-23T20:18:53.151950Z  INFO detcore: DETLOG [syscall][detcore, dtid 3] inbound syscall: newfstatat(-100, 0x7ffff762aab8 -> "/etc/crypto-policies/back-ends/gnutls.config", 0x7fffffffb600, AtFlags(0x0)) = ?
2026-07-23T20:18:53.151980Z  INFO detcore: DETLOG [syscall][detcore, dtid 3] finish syscall #611: newfstatat(-100, 0x7ffff762aab8 -> "/etc/crypto-policies/back-ends/gnutls.config", 0x7fffffffb600 -> {st_mode=SFlag(S_IFREG) | 0644, st_size=3075, ...}, AtFlags(0x0)) = Ok(0)
2026-07-23T20:18:53.152012Z  INFO detcore: DETLOG [syscall][detcore, dtid 3] inbound syscall: openat(-100, 0x7ffff762aab8 -> "/etc/crypto-policies/back-ends/gnutls.config", OFlag(O_CLOEXEC)) = ?
2026-07-23T20:18:53.152019Z  INFO detcore::scheduler: [sched-step5] >>>>>>>

 COMMIT turn 64, dettid 3 using resources {Path("/etc/crypto-policies/back-ends/gnutls.config"): R}, on previously committed 1_640_995_199.098_778_705s
2026-07-23T20:18:53.152061Z  INFO detcore::syscalls::files: Injecting additional fstat to retrieve file metadata on fd 3.
2026-07-23T20:18:53.152114Z  INFO detcore: DETLOG [syscall][detcore, dtid 3] finish syscall #612: openat(-100, 0x7ffff762aab8 -> "/etc/crypto-policies/back-ends/gnutls.config", OFlag(O_CLOEXEC)) = Ok(3)
2026-07-23T20:18:53.152137Z  INFO detcore: DETLOG [syscall][detcore, dtid 3] inbound syscall: fstat(3, 0x7fffffff95f0) = ?
2026-07-23T20:18:53.152158Z  INFO detcore: DETLOG [syscall][detcore, dtid 3] finish syscall #613: fstat(3, 0x7fffffff95f0) = Ok(0)
2026-07-23T20:18:53.152184Z  INFO detcore: DETLOG [syscall][detcore, dtid 3] inbound syscall: read(3, 0x555557277010, 4096) = ?
2026-07-23T20:18:53.152237Z  INFO detcore: DETLOG [syscall][detcore, dtid 3] finish syscall #614: read(3, 0x555557277010, 4096) = Ok(3075)
2026-07-23T20:18:53.152286Z  INFO detcore: DETLOG [syscall][detcore, dtid 3] inbound syscall: read(3, 0x555557277010, 4096) = ?
2026-07-23T20:18:53.152304Z  INFO detcore: DETLOG [syscall][detcore, dtid 3] finish syscall #615: read(3, 0x555557277010, 4096) = Ok(0)
2026-07-23T20:18:53.152329Z  INFO detcore: DETLOG [syscall][detcore, dtid 3] inbound syscall: lseek(3, 0, SEEK_SET) = ?
2026-07-23T20:18:53.152347Z  INFO detcore: DETLOG [syscall][detcore, dtid 3] finish syscall #616: lseek(3, 0, SEEK_SET) = Ok(0)
2026-07-23T20:18:53.152375Z  INFO detcore: DETLOG [syscall][detcore, dtid 3] inbound syscall: read(3, 0x555557277010, 4096) = ?
2026-07-23T20:18:53.152459Z  INFO detcore: DETLOG [syscall][detcore, dtid 3] finish syscall #617: read(3, 0x555557277010, 4096) = Ok(3075)
2026-07-23T20:18:53.152554Z  INFO detcore: DETLOG [syscall][detcore, dtid 3] inbound syscall: read(3, 0x555557277010, 4096) = ?
2026-07-23T20:18:53.152573Z  INFO detcore: DETLOG [syscall][detcore, dtid 3] finish syscall #618: read(3, 0x555557277010, 4096) = Ok(0)
2026-07-23T20:18:53.152596Z  INFO detcore: DETLOG [syscall][detcore, dtid 3] inbound syscall: close(3) = ?
2026-07-23T20:18:53.152621Z  INFO detcore: DETLOG [syscall][detcore, dtid 3] finish syscall #619: close(3) = Ok(0)
2026-07-23T20:18:53.153071Z  WARN detcore: [dtid 3] cpuid leaf 0x8000000 not in deterministic table; returning zero result
2026-07-23T20:18:53.153195Z  INFO detcore: DETLOG [syscall][detcore, dtid 3] inbound syscall: clock_gettime(CLOCK_MONOTONIC, 0x7ffff5b63fd8) = ?
2026-07-23T20:18:53.153209Z  INFO detcore: DETLOG [syscall][detcore, dtid 3] finish syscall #620: clock_gettime(CLOCK_MONOTONIC, 0x7ffff5b63fd8 -> { tv_sec: 1640995199, tv_nsec: 100453035 }) = Ok(0)
2026-07-23T20:18:53.153256Z  INFO detcore: DETLOG [syscall][detcore, dtid 3] inbound syscall: clock_gettime(CLOCK_MONOTONIC, 0x7ffff5b63fe8) = ?
2026-07-23T20:18:53.153265Z  INFO detcore: DETLOG [syscall][detcore, dtid 3] finish syscall #621: clock_gettime(CLOCK_MONOTONIC, 0x7ffff5b63fe8 -> { tv_sec: 1640995199, tv_nsec: 100463065 }) = Ok(0)
2026-07-23T20:18:53.153315Z  INFO detcore: DETLOG [syscall][detcore, dtid 3] inbound syscall: rt_sigprocmask(2, 0x7ffff5b63f68, 0x7ffff5b63ee8, 8) = ?
2026-07-23T20:18:53.153358Z  INFO detcore: DETLOG [syscall][detcore, dtid 3] finish syscall #622: rt_sigprocmask(2, 0x7ffff5b63f68, 0x7ffff5b63ee8, 8) = Ok(0)
2026-07-23T20:18:53.153383Z  INFO detcore: DETLOG [syscall][detcore, dtid 3] inbound syscall: mmap(NULL, 8392704, ProtFlags(PROT_READ | PROT_WRITE), MapFlags(MAP_PRIVATE | MAP_ANON), -1, 0) = ?
2026-07-23T20:18:53.153406Z  INFO detcore: DETLOG [syscall][detcore, dtid 3] finish syscall #623: mmap(NULL, 8392704, ProtFlags(PROT_READ | PROT_WRITE), MapFlags(MAP_PRIVATE | MAP_ANON), -1, 0) = Ok(140737298964480)
2026-07-23T20:18:53.153425Z  INFO detcore: DETLOG [syscall][detcore, dtid 3] inbound syscall: mprotect(0x7ffff4b62000, 4096, ProtFlags(0x0)) = ?
2026-07-23T20:18:53.153446Z  INFO detcore: DETLOG [syscall][detcore, dtid 3] finish syscall #624: mprotect(0x7ffff4b62000, 4096, ProtFlags(0x0)) = Ok(0)
2026-07-23T20:18:53.153471Z  INFO detcore: DETLOG [syscall][detcore, dtid 3] inbound syscall: rt_sigaction(33, 0x7fffffffb3e0, NULL, 8) = ?
2026-07-23T20:18:53.153494Z  INFO detcore: DETLOG [syscall][detcore, dtid 3] finish syscall #625: rt_sigaction(33, 0x7fffffffb3e0, NULL, 8) = Ok(0)
2026-07-23T20:18:53.153515Z  INFO detcore: DETLOG [syscall][detcore, dtid 3] inbound syscall: rt_sigprocmask(1, 0x7fffffffb5e8, NULL, 8) = ?
2026-07-23T20:18:53.153538Z  INFO detcore: DETLOG [syscall][detcore, dtid 3] finish syscall #626: rt_sigprocmask(1, 0x7fffffffb5e8, NULL, 8) = Ok(0)
2026-07-23T20:18:53.153560Z  INFO detcore: DETLOG [syscall][detcore, dtid 3] inbound syscall: mmap(NULL, 8392704, ProtFlags(0x0), MapFlags(MAP_PRIVATE | MAP_ANON | MAP_STACK), -1, 0) = ?
2026-07-23T20:18:53.153581Z  INFO detcore: DETLOG [syscall][detcore, dtid 3] finish syscall #627: mmap(NULL, 8392704, ProtFlags(0x0), MapFlags(MAP_PRIVATE | MAP_ANON | MAP_STACK), -1, 0) = Ok(140737290571776)
2026-07-23T20:18:53.153600Z  INFO detcore: DETLOG [syscall][detcore, dtid 3] inbound syscall: mprotect(0x7ffff4362000, 8388608, ProtFlags(PROT_READ | PROT_WRITE)) = ?
2026-07-23T20:18:53.153625Z  INFO detcore: DETLOG [syscall][detcore, dtid 3] finish syscall #628: mprotect(0x7ffff4362000, 8388608, ProtFlags(PROT_READ | PROT_WRITE)) = Ok(0)
2026-07-23T20:18:53.153651Z  INFO detcore: DETLOG [syscall][detcore, dtid 3] inbound syscall: rt_sigprocmask(0, 0x7ffff6db3820, 0x7fffffffb5e0, 8) = ?
2026-07-23T20:18:53.153699Z  INFO detcore: DETLOG [syscall][detcore, dtid 3] finish syscall #629: rt_sigprocmask(0, 0x7ffff6db3820, 0x7fffffffb5e0, 8) = Ok(0)
2026-07-23T20:18:53.153722Z  INFO detcore: DETLOG [syscall][detcore, dtid 3] inbound syscall: clone3(0x7fffffffb4a0, 88) = ?
2026-07-23T20:18:53.153788Z  INFO detcore::tool_local: DETLOG RNG USER RAND Generated new seed [185, 159, 210, 29, 163, 156, 78, 159, 124, 46, 87, 232, 115, 158, 40, 75]
2026-07-23T20:18:53.153798Z  INFO detcore::tool_local: DETLOG RNG USER RAND seeding child tid 5: [188, 159, 210, 29, 163, 156, 78, 159, 124, 46, 87, 232, 115, 158, 40, 75] from parent Mcg128Xsl64 {}
2026-07-23T20:18:53.153802Z  INFO detcore::tool_local: DETLOG RNG CHAOSRAND Generated new seed [162, 236, 125, 64, 66, 242, 3, 86, 205, 26, 226, 233, 117, 95, 132, 214]
2026-07-23T20:18:53.153806Z  INFO detcore::tool_local: DETLOG RNG CHAOSRAND seeding child tid 5: [167, 236, 125, 64, 66, 242, 3, 86, 205, 26, 226, 233, 117, 95, 132, 214] from parent Mcg128Xsl64 {}
2026-07-23T20:18:53.153944Z  INFO detcore::scheduler: [sched-step5] >>>>>>>

 COMMIT turn 65, dettid 3 using resources {ParentContinue { parent: DetPid(3), child: DetPid(5) }: W}, on previously committed 1_640_995_199.169_622_010s
2026-07-23T20:18:53.153960Z  INFO detcore: DETLOG [syscall][detcore, dtid 3] finish syscall #630: clone3(0x7fffffffb4a0, 88) = Ok(5)
2026-07-23T20:18:53.154015Z  INFO detcore: DETLOG [syscall][detcore, dtid 3] inbound syscall: rt_sigprocmask(2, 0x7fffffffb5e0, NULL, 8) = ?
2026-07-23T20:18:53.154065Z  INFO detcore: DETLOG [syscall][detcore, dtid 3] finish syscall #631: rt_sigprocmask(2, 0x7fffffffb5e0, NULL, 8) = Ok(0)
2026-07-23T20:18:53.154088Z  INFO detcore: DETLOG [syscall][detcore, dtid 3] inbound syscall: rt_sigprocmask(2, 0x7ffff5b63ee8, NULL, 8) = ?
2026-07-23T20:18:53.154130Z  INFO detcore: DETLOG [syscall][detcore, dtid 3] finish syscall #632: rt_sigprocmask(2, 0x7ffff5b63ee8, NULL, 8) = Ok(0)
2026-07-23T20:18:53.154161Z  INFO detcore: DETLOG [syscall][detcore, dtid 3] inbound syscall: openat(-100, 0x55555619404c -> "/proc/sys/vm/max_map_count", 0) = ?
2026-07-23T20:18:53.154169Z  INFO detcore::scheduler: [sched-step5] >>>>>>>

 COMMIT turn 66, dettid 5 using resources {MemAddrSpace(DetPid(3)): RW}, on previously committed 1_640_995_199.170_153_070s
2026-07-23T20:18:53.154176Z  INFO detcore::tool_global: [detcore, dtid 5] New thread given go-ahead to proceed via <ivar 0x565547bae260 Go(None)>
2026-07-23T20:18:53.154204Z  INFO detcore: DETLOG [syscall][detcore, dtid 5] inbound syscall: rseq(140737298964448, 32, 0, 1392848979, 128, 140737488336287) = ?
2026-07-23T20:18:53.154223Z  INFO detcore: DETLOG [syscall][detcore, dtid 5] finish syscall #1: rseq(140737298964448, 32, 0, 1392848979, 128, 140737488336287) = Ok(0)
2026-07-23T20:18:53.154242Z  INFO detcore: DETLOG [syscall][detcore, dtid 5] inbound syscall: set_robust_list(0x7ffff4b61920, 24) = ?
2026-07-23T20:18:53.154258Z  INFO detcore: DETLOG [syscall][detcore, dtid 5] finish syscall #2: set_robust_list(0x7ffff4b61920, 24) = Ok(0)
2026-07-23T20:18:53.154279Z  INFO detcore: DETLOG [syscall][detcore, dtid 5] inbound syscall: rt_sigprocmask(2, 0x7ffff4b61f30, NULL, 8) = ?
2026-07-23T20:18:53.154319Z  INFO detcore: DETLOG [syscall][detcore, dtid 5] finish syscall #3: rt_sigprocmask(2, 0x7ffff4b61f30, NULL, 8) = Ok(0)
2026-07-23T20:18:53.154340Z  INFO detcore: DETLOG [syscall][detcore, dtid 5] inbound syscall: mmap(NULL, 134217728, ProtFlags(0x0), MapFlags(MAP_PRIVATE | MAP_ANON), -1, 0) = ?
2026-07-23T20:18:53.154363Z  INFO detcore: DETLOG [syscall][detcore, dtid 5] finish syscall #4: mmap(NULL, 134217728, ProtFlags(0x0), MapFlags(MAP_PRIVATE | MAP_ANON), -1, 0) = Ok(140737154908160)
2026-07-23T20:18:53.154384Z  INFO detcore: DETLOG [syscall][detcore, dtid 5] inbound syscall: munmap(0x7fffec200000, 65011712) = ?
2026-07-23T20:18:53.154406Z  INFO detcore: DETLOG [syscall][detcore, dtid 5] finish syscall #5: munmap(0x7fffec200000, 65011712) = Ok(0)
2026-07-23T20:18:53.154426Z  INFO detcore: DETLOG [syscall][detcore, dtid 5] inbound syscall: munmap(0x7ffff4000000, 2097152) = ?
2026-07-23T20:18:53.154450Z  INFO detcore: DETLOG [syscall][detcore, dtid 5] finish syscall #6: munmap(0x7ffff4000000, 2097152) = Ok(0)
2026-07-23T20:18:53.154471Z  INFO detcore: DETLOG [syscall][detcore, dtid 5] inbound syscall: mprotect(0x7ffff0000000, 135168, ProtFlags(PROT_READ | PROT_WRITE)) = ?
2026-07-23T20:18:53.154495Z  INFO detcore: DETLOG [syscall][detcore, dtid 5] finish syscall #7: mprotect(0x7ffff0000000, 135168, ProtFlags(PROT_READ | PROT_WRITE)) = Ok(0)
2026-07-23T20:18:53.154523Z  INFO detcore: DETLOG [syscall][detcore, dtid 5] inbound syscall: clock_nanosleep(CLOCK_REALTIME, 0, 0x7ffff4b60520, 0x7ffff4b60510) = ?
2026-07-23T20:18:53.154532Z  INFO detcore::scheduler: [sched-step5] >>>>>>>

 COMMIT turn 67, dettid 3 using resources {Path("/proc/sys/vm/max_map_count"): R}, on previously committed 1_640_995_199.170_735_600s
2026-07-23T20:18:53.154583Z  INFO detcore::syscalls::files: Injecting additional fstat to retrieve file metadata on fd 3.
2026-07-23T20:18:53.154632Z  INFO detcore: DETLOG [syscall][detcore, dtid 3] finish syscall #633: openat(-100, 0x55555619404c -> "/proc/sys/vm/max_map_count", 0) = Ok(3)
2026-07-23T20:18:53.154653Z  INFO detcore: DETLOG [syscall][detcore, dtid 3] inbound syscall: fstat(3, 0x7fffffffb6b0) = ?
2026-07-23T20:18:53.154676Z  INFO detcore: DETLOG [syscall][detcore, dtid 3] finish syscall #634: fstat(3, 0x7fffffffb6b0) = Ok(0)
2026-07-23T20:18:53.154736Z  INFO detcore: DETLOG [syscall][detcore, dtid 3] inbound syscall: fcntl(3, F_GETFL) = ?
2026-07-23T20:18:53.154756Z  INFO detcore: DETLOG [syscall][detcore, dtid 3] finish syscall #635: fcntl(3, F_GETFL) = Ok(32768)
2026-07-23T20:18:53.154782Z  INFO detcore: DETLOG [syscall][detcore, dtid 3] inbound syscall: fstat(3, 0x7fffffffa480) = ?
2026-07-23T20:18:53.154803Z  INFO detcore: DETLOG [syscall][detcore, dtid 3] finish syscall #636: fstat(3, 0x7fffffffa480) = Ok(0)
2026-07-23T20:18:53.154826Z  INFO detcore: DETLOG [syscall][detcore, dtid 3] inbound syscall: read(3, 0x7fffffffa640, 4096) = ?
2026-07-23T20:18:53.154889Z  INFO detcore: DETLOG [syscall][detcore, dtid 3] finish syscall #637: read(3, 0x7fffffffa640, 4096) = Ok(9)
2026-07-23T20:18:53.154912Z  INFO detcore: DETLOG [syscall][detcore, dtid 3] inbound syscall: read(3, 0x7fffffffa649, 3072) = ?
2026-07-23T20:18:53.154932Z  INFO detcore: DETLOG [syscall][detcore, dtid 3] finish syscall #638: read(3, 0x7fffffffa649, 3072) = Ok(0)
2026-07-23T20:18:53.154954Z  INFO detcore: DETLOG [syscall][detcore, dtid 3] inbound syscall: close(3) = ?
2026-07-23T20:18:53.154977Z  INFO detcore: DETLOG [syscall][detcore, dtid 3] finish syscall #639: close(3) = Ok(0)
2026-07-23T20:18:53.155007Z  INFO detcore: DETLOG [syscall][detcore, dtid 3] inbound syscall: seccomp(1, 1, NULL) = ?
2026-07-23T20:18:53.155030Z  INFO detcore: DETLOG [syscall][detcore, dtid 3] finish syscall #640: seccomp(1, 1, NULL) = Err(Errno(EFAULT))
2026-07-23T20:18:53.155058Z  INFO detcore: DETLOG [syscall][detcore, dtid 3] inbound syscall: readlink(0x555556125b68 -> "/proc/self/exe", 0x7ffff5b62fe0, 4095) = ?
2026-07-23T20:18:53.155089Z  INFO detcore: DETLOG [syscall][detcore, dtid 3] finish syscall #641: readlink(0x555556125b68 -> "/proc/self/exe", 0x7ffff5b62fe0, 4095) = Ok(21)
2026-07-23T20:18:53.155114Z  INFO detcore: DETLOG [syscall][detcore, dtid 3] inbound syscall: prlimit64(0, 7, NULL, 0x7ffff5b63fd8) = ?
2026-07-23T20:18:53.155133Z  INFO detcore: DETLOG [syscall][detcore, dtid 3] finish syscall #642: prlimit64(0, 7, NULL, 0x7ffff5b63fd8) = Ok(0)
2026-07-23T20:18:53.155161Z  INFO detcore: DETLOG [syscall][detcore, dtid 3] inbound syscall: rt_sigaction(7, 0x7fffffffb260, NULL, 8) = ?
2026-07-23T20:18:53.155187Z  INFO detcore: DETLOG [syscall][detcore, dtid 3] finish syscall #643: rt_sigaction(7, 0x7fffffffb260, NULL, 8) = Ok(0)
2026-07-23T20:18:53.155210Z  INFO detcore: DETLOG [syscall][detcore, dtid 3] inbound syscall: prctl(33, 1, 1, 0, 0) = ?
2026-07-23T20:18:53.155229Z  INFO detcore: DETLOG [syscall][detcore, dtid 3] finish syscall #644: prctl(33, 1, 1, 0, 0) = Ok(0)
2026-07-23T20:18:53.155389Z  INFO detcore: DETLOG [syscall][detcore, dtid 3] inbound syscall: brk(0x5555572b5000) = ?
2026-07-23T20:18:53.155412Z  INFO detcore: DETLOG [syscall][detcore, dtid 3] finish syscall #645: brk(0x5555572b5000) = Ok(93825023037440)
2026-07-23T20:18:53.155512Z  INFO detcore: DETLOG [syscall][detcore, dtid 3] inbound syscall: memfd_create(0x55555610631a -> "test", 3) = ?
2026-07-23T20:18:53.155536Z  INFO detcore::syscalls::files: Injecting additional fstat to retrieve file metadata on fd 3.
2026-07-23T20:18:53.155579Z  INFO detcore: DETLOG [syscall][detcore, dtid 3] finish syscall #646: memfd_create(0x55555610631a -> "test", 3) = Ok(3)
2026-07-23T20:18:53.155599Z  INFO detcore: DETLOG [syscall][detcore, dtid 3] inbound syscall: close(3) = ?
2026-07-23T20:18:53.155627Z  INFO detcore: DETLOG [syscall][detcore, dtid 3] finish syscall #647: close(3) = Ok(0)
2026-07-23T20:18:53.155653Z  INFO detcore: DETLOG [syscall][detcore, dtid 3] inbound syscall: openat(-100, 0x555556115aed -> "/dev/sgx_vepc", OFlag(O_CLOEXEC | O_RDWR)) = ?
2026-07-23T20:18:53.155663Z  INFO detcore::scheduler: [scheduler] >>>>>>>

 NONCOMMIT turn 68, SKIP dettid 5 which wanted resource SleepUntil(LogicalTime(1640995199180235600)) (blocking)
2026-07-23T20:18:53.155676Z  INFO detcore::scheduler: [sched-step5] >>>>>>>

 COMMIT turn 69, dettid 3 using resources {Path("/dev/sgx_vepc"): R}, on previously committed 1_640_995_199.172_296_650s
2026-07-23T20:18:53.155715Z  INFO detcore: DETLOG [syscall][detcore, dtid 3] finish syscall #648: openat(-100, 0x555556115aed -> "/dev/sgx_vepc", OFlag(O_CLOEXEC | O_RDWR)) = Err(Errno(ENOENT))
2026-07-23T20:18:53.155847Z  INFO detcore: DETLOG [syscall][detcore, dtid 3] inbound syscall: brk(0x5555572d6000) = ?
2026-07-23T20:18:53.155866Z  INFO detcore: DETLOG [syscall][detcore, dtid 3] finish syscall #649: brk(0x5555572d6000) = Ok(93825023172608)
2026-07-23T20:18:53.155982Z  INFO detcore: DETLOG [syscall][detcore, dtid 3] inbound syscall: rt_sigprocmask(0, NULL, 0x7ffff5b62870, 8) = ?
2026-07-23T20:18:53.156003Z  INFO detcore: DETLOG [syscall][detcore, dtid 3] finish syscall #650: rt_sigprocmask(0, NULL, 0x7ffff5b62870, 8) = Ok(0)
2026-07-23T20:18:53.156025Z  INFO detcore: DETLOG [syscall][detcore, dtid 3] inbound syscall: mmap(NULL, 1052672, ProtFlags(PROT_READ | PROT_WRITE), MapFlags(MAP_PRIVATE | MAP_ANON), -1, 0) = ?
2026-07-23T20:18:53.156051Z  INFO detcore: DETLOG [syscall][detcore, dtid 3] finish syscall #651: mmap(NULL, 1052672, ProtFlags(PROT_READ | PROT_WRITE), MapFlags(MAP_PRIVATE | MAP_ANON), -1, 0) = Ok(140737289519104)
2026-07-23T20:18:53.156074Z  INFO detcore: DETLOG [syscall][detcore, dtid 3] inbound syscall: mprotect(0x7ffff4260000, 4096, ProtFlags(0x0)) = ?
2026-07-23T20:18:53.156100Z  INFO detcore: DETLOG [syscall][detcore, dtid 3] finish syscall #652: mprotect(0x7ffff4260000, 4096, ProtFlags(0x0)) = Ok(0)
2026-07-23T20:18:53.156123Z  INFO detcore: DETLOG [syscall][detcore, dtid 3] inbound syscall: mmap(NULL, 1052672, ProtFlags(PROT_READ | PROT_WRITE), MapFlags(MAP_PRIVATE | MAP_ANON), -1, 0) = ?
2026-07-23T20:18:53.156144Z  INFO detcore: DETLOG [syscall][detcore, dtid 3] finish syscall #653: mmap(NULL, 1052672, ProtFlags(PROT_READ | PROT_WRITE), MapFlags(MAP_PRIVATE | MAP_ANON), -1, 0) = Ok(140737288466432)
2026-07-23T20:18:53.156166Z  INFO detcore: DETLOG [syscall][detcore, dtid 3] inbound syscall: mprotect(0x7ffff415f000, 4096, ProtFlags(0x0)) = ?
2026-07-23T20:18:53.156187Z  INFO detcore: DETLOG [syscall][detcore, dtid 3] finish syscall #654: mprotect(0x7ffff415f000, 4096, ProtFlags(0x0)) = Ok(0)
2026-07-23T20:18:53.156215Z  INFO detcore: DETLOG [syscall][detcore, dtid 3] inbound syscall: rt_sigprocmask(2, 0x7ffff5b62870, 0x7ffff5b62c38, 8) = ?
2026-07-23T20:18:53.156259Z  INFO detcore: DETLOG [syscall][detcore, dtid 3] finish syscall #655: rt_sigprocmask(2, 0x7ffff5b62870, 0x7ffff5b62c38, 8) = Ok(0)
2026-07-23T20:18:53.156295Z  INFO detcore: DETLOG [syscall][detcore, dtid 3] inbound syscall: io_uring_setup(128, 0x7fffffffb300) = ?
2026-07-23T20:18:53.156300Z  INFO detcore: DETLOG [syscall][detcore, dtid 3] finish syscall #656: io_uring_setup(128, 0x7fffffffb300) = Err(Errno(ENOSYS))
2026-07-23T20:18:53.156338Z  INFO detcore: DETLOG [syscall][detcore, dtid 3] inbound syscall: epoll_create1(EpollCreateFlags(EPOLL_CLOEXEC)) = ?
2026-07-23T20:18:53.156345Z  INFO detcore::scheduler: [sched-step5] >>>>>>>

 COMMIT turn 70, dettid 3 using resources {}, on previously committed 1_640_995_199.174_342_360s
2026-07-23T20:18:53.156367Z  INFO detcore::syscalls::files: Injecting additional fstat to retrieve file metadata on fd 3.
2026-07-23T20:18:53.156414Z  INFO detcore: DETLOG [syscall][detcore, dtid 3] finish syscall #657: epoll_create1(EpollCreateFlags(EPOLL_CLOEXEC)) = Ok(3)
2026-07-23T20:18:53.156435Z  INFO detcore: DETLOG [syscall][detcore, dtid 3] inbound syscall: eventfd2(0, EfdFlags(EFD_CLOEXEC | EFD_NONBLOCK)) = ?
2026-07-23T20:18:53.156457Z  INFO detcore::syscalls::files: Injecting additional fstat to retrieve file metadata on fd 4.
2026-07-23T20:18:53.156501Z  INFO detcore: DETLOG [syscall][detcore, dtid 3] finish syscall #658: eventfd2(0, EfdFlags(EFD_CLOEXEC | EFD_NONBLOCK)) = Ok(4)
2026-07-23T20:18:53.156530Z  INFO detcore: DETLOG [syscall][detcore, dtid 3] inbound syscall: rt_sigaction(13, 0x7fffffffb290, NULL, 8) = ?
2026-07-23T20:18:53.156556Z  INFO detcore: DETLOG [syscall][detcore, dtid 3] finish syscall #659: rt_sigaction(13, 0x7fffffffb290, NULL, 8) = Ok(0)
2026-07-23T20:18:53.156601Z  INFO detcore: DETLOG [syscall][detcore, dtid 3] inbound syscall: access(0x5555572c71d0 -> "/usr/libexec/qemu-bundle", Mode(S_IROTH)) = ?
2026-07-23T20:18:53.156628Z  INFO detcore: DETLOG [syscall][detcore, dtid 3] finish syscall #660: access(0x5555572c71d0 -> "/usr/libexec/qemu-bundle", Mode(S_IROTH)) = Err(Errno(ENOENT))
2026-07-23T20:18:53.156651Z  INFO detcore: DETLOG [syscall][detcore, dtid 3] inbound syscall: openat(-100, 0x5555572c71d0 -> "/etc/qemu-kvm/qemu.conf", 0) = ?
2026-07-23T20:18:53.156658Z  INFO detcore::scheduler: [sched-step5] >>>>>>>

 COMMIT turn 71, dettid 3 using resources {Path("/etc/qemu-kvm/qemu.conf"): R}, on previously committed 1_640_995_199.174_925_830s
2026-07-23T20:18:53.156693Z  INFO detcore: DETLOG [syscall][detcore, dtid 3] finish syscall #661: openat(-100, 0x5555572c71d0 -> "/etc/qemu-kvm/qemu.conf", 0) = Err(Errno(ENOENT))
2026-07-23T20:18:53.156752Z  INFO detcore: DETLOG [syscall][detcore, dtid 3] inbound syscall: access(0x5555572cbb20 -> "/usr/libexec/qemu-bundle", Mode(S_IROTH)) = ?
2026-07-23T20:18:53.156777Z  INFO detcore: DETLOG [syscall][detcore, dtid 3] finish syscall #662: access(0x5555572cbb20 -> "/usr/libexec/qemu-bundle", Mode(S_IROTH)) = Err(Errno(ENOENT))
2026-07-23T20:18:53.156806Z  INFO detcore: DETLOG [syscall][detcore, dtid 3] inbound syscall: access(0x5555572cbb70 -> "/usr/libexec/qemu-bundle", Mode(S_IROTH)) = ?
2026-07-23T20:18:53.156827Z  INFO detcore: DETLOG [syscall][detcore, dtid 3] finish syscall #663: access(0x5555572cbb70 -> "/usr/libexec/qemu-bundle", Mode(S_IROTH)) = Err(Errno(ENOENT))
2026-07-23T20:18:53.156853Z  INFO detcore: DETLOG [syscall][detcore, dtid 3] inbound syscall: access(0x5555572cbba0 -> "/usr/libexec/qemu-bundle", Mode(S_IROTH)) = ?
2026-07-23T20:18:53.156882Z  INFO detcore: DETLOG [syscall][detcore, dtid 3] finish syscall #664: access(0x5555572cbba0 -> "/usr/libexec/qemu-bundle", Mode(S_IROTH)) = Err(Errno(ENOENT))
2026-07-23T20:18:53.156906Z  INFO detcore: DETLOG [syscall][detcore, dtid 3] inbound syscall: access(0x5555572cbbf0 -> "/usr/libexec/qemu-bundle", Mode(S_IROTH)) = ?
2026-07-23T20:18:53.156927Z  INFO detcore: DETLOG [syscall][detcore, dtid 3] finish syscall #665: access(0x5555572cbbf0 -> "/usr/libexec/qemu-bundle", Mode(S_IROTH)) = Err(Errno(ENOENT))
2026-07-23T20:18:53.156951Z  INFO detcore: DETLOG [syscall][detcore, dtid 3] inbound syscall: access(0x5555572cbc20 -> "/usr/libexec/qemu-bundle", Mode(S_IROTH)) = ?
2026-07-23T20:18:53.156973Z  INFO detcore: DETLOG [syscall][detcore, dtid 3] finish syscall #666: access(0x5555572cbc20 -> "/usr/libexec/qemu-bundle", Mode(S_IROTH)) = Err(Errno(ENOENT))
2026-07-23T20:18:53.156996Z  INFO detcore: DETLOG [syscall][detcore, dtid 3] inbound syscall: prctl(29, 1, 0, 0, 0) = ?
2026-07-23T20:18:53.157014Z  INFO detcore: DETLOG [syscall][detcore, dtid 3] finish syscall #667: prctl(29, 1, 0, 0, 0) = Ok(0)
2026-07-23T20:18:53.157038Z  INFO detcore: DETLOG [syscall][detcore, dtid 3] inbound syscall: rt_sigprocmask(0, 0x7ffff5b62f48, NULL, 8) = ?
2026-07-23T20:18:53.157083Z  INFO detcore: DETLOG [syscall][detcore, dtid 3] finish syscall #668: rt_sigprocmask(0, 0x7ffff5b62f48, NULL, 8) = Ok(0)
2026-07-23T20:18:53.157104Z  INFO detcore: DETLOG [syscall][detcore, dtid 3] inbound syscall: signalfd4(-1, 0x7ffff5b62f48, 8, SfdFlags(SFD_CLOEXEC)) = ?
2026-07-23T20:18:53.157129Z  INFO detcore::syscalls::files: Injecting additional fstat to retrieve file metadata on fd 5.
2026-07-23T20:18:53.157174Z  INFO detcore: DETLOG [syscall][detcore, dtid 3] finish syscall #669: signalfd4(-1, 0x7ffff5b62f48, 8, SfdFlags(SFD_CLOEXEC)) = Ok(5)
2026-07-23T20:18:53.157200Z  INFO detcore: DETLOG [syscall][detcore, dtid 3] inbound syscall: fcntl(5, F_GETFL) = ?
2026-07-23T20:18:53.157220Z  INFO detcore: DETLOG [syscall][detcore, dtid 3] finish syscall #670: fcntl(5, F_GETFL) = Ok(2)
2026-07-23T20:18:53.157244Z  INFO detcore: DETLOG [syscall][detcore, dtid 3] inbound syscall: fcntl(5, F_SETFL, 2050) = ?
2026-07-23T20:18:53.157264Z  INFO detcore: DETLOG [syscall][detcore, dtid 3] finish syscall #671: fcntl(5, F_SETFL, 2050) = Ok(0)
2026-07-23T20:18:53.157288Z  INFO detcore: DETLOG [syscall][detcore, dtid 3] inbound syscall: io_uring_setup(128, 0x7fffffffb300) = ?
2026-07-23T20:18:53.157292Z  INFO detcore: DETLOG [syscall][detcore, dtid 3] finish syscall #672: io_uring_setup(128, 0x7fffffffb300) = Err(Errno(ENOSYS))
2026-07-23T20:18:53.157331Z  INFO detcore: DETLOG [syscall][detcore, dtid 3] inbound syscall: epoll_create1(EpollCreateFlags(EPOLL_CLOEXEC)) = ?
2026-07-23T20:18:53.157337Z  INFO detcore::scheduler: [sched-step5] >>>>>>>

 COMMIT turn 72, dettid 3 using resources {}, on previously committed 1_640_995_199.175_682_740s
2026-07-23T20:18:53.157356Z  INFO detcore::syscalls::files: Injecting additional fstat to retrieve file metadata on fd 6.
2026-07-23T20:18:53.157397Z  INFO detcore: DETLOG [syscall][detcore, dtid 3] finish syscall #673: epoll_create1(EpollCreateFlags(EPOLL_CLOEXEC)) = Ok(6)
2026-07-23T20:18:53.157418Z  INFO detcore: DETLOG [syscall][detcore, dtid 3] inbound syscall: eventfd2(0, EfdFlags(EFD_CLOEXEC | EFD_NONBLOCK)) = ?
2026-07-23T20:18:53.157439Z  INFO detcore::syscalls::files: Injecting additional fstat to retrieve file metadata on fd 7.
2026-07-23T20:18:53.157480Z  INFO detcore: DETLOG [syscall][detcore, dtid 3] finish syscall #674: eventfd2(0, EfdFlags(EFD_CLOEXEC | EFD_NONBLOCK)) = Ok(7)
2026-07-23T20:18:53.157506Z  INFO detcore: DETLOG [syscall][detcore, dtid 3] inbound syscall: futex(0x7ffff72280f8, 129, 2147483647, NULL, 0x2, -148734784) = ?
2026-07-23T20:18:53.157514Z  INFO detcore: DETLOG [syscall][detcore, dtid 3] finish syscall #675: futex(0x7ffff72280f8, 129, 2147483647, NULL, 0x2, -148734784) = Ok(0)
2026-07-23T20:18:53.157550Z  INFO detcore: DETLOG [syscall][detcore, dtid 3] inbound syscall: eventfd2(0, EfdFlags(EFD_CLOEXEC | EFD_NONBLOCK)) = ?
2026-07-23T20:18:53.157568Z  INFO detcore::syscalls::files: Injecting additional fstat to retrieve file metadata on fd 8.
2026-07-23T20:18:53.157612Z  INFO detcore: DETLOG [syscall][detcore, dtid 3] finish syscall #676: eventfd2(0, EfdFlags(EFD_CLOEXEC | EFD_NONBLOCK)) = Ok(8)
2026-07-23T20:18:53.157633Z  INFO detcore: DETLOG [syscall][detcore, dtid 3] inbound syscall: write(8, 0x7fffffffb350, 8) = ?
2026-07-23T20:18:53.157659Z  INFO detcore: DETLOG [syscall][detcore, dtid 3] finish syscall #677: write(8, 0x7fffffffb350, 8) = Ok(8)
2026-07-23T20:18:53.157680Z  INFO detcore: DETLOG [syscall][detcore, dtid 3] inbound syscall: futex(0x7ffff72280f8, 129, 2147483647, NULL, 0x3, -148734792) = ?
2026-07-23T20:18:53.157688Z  INFO detcore: DETLOG [syscall][detcore, dtid 3] finish syscall #678: futex(0x7ffff72280f8, 129, 2147483647, NULL, 0x3, -148734792) = Ok(0)
2026-07-23T20:18:53.157731Z  INFO detcore: DETLOG [syscall][detcore, dtid 3] inbound syscall: write(8, 0x7fffffffb330, 8) = ?
2026-07-23T20:18:53.157750Z  INFO detcore: DETLOG [syscall][detcore, dtid 3] finish syscall #679: write(8, 0x7fffffffb330, 8) = Ok(8)
2026-07-23T20:18:53.157773Z  INFO detcore: DETLOG [syscall][detcore, dtid 3] inbound syscall: clock_gettime(CLOCK_MONOTONIC, 0x7fffffffb360) = ?
2026-07-23T20:18:53.157781Z  INFO detcore: DETLOG [syscall][detcore, dtid 3] finish syscall #680: clock_gettime(CLOCK_MONOTONIC, 0x7fffffffb360 -> { tv_sec: 1640995199, tv_nsec: 175762130 }) = Ok(0)
2026-07-23T20:18:53.157818Z  INFO detcore: DETLOG [syscall][detcore, dtid 3] inbound syscall: clock_gettime(CLOCK_MONOTONIC, 0x7fffffffb070) = ?
2026-07-23T20:18:53.157824Z  INFO detcore: DETLOG [syscall][detcore, dtid 3] finish syscall #681: clock_gettime(CLOCK_MONOTONIC, 0x7fffffffb070 -> { tv_sec: 1640995199, tv_nsec: 175772470 }) = Ok(0)
2026-07-23T20:18:53.157859Z  INFO detcore: DETLOG [syscall][detcore, dtid 3] inbound syscall: futex(0x7ffff72283a0, 129, 2147483647, NULL, 0x7ffff6dfdb00, 1) = ?
2026-07-23T20:18:53.157864Z  INFO detcore: DETLOG [syscall][detcore, dtid 3] finish syscall #682: futex(0x7ffff72283a0, 129, 2147483647, NULL, 0x7ffff6dfdb00, 1) = Ok(0)
2026-07-23T20:18:53.157902Z  INFO detcore: DETLOG [syscall][detcore, dtid 3] inbound syscall: getpid() = ?
2026-07-23T20:18:53.157925Z  INFO detcore: DETLOG [syscall][detcore, dtid 3] finish syscall #683: getpid() = Ok(3)
2026-07-23T20:18:53.157946Z  INFO detcore: DETLOG [syscall][detcore, dtid 3] inbound syscall: gettid() = ?
2026-07-23T20:18:53.157965Z  INFO detcore: DETLOG [syscall][detcore, dtid 3] finish syscall #684: gettid() = Ok(3)
2026-07-23T20:18:53.157994Z  INFO detcore: DETLOG [syscall][detcore, dtid 3] inbound syscall: write(8, 0x7fffffffb330, 8) = ?
2026-07-23T20:18:53.158012Z  INFO detcore: DETLOG [syscall][detcore, dtid 3] finish syscall #685: write(8, 0x7fffffffb330, 8) = Ok(8)
2026-07-23T20:18:53.158031Z  INFO detcore: DETLOG [syscall][detcore, dtid 3] inbound syscall: write(8, 0x7fffffffb330, 8) = ?
2026-07-23T20:18:53.158050Z  INFO detcore: DETLOG [syscall][detcore, dtid 3] finish syscall #686: write(8, 0x7fffffffb330, 8) = Ok(8)
2026-07-23T20:18:53.158070Z  INFO detcore: DETLOG [syscall][detcore, dtid 3] inbound syscall: clock_gettime(CLOCK_MONOTONIC, 0x7fffffffb360) = ?
2026-07-23T20:18:53.158076Z  INFO detcore: DETLOG [syscall][detcore, dtid 3] finish syscall #687: clock_gettime(CLOCK_MONOTONIC, 0x7fffffffb360 -> { tv_sec: 1640995199, tv_nsec: 175839210 }) = Ok(0)
2026-07-23T20:18:53.158124Z  INFO detcore: DETLOG [syscall][detcore, dtid 3] inbound syscall: gettimeofday(0x7ffff5b62f78, NULL) = ?
2026-07-23T20:18:53.158147Z  INFO detcore: DETLOG [syscall][detcore, dtid 3] finish syscall #688: gettimeofday(0x7ffff5b62f78 -> { tv_sec: 1640995199, tv_usec: 175852 }, NULL) = Ok(0)
2026-07-23T20:18:53.158170Z  INFO detcore: DETLOG [syscall][detcore, dtid 3] inbound syscall: clock_gettime(CLOCK_MONOTONIC, 0x7ffff5b62fb8) = ?
2026-07-23T20:18:53.158176Z  INFO detcore: DETLOG [syscall][detcore, dtid 3] finish syscall #689: clock_gettime(CLOCK_MONOTONIC, 0x7ffff5b62fb8 -> { tv_sec: 1640995199, tv_nsec: 175862830 }) = Ok(0)
2026-07-23T20:18:53.158287Z  INFO detcore: DETLOG [syscall][detcore, dtid 3] inbound syscall: brk(0x5555572f7000) = ?
2026-07-23T20:18:53.158312Z  INFO detcore: DETLOG [syscall][detcore, dtid 3] finish syscall #690: brk(0x5555572f7000) = Ok(93825023307776)
2026-07-23T20:18:53.158572Z  INFO detcore: DETLOG [syscall][detcore, dtid 3] inbound syscall: brk(0x555557318000) = ?
2026-07-23T20:18:53.158592Z  INFO detcore: DETLOG [syscall][detcore, dtid 3] finish syscall #691: brk(0x555557318000) = Ok(93825023442944)
2026-07-23T20:18:53.158771Z  INFO detcore: DETLOG [syscall][detcore, dtid 3] inbound syscall: brk(0x555557339000) = ?
2026-07-23T20:18:53.158793Z  INFO detcore: DETLOG [syscall][detcore, dtid 3] finish syscall #692: brk(0x555557339000) = Ok(93825023578112)
2026-07-23T20:18:53.158973Z  INFO detcore: DETLOG [syscall][detcore, dtid 3] inbound syscall: brk(0x55555735a000) = ?
2026-07-23T20:18:53.158996Z  INFO detcore: DETLOG [syscall][detcore, dtid 3] finish syscall #693: brk(0x55555735a000) = Ok(93825023713280)
2026-07-23T20:18:53.159158Z  INFO detcore: DETLOG [syscall][detcore, dtid 3] inbound syscall: brk(0x55555737b000) = ?
2026-07-23T20:18:53.159184Z  INFO detcore: DETLOG [syscall][detcore, dtid 3] finish syscall #694: brk(0x55555737b000) = Ok(93825023848448)
2026-07-23T20:18:53.159335Z  INFO detcore: DETLOG [syscall][detcore, dtid 3] inbound syscall: brk(0x55555739c000) = ?
2026-07-23T20:18:53.159361Z  INFO detcore: DETLOG [syscall][detcore, dtid 3] finish syscall #695: brk(0x55555739c000) = Ok(93825023983616)
2026-07-23T20:18:53.159520Z  INFO detcore: DETLOG [syscall][detcore, dtid 3] inbound syscall: brk(0x5555573bd000) = ?
2026-07-23T20:18:53.159547Z  INFO detcore: DETLOG [syscall][detcore, dtid 3] finish syscall #696: brk(0x5555573bd000) = Ok(93825024118784)
2026-07-23T20:18:53.159726Z  INFO detcore: DETLOG [syscall][detcore, dtid 3] inbound syscall: brk(0x5555573de000) = ?
2026-07-23T20:18:53.159750Z  INFO detcore: DETLOG [syscall][detcore, dtid 3] finish syscall #697: brk(0x5555573de000) = Ok(93825024253952)
2026-07-23T20:18:53.159936Z  INFO detcore: DETLOG [syscall][detcore, dtid 3] inbound syscall: brk(0x5555573ff000) = ?
2026-07-23T20:18:53.159962Z  INFO detcore: DETLOG [syscall][detcore, dtid 3] finish syscall #698: brk(0x5555573ff000) = Ok(93825024389120)
2026-07-23T20:18:53.160121Z  INFO detcore: DETLOG [syscall][detcore, dtid 3] inbound syscall: brk(0x555557420000) = ?
2026-07-23T20:18:53.160145Z  INFO detcore: DETLOG [syscall][detcore, dtid 3] finish syscall #699: brk(0x555557420000) = Ok(93825024524288)
2026-07-23T20:18:53.160358Z  INFO detcore: DETLOG [syscall][detcore, dtid 3] inbound syscall: memfd_create(0x55555610631a -> "test", 5) = ?
2026-07-23T20:18:53.160390Z  INFO detcore::syscalls::files: Injecting additional fstat to retrieve file metadata on fd 9.
2026-07-23T20:18:53.160446Z  INFO detcore: DETLOG [syscall][detcore, dtid 3] finish syscall #700: memfd_create(0x55555610631a -> "test", 5) = Ok(9)
2026-07-23T20:18:53.160469Z  INFO detcore: DETLOG [syscall][detcore, dtid 3] inbound syscall: close(9) = ?
2026-07-23T20:18:53.160499Z  INFO detcore: DETLOG [syscall][detcore, dtid 3] finish syscall #701: close(9) = Ok(0)
2026-07-23T20:18:53.160601Z  INFO detcore: DETLOG [syscall][detcore, dtid 3] inbound syscall: brk(0x555557441000) = ?
2026-07-23T20:18:53.160627Z  INFO detcore: DETLOG [syscall][detcore, dtid 3] finish syscall #702: brk(0x555557441000) = Ok(93825024659456)
2026-07-23T20:18:53.160804Z  INFO detcore: DETLOG [syscall][detcore, dtid 3] inbound syscall: brk(0x555557462000) = ?
2026-07-23T20:18:53.160826Z  INFO detcore: DETLOG [syscall][detcore, dtid 3] finish syscall #703: brk(0x555557462000) = Ok(93825024794624)
2026-07-23T20:18:53.160982Z  INFO detcore: DETLOG [syscall][detcore, dtid 3] inbound syscall: brk(0x555557483000) = ?
2026-07-23T20:18:53.161005Z  INFO detcore: DETLOG [syscall][detcore, dtid 3] finish syscall #704: brk(0x555557483000) = Ok(93825024929792)
2026-07-23T20:18:53.161183Z  INFO detcore: DETLOG [syscall][detcore, dtid 3] inbound syscall: brk(0x5555574a4000) = ?
2026-07-23T20:18:53.161204Z  INFO detcore: DETLOG [syscall][detcore, dtid 3] finish syscall #705: brk(0x5555574a4000) = Ok(93825025064960)
2026-07-23T20:18:53.161286Z  INFO detcore: DETLOG [syscall][detcore, dtid 3] inbound syscall: fcntl(0, F_GETFL) = ?
2026-07-23T20:18:53.161307Z  INFO detcore: DETLOG [syscall][detcore, dtid 3] finish syscall #706: fcntl(0, F_GETFL) = Ok(32768)
2026-07-23T20:18:53.161334Z  INFO detcore: DETLOG [syscall][detcore, dtid 3] inbound syscall: fcntl(1, F_GETFL) = ?
2026-07-23T20:18:53.161354Z  INFO detcore: DETLOG [syscall][detcore, dtid 3] finish syscall #707: fcntl(1, F_GETFL) = Ok(32769)
2026-07-23T20:18:53.161381Z  INFO detcore: DETLOG [syscall][detcore, dtid 3] inbound syscall: ioctl(0, TCGETS, 0x7fffffffb1d0) = ?
2026-07-23T20:18:53.161401Z  INFO detcore: DETLOG [syscall][detcore, dtid 3] finish syscall #708: ioctl(0, TCGETS, 0x7fffffffb1d0) = Err(Errno(ENOTTY))
2026-07-23T20:18:53.161420Z  INFO detcore: DETLOG [syscall][detcore, dtid 3] inbound syscall: fcntl(0, F_GETFL) = ?
2026-07-23T20:18:53.161437Z  INFO detcore: DETLOG [syscall][detcore, dtid 3] finish syscall #709: fcntl(0, F_GETFL) = Ok(32768)
2026-07-23T20:18:53.161460Z  INFO detcore: DETLOG [syscall][detcore, dtid 3] inbound syscall: fcntl(0, F_SETFL, 34816) = ?
2026-07-23T20:18:53.161478Z  INFO detcore: DETLOG [syscall][detcore, dtid 3] finish syscall #710: fcntl(0, F_SETFL, 34816) = Ok(0)
2026-07-23T20:18:53.161501Z  INFO detcore: DETLOG [syscall][detcore, dtid 3] inbound syscall: rt_sigaction(18, 0x7fffffffb0c0, NULL, 8) = ?
2026-07-23T20:18:53.161527Z  INFO detcore: DETLOG [syscall][detcore, dtid 3] finish syscall #711: rt_sigaction(18, 0x7fffffffb0c0, NULL, 8) = Ok(0)
2026-07-23T20:18:53.161548Z  INFO detcore: DETLOG [syscall][detcore, dtid 3] inbound syscall: fcntl(1, F_GETFL) = ?
2026-07-23T20:18:53.161565Z  INFO detcore: DETLOG [syscall][detcore, dtid 3] finish syscall #712: fcntl(1, F_GETFL) = Ok(32769)
2026-07-23T20:18:53.161587Z  INFO detcore: DETLOG [syscall][detcore, dtid 3] inbound syscall: fcntl(1, F_SETFL, 34817) = ?
2026-07-23T20:18:53.161630Z  INFO detcore: DETLOG [syscall][detcore, dtid 3] finish syscall #713: fcntl(1, F_SETFL, 34817) = Ok(0)
2026-07-23T20:18:53.161658Z  INFO detcore: DETLOG [syscall][detcore, dtid 3] inbound syscall: lseek(0, 0, SEEK_CUR) = ?
2026-07-23T20:18:53.161684Z  INFO detcore: DETLOG [syscall][detcore, dtid 3] finish syscall #714: lseek(0, 0, SEEK_CUR) = Ok(0)
2026-07-23T20:18:53.161715Z  INFO detcore: DETLOG [syscall][detcore, dtid 3] inbound syscall: lseek(1, 0, SEEK_CUR) = ?
2026-07-23T20:18:53.161739Z  INFO detcore: DETLOG [syscall][detcore, dtid 3] finish syscall #715: lseek(1, 0, SEEK_CUR) = Ok(0)
2026-07-23T20:18:53.161765Z  INFO detcore: DETLOG [syscall][detcore, dtid 3] inbound syscall: ioctl(0, TCSETS, 0x7fffffffb1d0) = ?
2026-07-23T20:18:53.161785Z  INFO detcore: DETLOG [syscall][detcore, dtid 3] finish syscall #716: ioctl(0, TCSETS, 0x7fffffffb1d0) = Err(Errno(ENOTTY))
2026-07-23T20:18:53.161871Z  INFO detcore: DETLOG [syscall][detcore, dtid 3] inbound syscall: access(0x55555748f920 -> "/usr/libexec/qemu-bundle", Mode(S_IROTH)) = ?
2026-07-23T20:18:53.161899Z  INFO detcore: DETLOG [syscall][detcore, dtid 3] finish syscall #717: access(0x55555748f920 -> "/usr/libexec/qemu-bundle", Mode(S_IROTH)) = Err(Errno(ENOENT))
2026-07-23T20:18:53.161929Z  INFO detcore: DETLOG [syscall][detcore, dtid 3] inbound syscall: access(0x55555748f660 -> "/usr/libexec/../lib64/qemu-kvm/audio-spice.so", Mode(0x0)) = ?
2026-07-23T20:18:53.161953Z  INFO detcore: DETLOG [syscall][detcore, dtid 3] finish syscall #718: access(0x55555748f660 -> "/usr/libexec/../lib64/qemu-kvm/audio-spice.so", Mode(0x0)) = Err(Errno(ENOENT))
2026-07-23T20:18:53.161978Z  INFO detcore: DETLOG [syscall][detcore, dtid 3] inbound syscall: access(0x55555748f920 -> "/usr/libexec/qemu-bundle", Mode(S_IROTH)) = ?
2026-07-23T20:18:53.162001Z  INFO detcore: DETLOG [syscall][detcore, dtid 3] finish syscall #719: access(0x55555748f920 -> "/usr/libexec/qemu-bundle", Mode(S_IROTH)) = Err(Errno(ENOENT))
2026-07-23T20:18:53.162025Z  INFO detcore: DETLOG [syscall][detcore, dtid 3] inbound syscall: access(0x55555748f660 -> "/usr/libexec/../lib64/qemu-kvm/audio-.so", Mode(0x0)) = ?
2026-07-23T20:18:53.162047Z  INFO detcore: DETLOG [syscall][detcore, dtid 3] finish syscall #720: access(0x55555748f660 -> "/usr/libexec/../lib64/qemu-kvm/audio-.so", Mode(0x0)) = Err(Errno(ENOENT))
2026-07-23T20:18:53.162115Z  INFO detcore: DETLOG [syscall][detcore, dtid 3] inbound syscall: mmap(NULL, 528384, ProtFlags(PROT_READ | PROT_WRITE), MapFlags(MAP_PRIVATE | MAP_ANON), -1, 0) = ?
2026-07-23T20:18:53.162138Z  INFO detcore: DETLOG [syscall][detcore, dtid 3] finish syscall #721: mmap(NULL, 528384, ProtFlags(PROT_READ | PROT_WRITE), MapFlags(MAP_PRIVATE | MAP_ANON), -1, 0) = Ok(140737287938048)
2026-07-23T20:18:53.162292Z  INFO detcore: DETLOG [syscall][detcore, dtid 3] inbound syscall: sysinfo(0x7fffffffb1f0) = ?
2026-07-23T20:18:53.162355Z  INFO detcore: DETLOG [syscall][detcore, dtid 3] finish syscall #722: sysinfo(0x7fffffffb1f0) = Ok(0)
2026-07-23T20:18:53.162402Z  INFO detcore: DETLOG [syscall][detcore, dtid 3] inbound syscall: mmap(NULL, 124997632, ProtFlags(0x0), MapFlags(MAP_PRIVATE | MAP_ANON), -1, 0) = ?
2026-07-23T20:18:53.162426Z  INFO detcore: DETLOG [syscall][detcore, dtid 3] finish syscall #723: mmap(NULL, 124997632, ProtFlags(0x0), MapFlags(MAP_PRIVATE | MAP_ANON), -1, 0) = Ok(140737094922240)
2026-07-23T20:18:53.162448Z  INFO detcore: DETLOG [syscall][detcore, dtid 3] inbound syscall: madvise(0x7fffe88cb000, 124997632, 14) = ?
2026-07-23T20:18:53.162472Z  INFO detcore: DETLOG [syscall][detcore, dtid 3] finish syscall #724: madvise(0x7fffe88cb000, 124997632, 14) = Ok(0)
2026-07-23T20:18:53.162491Z  INFO detcore: DETLOG [syscall][detcore, dtid 3] inbound syscall: mprotect(0x7fffe88cb000, 124993536, ProtFlags(PROT_READ | PROT_WRITE | PROT_EXEC)) = ?
2026-07-23T20:18:53.162511Z  INFO detcore: DETLOG [syscall][detcore, dtid 3] finish syscall #725: mprotect(0x7fffe88cb000, 124993536, ProtFlags(PROT_READ | PROT_WRITE | PROT_EXEC)) = Ok(0)
2026-07-23T20:18:53.162549Z  INFO detcore: DETLOG [syscall][detcore, dtid 3] inbound syscall: openat(-100, 0x7ffff71a91eb -> "/dev/urandom", 0) = ?
2026-07-23T20:18:53.162564Z  INFO detcore::scheduler: [sched-step5] >>>>>>>

 COMMIT turn 73, dettid 5 using resources {SleepUntil(LogicalTime(1640995199180235600)): W}, on previously committed 1_640_995_199.193_555_830s
2026-07-23T20:18:53.162581Z  INFO detcore: DETLOG [syscall][detcore, dtid 5] finish syscall #8: clock_nanosleep(CLOCK_REALTIME, 0, 0x7ffff4b60520, 0x7ffff4b60510) = Ok(0)
2026-07-23T20:18:53.162627Z  INFO detcore: DETLOG [syscall][detcore, dtid 5] inbound syscall: madvise(0x555557490000, 4096, 4) = ?
2026-07-23T20:18:53.162653Z  INFO detcore: DETLOG [syscall][detcore, dtid 5] finish syscall #9: madvise(0x555557490000, 4096, 4) = Ok(0)
2026-07-23T20:18:53.162675Z  INFO detcore: DETLOG [syscall][detcore, dtid 5] inbound syscall: futex(0x555557231ea4, 0, -1, NULL, NULL, 0) = ?
2026-07-23T20:18:53.162695Z  INFO detcore::scheduler: [sched-step5] >>>>>>>

 COMMIT turn 74, dettid 3 using resources {Path("/dev/urandom"): R}, on previously committed 1_640_995_199.194_084_880s
2026-07-23T20:18:53.162739Z  INFO detcore::syscalls::files: Injecting additional fstat to retrieve file metadata on fd 9.
2026-07-23T20:18:53.162794Z  INFO detcore: DETLOG [syscall][detcore, dtid 3] finish syscall #726: openat(-100, 0x7ffff71a91eb -> "/dev/urandom", 0) = Ok(9)
2026-07-23T20:18:53.162822Z  INFO detcore: DETLOG [syscall][detcore, dtid 3] inbound syscall: read(9, 0x7fffffffb280, 16) = ?
2026-07-23T20:18:53.162829Z  INFO detcore: DETLOG [syscall][detcore, dtid 3] finish syscall #727: read(9, 0x7fffffffb280, 16) = Ok(16)
2026-07-23T20:18:53.162867Z  INFO detcore: DETLOG [syscall][detcore, dtid 3] inbound syscall: close(9) = ?
2026-07-23T20:18:53.162890Z  INFO detcore: DETLOG [syscall][detcore, dtid 3] finish syscall #728: close(9) = Ok(0)
2026-07-23T20:18:53.162914Z  INFO detcore: DETLOG [syscall][detcore, dtid 3] inbound syscall: futex(0x7ffff72280f8, 129, 2147483647, NULL, 0xf, 4) = ?
2026-07-23T20:18:53.162921Z  INFO detcore: DETLOG [syscall][detcore, dtid 3] finish syscall #729: futex(0x7ffff72280f8, 129, 2147483647, NULL, 0xf, 4) = Ok(0)
2026-07-23T20:18:53.163001Z  INFO detcore: DETLOG [syscall][detcore, dtid 3] inbound syscall: openat(-100, 0x7ffff71a91eb -> "/dev/urandom", 0) = ?
2026-07-23T20:18:53.163008Z  INFO detcore::scheduler: [sched-step5] >>>>>>>

 COMMIT turn 75, dettid 3 using resources {Path("/dev/urandom"): R}, on previously committed 1_640_995_199.194_718_570s
2026-07-23T20:18:53.163045Z  INFO detcore::syscalls::files: Injecting additional fstat to retrieve file metadata on fd 9.
2026-07-23T20:18:53.163089Z  INFO detcore: DETLOG [syscall][detcore, dtid 3] finish syscall #730: openat(-100, 0x7ffff71a91eb -> "/dev/urandom", 0) = Ok(9)
2026-07-23T20:18:53.163115Z  INFO detcore: DETLOG [syscall][detcore, dtid 3] inbound syscall: read(9, 0x7fffffffb0b0, 16) = ?
2026-07-23T20:18:53.163121Z  INFO detcore: DETLOG [syscall][detcore, dtid 3] finish syscall #731: read(9, 0x7fffffffb0b0, 16) = Ok(16)
2026-07-23T20:18:53.163158Z  INFO detcore: DETLOG [syscall][detcore, dtid 3] inbound syscall: close(9) = ?
2026-07-23T20:18:53.163179Z  INFO detcore: DETLOG [syscall][detcore, dtid 3] finish syscall #732: close(9) = Ok(0)
2026-07-23T20:18:53.163229Z  INFO detcore: DETLOG [syscall][detcore, dtid 3] inbound syscall: clock_gettime(CLOCK_MONOTONIC, 0x7fffffffb220) = ?
2026-07-23T20:18:53.163237Z  INFO detcore: DETLOG [syscall][detcore, dtid 3] finish syscall #733: clock_gettime(CLOCK_MONOTONIC, 0x7fffffffb220 -> { tv_sec: 1640995199, tv_nsec: 194813950 }) = Ok(0)
2026-07-23T20:18:53.163280Z  INFO detcore: DETLOG [syscall][detcore, dtid 3] inbound syscall: writev(1, 0x7ffff5b62f38, 1) = ?
2026-07-23T20:18:53.163305Z  INFO detcore: DETLOG [syscall][detcore, dtid 3] finish syscall #734: writev(1, 0x7ffff5b62f38, 1) = Ok(56)
2026-07-23T20:18:53.163337Z  INFO detcore: DETLOG [syscall][detcore, dtid 3] inbound syscall: ioctl(0, TCSETS, 0x7fffffffb1c0) = ?
2026-07-23T20:18:53.163356Z  INFO detcore: DETLOG [syscall][detcore, dtid 3] finish syscall #735: ioctl(0, TCSETS, 0x7fffffffb1c0) = Err(Errno(ENOTTY))
2026-07-23T20:18:53.163378Z  INFO detcore: DETLOG [syscall][detcore, dtid 3] inbound syscall: fcntl(0, F_SETFL, 32768) = ?
2026-07-23T20:18:53.163400Z  INFO detcore: DETLOG [syscall][detcore, dtid 3] finish syscall #736: fcntl(0, F_SETFL, 32768) = Ok(0)
2026-07-23T20:18:53.163422Z  INFO detcore: DETLOG [syscall][detcore, dtid 3] inbound syscall: fcntl(1, F_SETFL, 32769) = ?
2026-07-23T20:18:53.163442Z  INFO detcore: DETLOG [syscall][detcore, dtid 3] finish syscall #737: fcntl(1, F_SETFL, 32769) = Ok(0)
2026-07-23T20:18:53.163468Z  INFO detcore: DETLOG [syscall][detcore, dtid 3] inbound syscall: write(2, 0x7fffffff9170, 19) = ?
2026-07-23T20:18:53.163476Z  INFO detcore::scheduler: [sched-step5] >>>>>>>

 COMMIT turn 76, dettid 3 using resources {Path("/proc/3/fd/2"): W}, on previously committed 1_640_995_199.195_403_850s
qemu-system-x86_64:2026-07-23T20:18:53.163502Z  INFO detcore: DETLOG [syscall][detcore, dtid 3] finish syscall #738: write(2, 0x7fffffff9170, 19) = Ok(19)
2026-07-23T20:18:53.163524Z  INFO detcore: DETLOG [syscall][detcore, dtid 3] inbound syscall: write(2, 0x7fffffff9170, 8) = ?
2026-07-23T20:18:53.163529Z  INFO detcore::scheduler: [sched-step5] >>>>>>>

 COMMIT turn 77, dettid 3 using resources {Path("/proc/3/fd/2"): W}, on previously committed 1_640_995_199.195_915_530s
 -serial2026-07-23T20:18:53.163550Z  INFO detcore: DETLOG [syscall][detcore, dtid 3] finish syscall #739: write(2, 0x7fffffff9170, 8) = Ok(8)
2026-07-23T20:18:53.163570Z  INFO detcore: DETLOG [syscall][detcore, dtid 3] inbound syscall: write(2, 0x7fffffff9170, 6) = ?
2026-07-23T20:18:53.163575Z  INFO detcore::scheduler: [sched-step5] >>>>>>>

 COMMIT turn 78, dettid 3 using resources {Path("/proc/3/fd/2"): W}, on previously committed 1_640_995_199.196_427_170s
 stdio2026-07-23T20:18:53.163596Z  INFO detcore: DETLOG [syscall][detcore, dtid 3] finish syscall #740: write(2, 0x7fffffff9170, 6) = Ok(6)
2026-07-23T20:18:53.163618Z  INFO detcore: DETLOG [syscall][detcore, dtid 3] inbound syscall: write(2, 0x7fffffff9170, 2) = ?
2026-07-23T20:18:53.163623Z  INFO detcore::scheduler: [sched-step5] >>>>>>>

 COMMIT turn 79, dettid 3 using resources {Path("/proc/3/fd/2"): W}, on previously committed 1_640_995_199.196_938_180s
: 2026-07-23T20:18:53.163647Z  INFO detcore: DETLOG [syscall][detcore, dtid 3] finish syscall #741: write(2, 0x7fffffff9170, 2) = Ok(2)
2026-07-23T20:18:53.163667Z  INFO detcore: DETLOG [syscall][detcore, dtid 3] inbound syscall: write(2, 0x7fffffff9240, 46) = ?
2026-07-23T20:18:53.163672Z  INFO detcore::scheduler: [sched-step5] >>>>>>>

 COMMIT turn 80, dettid 3 using resources {Path("/proc/3/fd/2"): W}, on previously committed 1_640_995_199.197_449_510s
cannot use stdio by multiple character devices2026-07-23T20:18:53.163701Z  INFO detcore: DETLOG [syscall][detcore, dtid 3] finish syscall #742: write(2, 0x7fffffff9240, 46) = Ok(46)
2026-07-23T20:18:53.163722Z  INFO detcore: DETLOG [syscall][detcore, dtid 3] inbound syscall: write(2, 0x7fffffff9170, 1) = ?
2026-07-23T20:18:53.163727Z  INFO detcore::scheduler: [sched-step5] >>>>>>>

 COMMIT turn 81, dettid 3 using resources {Path("/proc/3/fd/2"): W}, on previously committed 1_640_995_199.197_960_490s

2026-07-23T20:18:53.163747Z  INFO detcore: DETLOG [syscall][detcore, dtid 3] finish syscall #743: write(2, 0x7fffffff9170, 1) = Ok(1)
2026-07-23T20:18:53.163772Z  INFO detcore: DETLOG [syscall][detcore, dtid 3] inbound syscall: write(2, 0x7fffffff9090, 19) = ?
2026-07-23T20:18:53.163777Z  INFO detcore::scheduler: [sched-step5] >>>>>>>

 COMMIT turn 82, dettid 3 using resources {Path("/proc/3/fd/2"): W}, on previously committed 1_640_995_199.198_475_090s
qemu-system-x86_64:2026-07-23T20:18:53.163798Z  INFO detcore: DETLOG [syscall][detcore, dtid 3] finish syscall #744: write(2, 0x7fffffff9090, 19) = Ok(19)
2026-07-23T20:18:53.163817Z  INFO detcore: DETLOG [syscall][detcore, dtid 3] inbound syscall: write(2, 0x7fffffff9090, 8) = ?
2026-07-23T20:18:53.163822Z  INFO detcore::scheduler: [sched-step5] >>>>>>>

 COMMIT turn 83, dettid 3 using resources {Path("/proc/3/fd/2"): W}, on previously committed 1_640_995_199.198_986_770s
 -serial2026-07-23T20:18:53.163847Z  INFO detcore: DETLOG [syscall][detcore, dtid 3] finish syscall #745: write(2, 0x7fffffff9090, 8) = Ok(8)
2026-07-23T20:18:53.163870Z  INFO detcore: DETLOG [syscall][detcore, dtid 3] inbound syscall: write(2, 0x7fffffff9090, 6) = ?
2026-07-23T20:18:53.163876Z  INFO detcore::scheduler: [sched-step5] >>>>>>>

 COMMIT turn 84, dettid 3 using resources {Path("/proc/3/fd/2"): W}, on previously committed 1_640_995_199.199_498_410s
 stdio2026-07-23T20:18:53.163897Z  INFO detcore: DETLOG [syscall][detcore, dtid 3] finish syscall #746: write(2, 0x7fffffff9090, 6) = Ok(6)
2026-07-23T20:18:53.163918Z  INFO detcore: DETLOG [syscall][detcore, dtid 3] inbound syscall: write(2, 0x7fffffff9090, 2) = ?
2026-07-23T20:18:53.163923Z  INFO detcore::scheduler: [sched-step5] >>>>>>>

 COMMIT turn 85, dettid 3 using resources {Path("/proc/3/fd/2"): W}, on previously committed 1_640_995_199.200_009_420s
: 2026-07-23T20:18:53.163951Z  INFO detcore: DETLOG [syscall][detcore, dtid 3] finish syscall #747: write(2, 0x7fffffff9090, 2) = Ok(2)
2026-07-23T20:18:53.163973Z  INFO detcore: DETLOG [syscall][detcore, dtid 3] inbound syscall: write(2, 0x7fffffff9160, 60) = ?
2026-07-23T20:18:53.163978Z  INFO detcore::scheduler: [sched-step5] >>>>>>>

 COMMIT turn 86, dettid 3 using resources {Path("/proc/3/fd/2"): W}, on previously committed 1_640_995_199.200_520_750s
could not connect serial device to character backend 'stdio'2026-07-23T20:18:53.164004Z  INFO detcore: DETLOG [syscall][detcore, dtid 3] finish syscall #748: write(2, 0x7fffffff9160, 60) = Ok(60)
2026-07-23T20:18:53.164027Z  INFO detcore: DETLOG [syscall][detcore, dtid 3] inbound syscall: write(2, 0x7fffffff9090, 1) = ?
2026-07-23T20:18:53.164032Z  INFO detcore::scheduler: [sched-step5] >>>>>>>

 COMMIT turn 87, dettid 3 using resources {Path("/proc/3/fd/2"): W}, on previously committed 1_640_995_199.201_031_730s

2026-07-23T20:18:53.164057Z  INFO detcore: DETLOG [syscall][detcore, dtid 3] finish syscall #749: write(2, 0x7fffffff9090, 1) = Ok(1)
2026-07-23T20:18:53.164243Z  INFO detcore: DETLOG [syscall][detcore, dtid 3] inbound syscall: exit_group(1) = ?
2026-07-23T20:18:53.164250Z  INFO detcore::scheduler: [sched-step5] >>>>>>>

 COMMIT turn 88, dettid 3 using resources {Exit { group: true, process: DetPid(3), mm: MmId { creator: DetPid(3), generation: 1 } }: RW}, on previously committed 1_640_995_199.201_619_700s
2026-07-23T20:18:53.164259Z  INFO detcore::tool_global: Scheduler authorized an exit-group scenario, from dettid 3 / detpid 3
2026-07-23T20:18:53.164265Z  INFO detcore::scheduler: logically_kill: Scheduler removing all knowledge of [det]tid 5 in pid 3..
2026-07-23T20:18:53.164274Z  INFO reverie_ptrace::task: [tool] (tid 3) beginning tail_inject of syscall: exit_group
2026-07-23T20:18:53.165635Z  INFO detcore: [detcore, dtid 5] thread exit hook, deregistering from scheduler.
2026-07-23T20:18:53.165644Z  INFO detcore::scheduler: logically_kill: Scheduler removing all knowledge of [det]tid 5 in pid 3..
2026-07-23T20:18:53.165683Z  INFO detcore: [detcore, dtid 3] thread exit hook, deregistering from scheduler.
2026-07-23T20:18:53.165700Z  INFO detcore::scheduler: logically_kill: Scheduler removing all knowledge of [det]tid 3 in pid 3..
2026-07-23T20:18:53.165724Z  INFO detcore::scheduler: scheduler (step2_process_blocked): zero threads left anywhere, fizzling.
2026-07-23T20:18:53.165731Z  INFO detcore::scheduler: [scheduler] run queue empty, exiting sched_loop.
2026-07-23T20:18:53.165746Z  INFO detcore::tool_global: detcore shut down, destroying global state
2026-07-23T20:18:53.165754Z  INFO detcore::tool_global: 
  ------------------------------ hermit run report ------------------------------
Final thread-tree was: [3 5]
There were 1 group leaders of 2 thread(s) total.
Internally, the hermit scheduler ran 89 turns, recorded 0 events, replayed 0 events (0 desynced)
Final virtual global (cpu) time: 1_640_995_199.202_119_700s
Elapsed virtual global (cpu) time: 202_119_700ns

