2026-08-07T01:31:01.939355Z  INFO detcore::scheduler::runqueue: DETLOG SCHEDRAND: seeding scheduler runqueue with seed 0
2026-08-07T01:31:01.939564Z  INFO hermit::sabre: launching Detcore guest through SaBRe with coordinator RPC guest=/home/newton/work/dev-hermit/worktrees/sabre-nostdlib176/scratch/s176/hi_static plugin=/home/newton/working_copies/dev-hermit/worktrees/sabre-nostdlib176/hermit/target/install_pkg/rsrcs/libdetcore_sabre.so socket=/tmp/hermit-sabre-rpc-IpgNyt/coordinator.sock
2026-08-07T01:31:01.940525Z  INFO detcore::scheduler: [scheduler] daemon task starting up, waiting for guest thread start..
2026-08-07T01:31:01.940708Z TRACE hermit::sabre::fallback: received supervisor attach stop tid=3
2026-08-07T01:31:01.940724Z TRACE hermit::sabre::fallback: received ptrace wait status status=Stopped(Pid(3), SIGSTOP)
2026-08-07T01:31:01.940740Z TRACE hermit::sabre::fallback: received ptrace wait status status=Stopped(Pid(3), SIGSTOP)
2026-08-07T01:31:01.940769Z TRACE hermit::sabre::fallback: received ptrace wait status status=PtraceSyscall(Pid(3))
2026-08-07T01:31:01.940771Z TRACE hermit::sabre::fallback: decoded ptrace syscall stop tid=3 op=1
2026-08-07T01:31:01.940784Z TRACE hermit::sabre::fallback: received ptrace wait status status=PtraceSyscall(Pid(3))
2026-08-07T01:31:01.940785Z TRACE hermit::sabre::fallback: decoded ptrace syscall stop tid=3 op=2
2026-08-07T01:31:01.940796Z TRACE hermit::sabre::fallback: received ptrace wait status status=PtraceSyscall(Pid(3))
2026-08-07T01:31:01.940797Z TRACE hermit::sabre::fallback: decoded ptrace syscall stop tid=3 op=1
2026-08-07T01:31:01.940803Z TRACE hermit::sabre::fallback: received ptrace wait status status=PtraceSyscall(Pid(3))
2026-08-07T01:31:01.940804Z TRACE hermit::sabre::fallback: decoded ptrace syscall stop tid=3 op=2
2026-08-07T01:31:01.940820Z TRACE hermit::sabre::fallback: received ptrace wait status status=PtraceSyscall(Pid(3))
2026-08-07T01:31:01.940821Z TRACE hermit::sabre::fallback: decoded ptrace syscall stop tid=3 op=1
2026-08-07T01:31:01.940829Z TRACE hermit::sabre::fallback: received ptrace wait status status=PtraceSyscall(Pid(3))
2026-08-07T01:31:01.940830Z TRACE hermit::sabre::fallback: decoded ptrace syscall stop tid=3 op=2
2026-08-07T01:31:01.940846Z TRACE hermit::sabre::fallback: received ptrace wait status status=PtraceSyscall(Pid(3))
2026-08-07T01:31:01.940848Z TRACE hermit::sabre::fallback: decoded ptrace syscall stop tid=3 op=1
2026-08-07T01:31:01.940856Z TRACE hermit::sabre::fallback: received ptrace wait status status=PtraceSyscall(Pid(3))
2026-08-07T01:31:01.940857Z TRACE hermit::sabre::fallback: decoded ptrace syscall stop tid=3 op=2
2026-08-07T01:31:01.940864Z TRACE hermit::sabre::fallback: received ptrace wait status status=PtraceSyscall(Pid(3))
2026-08-07T01:31:01.940865Z TRACE hermit::sabre::fallback: decoded ptrace syscall stop tid=3 op=1
2026-08-07T01:31:01.940894Z TRACE hermit::sabre::fallback: received ptrace wait status status=PtraceSyscall(Pid(3))
2026-08-07T01:31:01.940895Z TRACE hermit::sabre::fallback: decoded ptrace syscall stop tid=3 op=2
2026-08-07T01:31:01.940900Z TRACE hermit::sabre::fallback: received ptrace wait status status=PtraceSyscall(Pid(3))
2026-08-07T01:31:01.940902Z TRACE hermit::sabre::fallback: decoded ptrace syscall stop tid=3 op=1
2026-08-07T01:31:01.940907Z TRACE hermit::sabre::fallback: received ptrace wait status status=PtraceSyscall(Pid(3))
2026-08-07T01:31:01.940908Z TRACE hermit::sabre::fallback: decoded ptrace syscall stop tid=3 op=2
2026-08-07T01:31:01.940913Z TRACE hermit::sabre::fallback: received ptrace wait status status=PtraceSyscall(Pid(3))
2026-08-07T01:31:01.940914Z TRACE hermit::sabre::fallback: decoded ptrace syscall stop tid=3 op=1
2026-08-07T01:31:01.940922Z TRACE hermit::sabre::fallback: received ptrace wait status status=PtraceSyscall(Pid(3))
2026-08-07T01:31:01.940925Z TRACE hermit::sabre::fallback: decoded ptrace syscall stop tid=3 op=2
2026-08-07T01:31:01.940930Z TRACE hermit::sabre::fallback: received ptrace wait status status=PtraceSyscall(Pid(3))
2026-08-07T01:31:01.940931Z TRACE hermit::sabre::fallback: decoded ptrace syscall stop tid=3 op=1
2026-08-07T01:31:01.940936Z TRACE hermit::sabre::fallback: received ptrace wait status status=PtraceSyscall(Pid(3))
2026-08-07T01:31:01.940937Z TRACE hermit::sabre::fallback: decoded ptrace syscall stop tid=3 op=2
2026-08-07T01:31:01.940950Z TRACE hermit::sabre::fallback: received ptrace wait status status=PtraceSyscall(Pid(3))
2026-08-07T01:31:01.940951Z TRACE hermit::sabre::fallback: decoded ptrace syscall stop tid=3 op=1
2026-08-07T01:31:01.940974Z TRACE hermit::sabre::fallback: received ptrace wait status status=PtraceSyscall(Pid(3))
2026-08-07T01:31:01.940976Z TRACE hermit::sabre::fallback: decoded ptrace syscall stop tid=3 op=2
2026-08-07T01:31:01.940981Z TRACE hermit::sabre::fallback: received ptrace wait status status=PtraceSyscall(Pid(3))
2026-08-07T01:31:01.940982Z TRACE hermit::sabre::fallback: decoded ptrace syscall stop tid=3 op=1
2026-08-07T01:31:01.940988Z TRACE hermit::sabre::fallback: received ptrace wait status status=PtraceSyscall(Pid(3))
2026-08-07T01:31:01.940989Z TRACE hermit::sabre::fallback: decoded ptrace syscall stop tid=3 op=2
2026-08-07T01:31:01.940996Z TRACE hermit::sabre::fallback: received ptrace wait status status=PtraceSyscall(Pid(3))
2026-08-07T01:31:01.940997Z TRACE hermit::sabre::fallback: decoded ptrace syscall stop tid=3 op=1
2026-08-07T01:31:01.941002Z TRACE hermit::sabre::fallback: received ptrace wait status status=PtraceSyscall(Pid(3))
2026-08-07T01:31:01.941003Z TRACE hermit::sabre::fallback: decoded ptrace syscall stop tid=3 op=2
2026-08-07T01:31:01.941009Z TRACE hermit::sabre::fallback: received ptrace wait status status=PtraceSyscall(Pid(3))
2026-08-07T01:31:01.941010Z TRACE hermit::sabre::fallback: decoded ptrace syscall stop tid=3 op=1
2026-08-07T01:31:01.941017Z TRACE hermit::sabre::fallback: received ptrace wait status status=PtraceSyscall(Pid(3))
2026-08-07T01:31:01.941018Z TRACE hermit::sabre::fallback: decoded ptrace syscall stop tid=3 op=2
2026-08-07T01:31:01.941026Z TRACE hermit::sabre::fallback: received ptrace wait status status=PtraceSyscall(Pid(3))
2026-08-07T01:31:01.941027Z TRACE hermit::sabre::fallback: decoded ptrace syscall stop tid=3 op=1
2026-08-07T01:31:01.941035Z TRACE hermit::sabre::fallback: received ptrace wait status status=PtraceSyscall(Pid(3))
2026-08-07T01:31:01.941036Z TRACE hermit::sabre::fallback: decoded ptrace syscall stop tid=3 op=2
2026-08-07T01:31:01.941041Z TRACE hermit::sabre::fallback: received ptrace wait status status=PtraceSyscall(Pid(3))
2026-08-07T01:31:01.941043Z TRACE hermit::sabre::fallback: decoded ptrace syscall stop tid=3 op=1
2026-08-07T01:31:01.941050Z TRACE hermit::sabre::fallback: received ptrace wait status status=PtraceSyscall(Pid(3))
2026-08-07T01:31:01.941051Z TRACE hermit::sabre::fallback: decoded ptrace syscall stop tid=3 op=2
2026-08-07T01:31:01.941056Z TRACE hermit::sabre::fallback: received ptrace wait status status=PtraceSyscall(Pid(3))
2026-08-07T01:31:01.941058Z TRACE hermit::sabre::fallback: decoded ptrace syscall stop tid=3 op=1
2026-08-07T01:31:01.941067Z TRACE hermit::sabre::fallback: received ptrace wait status status=PtraceSyscall(Pid(3))
2026-08-07T01:31:01.941068Z TRACE hermit::sabre::fallback: decoded ptrace syscall stop tid=3 op=2
2026-08-07T01:31:01.941073Z TRACE hermit::sabre::fallback: received ptrace wait status status=PtraceSyscall(Pid(3))
2026-08-07T01:31:01.941075Z TRACE hermit::sabre::fallback: decoded ptrace syscall stop tid=3 op=1
2026-08-07T01:31:01.941082Z TRACE hermit::sabre::fallback: received ptrace wait status status=PtraceSyscall(Pid(3))
2026-08-07T01:31:01.941083Z TRACE hermit::sabre::fallback: decoded ptrace syscall stop tid=3 op=2
2026-08-07T01:31:01.941092Z TRACE hermit::sabre::fallback: received ptrace wait status status=PtraceSyscall(Pid(3))
2026-08-07T01:31:01.941093Z TRACE hermit::sabre::fallback: decoded ptrace syscall stop tid=3 op=1
2026-08-07T01:31:01.941098Z TRACE hermit::sabre::fallback: received ptrace wait status status=PtraceSyscall(Pid(3))
2026-08-07T01:31:01.941099Z TRACE hermit::sabre::fallback: decoded ptrace syscall stop tid=3 op=2
2026-08-07T01:31:01.941106Z TRACE hermit::sabre::fallback: received ptrace wait status status=PtraceSyscall(Pid(3))
2026-08-07T01:31:01.941107Z TRACE hermit::sabre::fallback: decoded ptrace syscall stop tid=3 op=1
2026-08-07T01:31:01.941127Z TRACE hermit::sabre::fallback: received ptrace wait status status=PtraceSyscall(Pid(3))
2026-08-07T01:31:01.941128Z TRACE hermit::sabre::fallback: decoded ptrace syscall stop tid=3 op=2
2026-08-07T01:31:01.941132Z TRACE hermit::sabre::fallback: received ptrace wait status status=PtraceSyscall(Pid(3))
2026-08-07T01:31:01.941134Z TRACE hermit::sabre::fallback: decoded ptrace syscall stop tid=3 op=1
2026-08-07T01:31:01.941140Z TRACE hermit::sabre::fallback: received ptrace wait status status=PtraceSyscall(Pid(3))
2026-08-07T01:31:01.941141Z TRACE hermit::sabre::fallback: decoded ptrace syscall stop tid=3 op=2
2026-08-07T01:31:01.941147Z TRACE hermit::sabre::fallback: received ptrace wait status status=PtraceSyscall(Pid(3))
2026-08-07T01:31:01.941148Z TRACE hermit::sabre::fallback: decoded ptrace syscall stop tid=3 op=1
2026-08-07T01:31:01.941156Z TRACE hermit::sabre::fallback: received ptrace wait status status=PtraceSyscall(Pid(3))
2026-08-07T01:31:01.941157Z TRACE hermit::sabre::fallback: decoded ptrace syscall stop tid=3 op=2
2026-08-07T01:31:01.941164Z TRACE hermit::sabre::fallback: received ptrace wait status status=PtraceSyscall(Pid(3))
2026-08-07T01:31:01.941165Z TRACE hermit::sabre::fallback: decoded ptrace syscall stop tid=3 op=1
2026-08-07T01:31:01.941172Z TRACE hermit::sabre::fallback: received ptrace wait status status=PtraceSyscall(Pid(3))
2026-08-07T01:31:01.941174Z TRACE hermit::sabre::fallback: decoded ptrace syscall stop tid=3 op=2
2026-08-07T01:31:01.941179Z TRACE hermit::sabre::fallback: received ptrace wait status status=PtraceSyscall(Pid(3))
2026-08-07T01:31:01.941180Z TRACE hermit::sabre::fallback: decoded ptrace syscall stop tid=3 op=1
2026-08-07T01:31:01.941189Z TRACE hermit::sabre::fallback: received ptrace wait status status=PtraceSyscall(Pid(3))
2026-08-07T01:31:01.941190Z TRACE hermit::sabre::fallback: decoded ptrace syscall stop tid=3 op=2
2026-08-07T01:31:01.941195Z TRACE hermit::sabre::fallback: received ptrace wait status status=PtraceSyscall(Pid(3))
2026-08-07T01:31:01.941197Z TRACE hermit::sabre::fallback: decoded ptrace syscall stop tid=3 op=1
2026-08-07T01:31:01.941205Z TRACE hermit::sabre::fallback: received ptrace wait status status=PtraceSyscall(Pid(3))
2026-08-07T01:31:01.941207Z TRACE hermit::sabre::fallback: decoded ptrace syscall stop tid=3 op=2
2026-08-07T01:31:01.941212Z TRACE hermit::sabre::fallback: received ptrace wait status status=PtraceSyscall(Pid(3))
2026-08-07T01:31:01.941213Z TRACE hermit::sabre::fallback: decoded ptrace syscall stop tid=3 op=1
2026-08-07T01:31:01.941220Z TRACE hermit::sabre::fallback: received ptrace wait status status=PtraceSyscall(Pid(3))
2026-08-07T01:31:01.941223Z TRACE hermit::sabre::fallback: decoded ptrace syscall stop tid=3 op=2
2026-08-07T01:31:01.941227Z TRACE hermit::sabre::fallback: received ptrace wait status status=PtraceSyscall(Pid(3))
2026-08-07T01:31:01.941229Z TRACE hermit::sabre::fallback: decoded ptrace syscall stop tid=3 op=1
2026-08-07T01:31:01.941235Z TRACE hermit::sabre::fallback: received ptrace wait status status=PtraceSyscall(Pid(3))
2026-08-07T01:31:01.941236Z TRACE hermit::sabre::fallback: decoded ptrace syscall stop tid=3 op=2
2026-08-07T01:31:01.941245Z TRACE hermit::sabre::fallback: received ptrace wait status status=PtraceSyscall(Pid(3))
2026-08-07T01:31:01.941246Z TRACE hermit::sabre::fallback: decoded ptrace syscall stop tid=3 op=1
2026-08-07T01:31:01.941250Z TRACE hermit::sabre::fallback: received ptrace wait status status=PtraceSyscall(Pid(3))
2026-08-07T01:31:01.941252Z TRACE hermit::sabre::fallback: decoded ptrace syscall stop tid=3 op=2
2026-08-07T01:31:01.941258Z TRACE hermit::sabre::fallback: received ptrace wait status status=PtraceSyscall(Pid(3))
2026-08-07T01:31:01.941259Z TRACE hermit::sabre::fallback: decoded ptrace syscall stop tid=3 op=1
2026-08-07T01:31:01.941275Z TRACE hermit::sabre::fallback: received ptrace wait status status=PtraceSyscall(Pid(3))
2026-08-07T01:31:01.941277Z TRACE hermit::sabre::fallback: decoded ptrace syscall stop tid=3 op=2
2026-08-07T01:31:01.941281Z TRACE hermit::sabre::fallback: received ptrace wait status status=PtraceSyscall(Pid(3))
2026-08-07T01:31:01.941283Z TRACE hermit::sabre::fallback: decoded ptrace syscall stop tid=3 op=1
2026-08-07T01:31:01.941288Z TRACE hermit::sabre::fallback: received ptrace wait status status=PtraceSyscall(Pid(3))
2026-08-07T01:31:01.941289Z TRACE hermit::sabre::fallback: decoded ptrace syscall stop tid=3 op=2
2026-08-07T01:31:01.941294Z TRACE hermit::sabre::fallback: received ptrace wait status status=PtraceSyscall(Pid(3))
2026-08-07T01:31:01.941295Z TRACE hermit::sabre::fallback: decoded ptrace syscall stop tid=3 op=1
2026-08-07T01:31:01.941300Z TRACE hermit::sabre::fallback: received ptrace wait status status=PtraceSyscall(Pid(3))
2026-08-07T01:31:01.941301Z TRACE hermit::sabre::fallback: decoded ptrace syscall stop tid=3 op=2
2026-08-07T01:31:01.941306Z TRACE hermit::sabre::fallback: received ptrace wait status status=PtraceSyscall(Pid(3))
2026-08-07T01:31:01.941307Z TRACE hermit::sabre::fallback: decoded ptrace syscall stop tid=3 op=1
2026-08-07T01:31:01.941312Z TRACE hermit::sabre::fallback: received ptrace wait status status=PtraceSyscall(Pid(3))
2026-08-07T01:31:01.941313Z TRACE hermit::sabre::fallback: decoded ptrace syscall stop tid=3 op=2
2026-08-07T01:31:01.941317Z TRACE hermit::sabre::fallback: received ptrace wait status status=PtraceSyscall(Pid(3))
2026-08-07T01:31:01.941319Z TRACE hermit::sabre::fallback: decoded ptrace syscall stop tid=3 op=1
2026-08-07T01:31:01.941327Z TRACE hermit::sabre::fallback: received ptrace wait status status=PtraceSyscall(Pid(3))
2026-08-07T01:31:01.941328Z TRACE hermit::sabre::fallback: decoded ptrace syscall stop tid=3 op=2
2026-08-07T01:31:01.941333Z TRACE hermit::sabre::fallback: received ptrace wait status status=PtraceSyscall(Pid(3))
2026-08-07T01:31:01.941334Z TRACE hermit::sabre::fallback: decoded ptrace syscall stop tid=3 op=1
2026-08-07T01:31:01.941338Z TRACE hermit::sabre::fallback: received ptrace wait status status=PtraceSyscall(Pid(3))
2026-08-07T01:31:01.941340Z TRACE hermit::sabre::fallback: decoded ptrace syscall stop tid=3 op=2
2026-08-07T01:31:01.941345Z TRACE hermit::sabre::fallback: received ptrace wait status status=PtraceSyscall(Pid(3))
2026-08-07T01:31:01.941347Z TRACE hermit::sabre::fallback: decoded ptrace syscall stop tid=3 op=1
2026-08-07T01:31:01.941352Z TRACE hermit::sabre::fallback: received ptrace wait status status=PtraceSyscall(Pid(3))
2026-08-07T01:31:01.941353Z TRACE hermit::sabre::fallback: decoded ptrace syscall stop tid=3 op=2
2026-08-07T01:31:01.941358Z TRACE hermit::sabre::fallback: received ptrace wait status status=PtraceSyscall(Pid(3))
2026-08-07T01:31:01.941359Z TRACE hermit::sabre::fallback: decoded ptrace syscall stop tid=3 op=1
2026-08-07T01:31:01.941367Z TRACE hermit::sabre::fallback: received ptrace wait status status=PtraceSyscall(Pid(3))
2026-08-07T01:31:01.941368Z TRACE hermit::sabre::fallback: decoded ptrace syscall stop tid=3 op=2
2026-08-07T01:31:01.941372Z TRACE hermit::sabre::fallback: received ptrace wait status status=PtraceSyscall(Pid(3))
2026-08-07T01:31:01.941373Z TRACE hermit::sabre::fallback: decoded ptrace syscall stop tid=3 op=1
2026-08-07T01:31:01.941386Z TRACE hermit::sabre::fallback: received ptrace wait status status=PtraceSyscall(Pid(3))
2026-08-07T01:31:01.941388Z TRACE hermit::sabre::fallback: decoded ptrace syscall stop tid=3 op=2
2026-08-07T01:31:01.941394Z TRACE hermit::sabre::fallback: received ptrace wait status status=PtraceSyscall(Pid(3))
2026-08-07T01:31:01.941396Z TRACE hermit::sabre::fallback: decoded ptrace syscall stop tid=3 op=1
2026-08-07T01:31:01.941406Z TRACE hermit::sabre::fallback: received ptrace wait status status=PtraceSyscall(Pid(3))
2026-08-07T01:31:01.941407Z TRACE hermit::sabre::fallback: decoded ptrace syscall stop tid=3 op=2
2026-08-07T01:31:01.941413Z TRACE hermit::sabre::fallback: received ptrace wait status status=PtraceSyscall(Pid(3))
2026-08-07T01:31:01.941414Z TRACE hermit::sabre::fallback: decoded ptrace syscall stop tid=3 op=1
2026-08-07T01:31:01.941423Z TRACE hermit::sabre::fallback: received ptrace wait status status=PtraceSyscall(Pid(3))
2026-08-07T01:31:01.941424Z TRACE hermit::sabre::fallback: decoded ptrace syscall stop tid=3 op=2
2026-08-07T01:31:01.941433Z TRACE hermit::sabre::fallback: received ptrace wait status status=PtraceSyscall(Pid(3))
2026-08-07T01:31:01.941439Z TRACE hermit::sabre::fallback: decoded ptrace syscall stop tid=3 op=1
2026-08-07T01:31:01.941456Z TRACE hermit::sabre::fallback: received ptrace wait status status=PtraceSyscall(Pid(3))
2026-08-07T01:31:01.941458Z TRACE hermit::sabre::fallback: decoded ptrace syscall stop tid=3 op=2
2026-08-07T01:31:01.941474Z TRACE hermit::sabre::fallback: received ptrace wait status status=PtraceSyscall(Pid(3))
2026-08-07T01:31:01.941475Z TRACE hermit::sabre::fallback: decoded ptrace syscall stop tid=3 op=1
2026-08-07T01:31:01.941481Z TRACE hermit::sabre::fallback: received ptrace wait status status=PtraceSyscall(Pid(3))
2026-08-07T01:31:01.941482Z TRACE hermit::sabre::fallback: decoded ptrace syscall stop tid=3 op=2
2026-08-07T01:31:01.941491Z TRACE hermit::sabre::fallback: received ptrace wait status status=PtraceSyscall(Pid(3))
2026-08-07T01:31:01.941492Z TRACE hermit::sabre::fallback: decoded ptrace syscall stop tid=3 op=1
2026-08-07T01:31:01.941510Z TRACE hermit::sabre::fallback: received ptrace wait status status=PtraceSyscall(Pid(3))
2026-08-07T01:31:01.941511Z TRACE hermit::sabre::fallback: decoded ptrace syscall stop tid=3 op=2
2026-08-07T01:31:01.941516Z TRACE hermit::sabre::fallback: received ptrace wait status status=PtraceSyscall(Pid(3))
2026-08-07T01:31:01.941517Z TRACE hermit::sabre::fallback: decoded ptrace syscall stop tid=3 op=1
2026-08-07T01:31:01.941522Z TRACE hermit::sabre::fallback: received ptrace wait status status=PtraceSyscall(Pid(3))
2026-08-07T01:31:01.941523Z TRACE hermit::sabre::fallback: decoded ptrace syscall stop tid=3 op=2
2026-08-07T01:31:01.941530Z TRACE hermit::sabre::fallback: received ptrace wait status status=PtraceSyscall(Pid(3))
2026-08-07T01:31:01.941531Z TRACE hermit::sabre::fallback: decoded ptrace syscall stop tid=3 op=1
2026-08-07T01:31:01.941536Z TRACE hermit::sabre::fallback: received ptrace wait status status=PtraceSyscall(Pid(3))
2026-08-07T01:31:01.941537Z TRACE hermit::sabre::fallback: decoded ptrace syscall stop tid=3 op=2
2026-08-07T01:31:01.941542Z TRACE hermit::sabre::fallback: received ptrace wait status status=PtraceSyscall(Pid(3))
2026-08-07T01:31:01.941543Z TRACE hermit::sabre::fallback: decoded ptrace syscall stop tid=3 op=1
2026-08-07T01:31:01.941550Z TRACE hermit::sabre::fallback: received ptrace wait status status=PtraceSyscall(Pid(3))
2026-08-07T01:31:01.941551Z TRACE hermit::sabre::fallback: decoded ptrace syscall stop tid=3 op=2
2026-08-07T01:31:01.941556Z TRACE hermit::sabre::fallback: received ptrace wait status status=PtraceSyscall(Pid(3))
2026-08-07T01:31:01.941557Z TRACE hermit::sabre::fallback: decoded ptrace syscall stop tid=3 op=1
2026-08-07T01:31:01.941568Z TRACE hermit::sabre::fallback: received ptrace wait status status=PtraceSyscall(Pid(3))
2026-08-07T01:31:01.941570Z TRACE hermit::sabre::fallback: decoded ptrace syscall stop tid=3 op=2
2026-08-07T01:31:01.941575Z TRACE hermit::sabre::fallback: received ptrace wait status status=PtraceSyscall(Pid(3))
2026-08-07T01:31:01.941577Z TRACE hermit::sabre::fallback: decoded ptrace syscall stop tid=3 op=1
2026-08-07T01:31:01.941584Z TRACE hermit::sabre::fallback: received ptrace wait status status=PtraceSyscall(Pid(3))
2026-08-07T01:31:01.941585Z TRACE hermit::sabre::fallback: decoded ptrace syscall stop tid=3 op=2
2026-08-07T01:31:01.941590Z TRACE hermit::sabre::fallback: received ptrace wait status status=PtraceSyscall(Pid(3))
2026-08-07T01:31:01.941591Z TRACE hermit::sabre::fallback: decoded ptrace syscall stop tid=3 op=1
2026-08-07T01:31:01.941599Z TRACE hermit::sabre::fallback: received ptrace wait status status=PtraceSyscall(Pid(3))
2026-08-07T01:31:01.941600Z TRACE hermit::sabre::fallback: decoded ptrace syscall stop tid=3 op=2
2026-08-07T01:31:01.941608Z TRACE hermit::sabre::fallback: received ptrace wait status status=PtraceSyscall(Pid(3))
2026-08-07T01:31:01.941609Z TRACE hermit::sabre::fallback: decoded ptrace syscall stop tid=3 op=1
2026-08-07T01:31:01.941617Z TRACE hermit::sabre::fallback: received ptrace wait status status=PtraceSyscall(Pid(3))
2026-08-07T01:31:01.941619Z TRACE hermit::sabre::fallback: decoded ptrace syscall stop tid=3 op=2
2026-08-07T01:31:01.941626Z TRACE hermit::sabre::fallback: received ptrace wait status status=PtraceSyscall(Pid(3))
2026-08-07T01:31:01.941628Z TRACE hermit::sabre::fallback: decoded ptrace syscall stop tid=3 op=1
2026-08-07T01:31:01.941634Z TRACE hermit::sabre::fallback: received ptrace wait status status=PtraceSyscall(Pid(3))
2026-08-07T01:31:01.941635Z TRACE hermit::sabre::fallback: decoded ptrace syscall stop tid=3 op=2
2026-08-07T01:31:01.941641Z TRACE hermit::sabre::fallback: received ptrace wait status status=PtraceSyscall(Pid(3))
2026-08-07T01:31:01.941642Z TRACE hermit::sabre::fallback: decoded ptrace syscall stop tid=3 op=1
2026-08-07T01:31:01.941646Z TRACE hermit::sabre::fallback: received ptrace wait status status=PtraceSyscall(Pid(3))
2026-08-07T01:31:01.941648Z TRACE hermit::sabre::fallback: decoded ptrace syscall stop tid=3 op=2
2026-08-07T01:31:01.941653Z TRACE hermit::sabre::fallback: received ptrace wait status status=PtraceSyscall(Pid(3))
2026-08-07T01:31:01.941655Z TRACE hermit::sabre::fallback: decoded ptrace syscall stop tid=3 op=1
2026-08-07T01:31:01.941674Z TRACE hermit::sabre::fallback: received ptrace wait status status=PtraceSyscall(Pid(3))
2026-08-07T01:31:01.941676Z TRACE hermit::sabre::fallback: decoded ptrace syscall stop tid=3 op=2
2026-08-07T01:31:01.941681Z TRACE hermit::sabre::fallback: received ptrace wait status status=PtraceSyscall(Pid(3))
2026-08-07T01:31:01.941682Z TRACE hermit::sabre::fallback: decoded ptrace syscall stop tid=3 op=1
2026-08-07T01:31:01.941688Z TRACE hermit::sabre::fallback: received ptrace wait status status=PtraceSyscall(Pid(3))
2026-08-07T01:31:01.941689Z TRACE hermit::sabre::fallback: decoded ptrace syscall stop tid=3 op=2
2026-08-07T01:31:01.941694Z TRACE hermit::sabre::fallback: received ptrace wait status status=PtraceSyscall(Pid(3))
2026-08-07T01:31:01.941696Z TRACE hermit::sabre::fallback: decoded ptrace syscall stop tid=3 op=1
2026-08-07T01:31:01.941700Z TRACE hermit::sabre::fallback: received ptrace wait status status=PtraceSyscall(Pid(3))
2026-08-07T01:31:01.941701Z TRACE hermit::sabre::fallback: decoded ptrace syscall stop tid=3 op=2
2026-08-07T01:31:01.941706Z TRACE hermit::sabre::fallback: received ptrace wait status status=PtraceSyscall(Pid(3))
2026-08-07T01:31:01.941708Z TRACE hermit::sabre::fallback: decoded ptrace syscall stop tid=3 op=1
2026-08-07T01:31:01.941714Z TRACE hermit::sabre::fallback: received ptrace wait status status=PtraceSyscall(Pid(3))
2026-08-07T01:31:01.941715Z TRACE hermit::sabre::fallback: decoded ptrace syscall stop tid=3 op=2
2026-08-07T01:31:01.941721Z TRACE hermit::sabre::fallback: received ptrace wait status status=PtraceSyscall(Pid(3))
2026-08-07T01:31:01.941723Z TRACE hermit::sabre::fallback: decoded ptrace syscall stop tid=3 op=1
2026-08-07T01:31:01.941731Z TRACE hermit::sabre::fallback: received ptrace wait status status=PtraceSyscall(Pid(3))
2026-08-07T01:31:01.941732Z TRACE hermit::sabre::fallback: decoded ptrace syscall stop tid=3 op=2
2026-08-07T01:31:01.941737Z TRACE hermit::sabre::fallback: received ptrace wait status status=PtraceSyscall(Pid(3))
2026-08-07T01:31:01.941739Z TRACE hermit::sabre::fallback: decoded ptrace syscall stop tid=3 op=1
2026-08-07T01:31:01.941751Z TRACE hermit::sabre::fallback: received ptrace wait status status=PtraceSyscall(Pid(3))
2026-08-07T01:31:01.941752Z TRACE hermit::sabre::fallback: decoded ptrace syscall stop tid=3 op=2
2026-08-07T01:31:01.941757Z TRACE hermit::sabre::fallback: received ptrace wait status status=PtraceSyscall(Pid(3))
2026-08-07T01:31:01.941758Z TRACE hermit::sabre::fallback: decoded ptrace syscall stop tid=3 op=1
2026-08-07T01:31:01.941766Z TRACE hermit::sabre::fallback: received ptrace wait status status=PtraceSyscall(Pid(3))
2026-08-07T01:31:01.941767Z TRACE hermit::sabre::fallback: decoded ptrace syscall stop tid=3 op=2
2026-08-07T01:31:01.941772Z TRACE hermit::sabre::fallback: received ptrace wait status status=PtraceSyscall(Pid(3))
2026-08-07T01:31:01.941773Z TRACE hermit::sabre::fallback: decoded ptrace syscall stop tid=3 op=1
2026-08-07T01:31:01.941780Z TRACE hermit::sabre::fallback: received ptrace wait status status=PtraceSyscall(Pid(3))
2026-08-07T01:31:01.941781Z TRACE hermit::sabre::fallback: decoded ptrace syscall stop tid=3 op=2
2026-08-07T01:31:01.941789Z TRACE hermit::sabre::fallback: received ptrace wait status status=PtraceSyscall(Pid(3))
2026-08-07T01:31:01.941791Z TRACE hermit::sabre::fallback: decoded ptrace syscall stop tid=3 op=1
2026-08-07T01:31:01.941802Z TRACE hermit::sabre::fallback: received ptrace wait status status=PtraceSyscall(Pid(3))
2026-08-07T01:31:01.941803Z TRACE hermit::sabre::fallback: decoded ptrace syscall stop tid=3 op=2
2026-08-07T01:31:01.941812Z TRACE hermit::sabre::fallback: received ptrace wait status status=PtraceSyscall(Pid(3))
2026-08-07T01:31:01.941814Z TRACE hermit::sabre::fallback: decoded ptrace syscall stop tid=3 op=1
2026-08-07T01:31:01.941819Z TRACE hermit::sabre::fallback: received ptrace wait status status=PtraceSyscall(Pid(3))
2026-08-07T01:31:01.941820Z TRACE hermit::sabre::fallback: decoded ptrace syscall stop tid=3 op=2
2026-08-07T01:31:01.941840Z TRACE hermit::sabre::fallback: received ptrace wait status status=PtraceSyscall(Pid(3))
2026-08-07T01:31:01.941841Z TRACE hermit::sabre::fallback: decoded ptrace syscall stop tid=3 op=1
2026-08-07T01:31:01.941847Z TRACE hermit::sabre::fallback: received ptrace wait status status=PtraceSyscall(Pid(3))
2026-08-07T01:31:01.941848Z TRACE hermit::sabre::fallback: decoded ptrace syscall stop tid=3 op=2
2026-08-07T01:31:01.941856Z TRACE hermit::sabre::fallback: received ptrace wait status status=PtraceSyscall(Pid(3))
2026-08-07T01:31:01.941858Z TRACE hermit::sabre::fallback: decoded ptrace syscall stop tid=3 op=1
2026-08-07T01:31:01.941864Z TRACE hermit::sabre::fallback: received ptrace wait status status=PtraceSyscall(Pid(3))
2026-08-07T01:31:01.941865Z TRACE hermit::sabre::fallback: decoded ptrace syscall stop tid=3 op=2
2026-08-07T01:31:01.941870Z TRACE hermit::sabre::fallback: received ptrace wait status status=PtraceSyscall(Pid(3))
2026-08-07T01:31:01.941872Z TRACE hermit::sabre::fallback: decoded ptrace syscall stop tid=3 op=1
2026-08-07T01:31:01.941881Z TRACE hermit::sabre::fallback: received ptrace wait status status=PtraceSyscall(Pid(3))
2026-08-07T01:31:01.941882Z TRACE hermit::sabre::fallback: decoded ptrace syscall stop tid=3 op=2
2026-08-07T01:31:01.941888Z TRACE hermit::sabre::fallback: received ptrace wait status status=PtraceSyscall(Pid(3))
2026-08-07T01:31:01.941890Z TRACE hermit::sabre::fallback: decoded ptrace syscall stop tid=3 op=1
2026-08-07T01:31:01.941896Z TRACE hermit::sabre::fallback: received ptrace wait status status=PtraceSyscall(Pid(3))
2026-08-07T01:31:01.941897Z TRACE hermit::sabre::fallback: decoded ptrace syscall stop tid=3 op=2
2026-08-07T01:31:01.941902Z TRACE hermit::sabre::fallback: received ptrace wait status status=PtraceSyscall(Pid(3))
2026-08-07T01:31:01.941904Z TRACE hermit::sabre::fallback: decoded ptrace syscall stop tid=3 op=1
2026-08-07T01:31:01.941908Z TRACE hermit::sabre::fallback: received ptrace wait status status=PtraceSyscall(Pid(3))
2026-08-07T01:31:01.941909Z TRACE hermit::sabre::fallback: decoded ptrace syscall stop tid=3 op=2
2026-08-07T01:31:01.941968Z TRACE hermit::sabre::fallback: received ptrace wait status status=PtraceSyscall(Pid(3))
2026-08-07T01:31:01.941970Z TRACE hermit::sabre::fallback: decoded ptrace syscall stop tid=3 op=1
2026-08-07T01:31:01.941977Z TRACE hermit::sabre::fallback: received ptrace wait status status=PtraceSyscall(Pid(3))
2026-08-07T01:31:01.941978Z TRACE hermit::sabre::fallback: decoded ptrace syscall stop tid=3 op=2
2026-08-07T01:31:01.942013Z TRACE hermit::sabre::fallback: received ptrace wait status status=PtraceSyscall(Pid(3))
2026-08-07T01:31:01.942014Z TRACE hermit::sabre::fallback: decoded ptrace syscall stop tid=3 op=1
2026-08-07T01:31:01.942019Z TRACE hermit::sabre::fallback: received ptrace wait status status=PtraceSyscall(Pid(3))
2026-08-07T01:31:01.942021Z TRACE hermit::sabre::fallback: decoded ptrace syscall stop tid=3 op=2
2026-08-07T01:31:01.942037Z TRACE hermit::sabre::fallback: received ptrace wait status status=PtraceSyscall(Pid(3))
2026-08-07T01:31:01.942039Z TRACE hermit::sabre::fallback: decoded ptrace syscall stop tid=3 op=1
2026-08-07T01:31:01.942045Z TRACE hermit::sabre::fallback: received ptrace wait status status=PtraceSyscall(Pid(3))
2026-08-07T01:31:01.942046Z TRACE hermit::sabre::fallback: decoded ptrace syscall stop tid=3 op=2
2026-08-07T01:31:01.942065Z TRACE hermit::sabre::fallback: received ptrace wait status status=PtraceSyscall(Pid(3))
2026-08-07T01:31:01.942066Z TRACE hermit::sabre::fallback: decoded ptrace syscall stop tid=3 op=1
2026-08-07T01:31:01.942073Z TRACE hermit::sabre::fallback: received ptrace wait status status=PtraceSyscall(Pid(3))
2026-08-07T01:31:01.942074Z TRACE hermit::sabre::fallback: decoded ptrace syscall stop tid=3 op=2
2026-08-07T01:31:01.942093Z TRACE hermit::sabre::fallback: received ptrace wait status status=PtraceSyscall(Pid(3))
2026-08-07T01:31:01.942094Z TRACE hermit::sabre::fallback: decoded ptrace syscall stop tid=3 op=1
2026-08-07T01:31:01.942099Z TRACE hermit::sabre::fallback: received ptrace wait status status=PtraceSyscall(Pid(3))
2026-08-07T01:31:01.942101Z TRACE hermit::sabre::fallback: decoded ptrace syscall stop tid=3 op=2
2026-08-07T01:31:01.942109Z TRACE hermit::sabre::fallback: received ptrace wait status status=PtraceSyscall(Pid(3))
2026-08-07T01:31:01.942110Z TRACE hermit::sabre::fallback: decoded ptrace syscall stop tid=3 op=1
2026-08-07T01:31:01.942117Z TRACE hermit::sabre::fallback: received ptrace wait status status=PtraceSyscall(Pid(3))
2026-08-07T01:31:01.942118Z TRACE hermit::sabre::fallback: decoded ptrace syscall stop tid=3 op=2
2026-08-07T01:31:01.942127Z TRACE hermit::sabre::fallback: received ptrace wait status status=PtraceSyscall(Pid(3))
2026-08-07T01:31:01.942129Z TRACE hermit::sabre::fallback: decoded ptrace syscall stop tid=3 op=1
2026-08-07T01:31:01.942136Z TRACE hermit::sabre::fallback: received ptrace wait status status=PtraceSyscall(Pid(3))
2026-08-07T01:31:01.942138Z TRACE hermit::sabre::fallback: decoded ptrace syscall stop tid=3 op=2
2026-08-07T01:31:01.942150Z TRACE hermit::sabre::fallback: received ptrace wait status status=PtraceSyscall(Pid(3))
2026-08-07T01:31:01.942151Z TRACE hermit::sabre::fallback: decoded ptrace syscall stop tid=3 op=1
2026-08-07T01:31:01.942157Z TRACE hermit::sabre::fallback: received ptrace wait status status=PtraceSyscall(Pid(3))
2026-08-07T01:31:01.942158Z TRACE hermit::sabre::fallback: decoded ptrace syscall stop tid=3 op=2
2026-08-07T01:31:01.942168Z TRACE hermit::sabre::fallback: received ptrace wait status status=PtraceSyscall(Pid(3))
2026-08-07T01:31:01.942170Z TRACE hermit::sabre::fallback: decoded ptrace syscall stop tid=3 op=1
2026-08-07T01:31:01.942182Z TRACE hermit::sabre::fallback: received ptrace wait status status=PtraceSyscall(Pid(3))
2026-08-07T01:31:01.942184Z TRACE hermit::sabre::fallback: decoded ptrace syscall stop tid=3 op=2
2026-08-07T01:31:01.942214Z TRACE hermit::sabre::fallback: received ptrace wait status status=PtraceSyscall(Pid(3))
2026-08-07T01:31:01.942216Z TRACE hermit::sabre::fallback: decoded ptrace syscall stop tid=3 op=1
2026-08-07T01:31:01.942222Z TRACE hermit::sabre::fallback: received ptrace wait status status=PtraceSyscall(Pid(3))
2026-08-07T01:31:01.942223Z TRACE hermit::sabre::fallback: decoded ptrace syscall stop tid=3 op=2
2026-08-07T01:31:01.942238Z TRACE hermit::sabre::fallback: received ptrace wait status status=PtraceSyscall(Pid(3))
2026-08-07T01:31:01.942239Z TRACE hermit::sabre::fallback: decoded ptrace syscall stop tid=3 op=1
2026-08-07T01:31:01.942244Z TRACE hermit::sabre::fallback: received ptrace wait status status=PtraceSyscall(Pid(3))
2026-08-07T01:31:01.942245Z TRACE hermit::sabre::fallback: decoded ptrace syscall stop tid=3 op=2
2026-08-07T01:31:01.942252Z TRACE hermit::sabre::fallback: received ptrace wait status status=PtraceSyscall(Pid(3))
2026-08-07T01:31:01.942253Z TRACE hermit::sabre::fallback: decoded ptrace syscall stop tid=3 op=1
2026-08-07T01:31:01.942260Z TRACE hermit::sabre::fallback: received ptrace wait status status=PtraceSyscall(Pid(3))
2026-08-07T01:31:01.942261Z TRACE hermit::sabre::fallback: decoded ptrace syscall stop tid=3 op=2
2026-08-07T01:31:01.942269Z TRACE hermit::sabre::fallback: received ptrace wait status status=PtraceSyscall(Pid(3))
2026-08-07T01:31:01.942270Z TRACE hermit::sabre::fallback: decoded ptrace syscall stop tid=3 op=1
2026-08-07T01:31:01.942275Z TRACE hermit::sabre::fallback: received ptrace wait status status=PtraceSyscall(Pid(3))
2026-08-07T01:31:01.942277Z TRACE hermit::sabre::fallback: decoded ptrace syscall stop tid=3 op=2
2026-08-07T01:31:01.942282Z TRACE hermit::sabre::fallback: received ptrace wait status status=PtraceSyscall(Pid(3))
2026-08-07T01:31:01.942283Z TRACE hermit::sabre::fallback: decoded ptrace syscall stop tid=3 op=1
2026-08-07T01:31:01.942289Z TRACE hermit::sabre::fallback: received ptrace wait status status=PtraceSyscall(Pid(3))
2026-08-07T01:31:01.942290Z TRACE hermit::sabre::fallback: decoded ptrace syscall stop tid=3 op=2
2026-08-07T01:31:01.942295Z TRACE hermit::sabre::fallback: received ptrace wait status status=PtraceSyscall(Pid(3))
2026-08-07T01:31:01.942297Z TRACE hermit::sabre::fallback: decoded ptrace syscall stop tid=3 op=1
2026-08-07T01:31:01.942303Z TRACE hermit::sabre::fallback: received ptrace wait status status=PtraceSyscall(Pid(3))
2026-08-07T01:31:01.942304Z TRACE hermit::sabre::fallback: decoded ptrace syscall stop tid=3 op=2
2026-08-07T01:31:01.942310Z TRACE hermit::sabre::fallback: received ptrace wait status status=PtraceSyscall(Pid(3))
2026-08-07T01:31:01.942312Z TRACE hermit::sabre::fallback: decoded ptrace syscall stop tid=3 op=1
2026-08-07T01:31:01.942317Z TRACE hermit::sabre::fallback: received ptrace wait status status=PtraceSyscall(Pid(3))
2026-08-07T01:31:01.942318Z TRACE hermit::sabre::fallback: decoded ptrace syscall stop tid=3 op=2
2026-08-07T01:31:01.942323Z TRACE hermit::sabre::fallback: received ptrace wait status status=PtraceSyscall(Pid(3))
2026-08-07T01:31:01.942324Z TRACE hermit::sabre::fallback: decoded ptrace syscall stop tid=3 op=1
2026-08-07T01:31:01.942330Z TRACE hermit::sabre::fallback: received ptrace wait status status=PtraceSyscall(Pid(3))
2026-08-07T01:31:01.942331Z TRACE hermit::sabre::fallback: decoded ptrace syscall stop tid=3 op=2
2026-08-07T01:31:01.942339Z TRACE hermit::sabre::fallback: received ptrace wait status status=PtraceSyscall(Pid(3))
2026-08-07T01:31:01.942340Z TRACE hermit::sabre::fallback: decoded ptrace syscall stop tid=3 op=1
2026-08-07T01:31:01.942347Z TRACE hermit::sabre::fallback: received ptrace wait status status=PtraceSyscall(Pid(3))
2026-08-07T01:31:01.942349Z TRACE hermit::sabre::fallback: decoded ptrace syscall stop tid=3 op=2
2026-08-07T01:31:01.942355Z TRACE hermit::sabre::fallback: received ptrace wait status status=PtraceSyscall(Pid(3))
2026-08-07T01:31:01.942356Z TRACE hermit::sabre::fallback: decoded ptrace syscall stop tid=3 op=1
2026-08-07T01:31:01.942361Z TRACE hermit::sabre::fallback: received ptrace wait status status=PtraceSyscall(Pid(3))
2026-08-07T01:31:01.942362Z TRACE hermit::sabre::fallback: decoded ptrace syscall stop tid=3 op=2
2026-08-07T01:31:01.942367Z TRACE hermit::sabre::fallback: received ptrace wait status status=PtraceSyscall(Pid(3))
2026-08-07T01:31:01.942368Z TRACE hermit::sabre::fallback: decoded ptrace syscall stop tid=3 op=1
2026-08-07T01:31:01.942376Z TRACE hermit::sabre::fallback: received ptrace wait status status=PtraceSyscall(Pid(3))
2026-08-07T01:31:01.942377Z TRACE hermit::sabre::fallback: decoded ptrace syscall stop tid=3 op=2
2026-08-07T01:31:01.942383Z TRACE hermit::sabre::fallback: received ptrace wait status status=PtraceSyscall(Pid(3))
2026-08-07T01:31:01.942385Z TRACE hermit::sabre::fallback: decoded ptrace syscall stop tid=3 op=1
2026-08-07T01:31:01.942390Z TRACE hermit::sabre::fallback: received ptrace wait status status=PtraceSyscall(Pid(3))
2026-08-07T01:31:01.942391Z TRACE hermit::sabre::fallback: decoded ptrace syscall stop tid=3 op=2
2026-08-07T01:31:01.942401Z TRACE hermit::sabre::fallback: received ptrace wait status status=PtraceSyscall(Pid(3))
2026-08-07T01:31:01.942402Z TRACE hermit::sabre::fallback: decoded ptrace syscall stop tid=3 op=1
2026-08-07T01:31:01.942409Z TRACE hermit::sabre::fallback: received ptrace wait status status=PtraceSyscall(Pid(3))
2026-08-07T01:31:01.942411Z TRACE hermit::sabre::fallback: decoded ptrace syscall stop tid=3 op=2
2026-08-07T01:31:01.942416Z TRACE hermit::sabre::fallback: received ptrace wait status status=PtraceSyscall(Pid(3))
2026-08-07T01:31:01.942417Z TRACE hermit::sabre::fallback: decoded ptrace syscall stop tid=3 op=1
2026-08-07T01:31:01.942421Z TRACE hermit::sabre::fallback: received ptrace wait status status=PtraceSyscall(Pid(3))
2026-08-07T01:31:01.942423Z TRACE hermit::sabre::fallback: decoded ptrace syscall stop tid=3 op=2
2026-08-07T01:31:01.942428Z TRACE hermit::sabre::fallback: received ptrace wait status status=PtraceSyscall(Pid(3))
2026-08-07T01:31:01.942429Z TRACE hermit::sabre::fallback: decoded ptrace syscall stop tid=3 op=1
2026-08-07T01:31:01.942437Z TRACE hermit::sabre::fallback: received ptrace wait status status=PtraceSyscall(Pid(3))
2026-08-07T01:31:01.942442Z TRACE hermit::sabre::fallback: decoded ptrace syscall stop tid=3 op=2
2026-08-07T01:31:01.942454Z TRACE hermit::sabre::fallback: received ptrace wait status status=PtraceSyscall(Pid(3))
2026-08-07T01:31:01.942457Z TRACE hermit::sabre::fallback: decoded ptrace syscall stop tid=3 op=1
2026-08-07T01:31:01.942468Z TRACE hermit::sabre::fallback: received ptrace wait status status=PtraceSyscall(Pid(3))
2026-08-07T01:31:01.942469Z TRACE hermit::sabre::fallback: decoded ptrace syscall stop tid=3 op=2
2026-08-07T01:31:01.942475Z TRACE hermit::sabre::fallback: received ptrace wait status status=PtraceSyscall(Pid(3))
2026-08-07T01:31:01.942476Z TRACE hermit::sabre::fallback: decoded ptrace syscall stop tid=3 op=1
2026-08-07T01:31:01.942484Z TRACE hermit::sabre::fallback: received ptrace wait status status=PtraceSyscall(Pid(3))
2026-08-07T01:31:01.942485Z TRACE hermit::sabre::fallback: decoded ptrace syscall stop tid=3 op=2
2026-08-07T01:31:01.942491Z TRACE hermit::sabre::fallback: received ptrace wait status status=PtraceSyscall(Pid(3))
2026-08-07T01:31:01.942492Z TRACE hermit::sabre::fallback: decoded ptrace syscall stop tid=3 op=1
2026-08-07T01:31:01.942498Z TRACE hermit::sabre::fallback: received ptrace wait status status=PtraceSyscall(Pid(3))
2026-08-07T01:31:01.942499Z TRACE hermit::sabre::fallback: decoded ptrace syscall stop tid=3 op=2
2026-08-07T01:31:01.942508Z TRACE hermit::sabre::fallback: received ptrace wait status status=PtraceSyscall(Pid(3))
2026-08-07T01:31:01.942509Z TRACE hermit::sabre::fallback: decoded ptrace syscall stop tid=3 op=1
2026-08-07T01:31:01.942519Z TRACE hermit::sabre::fallback: received ptrace wait status status=PtraceSyscall(Pid(3))
2026-08-07T01:31:01.942520Z TRACE hermit::sabre::fallback: decoded ptrace syscall stop tid=3 op=2
2026-08-07T01:31:01.942527Z TRACE hermit::sabre::fallback: received ptrace wait status status=PtraceSyscall(Pid(3))
2026-08-07T01:31:01.942528Z TRACE hermit::sabre::fallback: decoded ptrace syscall stop tid=3 op=1
2026-08-07T01:31:01.942533Z TRACE hermit::sabre::fallback: received ptrace wait status status=PtraceSyscall(Pid(3))
2026-08-07T01:31:01.942535Z TRACE hermit::sabre::fallback: decoded ptrace syscall stop tid=3 op=2
2026-08-07T01:31:01.942539Z TRACE hermit::sabre::fallback: received ptrace wait status status=PtraceSyscall(Pid(3))
2026-08-07T01:31:01.942541Z TRACE hermit::sabre::fallback: decoded ptrace syscall stop tid=3 op=1
2026-08-07T01:31:01.942547Z TRACE hermit::sabre::fallback: received ptrace wait status status=PtraceSyscall(Pid(3))
2026-08-07T01:31:01.942548Z TRACE hermit::sabre::fallback: decoded ptrace syscall stop tid=3 op=2
2026-08-07T01:31:01.942555Z TRACE hermit::sabre::fallback: received ptrace wait status status=PtraceSyscall(Pid(3))
2026-08-07T01:31:01.942557Z TRACE hermit::sabre::fallback: decoded ptrace syscall stop tid=3 op=1
2026-08-07T01:31:01.942563Z TRACE hermit::sabre::fallback: received ptrace wait status status=PtraceSyscall(Pid(3))
2026-08-07T01:31:01.942564Z TRACE hermit::sabre::fallback: decoded ptrace syscall stop tid=3 op=2
2026-08-07T01:31:01.942568Z TRACE hermit::sabre::fallback: received ptrace wait status status=PtraceSyscall(Pid(3))
2026-08-07T01:31:01.942570Z TRACE hermit::sabre::fallback: decoded ptrace syscall stop tid=3 op=1
2026-08-07T01:31:01.942575Z TRACE hermit::sabre::fallback: received ptrace wait status status=PtraceSyscall(Pid(3))
2026-08-07T01:31:01.942576Z TRACE hermit::sabre::fallback: decoded ptrace syscall stop tid=3 op=2
2026-08-07T01:31:01.942581Z TRACE hermit::sabre::fallback: received ptrace wait status status=PtraceSyscall(Pid(3))
2026-08-07T01:31:01.942582Z TRACE hermit::sabre::fallback: decoded ptrace syscall stop tid=3 op=1
2026-08-07T01:31:01.942588Z TRACE hermit::sabre::fallback: received ptrace wait status status=PtraceSyscall(Pid(3))
2026-08-07T01:31:01.942589Z TRACE hermit::sabre::fallback: decoded ptrace syscall stop tid=3 op=2
2026-08-07T01:31:01.942596Z TRACE hermit::sabre::fallback: received ptrace wait status status=PtraceSyscall(Pid(3))
2026-08-07T01:31:01.942597Z TRACE hermit::sabre::fallback: decoded ptrace syscall stop tid=3 op=1
2026-08-07T01:31:01.942602Z TRACE hermit::sabre::fallback: received ptrace wait status status=PtraceSyscall(Pid(3))
2026-08-07T01:31:01.942604Z TRACE hermit::sabre::fallback: decoded ptrace syscall stop tid=3 op=2
2026-08-07T01:31:01.942608Z TRACE hermit::sabre::fallback: received ptrace wait status status=PtraceSyscall(Pid(3))
2026-08-07T01:31:01.942610Z TRACE hermit::sabre::fallback: decoded ptrace syscall stop tid=3 op=1
2026-08-07T01:31:01.942615Z TRACE hermit::sabre::fallback: received ptrace wait status status=PtraceSyscall(Pid(3))
2026-08-07T01:31:01.942616Z TRACE hermit::sabre::fallback: decoded ptrace syscall stop tid=3 op=2
2026-08-07T01:31:01.942627Z TRACE hermit::sabre::fallback: received ptrace wait status status=PtraceSyscall(Pid(3))
2026-08-07T01:31:01.942628Z TRACE hermit::sabre::fallback: decoded ptrace syscall stop tid=3 op=1
2026-08-07T01:31:01.942635Z TRACE hermit::sabre::fallback: received ptrace wait status status=PtraceSyscall(Pid(3))
2026-08-07T01:31:01.942636Z TRACE hermit::sabre::fallback: decoded ptrace syscall stop tid=3 op=2
2026-08-07T01:31:01.942642Z TRACE hermit::sabre::fallback: received ptrace wait status status=PtraceSyscall(Pid(3))
2026-08-07T01:31:01.942643Z TRACE hermit::sabre::fallback: decoded ptrace syscall stop tid=3 op=1
2026-08-07T01:31:01.942649Z TRACE hermit::sabre::fallback: received ptrace wait status status=PtraceSyscall(Pid(3))
2026-08-07T01:31:01.942651Z TRACE hermit::sabre::fallback: decoded ptrace syscall stop tid=3 op=2
2026-08-07T01:31:01.942658Z TRACE hermit::sabre::fallback: received ptrace wait status status=PtraceSyscall(Pid(3))
2026-08-07T01:31:01.942660Z TRACE hermit::sabre::fallback: decoded ptrace syscall stop tid=3 op=1
2026-08-07T01:31:01.942667Z TRACE hermit::sabre::fallback: received ptrace wait status status=PtraceSyscall(Pid(3))
2026-08-07T01:31:01.942669Z TRACE hermit::sabre::fallback: decoded ptrace syscall stop tid=3 op=2
2026-08-07T01:31:01.942676Z TRACE hermit::sabre::fallback: received ptrace wait status status=PtraceSyscall(Pid(3))
2026-08-07T01:31:01.942677Z TRACE hermit::sabre::fallback: decoded ptrace syscall stop tid=3 op=1
2026-08-07T01:31:01.942683Z TRACE hermit::sabre::fallback: received ptrace wait status status=PtraceSyscall(Pid(3))
2026-08-07T01:31:01.942684Z TRACE hermit::sabre::fallback: decoded ptrace syscall stop tid=3 op=2
2026-08-07T01:31:01.942691Z TRACE hermit::sabre::fallback: received ptrace wait status status=PtraceSyscall(Pid(3))
2026-08-07T01:31:01.942692Z TRACE hermit::sabre::fallback: decoded ptrace syscall stop tid=3 op=1
2026-08-07T01:31:01.942728Z TRACE hermit::sabre::fallback: received ptrace wait status status=PtraceSyscall(Pid(3))
2026-08-07T01:31:01.942730Z TRACE hermit::sabre::fallback: decoded ptrace syscall stop tid=3 op=2
2026-08-07T01:31:01.942739Z TRACE hermit::sabre::fallback: received ptrace wait status status=PtraceSyscall(Pid(3))
2026-08-07T01:31:01.942740Z TRACE hermit::sabre::fallback: decoded ptrace syscall stop tid=3 op=1
2026-08-07T01:31:01.942746Z TRACE hermit::sabre::fallback: received ptrace wait status status=PtraceSyscall(Pid(3))
2026-08-07T01:31:01.942747Z TRACE hermit::sabre::fallback: decoded ptrace syscall stop tid=3 op=2
2026-08-07T01:31:01.942753Z TRACE hermit::sabre::fallback: received ptrace wait status status=PtraceSyscall(Pid(3))
2026-08-07T01:31:01.942754Z TRACE hermit::sabre::fallback: decoded ptrace syscall stop tid=3 op=1
2026-08-07T01:31:01.942759Z TRACE hermit::sabre::fallback: received ptrace wait status status=PtraceSyscall(Pid(3))
2026-08-07T01:31:01.942760Z TRACE hermit::sabre::fallback: decoded ptrace syscall stop tid=3 op=2
2026-08-07T01:31:01.942767Z TRACE hermit::sabre::fallback: received ptrace wait status status=PtraceSyscall(Pid(3))
2026-08-07T01:31:01.942768Z TRACE hermit::sabre::fallback: decoded ptrace syscall stop tid=3 op=1
2026-08-07T01:31:01.942776Z TRACE hermit::sabre::fallback: received ptrace wait status status=PtraceSyscall(Pid(3))
2026-08-07T01:31:01.942777Z TRACE hermit::sabre::fallback: decoded ptrace syscall stop tid=3 op=2
2026-08-07T01:31:01.942784Z TRACE hermit::sabre::fallback: received ptrace wait status status=PtraceSyscall(Pid(3))
2026-08-07T01:31:01.942786Z TRACE hermit::sabre::fallback: decoded ptrace syscall stop tid=3 op=1
2026-08-07T01:31:01.942792Z TRACE hermit::sabre::fallback: received ptrace wait status status=PtraceSyscall(Pid(3))
2026-08-07T01:31:01.942793Z TRACE hermit::sabre::fallback: decoded ptrace syscall stop tid=3 op=2
2026-08-07T01:31:01.942799Z TRACE hermit::sabre::fallback: received ptrace wait status status=PtraceSyscall(Pid(3))
2026-08-07T01:31:01.942801Z TRACE hermit::sabre::fallback: decoded ptrace syscall stop tid=3 op=1
2026-08-07T01:31:01.942807Z TRACE hermit::sabre::fallback: received ptrace wait status status=PtraceSyscall(Pid(3))
2026-08-07T01:31:01.942808Z TRACE hermit::sabre::fallback: decoded ptrace syscall stop tid=3 op=2
2026-08-07T01:31:01.942813Z TRACE hermit::sabre::fallback: received ptrace wait status status=PtraceSyscall(Pid(3))
2026-08-07T01:31:01.942815Z TRACE hermit::sabre::fallback: decoded ptrace syscall stop tid=3 op=1
2026-08-07T01:31:01.942822Z TRACE hermit::sabre::fallback: received ptrace wait status status=PtraceSyscall(Pid(3))
2026-08-07T01:31:01.942823Z TRACE hermit::sabre::fallback: decoded ptrace syscall stop tid=3 op=2
2026-08-07T01:31:01.942828Z TRACE hermit::sabre::fallback: received ptrace wait status status=PtraceSyscall(Pid(3))
2026-08-07T01:31:01.942829Z TRACE hermit::sabre::fallback: decoded ptrace syscall stop tid=3 op=1
2026-08-07T01:31:01.942840Z TRACE hermit::sabre::fallback: received ptrace wait status status=PtraceSyscall(Pid(3))
2026-08-07T01:31:01.942841Z TRACE hermit::sabre::fallback: decoded ptrace syscall stop tid=3 op=2
2026-08-07T01:31:01.942846Z TRACE hermit::sabre::fallback: received ptrace wait status status=PtraceSyscall(Pid(3))
2026-08-07T01:31:01.942847Z TRACE hermit::sabre::fallback: decoded ptrace syscall stop tid=3 op=1
2026-08-07T01:31:01.942853Z TRACE hermit::sabre::fallback: received ptrace wait status status=PtraceSyscall(Pid(3))
2026-08-07T01:31:01.942855Z TRACE hermit::sabre::fallback: decoded ptrace syscall stop tid=3 op=2
2026-08-07T01:31:01.942863Z TRACE hermit::sabre::fallback: received ptrace wait status status=PtraceSyscall(Pid(3))
2026-08-07T01:31:01.942865Z TRACE hermit::sabre::fallback: decoded ptrace syscall stop tid=3 op=1
2026-08-07T01:31:01.942891Z TRACE hermit::sabre::fallback: received ptrace wait status status=PtraceSyscall(Pid(3))
2026-08-07T01:31:01.942893Z TRACE hermit::sabre::fallback: decoded ptrace syscall stop tid=3 op=2
2026-08-07T01:31:01.942899Z TRACE hermit::sabre::fallback: received ptrace wait status status=PtraceSyscall(Pid(3))
2026-08-07T01:31:01.942901Z TRACE hermit::sabre::fallback: decoded ptrace syscall stop tid=3 op=1
2026-08-07T01:31:01.942919Z TRACE hermit::sabre::fallback: received ptrace wait status status=PtraceSyscall(Pid(3))
2026-08-07T01:31:01.942921Z TRACE hermit::sabre::fallback: decoded ptrace syscall stop tid=3 op=2
2026-08-07T01:31:01.942926Z TRACE hermit::sabre::fallback: received ptrace wait status status=PtraceSyscall(Pid(3))
2026-08-07T01:31:01.942927Z TRACE hermit::sabre::fallback: decoded ptrace syscall stop tid=3 op=1
2026-08-07T01:31:01.942935Z TRACE hermit::sabre::fallback: received ptrace wait status status=PtraceSyscall(Pid(3))
2026-08-07T01:31:01.942936Z TRACE hermit::sabre::fallback: decoded ptrace syscall stop tid=3 op=2
2026-08-07T01:31:01.942944Z TRACE hermit::sabre::fallback: received ptrace wait status status=PtraceSyscall(Pid(3))
2026-08-07T01:31:01.942945Z TRACE hermit::sabre::fallback: decoded ptrace syscall stop tid=3 op=1
2026-08-07T01:31:01.942950Z TRACE hermit::sabre::fallback: received ptrace wait status status=PtraceSyscall(Pid(3))
2026-08-07T01:31:01.942951Z TRACE hermit::sabre::fallback: decoded ptrace syscall stop tid=3 op=2
2026-08-07T01:31:01.942969Z TRACE hermit::sabre::fallback: received ptrace wait status status=PtraceSyscall(Pid(3))
2026-08-07T01:31:01.942970Z TRACE hermit::sabre::fallback: decoded ptrace syscall stop tid=3 op=1
2026-08-07T01:31:01.942976Z TRACE hermit::sabre::fallback: received ptrace wait status status=PtraceSyscall(Pid(3))
2026-08-07T01:31:01.942977Z TRACE hermit::sabre::fallback: decoded ptrace syscall stop tid=3 op=2
2026-08-07T01:31:01.942985Z TRACE hermit::sabre::fallback: received ptrace wait status status=PtraceSyscall(Pid(3))
2026-08-07T01:31:01.942986Z TRACE hermit::sabre::fallback: decoded ptrace syscall stop tid=3 op=1
2026-08-07T01:31:01.942992Z TRACE hermit::sabre::fallback: received ptrace wait status status=PtraceSyscall(Pid(3))
2026-08-07T01:31:01.942994Z TRACE hermit::sabre::fallback: decoded ptrace syscall stop tid=3 op=2
2026-08-07T01:31:01.942999Z TRACE hermit::sabre::fallback: received ptrace wait status status=PtraceSyscall(Pid(3))
2026-08-07T01:31:01.943001Z TRACE hermit::sabre::fallback: decoded ptrace syscall stop tid=3 op=1
2026-08-07T01:31:01.943006Z TRACE hermit::sabre::fallback: received ptrace wait status status=PtraceSyscall(Pid(3))
2026-08-07T01:31:01.943007Z TRACE hermit::sabre::fallback: decoded ptrace syscall stop tid=3 op=2
2026-08-07T01:31:01.943012Z TRACE hermit::sabre::fallback: received ptrace wait status status=PtraceSyscall(Pid(3))
2026-08-07T01:31:01.943013Z TRACE hermit::sabre::fallback: decoded ptrace syscall stop tid=3 op=1
2026-08-07T01:31:01.943018Z TRACE hermit::sabre::fallback: received ptrace wait status status=PtraceSyscall(Pid(3))
2026-08-07T01:31:01.943019Z TRACE hermit::sabre::fallback: decoded ptrace syscall stop tid=3 op=2
2026-08-07T01:31:01.943024Z TRACE hermit::sabre::fallback: received ptrace wait status status=PtraceSyscall(Pid(3))
2026-08-07T01:31:01.943025Z TRACE hermit::sabre::fallback: decoded ptrace syscall stop tid=3 op=1
2026-08-07T01:31:01.943032Z TRACE hermit::sabre::fallback: received ptrace wait status status=PtraceSyscall(Pid(3))
2026-08-07T01:31:01.943034Z TRACE hermit::sabre::fallback: decoded ptrace syscall stop tid=3 op=2
2026-08-07T01:31:01.943040Z TRACE hermit::sabre::fallback: received ptrace wait status status=PtraceSyscall(Pid(3))
2026-08-07T01:31:01.943041Z TRACE hermit::sabre::fallback: decoded ptrace syscall stop tid=3 op=1
2026-08-07T01:31:01.943049Z TRACE hermit::sabre::fallback: received ptrace wait status status=PtraceSyscall(Pid(3))
2026-08-07T01:31:01.943050Z TRACE hermit::sabre::fallback: decoded ptrace syscall stop tid=3 op=2
2026-08-07T01:31:01.943056Z TRACE hermit::sabre::fallback: received ptrace wait status status=PtraceSyscall(Pid(3))
2026-08-07T01:31:01.943057Z TRACE hermit::sabre::fallback: decoded ptrace syscall stop tid=3 op=1
2026-08-07T01:31:01.943062Z TRACE hermit::sabre::fallback: received ptrace wait status status=PtraceSyscall(Pid(3))
2026-08-07T01:31:01.943063Z TRACE hermit::sabre::fallback: decoded ptrace syscall stop tid=3 op=2
2026-08-07T01:31:01.943068Z TRACE hermit::sabre::fallback: received ptrace wait status status=PtraceSyscall(Pid(3))
2026-08-07T01:31:01.943069Z TRACE hermit::sabre::fallback: decoded ptrace syscall stop tid=3 op=1
2026-08-07T01:31:01.943074Z TRACE hermit::sabre::fallback: received ptrace wait status status=PtraceSyscall(Pid(3))
2026-08-07T01:31:01.943075Z TRACE hermit::sabre::fallback: decoded ptrace syscall stop tid=3 op=2
2026-08-07T01:31:01.943082Z TRACE hermit::sabre::fallback: received ptrace wait status status=PtraceSyscall(Pid(3))
2026-08-07T01:31:01.943083Z TRACE hermit::sabre::fallback: decoded ptrace syscall stop tid=3 op=1
2026-08-07T01:31:01.943089Z TRACE hermit::sabre::fallback: received ptrace wait status status=PtraceSyscall(Pid(3))
2026-08-07T01:31:01.943090Z TRACE hermit::sabre::fallback: decoded ptrace syscall stop tid=3 op=2
2026-08-07T01:31:01.943096Z TRACE hermit::sabre::fallback: received ptrace wait status status=PtraceSyscall(Pid(3))
2026-08-07T01:31:01.943097Z TRACE hermit::sabre::fallback: decoded ptrace syscall stop tid=3 op=1
2026-08-07T01:31:01.943109Z TRACE hermit::sabre::fallback: received ptrace wait status status=PtraceSyscall(Pid(3))
2026-08-07T01:31:01.943111Z TRACE hermit::sabre::fallback: decoded ptrace syscall stop tid=3 op=2
2026-08-07T01:31:01.943117Z TRACE hermit::sabre::fallback: received ptrace wait status status=PtraceSyscall(Pid(3))
2026-08-07T01:31:01.943119Z TRACE hermit::sabre::fallback: decoded ptrace syscall stop tid=3 op=1
2026-08-07T01:31:01.943126Z TRACE hermit::sabre::fallback: received ptrace wait status status=PtraceSyscall(Pid(3))
2026-08-07T01:31:01.943127Z TRACE hermit::sabre::fallback: decoded ptrace syscall stop tid=3 op=2
2026-08-07T01:31:01.943132Z TRACE hermit::sabre::fallback: received ptrace wait status status=PtraceSyscall(Pid(3))
2026-08-07T01:31:01.943134Z TRACE hermit::sabre::fallback: decoded ptrace syscall stop tid=3 op=1
2026-08-07T01:31:01.943139Z TRACE hermit::sabre::fallback: received ptrace wait status status=PtraceSyscall(Pid(3))
2026-08-07T01:31:01.943140Z TRACE hermit::sabre::fallback: decoded ptrace syscall stop tid=3 op=2
2026-08-07T01:31:01.943146Z TRACE hermit::sabre::fallback: received ptrace wait status status=PtraceSyscall(Pid(3))
2026-08-07T01:31:01.943148Z TRACE hermit::sabre::fallback: decoded ptrace syscall stop tid=3 op=1
2026-08-07T01:31:01.943177Z TRACE hermit::sabre::fallback: received ptrace wait status status=PtraceSyscall(Pid(3))
2026-08-07T01:31:01.943178Z TRACE hermit::sabre::fallback: decoded ptrace syscall stop tid=3 op=2
2026-08-07T01:31:01.943185Z TRACE hermit::sabre::fallback: received ptrace wait status status=PtraceSyscall(Pid(3))
2026-08-07T01:31:01.943186Z TRACE hermit::sabre::fallback: decoded ptrace syscall stop tid=3 op=1
2026-08-07T01:31:01.943195Z TRACE hermit::sabre::fallback: received ptrace wait status status=PtraceSyscall(Pid(3))
2026-08-07T01:31:01.943196Z TRACE hermit::sabre::fallback: decoded ptrace syscall stop tid=3 op=2
2026-08-07T01:31:01.943201Z TRACE hermit::sabre::fallback: received ptrace wait status status=PtraceSyscall(Pid(3))
2026-08-07T01:31:01.943202Z TRACE hermit::sabre::fallback: decoded ptrace syscall stop tid=3 op=1
2026-08-07T01:31:01.943208Z TRACE hermit::sabre::fallback: received ptrace wait status status=PtraceSyscall(Pid(3))
2026-08-07T01:31:01.943209Z TRACE hermit::sabre::fallback: decoded ptrace syscall stop tid=3 op=2
2026-08-07T01:31:01.943214Z TRACE hermit::sabre::fallback: received ptrace wait status status=PtraceSyscall(Pid(3))
2026-08-07T01:31:01.943215Z TRACE hermit::sabre::fallback: decoded ptrace syscall stop tid=3 op=1
2026-08-07T01:31:01.943222Z TRACE hermit::sabre::fallback: received ptrace wait status status=PtraceSyscall(Pid(3))
2026-08-07T01:31:01.943223Z TRACE hermit::sabre::fallback: decoded ptrace syscall stop tid=3 op=2
2026-08-07T01:31:01.943229Z TRACE hermit::sabre::fallback: received ptrace wait status status=PtraceSyscall(Pid(3))
2026-08-07T01:31:01.943231Z TRACE hermit::sabre::fallback: decoded ptrace syscall stop tid=3 op=1
2026-08-07T01:31:01.943239Z TRACE hermit::sabre::fallback: received ptrace wait status status=PtraceSyscall(Pid(3))
2026-08-07T01:31:01.943241Z TRACE hermit::sabre::fallback: decoded ptrace syscall stop tid=3 op=2
2026-08-07T01:31:01.943245Z TRACE hermit::sabre::fallback: received ptrace wait status status=PtraceSyscall(Pid(3))
2026-08-07T01:31:01.943247Z TRACE hermit::sabre::fallback: decoded ptrace syscall stop tid=3 op=1
2026-08-07T01:31:01.943253Z TRACE hermit::sabre::fallback: received ptrace wait status status=PtraceSyscall(Pid(3))
2026-08-07T01:31:01.943254Z TRACE hermit::sabre::fallback: decoded ptrace syscall stop tid=3 op=2
2026-08-07T01:31:01.943259Z TRACE hermit::sabre::fallback: received ptrace wait status status=PtraceSyscall(Pid(3))
2026-08-07T01:31:01.943260Z TRACE hermit::sabre::fallback: decoded ptrace syscall stop tid=3 op=1
2026-08-07T01:31:01.943267Z TRACE hermit::sabre::fallback: received ptrace wait status status=PtraceSyscall(Pid(3))
2026-08-07T01:31:01.943270Z TRACE hermit::sabre::fallback: decoded ptrace syscall stop tid=3 op=2
2026-08-07T01:31:01.943281Z TRACE hermit::sabre::fallback: received ptrace wait status status=PtraceSyscall(Pid(3))
2026-08-07T01:31:01.943282Z TRACE hermit::sabre::fallback: decoded ptrace syscall stop tid=3 op=1
2026-08-07T01:31:01.943289Z TRACE hermit::sabre::fallback: received ptrace wait status status=PtraceSyscall(Pid(3))
2026-08-07T01:31:01.943290Z TRACE hermit::sabre::fallback: decoded ptrace syscall stop tid=3 op=2
2026-08-07T01:31:01.943303Z TRACE hermit::sabre::fallback: received ptrace wait status status=PtraceSyscall(Pid(3))
2026-08-07T01:31:01.943304Z TRACE hermit::sabre::fallback: decoded ptrace syscall stop tid=3 op=1
2026-08-07T01:31:01.943309Z TRACE hermit::sabre::fallback: received ptrace wait status status=PtraceSyscall(Pid(3))
2026-08-07T01:31:01.943310Z TRACE hermit::sabre::fallback: decoded ptrace syscall stop tid=3 op=2
2026-08-07T01:31:01.943317Z TRACE hermit::sabre::fallback: received ptrace wait status status=PtraceSyscall(Pid(3))
2026-08-07T01:31:01.943318Z TRACE hermit::sabre::fallback: decoded ptrace syscall stop tid=3 op=1
2026-08-07T01:31:01.943804Z TRACE hermit::sabre::fallback: received ptrace wait status status=PtraceSyscall(Pid(3))
2026-08-07T01:31:01.943806Z TRACE hermit::sabre::fallback: decoded ptrace syscall stop tid=3 op=2
2026-08-07T01:31:01.943814Z TRACE hermit::sabre::fallback: received ptrace wait status status=PtraceSyscall(Pid(3))
2026-08-07T01:31:01.943815Z TRACE hermit::sabre::fallback: decoded ptrace syscall stop tid=3 op=1
2026-08-07T01:31:01.943833Z TRACE hermit::sabre::fallback: received ptrace wait status status=PtraceSyscall(Pid(3))
2026-08-07T01:31:01.943834Z TRACE hermit::sabre::fallback: decoded ptrace syscall stop tid=3 op=2
2026-08-07T01:31:01.943840Z TRACE hermit::sabre::fallback: received ptrace wait status status=PtraceSyscall(Pid(3))
2026-08-07T01:31:01.943841Z TRACE hermit::sabre::fallback: decoded ptrace syscall stop tid=3 op=1
2026-08-07T01:31:01.943846Z TRACE hermit::sabre::fallback: received ptrace wait status status=PtraceSyscall(Pid(3))
2026-08-07T01:31:01.943847Z TRACE hermit::sabre::fallback: decoded ptrace syscall stop tid=3 op=2
2026-08-07T01:31:01.943854Z TRACE hermit::sabre::fallback: received ptrace wait status status=PtraceSyscall(Pid(3))
2026-08-07T01:31:01.943855Z TRACE hermit::sabre::fallback: decoded ptrace syscall stop tid=3 op=1
2026-08-07T01:31:01.943863Z TRACE hermit::sabre::fallback: received ptrace wait status status=PtraceSyscall(Pid(3))
2026-08-07T01:31:01.943864Z TRACE hermit::sabre::fallback: decoded ptrace syscall stop tid=3 op=2
2026-08-07T01:31:01.943871Z TRACE hermit::sabre::fallback: received ptrace wait status status=PtraceSyscall(Pid(3))
2026-08-07T01:31:01.943872Z TRACE hermit::sabre::fallback: decoded ptrace syscall stop tid=3 op=1
2026-08-07T01:31:01.943881Z TRACE hermit::sabre::fallback: received ptrace wait status status=PtraceSyscall(Pid(3))
2026-08-07T01:31:01.943882Z TRACE hermit::sabre::fallback: decoded ptrace syscall stop tid=3 op=2
2026-08-07T01:31:01.943890Z TRACE hermit::sabre::fallback: received ptrace wait status status=PtraceSyscall(Pid(3))
2026-08-07T01:31:01.943891Z TRACE hermit::sabre::fallback: decoded ptrace syscall stop tid=3 op=1
2026-08-07T01:31:01.943900Z TRACE hermit::sabre::fallback: received ptrace wait status status=PtraceSyscall(Pid(3))
2026-08-07T01:31:01.943901Z TRACE hermit::sabre::fallback: decoded ptrace syscall stop tid=3 op=2
2026-08-07T01:31:01.943908Z TRACE hermit::sabre::fallback: received ptrace wait status status=PtraceSyscall(Pid(3))
2026-08-07T01:31:01.943909Z TRACE hermit::sabre::fallback: decoded ptrace syscall stop tid=3 op=1
2026-08-07T01:31:01.943917Z TRACE hermit::sabre::fallback: received ptrace wait status status=PtraceSyscall(Pid(3))
2026-08-07T01:31:01.943918Z TRACE hermit::sabre::fallback: decoded ptrace syscall stop tid=3 op=2
2026-08-07T01:31:01.943925Z TRACE hermit::sabre::fallback: received ptrace wait status status=PtraceSyscall(Pid(3))
2026-08-07T01:31:01.943927Z TRACE hermit::sabre::fallback: decoded ptrace syscall stop tid=3 op=1
2026-08-07T01:31:01.943935Z TRACE hermit::sabre::fallback: received ptrace wait status status=PtraceSyscall(Pid(3))
2026-08-07T01:31:01.943936Z TRACE hermit::sabre::fallback: decoded ptrace syscall stop tid=3 op=2
2026-08-07T01:31:01.943946Z TRACE hermit::sabre::fallback: received ptrace wait status status=PtraceSyscall(Pid(3))
2026-08-07T01:31:01.943948Z TRACE hermit::sabre::fallback: decoded ptrace syscall stop tid=3 op=1
2026-08-07T01:31:01.943956Z TRACE hermit::sabre::fallback: received ptrace wait status status=PtraceSyscall(Pid(3))
2026-08-07T01:31:01.943957Z TRACE hermit::sabre::fallback: decoded ptrace syscall stop tid=3 op=2
2026-08-07T01:31:01.943963Z TRACE hermit::sabre::fallback: received ptrace wait status status=PtraceSyscall(Pid(3))
2026-08-07T01:31:01.943964Z TRACE hermit::sabre::fallback: decoded ptrace syscall stop tid=3 op=1
2026-08-07T01:31:01.943969Z TRACE hermit::sabre::fallback: received ptrace wait status status=PtraceSyscall(Pid(3))
2026-08-07T01:31:01.943970Z TRACE hermit::sabre::fallback: decoded ptrace syscall stop tid=3 op=2
2026-08-07T01:31:01.943976Z TRACE hermit::sabre::fallback: received ptrace wait status status=PtraceSyscall(Pid(3))
2026-08-07T01:31:01.943977Z TRACE hermit::sabre::fallback: decoded ptrace syscall stop tid=3 op=1
2026-08-07T01:31:01.943981Z TRACE hermit::sabre::fallback: received ptrace wait status status=PtraceSyscall(Pid(3))
2026-08-07T01:31:01.943983Z TRACE hermit::sabre::fallback: decoded ptrace syscall stop tid=3 op=2
2026-08-07T01:31:01.943988Z TRACE hermit::sabre::fallback: received ptrace wait status status=PtraceSyscall(Pid(3))
2026-08-07T01:31:01.943989Z TRACE hermit::sabre::fallback: decoded ptrace syscall stop tid=3 op=1
2026-08-07T01:31:01.943995Z TRACE hermit::sabre::fallback: received ptrace wait status status=PtraceSyscall(Pid(3))
2026-08-07T01:31:01.943997Z TRACE hermit::sabre::fallback: decoded ptrace syscall stop tid=3 op=2
2026-08-07T01:31:01.944002Z TRACE hermit::sabre::fallback: received ptrace wait status status=PtraceSyscall(Pid(3))
2026-08-07T01:31:01.944003Z TRACE hermit::sabre::fallback: decoded ptrace syscall stop tid=3 op=1
2026-08-07T01:31:01.944011Z TRACE hermit::sabre::fallback: received ptrace wait status status=PtraceSyscall(Pid(3))
2026-08-07T01:31:01.944012Z TRACE hermit::sabre::fallback: decoded ptrace syscall stop tid=3 op=2
2026-08-07T01:31:01.944017Z TRACE hermit::sabre::fallback: received ptrace wait status status=PtraceSyscall(Pid(3))
2026-08-07T01:31:01.944018Z TRACE hermit::sabre::fallback: decoded ptrace syscall stop tid=3 op=1
2026-08-07T01:31:01.944024Z TRACE hermit::sabre::fallback: received ptrace wait status status=PtraceSyscall(Pid(3))
2026-08-07T01:31:01.944025Z TRACE hermit::sabre::fallback: decoded ptrace syscall stop tid=3 op=2
2026-08-07T01:31:01.944032Z TRACE hermit::sabre::fallback: received ptrace wait status status=PtraceSyscall(Pid(3))
2026-08-07T01:31:01.944033Z TRACE hermit::sabre::fallback: decoded ptrace syscall stop tid=3 op=1
2026-08-07T01:31:01.944039Z TRACE hermit::sabre::fallback: received ptrace wait status status=PtraceSyscall(Pid(3))
2026-08-07T01:31:01.944040Z TRACE hermit::sabre::fallback: decoded ptrace syscall stop tid=3 op=2
2026-08-07T01:31:01.944054Z TRACE hermit::sabre::fallback: received ptrace wait status status=PtraceSyscall(Pid(3))
2026-08-07T01:31:01.944055Z TRACE hermit::sabre::fallback: decoded ptrace syscall stop tid=3 op=1
2026-08-07T01:31:01.944359Z TRACE hermit::sabre::fallback: received ptrace wait status status=PtraceEvent(Pid(3), SIGTRAP, 4)
2026-08-07T01:31:01.944369Z TRACE hermit::sabre::fallback: received ptrace wait status status=PtraceSyscall(Pid(3))
2026-08-07T01:31:01.944371Z TRACE hermit::sabre::fallback: decoded ptrace syscall stop tid=3 op=2
2026-08-07T01:31:01.944475Z TRACE hermit::sabre::fallback: received ptrace wait status status=PtraceSyscall(Pid(3))
2026-08-07T01:31:01.944477Z TRACE hermit::sabre::fallback: decoded ptrace syscall stop tid=3 op=1
2026-08-07T01:31:01.944483Z TRACE hermit::sabre::fallback: received ptrace wait status status=PtraceSyscall(Pid(3))
2026-08-07T01:31:01.944484Z TRACE hermit::sabre::fallback: decoded ptrace syscall stop tid=3 op=2
2026-08-07T01:31:01.944493Z TRACE hermit::sabre::fallback: received ptrace wait status status=PtraceSyscall(Pid(3))
2026-08-07T01:31:01.944494Z TRACE hermit::sabre::fallback: decoded ptrace syscall stop tid=3 op=1
2026-08-07T01:31:01.944500Z TRACE hermit::sabre::fallback: received ptrace wait status status=PtraceSyscall(Pid(3))
2026-08-07T01:31:01.944501Z TRACE hermit::sabre::fallback: decoded ptrace syscall stop tid=3 op=2
2026-08-07T01:31:01.944509Z TRACE hermit::sabre::fallback: received ptrace wait status status=PtraceSyscall(Pid(3))
2026-08-07T01:31:01.944510Z TRACE hermit::sabre::fallback: decoded ptrace syscall stop tid=3 op=1
2026-08-07T01:31:01.944549Z TRACE hermit::sabre::fallback: received ptrace wait status status=PtraceSyscall(Pid(3))
2026-08-07T01:31:01.944550Z TRACE hermit::sabre::fallback: decoded ptrace syscall stop tid=3 op=2
2026-08-07T01:31:01.944574Z TRACE hermit::sabre::fallback: received ptrace wait status status=PtraceSyscall(Pid(3))
2026-08-07T01:31:01.944576Z TRACE hermit::sabre::fallback: decoded ptrace syscall stop tid=3 op=1
2026-08-07T01:31:01.944583Z TRACE hermit::sabre::fallback: received ptrace wait status status=PtraceSyscall(Pid(3))
2026-08-07T01:31:01.944584Z TRACE hermit::sabre::fallback: decoded ptrace syscall stop tid=3 op=2
2026-08-07T01:31:01.944591Z TRACE hermit::sabre::fallback: received ptrace wait status status=PtraceSyscall(Pid(3))
2026-08-07T01:31:01.944593Z TRACE hermit::sabre::fallback: decoded ptrace syscall stop tid=3 op=1
2026-08-07T01:31:01.944598Z TRACE hermit::sabre::fallback: received ptrace wait status status=PtraceSyscall(Pid(3))
2026-08-07T01:31:01.944599Z TRACE hermit::sabre::fallback: decoded ptrace syscall stop tid=3 op=2
2026-08-07T01:31:01.944604Z TRACE hermit::sabre::fallback: received ptrace wait status status=PtraceSyscall(Pid(3))
2026-08-07T01:31:01.944606Z TRACE hermit::sabre::fallback: decoded ptrace syscall stop tid=3 op=1
2026-08-07T01:31:01.944614Z TRACE hermit::sabre::fallback: received ptrace wait status status=PtraceSyscall(Pid(3))
2026-08-07T01:31:01.944615Z TRACE hermit::sabre::fallback: decoded ptrace syscall stop tid=3 op=2
2026-08-07T01:31:01.944621Z TRACE hermit::sabre::fallback: received ptrace wait status status=PtraceSyscall(Pid(3))
2026-08-07T01:31:01.944622Z TRACE hermit::sabre::fallback: decoded ptrace syscall stop tid=3 op=1
2026-08-07T01:31:01.944628Z TRACE hermit::sabre::fallback: received ptrace wait status status=PtraceSyscall(Pid(3))
2026-08-07T01:31:01.944630Z TRACE hermit::sabre::fallback: decoded ptrace syscall stop tid=3 op=2
2026-08-07T01:31:01.944634Z TRACE hermit::sabre::fallback: received ptrace wait status status=PtraceSyscall(Pid(3))
2026-08-07T01:31:01.944635Z TRACE hermit::sabre::fallback: decoded ptrace syscall stop tid=3 op=1
2026-08-07T01:31:01.944643Z TRACE hermit::sabre::fallback: received ptrace wait status status=PtraceSyscall(Pid(3))
2026-08-07T01:31:01.944644Z TRACE hermit::sabre::fallback: decoded ptrace syscall stop tid=3 op=2
2026-08-07T01:31:01.944649Z TRACE hermit::sabre::fallback: received ptrace wait status status=PtraceSyscall(Pid(3))
2026-08-07T01:31:01.944650Z TRACE hermit::sabre::fallback: decoded ptrace syscall stop tid=3 op=1
2026-08-07T01:31:01.944660Z TRACE hermit::sabre::fallback: received ptrace wait status status=PtraceSyscall(Pid(3))
2026-08-07T01:31:01.944661Z TRACE hermit::sabre::fallback: decoded ptrace syscall stop tid=3 op=2
2026-08-07T01:31:01.944666Z TRACE hermit::sabre::fallback: received ptrace wait status status=PtraceSyscall(Pid(3))
2026-08-07T01:31:01.944667Z TRACE hermit::sabre::fallback: decoded ptrace syscall stop tid=3 op=1
2026-08-07T01:31:01.944674Z TRACE hermit::sabre::fallback: received ptrace wait status status=PtraceSyscall(Pid(3))
2026-08-07T01:31:01.944675Z TRACE hermit::sabre::fallback: decoded ptrace syscall stop tid=3 op=2
2026-08-07T01:31:01.944683Z TRACE hermit::sabre::fallback: received ptrace wait status status=PtraceSyscall(Pid(3))
2026-08-07T01:31:01.944684Z TRACE hermit::sabre::fallback: decoded ptrace syscall stop tid=3 op=1
2026-08-07T01:31:01.944690Z TRACE hermit::sabre::fallback: received ptrace wait status status=PtraceSyscall(Pid(3))
2026-08-07T01:31:01.944691Z TRACE hermit::sabre::fallback: decoded ptrace syscall stop tid=3 op=2
2026-08-07T01:31:01.944699Z TRACE hermit::sabre::fallback: received ptrace wait status status=PtraceSyscall(Pid(3))
2026-08-07T01:31:01.944700Z TRACE hermit::sabre::fallback: decoded ptrace syscall stop tid=3 op=1
2026-08-07T01:31:01.944705Z TRACE hermit::sabre::fallback: received ptrace wait status status=PtraceSyscall(Pid(3))
2026-08-07T01:31:01.944706Z TRACE hermit::sabre::fallback: decoded ptrace syscall stop tid=3 op=2
2026-08-07T01:31:01.944714Z TRACE hermit::sabre::fallback: received ptrace wait status status=PtraceSyscall(Pid(3))
2026-08-07T01:31:01.944715Z TRACE hermit::sabre::fallback: decoded ptrace syscall stop tid=3 op=1
2026-08-07T01:31:01.944724Z TRACE hermit::sabre::fallback: received ptrace wait status status=PtraceSyscall(Pid(3))
2026-08-07T01:31:01.944725Z TRACE hermit::sabre::fallback: decoded ptrace syscall stop tid=3 op=2
2026-08-07T01:31:01.944740Z TRACE hermit::sabre::fallback: received ptrace wait status status=PtraceSyscall(Pid(3))
2026-08-07T01:31:01.944741Z TRACE hermit::sabre::fallback: decoded ptrace syscall stop tid=3 op=1
2026-08-07T01:31:01.944774Z TRACE hermit::sabre::fallback: received ptrace wait status status=PtraceSyscall(Pid(3))
2026-08-07T01:31:01.944776Z TRACE hermit::sabre::fallback: decoded ptrace syscall stop tid=3 op=2
2026-08-07T01:31:01.944781Z TRACE hermit::sabre::fallback: received ptrace wait status status=PtraceSyscall(Pid(3))
2026-08-07T01:31:01.944782Z TRACE hermit::sabre::fallback: decoded ptrace syscall stop tid=3 op=1
2026-08-07T01:31:01.944788Z TRACE hermit::sabre::fallback: received ptrace wait status status=PtraceSyscall(Pid(3))
2026-08-07T01:31:01.944789Z TRACE hermit::sabre::fallback: decoded ptrace syscall stop tid=3 op=2
2026-08-07T01:31:01.944793Z TRACE hermit::sabre::fallback: received ptrace wait status status=PtraceSyscall(Pid(3))
2026-08-07T01:31:01.944795Z TRACE hermit::sabre::fallback: decoded ptrace syscall stop tid=3 op=1
2026-08-07T01:31:01.944799Z TRACE hermit::sabre::fallback: received ptrace wait status status=PtraceSyscall(Pid(3))
2026-08-07T01:31:01.944800Z TRACE hermit::sabre::fallback: decoded ptrace syscall stop tid=3 op=2
2026-08-07T01:31:01.944806Z TRACE hermit::sabre::fallback: received ptrace wait status status=PtraceSyscall(Pid(3))
2026-08-07T01:31:01.944807Z TRACE hermit::sabre::fallback: decoded ptrace syscall stop tid=3 op=1
2026-08-07T01:31:01.944813Z TRACE hermit::sabre::fallback: received ptrace wait status status=PtraceSyscall(Pid(3))
2026-08-07T01:31:01.944814Z TRACE hermit::sabre::fallback: decoded ptrace syscall stop tid=3 op=2
2026-08-07T01:31:01.944819Z TRACE hermit::sabre::fallback: received ptrace wait status status=PtraceSyscall(Pid(3))
2026-08-07T01:31:01.944820Z TRACE hermit::sabre::fallback: decoded ptrace syscall stop tid=3 op=1
2026-08-07T01:31:01.944828Z TRACE hermit::sabre::fallback: received ptrace wait status status=PtraceSyscall(Pid(3))
2026-08-07T01:31:01.944829Z TRACE hermit::sabre::fallback: decoded ptrace syscall stop tid=3 op=2
2026-08-07T01:31:01.944833Z TRACE hermit::sabre::fallback: received ptrace wait status status=PtraceSyscall(Pid(3))
2026-08-07T01:31:01.944835Z TRACE hermit::sabre::fallback: decoded ptrace syscall stop tid=3 op=1
2026-08-07T01:31:01.944844Z TRACE hermit::sabre::fallback: received ptrace wait status status=PtraceSyscall(Pid(3))
2026-08-07T01:31:01.944845Z TRACE hermit::sabre::fallback: decoded ptrace syscall stop tid=3 op=2
2026-08-07T01:31:01.944852Z TRACE hermit::sabre::fallback: received ptrace wait status status=PtraceSyscall(Pid(3))
2026-08-07T01:31:01.944853Z TRACE hermit::sabre::fallback: decoded ptrace syscall stop tid=3 op=1
2026-08-07T01:31:01.944861Z TRACE hermit::sabre::fallback: received ptrace wait status status=PtraceSyscall(Pid(3))
2026-08-07T01:31:01.944862Z TRACE hermit::sabre::fallback: decoded ptrace syscall stop tid=3 op=2
2026-08-07T01:31:01.944869Z TRACE hermit::sabre::fallback: received ptrace wait status status=PtraceSyscall(Pid(3))
2026-08-07T01:31:01.944870Z TRACE hermit::sabre::fallback: decoded ptrace syscall stop tid=3 op=1
2026-08-07T01:31:01.944876Z TRACE hermit::sabre::fallback: received ptrace wait status status=PtraceSyscall(Pid(3))
2026-08-07T01:31:01.944877Z TRACE hermit::sabre::fallback: decoded ptrace syscall stop tid=3 op=2
2026-08-07T01:31:01.944889Z TRACE hermit::sabre::fallback: received ptrace wait status status=PtraceSyscall(Pid(3))
2026-08-07T01:31:01.944890Z TRACE hermit::sabre::fallback: decoded ptrace syscall stop tid=3 op=1
2026-08-07T01:31:01.944895Z TRACE hermit::sabre::fallback: received ptrace wait status status=PtraceSyscall(Pid(3))
2026-08-07T01:31:01.944896Z TRACE hermit::sabre::fallback: decoded ptrace syscall stop tid=3 op=2
2026-08-07T01:31:01.944902Z TRACE hermit::sabre::fallback: received ptrace wait status status=PtraceSyscall(Pid(3))
2026-08-07T01:31:01.944903Z TRACE hermit::sabre::fallback: decoded ptrace syscall stop tid=3 op=1
2026-08-07T01:31:01.944913Z TRACE hermit::sabre::fallback: received ptrace wait status status=PtraceSyscall(Pid(3))
2026-08-07T01:31:01.944914Z TRACE hermit::sabre::fallback: decoded ptrace syscall stop tid=3 op=2
2026-08-07T01:31:01.944919Z TRACE hermit::sabre::fallback: received ptrace wait status status=PtraceSyscall(Pid(3))
2026-08-07T01:31:01.944921Z TRACE hermit::sabre::fallback: decoded ptrace syscall stop tid=3 op=1
2026-08-07T01:31:01.944938Z TRACE hermit::sabre::fallback: received ptrace wait status status=PtraceSyscall(Pid(3))
2026-08-07T01:31:01.944939Z TRACE hermit::sabre::fallback: decoded ptrace syscall stop tid=3 op=2
2026-08-07T01:31:01.944945Z TRACE hermit::sabre::fallback: received ptrace wait status status=PtraceSyscall(Pid(3))
2026-08-07T01:31:01.944946Z TRACE hermit::sabre::fallback: decoded ptrace syscall stop tid=3 op=1
2026-08-07T01:31:01.944952Z TRACE hermit::sabre::fallback: received ptrace wait status status=PtraceSyscall(Pid(3))
2026-08-07T01:31:01.944953Z TRACE hermit::sabre::fallback: decoded ptrace syscall stop tid=3 op=2
2026-08-07T01:31:01.944958Z TRACE hermit::sabre::fallback: received ptrace wait status status=PtraceSyscall(Pid(3))
2026-08-07T01:31:01.944959Z TRACE hermit::sabre::fallback: decoded ptrace syscall stop tid=3 op=1
2026-08-07T01:31:01.944969Z TRACE hermit::sabre::fallback: received ptrace wait status status=PtraceSyscall(Pid(3))
2026-08-07T01:31:01.944970Z TRACE hermit::sabre::fallback: decoded ptrace syscall stop tid=3 op=2
2026-08-07T01:31:01.944975Z TRACE hermit::sabre::fallback: received ptrace wait status status=PtraceSyscall(Pid(3))
2026-08-07T01:31:01.944976Z TRACE hermit::sabre::fallback: decoded ptrace syscall stop tid=3 op=1
2026-08-07T01:31:01.944981Z TRACE hermit::sabre::fallback: received ptrace wait status status=PtraceSyscall(Pid(3))
2026-08-07T01:31:01.944982Z TRACE hermit::sabre::fallback: decoded ptrace syscall stop tid=3 op=2
2026-08-07T01:31:01.944996Z TRACE hermit::sabre::fallback: received ptrace wait status status=PtraceSyscall(Pid(3))
2026-08-07T01:31:01.944997Z TRACE hermit::sabre::fallback: decoded ptrace syscall stop tid=3 op=1
2026-08-07T01:31:01.945022Z TRACE hermit::sabre::fallback: received ptrace wait status status=PtraceSyscall(Pid(3))
2026-08-07T01:31:01.945024Z TRACE hermit::sabre::fallback: decoded ptrace syscall stop tid=3 op=2
2026-08-07T01:31:01.945029Z TRACE hermit::sabre::fallback: received ptrace wait status status=PtraceSyscall(Pid(3))
2026-08-07T01:31:01.945031Z TRACE hermit::sabre::fallback: decoded ptrace syscall stop tid=3 op=1
2026-08-07T01:31:01.945035Z TRACE hermit::sabre::fallback: received ptrace wait status status=PtraceSyscall(Pid(3))
2026-08-07T01:31:01.945037Z TRACE hermit::sabre::fallback: decoded ptrace syscall stop tid=3 op=2
2026-08-07T01:31:01.945048Z TRACE hermit::sabre::fallback: received ptrace wait status status=PtraceSyscall(Pid(3))
2026-08-07T01:31:01.945050Z TRACE hermit::sabre::fallback: decoded ptrace syscall stop tid=3 op=1
2026-08-07T01:31:01.945057Z TRACE hermit::sabre::fallback: received ptrace wait status status=PtraceSyscall(Pid(3))
2026-08-07T01:31:01.945059Z TRACE hermit::sabre::fallback: decoded ptrace syscall stop tid=3 op=2
2026-08-07T01:31:01.945067Z TRACE hermit::sabre::fallback: received ptrace wait status status=PtraceSyscall(Pid(3))
2026-08-07T01:31:01.945069Z TRACE hermit::sabre::fallback: decoded ptrace syscall stop tid=3 op=1
2026-08-07T01:31:01.945079Z TRACE hermit::sabre::fallback: received ptrace wait status status=PtraceSyscall(Pid(3))
2026-08-07T01:31:01.945080Z TRACE hermit::sabre::fallback: decoded ptrace syscall stop tid=3 op=2
2026-08-07T01:31:01.945085Z TRACE hermit::sabre::fallback: received ptrace wait status status=PtraceSyscall(Pid(3))
2026-08-07T01:31:01.945086Z TRACE hermit::sabre::fallback: decoded ptrace syscall stop tid=3 op=1
2026-08-07T01:31:01.945093Z TRACE hermit::sabre::fallback: received ptrace wait status status=PtraceSyscall(Pid(3))
2026-08-07T01:31:01.945095Z TRACE hermit::sabre::fallback: decoded ptrace syscall stop tid=3 op=2
2026-08-07T01:31:01.945100Z TRACE hermit::sabre::fallback: received ptrace wait status status=PtraceSyscall(Pid(3))
2026-08-07T01:31:01.945102Z TRACE hermit::sabre::fallback: decoded ptrace syscall stop tid=3 op=1
2026-08-07T01:31:01.945111Z TRACE hermit::sabre::fallback: received ptrace wait status status=PtraceSyscall(Pid(3))
2026-08-07T01:31:01.945113Z TRACE hermit::sabre::fallback: decoded ptrace syscall stop tid=3 op=2
2026-08-07T01:31:01.945118Z TRACE hermit::sabre::fallback: received ptrace wait status status=PtraceSyscall(Pid(3))
2026-08-07T01:31:01.945119Z TRACE hermit::sabre::fallback: decoded ptrace syscall stop tid=3 op=1
2026-08-07T01:31:01.945126Z TRACE hermit::sabre::fallback: received ptrace wait status status=PtraceSyscall(Pid(3))
2026-08-07T01:31:01.945127Z TRACE hermit::sabre::fallback: decoded ptrace syscall stop tid=3 op=2
2026-08-07T01:31:01.945132Z TRACE hermit::sabre::fallback: received ptrace wait status status=PtraceSyscall(Pid(3))
2026-08-07T01:31:01.945133Z TRACE hermit::sabre::fallback: decoded ptrace syscall stop tid=3 op=1
2026-08-07T01:31:01.945139Z TRACE hermit::sabre::fallback: received ptrace wait status status=PtraceSyscall(Pid(3))
2026-08-07T01:31:01.945140Z TRACE hermit::sabre::fallback: decoded ptrace syscall stop tid=3 op=2
2026-08-07T01:31:01.945149Z TRACE hermit::sabre::fallback: received ptrace wait status status=PtraceSyscall(Pid(3))
2026-08-07T01:31:01.945150Z TRACE hermit::sabre::fallback: decoded ptrace syscall stop tid=3 op=1
2026-08-07T01:31:01.945155Z TRACE hermit::sabre::fallback: received ptrace wait status status=PtraceSyscall(Pid(3))
2026-08-07T01:31:01.945156Z TRACE hermit::sabre::fallback: decoded ptrace syscall stop tid=3 op=2
2026-08-07T01:31:01.945166Z TRACE hermit::sabre::fallback: received ptrace wait status status=PtraceSyscall(Pid(3))
2026-08-07T01:31:01.945167Z TRACE hermit::sabre::fallback: decoded ptrace syscall stop tid=3 op=1
2026-08-07T01:31:01.945184Z TRACE hermit::sabre::fallback: received ptrace wait status status=PtraceSyscall(Pid(3))
2026-08-07T01:31:01.945185Z TRACE hermit::sabre::fallback: decoded ptrace syscall stop tid=3 op=2
2026-08-07T01:31:01.945190Z TRACE hermit::sabre::fallback: received ptrace wait status status=PtraceSyscall(Pid(3))
2026-08-07T01:31:01.945192Z TRACE hermit::sabre::fallback: decoded ptrace syscall stop tid=3 op=1
2026-08-07T01:31:01.945198Z TRACE hermit::sabre::fallback: received ptrace wait status status=PtraceSyscall(Pid(3))
2026-08-07T01:31:01.945199Z TRACE hermit::sabre::fallback: decoded ptrace syscall stop tid=3 op=2
2026-08-07T01:31:01.945203Z TRACE hermit::sabre::fallback: received ptrace wait status status=PtraceSyscall(Pid(3))
2026-08-07T01:31:01.945205Z TRACE hermit::sabre::fallback: decoded ptrace syscall stop tid=3 op=1
2026-08-07T01:31:01.945211Z TRACE hermit::sabre::fallback: received ptrace wait status status=PtraceSyscall(Pid(3))
2026-08-07T01:31:01.945212Z TRACE hermit::sabre::fallback: decoded ptrace syscall stop tid=3 op=2
2026-08-07T01:31:01.945220Z TRACE hermit::sabre::fallback: received ptrace wait status status=PtraceSyscall(Pid(3))
2026-08-07T01:31:01.945221Z TRACE hermit::sabre::fallback: decoded ptrace syscall stop tid=3 op=1
2026-08-07T01:31:01.945230Z TRACE hermit::sabre::fallback: received ptrace wait status status=PtraceSyscall(Pid(3))
2026-08-07T01:31:01.945232Z TRACE hermit::sabre::fallback: decoded ptrace syscall stop tid=3 op=2
2026-08-07T01:31:01.945240Z TRACE hermit::sabre::fallback: received ptrace wait status status=PtraceSyscall(Pid(3))
2026-08-07T01:31:01.945241Z TRACE hermit::sabre::fallback: decoded ptrace syscall stop tid=3 op=1
2026-08-07T01:31:01.945252Z TRACE hermit::sabre::fallback: received ptrace wait status status=PtraceSyscall(Pid(3))
2026-08-07T01:31:01.945253Z TRACE hermit::sabre::fallback: decoded ptrace syscall stop tid=3 op=2
2026-08-07T01:31:01.945258Z TRACE hermit::sabre::fallback: received ptrace wait status status=PtraceSyscall(Pid(3))
2026-08-07T01:31:01.945259Z TRACE hermit::sabre::fallback: decoded ptrace syscall stop tid=3 op=1
2026-08-07T01:31:01.945266Z TRACE hermit::sabre::fallback: received ptrace wait status status=PtraceSyscall(Pid(3))
2026-08-07T01:31:01.945267Z TRACE hermit::sabre::fallback: decoded ptrace syscall stop tid=3 op=2
2026-08-07T01:31:01.945272Z TRACE hermit::sabre::fallback: received ptrace wait status status=PtraceSyscall(Pid(3))
2026-08-07T01:31:01.945274Z TRACE hermit::sabre::fallback: decoded ptrace syscall stop tid=3 op=1
2026-08-07T01:31:01.945282Z TRACE hermit::sabre::fallback: received ptrace wait status status=PtraceSyscall(Pid(3))
2026-08-07T01:31:01.945283Z TRACE hermit::sabre::fallback: decoded ptrace syscall stop tid=3 op=2
2026-08-07T01:31:01.945290Z TRACE hermit::sabre::fallback: received ptrace wait status status=PtraceSyscall(Pid(3))
2026-08-07T01:31:01.945291Z TRACE hermit::sabre::fallback: decoded ptrace syscall stop tid=3 op=1
2026-08-07T01:31:01.945297Z TRACE hermit::sabre::fallback: received ptrace wait status status=PtraceSyscall(Pid(3))
2026-08-07T01:31:01.945298Z TRACE hermit::sabre::fallback: decoded ptrace syscall stop tid=3 op=2
2026-08-07T01:31:01.945306Z TRACE hermit::sabre::fallback: received ptrace wait status status=PtraceSyscall(Pid(3))
2026-08-07T01:31:01.945307Z TRACE hermit::sabre::fallback: decoded ptrace syscall stop tid=3 op=1
2026-08-07T01:31:01.945312Z TRACE hermit::sabre::fallback: received ptrace wait status status=PtraceSyscall(Pid(3))
2026-08-07T01:31:01.945313Z TRACE hermit::sabre::fallback: decoded ptrace syscall stop tid=3 op=2
2026-08-07T01:31:01.945319Z TRACE hermit::sabre::fallback: received ptrace wait status status=PtraceSyscall(Pid(3))
2026-08-07T01:31:01.945320Z TRACE hermit::sabre::fallback: decoded ptrace syscall stop tid=3 op=1
2026-08-07T01:31:01.945338Z TRACE hermit::sabre::fallback: received ptrace wait status status=PtraceSyscall(Pid(3))
2026-08-07T01:31:01.945340Z TRACE hermit::sabre::fallback: decoded ptrace syscall stop tid=3 op=2
2026-08-07T01:31:01.945346Z TRACE hermit::sabre::fallback: received ptrace wait status status=PtraceSyscall(Pid(3))
2026-08-07T01:31:01.945349Z TRACE hermit::sabre::fallback: decoded ptrace syscall stop tid=3 op=1
2026-08-07T01:31:01.945355Z TRACE hermit::sabre::fallback: received ptrace wait status status=PtraceSyscall(Pid(3))
2026-08-07T01:31:01.945356Z TRACE hermit::sabre::fallback: decoded ptrace syscall stop tid=3 op=2
2026-08-07T01:31:01.945361Z TRACE hermit::sabre::fallback: received ptrace wait status status=PtraceSyscall(Pid(3))
2026-08-07T01:31:01.945363Z TRACE hermit::sabre::fallback: decoded ptrace syscall stop tid=3 op=1
2026-08-07T01:31:01.945368Z TRACE hermit::sabre::fallback: received ptrace wait status status=PtraceSyscall(Pid(3))
2026-08-07T01:31:01.945369Z TRACE hermit::sabre::fallback: decoded ptrace syscall stop tid=3 op=2
2026-08-07T01:31:01.945374Z TRACE hermit::sabre::fallback: received ptrace wait status status=PtraceSyscall(Pid(3))
2026-08-07T01:31:01.945375Z TRACE hermit::sabre::fallback: decoded ptrace syscall stop tid=3 op=1
2026-08-07T01:31:01.945379Z TRACE hermit::sabre::fallback: received ptrace wait status status=PtraceSyscall(Pid(3))
2026-08-07T01:31:01.945381Z TRACE hermit::sabre::fallback: decoded ptrace syscall stop tid=3 op=2
2026-08-07T01:31:01.945389Z TRACE hermit::sabre::fallback: received ptrace wait status status=PtraceSyscall(Pid(3))
2026-08-07T01:31:01.945390Z TRACE hermit::sabre::fallback: decoded ptrace syscall stop tid=3 op=1
2026-08-07T01:31:01.945395Z TRACE hermit::sabre::fallback: received ptrace wait status status=PtraceSyscall(Pid(3))
2026-08-07T01:31:01.945396Z TRACE hermit::sabre::fallback: decoded ptrace syscall stop tid=3 op=2
2026-08-07T01:31:01.945401Z TRACE hermit::sabre::fallback: received ptrace wait status status=PtraceSyscall(Pid(3))
2026-08-07T01:31:01.945402Z TRACE hermit::sabre::fallback: decoded ptrace syscall stop tid=3 op=1
2026-08-07T01:31:01.945407Z TRACE hermit::sabre::fallback: received ptrace wait status status=PtraceSyscall(Pid(3))
2026-08-07T01:31:01.945408Z TRACE hermit::sabre::fallback: decoded ptrace syscall stop tid=3 op=2
2026-08-07T01:31:01.945413Z TRACE hermit::sabre::fallback: received ptrace wait status status=PtraceSyscall(Pid(3))
2026-08-07T01:31:01.945414Z TRACE hermit::sabre::fallback: decoded ptrace syscall stop tid=3 op=1
2026-08-07T01:31:01.945419Z TRACE hermit::sabre::fallback: received ptrace wait status status=PtraceSyscall(Pid(3))
2026-08-07T01:31:01.945420Z TRACE hermit::sabre::fallback: decoded ptrace syscall stop tid=3 op=2
2026-08-07T01:31:01.945425Z TRACE hermit::sabre::fallback: received ptrace wait status status=PtraceSyscall(Pid(3))
2026-08-07T01:31:01.945426Z TRACE hermit::sabre::fallback: decoded ptrace syscall stop tid=3 op=1
2026-08-07T01:31:01.945433Z TRACE hermit::sabre::fallback: received ptrace wait status status=PtraceSyscall(Pid(3))
2026-08-07T01:31:01.945438Z TRACE hermit::sabre::fallback: decoded ptrace syscall stop tid=3 op=2
2026-08-07T01:31:01.945446Z TRACE hermit::sabre::fallback: received ptrace wait status status=PtraceSyscall(Pid(3))
2026-08-07T01:31:01.945448Z TRACE hermit::sabre::fallback: decoded ptrace syscall stop tid=3 op=1
2026-08-07T01:31:01.945460Z TRACE hermit::sabre::fallback: received ptrace wait status status=PtraceSyscall(Pid(3))
2026-08-07T01:31:01.945462Z TRACE hermit::sabre::fallback: decoded ptrace syscall stop tid=3 op=2
2026-08-07T01:31:01.945468Z TRACE hermit::sabre::fallback: received ptrace wait status status=PtraceSyscall(Pid(3))
2026-08-07T01:31:01.945469Z TRACE hermit::sabre::fallback: decoded ptrace syscall stop tid=3 op=1
2026-08-07T01:31:01.945477Z TRACE hermit::sabre::fallback: received ptrace wait status status=PtraceSyscall(Pid(3))
2026-08-07T01:31:01.945478Z TRACE hermit::sabre::fallback: decoded ptrace syscall stop tid=3 op=2
2026-08-07T01:31:01.945483Z TRACE hermit::sabre::fallback: received ptrace wait status status=PtraceSyscall(Pid(3))
2026-08-07T01:31:01.945484Z TRACE hermit::sabre::fallback: decoded ptrace syscall stop tid=3 op=1
2026-08-07T01:31:01.945491Z TRACE hermit::sabre::fallback: received ptrace wait status status=PtraceSyscall(Pid(3))
2026-08-07T01:31:01.945493Z TRACE hermit::sabre::fallback: decoded ptrace syscall stop tid=3 op=2
2026-08-07T01:31:01.945501Z TRACE hermit::sabre::fallback: received ptrace wait status status=PtraceSyscall(Pid(3))
2026-08-07T01:31:01.945502Z TRACE hermit::sabre::fallback: decoded ptrace syscall stop tid=3 op=1
2026-08-07T01:31:01.945510Z TRACE hermit::sabre::fallback: received ptrace wait status status=PtraceSyscall(Pid(3))
2026-08-07T01:31:01.945511Z TRACE hermit::sabre::fallback: decoded ptrace syscall stop tid=3 op=2
2026-08-07T01:31:01.945521Z TRACE hermit::sabre::fallback: received ptrace wait status status=PtraceSyscall(Pid(3))
2026-08-07T01:31:01.945523Z TRACE hermit::sabre::fallback: decoded ptrace syscall stop tid=3 op=1
2026-08-07T01:31:01.945530Z TRACE hermit::sabre::fallback: received ptrace wait status status=PtraceSyscall(Pid(3))
2026-08-07T01:31:01.945531Z TRACE hermit::sabre::fallback: decoded ptrace syscall stop tid=3 op=2
2026-08-07T01:31:01.945540Z TRACE hermit::sabre::fallback: received ptrace wait status status=PtraceSyscall(Pid(3))
2026-08-07T01:31:01.945541Z TRACE hermit::sabre::fallback: decoded ptrace syscall stop tid=3 op=1
2026-08-07T01:31:01.945559Z TRACE hermit::sabre::fallback: received ptrace wait status status=PtraceSyscall(Pid(3))
2026-08-07T01:31:01.945560Z TRACE hermit::sabre::fallback: decoded ptrace syscall stop tid=3 op=2
2026-08-07T01:31:01.945565Z TRACE hermit::sabre::fallback: received ptrace wait status status=PtraceSyscall(Pid(3))
2026-08-07T01:31:01.945566Z TRACE hermit::sabre::fallback: decoded ptrace syscall stop tid=3 op=1
2026-08-07T01:31:01.945572Z TRACE hermit::sabre::fallback: received ptrace wait status status=PtraceSyscall(Pid(3))
2026-08-07T01:31:01.945573Z TRACE hermit::sabre::fallback: decoded ptrace syscall stop tid=3 op=2
2026-08-07T01:31:01.945578Z TRACE hermit::sabre::fallback: received ptrace wait status status=PtraceSyscall(Pid(3))
2026-08-07T01:31:01.945579Z TRACE hermit::sabre::fallback: decoded ptrace syscall stop tid=3 op=1
2026-08-07T01:31:01.945584Z TRACE hermit::sabre::fallback: received ptrace wait status status=PtraceSyscall(Pid(3))
2026-08-07T01:31:01.945585Z TRACE hermit::sabre::fallback: decoded ptrace syscall stop tid=3 op=2
2026-08-07T01:31:01.945590Z TRACE hermit::sabre::fallback: received ptrace wait status status=PtraceSyscall(Pid(3))
2026-08-07T01:31:01.945592Z TRACE hermit::sabre::fallback: decoded ptrace syscall stop tid=3 op=1
2026-08-07T01:31:01.945604Z TRACE hermit::sabre::fallback: received ptrace wait status status=PtraceSyscall(Pid(3))
2026-08-07T01:31:01.945605Z TRACE hermit::sabre::fallback: decoded ptrace syscall stop tid=3 op=2
2026-08-07T01:31:01.945616Z TRACE hermit::sabre::fallback: received ptrace wait status status=PtraceSyscall(Pid(3))
2026-08-07T01:31:01.945617Z TRACE hermit::sabre::fallback: decoded ptrace syscall stop tid=3 op=1
2026-08-07T01:31:01.945628Z TRACE hermit::sabre::fallback: received ptrace wait status status=PtraceSyscall(Pid(3))
2026-08-07T01:31:01.945629Z TRACE hermit::sabre::fallback: decoded ptrace syscall stop tid=3 op=2
2026-08-07T01:31:01.945638Z TRACE hermit::sabre::fallback: received ptrace wait status status=PtraceSyscall(Pid(3))
2026-08-07T01:31:01.945639Z TRACE hermit::sabre::fallback: decoded ptrace syscall stop tid=3 op=1
2026-08-07T01:31:01.945649Z TRACE hermit::sabre::fallback: received ptrace wait status status=PtraceSyscall(Pid(3))
2026-08-07T01:31:01.945650Z TRACE hermit::sabre::fallback: decoded ptrace syscall stop tid=3 op=2
2026-08-07T01:31:01.945655Z TRACE hermit::sabre::fallback: received ptrace wait status status=PtraceSyscall(Pid(3))
2026-08-07T01:31:01.945656Z TRACE hermit::sabre::fallback: decoded ptrace syscall stop tid=3 op=1
2026-08-07T01:31:01.945668Z TRACE hermit::sabre::fallback: received ptrace wait status status=PtraceSyscall(Pid(3))
2026-08-07T01:31:01.945670Z TRACE hermit::sabre::fallback: decoded ptrace syscall stop tid=3 op=2
2026-08-07T01:31:01.945678Z TRACE hermit::sabre::fallback: received ptrace wait status status=PtraceSyscall(Pid(3))
2026-08-07T01:31:01.945679Z TRACE hermit::sabre::fallback: decoded ptrace syscall stop tid=3 op=1
2026-08-07T01:31:01.945686Z TRACE hermit::sabre::fallback: received ptrace wait status status=PtraceSyscall(Pid(3))
2026-08-07T01:31:01.945687Z TRACE hermit::sabre::fallback: decoded ptrace syscall stop tid=3 op=2
2026-08-07T01:31:01.945699Z TRACE hermit::sabre::fallback: received ptrace wait status status=PtraceSyscall(Pid(3))
2026-08-07T01:31:01.945701Z TRACE hermit::sabre::fallback: decoded ptrace syscall stop tid=3 op=1
2026-08-07T01:31:01.945705Z TRACE hermit::sabre::fallback: received ptrace wait status status=PtraceSyscall(Pid(3))
2026-08-07T01:31:01.945706Z TRACE hermit::sabre::fallback: decoded ptrace syscall stop tid=3 op=2
2026-08-07T01:31:01.945713Z TRACE hermit::sabre::fallback: received ptrace wait status status=PtraceSyscall(Pid(3))
2026-08-07T01:31:01.945715Z TRACE hermit::sabre::fallback: decoded ptrace syscall stop tid=3 op=1
2026-08-07T01:31:01.945732Z TRACE hermit::sabre::fallback: received ptrace wait status status=PtraceSyscall(Pid(3))
2026-08-07T01:31:01.945733Z TRACE hermit::sabre::fallback: decoded ptrace syscall stop tid=3 op=2
2026-08-07T01:31:01.945738Z TRACE hermit::sabre::fallback: received ptrace wait status status=PtraceSyscall(Pid(3))
2026-08-07T01:31:01.945739Z TRACE hermit::sabre::fallback: decoded ptrace syscall stop tid=3 op=1
2026-08-07T01:31:01.945747Z TRACE hermit::sabre::fallback: received ptrace wait status status=PtraceSyscall(Pid(3))
2026-08-07T01:31:01.945748Z TRACE hermit::sabre::fallback: decoded ptrace syscall stop tid=3 op=2
2026-08-07T01:31:01.945756Z TRACE hermit::sabre::fallback: received ptrace wait status status=PtraceSyscall(Pid(3))
2026-08-07T01:31:01.945758Z TRACE hermit::sabre::fallback: decoded ptrace syscall stop tid=3 op=1
2026-08-07T01:31:01.945764Z TRACE hermit::sabre::fallback: received ptrace wait status status=PtraceSyscall(Pid(3))
2026-08-07T01:31:01.945765Z TRACE hermit::sabre::fallback: decoded ptrace syscall stop tid=3 op=2
2026-08-07T01:31:01.945771Z TRACE hermit::sabre::fallback: received ptrace wait status status=PtraceSyscall(Pid(3))
2026-08-07T01:31:01.945773Z TRACE hermit::sabre::fallback: decoded ptrace syscall stop tid=3 op=1
2026-08-07T01:31:01.945781Z TRACE hermit::sabre::fallback: received ptrace wait status status=PtraceSyscall(Pid(3))
2026-08-07T01:31:01.945782Z TRACE hermit::sabre::fallback: decoded ptrace syscall stop tid=3 op=2
2026-08-07T01:31:01.945790Z TRACE hermit::sabre::fallback: received ptrace wait status status=PtraceSyscall(Pid(3))
2026-08-07T01:31:01.945791Z TRACE hermit::sabre::fallback: decoded ptrace syscall stop tid=3 op=1
2026-08-07T01:31:01.945804Z TRACE hermit::sabre::fallback: received ptrace wait status status=PtraceSyscall(Pid(3))
2026-08-07T01:31:01.945805Z TRACE hermit::sabre::fallback: decoded ptrace syscall stop tid=3 op=2
2026-08-07T01:31:01.945814Z TRACE hermit::sabre::fallback: received ptrace wait status status=PtraceSyscall(Pid(3))
2026-08-07T01:31:01.945815Z TRACE hermit::sabre::fallback: decoded ptrace syscall stop tid=3 op=1
2026-08-07T01:31:01.945822Z TRACE hermit::sabre::fallback: received ptrace wait status status=PtraceSyscall(Pid(3))
2026-08-07T01:31:01.945823Z TRACE hermit::sabre::fallback: decoded ptrace syscall stop tid=3 op=2
2026-08-07T01:31:01.945829Z TRACE hermit::sabre::fallback: received ptrace wait status status=PtraceSyscall(Pid(3))
2026-08-07T01:31:01.945830Z TRACE hermit::sabre::fallback: decoded ptrace syscall stop tid=3 op=1
2026-08-07T01:31:01.945840Z TRACE hermit::sabre::fallback: received ptrace wait status status=PtraceSyscall(Pid(3))
2026-08-07T01:31:01.945841Z TRACE hermit::sabre::fallback: decoded ptrace syscall stop tid=3 op=2
2026-08-07T01:31:01.945846Z TRACE hermit::sabre::fallback: received ptrace wait status status=PtraceSyscall(Pid(3))
2026-08-07T01:31:01.945847Z TRACE hermit::sabre::fallback: decoded ptrace syscall stop tid=3 op=1
2026-08-07T01:31:01.945855Z TRACE hermit::sabre::fallback: received ptrace wait status status=PtraceSyscall(Pid(3))
2026-08-07T01:31:01.945856Z TRACE hermit::sabre::fallback: decoded ptrace syscall stop tid=3 op=2
2026-08-07T01:31:01.945865Z TRACE hermit::sabre::fallback: received ptrace wait status status=PtraceSyscall(Pid(3))
2026-08-07T01:31:01.945866Z TRACE hermit::sabre::fallback: decoded ptrace syscall stop tid=3 op=1
2026-08-07T01:31:01.945873Z TRACE hermit::sabre::fallback: received ptrace wait status status=PtraceSyscall(Pid(3))
2026-08-07T01:31:01.945875Z TRACE hermit::sabre::fallback: decoded ptrace syscall stop tid=3 op=2
2026-08-07T01:31:01.945881Z TRACE hermit::sabre::fallback: received ptrace wait status status=PtraceSyscall(Pid(3))
2026-08-07T01:31:01.945883Z TRACE hermit::sabre::fallback: decoded ptrace syscall stop tid=3 op=1
2026-08-07T01:31:01.945894Z TRACE hermit::sabre::fallback: received ptrace wait status status=PtraceSyscall(Pid(3))
2026-08-07T01:31:01.945895Z TRACE hermit::sabre::fallback: decoded ptrace syscall stop tid=3 op=2
2026-08-07T01:31:01.945905Z TRACE hermit::sabre::fallback: received ptrace wait status status=PtraceSyscall(Pid(3))
2026-08-07T01:31:01.945906Z TRACE hermit::sabre::fallback: decoded ptrace syscall stop tid=3 op=1
2026-08-07T01:31:01.945924Z TRACE hermit::sabre::fallback: received ptrace wait status status=PtraceSyscall(Pid(3))
2026-08-07T01:31:01.945925Z TRACE hermit::sabre::fallback: decoded ptrace syscall stop tid=3 op=2
2026-08-07T01:31:01.945930Z TRACE hermit::sabre::fallback: received ptrace wait status status=PtraceSyscall(Pid(3))
2026-08-07T01:31:01.945931Z TRACE hermit::sabre::fallback: decoded ptrace syscall stop tid=3 op=1
2026-08-07T01:31:01.945936Z TRACE hermit::sabre::fallback: received ptrace wait status status=PtraceSyscall(Pid(3))
2026-08-07T01:31:01.945937Z TRACE hermit::sabre::fallback: decoded ptrace syscall stop tid=3 op=2
2026-08-07T01:31:01.945943Z TRACE hermit::sabre::fallback: received ptrace wait status status=PtraceSyscall(Pid(3))
2026-08-07T01:31:01.945944Z TRACE hermit::sabre::fallback: decoded ptrace syscall stop tid=3 op=1
2026-08-07T01:31:01.945949Z TRACE hermit::sabre::fallback: received ptrace wait status status=PtraceSyscall(Pid(3))
2026-08-07T01:31:01.945950Z TRACE hermit::sabre::fallback: decoded ptrace syscall stop tid=3 op=2
2026-08-07T01:31:01.945956Z TRACE hermit::sabre::fallback: received ptrace wait status status=PtraceSyscall(Pid(3))
2026-08-07T01:31:01.945957Z TRACE hermit::sabre::fallback: decoded ptrace syscall stop tid=3 op=1
2026-08-07T01:31:01.945964Z TRACE hermit::sabre::fallback: received ptrace wait status status=PtraceSyscall(Pid(3))
2026-08-07T01:31:01.945965Z TRACE hermit::sabre::fallback: decoded ptrace syscall stop tid=3 op=2
2026-08-07T01:31:01.945971Z TRACE hermit::sabre::fallback: received ptrace wait status status=PtraceSyscall(Pid(3))
2026-08-07T01:31:01.945972Z TRACE hermit::sabre::fallback: decoded ptrace syscall stop tid=3 op=1
2026-08-07T01:31:01.945982Z TRACE hermit::sabre::fallback: received ptrace wait status status=PtraceSyscall(Pid(3))
2026-08-07T01:31:01.945983Z TRACE hermit::sabre::fallback: decoded ptrace syscall stop tid=3 op=2
2026-08-07T01:31:01.945988Z TRACE hermit::sabre::fallback: received ptrace wait status status=PtraceSyscall(Pid(3))
2026-08-07T01:31:01.945989Z TRACE hermit::sabre::fallback: decoded ptrace syscall stop tid=3 op=1
2026-08-07T01:31:01.945995Z TRACE hermit::sabre::fallback: received ptrace wait status status=PtraceSyscall(Pid(3))
2026-08-07T01:31:01.945996Z TRACE hermit::sabre::fallback: decoded ptrace syscall stop tid=3 op=2
2026-08-07T01:31:01.946001Z TRACE hermit::sabre::fallback: received ptrace wait status status=PtraceSyscall(Pid(3))
2026-08-07T01:31:01.946002Z TRACE hermit::sabre::fallback: decoded ptrace syscall stop tid=3 op=1
2026-08-07T01:31:01.946009Z TRACE hermit::sabre::fallback: received ptrace wait status status=PtraceSyscall(Pid(3))
2026-08-07T01:31:01.946010Z TRACE hermit::sabre::fallback: decoded ptrace syscall stop tid=3 op=2
2026-08-07T01:31:01.946019Z TRACE hermit::sabre::fallback: received ptrace wait status status=PtraceSyscall(Pid(3))
2026-08-07T01:31:01.946020Z TRACE hermit::sabre::fallback: decoded ptrace syscall stop tid=3 op=1
2026-08-07T01:31:01.946026Z TRACE hermit::sabre::fallback: received ptrace wait status status=PtraceSyscall(Pid(3))
2026-08-07T01:31:01.946027Z TRACE hermit::sabre::fallback: decoded ptrace syscall stop tid=3 op=2
2026-08-07T01:31:01.946033Z TRACE hermit::sabre::fallback: received ptrace wait status status=PtraceSyscall(Pid(3))
2026-08-07T01:31:01.946034Z TRACE hermit::sabre::fallback: decoded ptrace syscall stop tid=3 op=1
2026-08-07T01:31:01.946039Z TRACE hermit::sabre::fallback: received ptrace wait status status=PtraceSyscall(Pid(3))
2026-08-07T01:31:01.946040Z TRACE hermit::sabre::fallback: decoded ptrace syscall stop tid=3 op=2
2026-08-07T01:31:01.946063Z TRACE hermit::sabre::fallback: received ptrace wait status status=PtraceSyscall(Pid(3))
2026-08-07T01:31:01.946065Z TRACE hermit::sabre::fallback: decoded ptrace syscall stop tid=3 op=1
2026-08-07T01:31:01.946071Z TRACE hermit::sabre::fallback: received ptrace wait status status=PtraceSyscall(Pid(3))
2026-08-07T01:31:01.946072Z TRACE hermit::sabre::fallback: decoded ptrace syscall stop tid=3 op=2
2026-08-07T01:31:01.946080Z TRACE hermit::sabre::fallback: received ptrace wait status status=PtraceSyscall(Pid(3))
2026-08-07T01:31:01.946081Z TRACE hermit::sabre::fallback: decoded ptrace syscall stop tid=3 op=1
2026-08-07T01:31:01.946087Z TRACE hermit::sabre::fallback: received ptrace wait status status=PtraceSyscall(Pid(3))
2026-08-07T01:31:01.946088Z TRACE hermit::sabre::fallback: decoded ptrace syscall stop tid=3 op=2
2026-08-07T01:31:01.946095Z TRACE hermit::sabre::fallback: received ptrace wait status status=PtraceSyscall(Pid(3))
2026-08-07T01:31:01.946097Z TRACE hermit::sabre::fallback: decoded ptrace syscall stop tid=3 op=1
2026-08-07T01:31:01.946102Z TRACE hermit::sabre::fallback: received ptrace wait status status=PtraceSyscall(Pid(3))
2026-08-07T01:31:01.946103Z TRACE hermit::sabre::fallback: decoded ptrace syscall stop tid=3 op=2
2026-08-07T01:31:01.946107Z TRACE hermit::sabre::fallback: received ptrace wait status status=PtraceSyscall(Pid(3))
2026-08-07T01:31:01.946108Z TRACE hermit::sabre::fallback: decoded ptrace syscall stop tid=3 op=1
2026-08-07T01:31:01.946116Z TRACE hermit::sabre::fallback: received ptrace wait status status=PtraceSyscall(Pid(3))
2026-08-07T01:31:01.946117Z TRACE hermit::sabre::fallback: decoded ptrace syscall stop tid=3 op=2
2026-08-07T01:31:01.946122Z TRACE hermit::sabre::fallback: received ptrace wait status status=PtraceSyscall(Pid(3))
2026-08-07T01:31:01.946123Z TRACE hermit::sabre::fallback: decoded ptrace syscall stop tid=3 op=1
2026-08-07T01:31:01.946127Z TRACE hermit::sabre::fallback: received ptrace wait status status=PtraceSyscall(Pid(3))
2026-08-07T01:31:01.946128Z TRACE hermit::sabre::fallback: decoded ptrace syscall stop tid=3 op=2
2026-08-07T01:31:01.946133Z TRACE hermit::sabre::fallback: received ptrace wait status status=PtraceSyscall(Pid(3))
2026-08-07T01:31:01.946134Z TRACE hermit::sabre::fallback: decoded ptrace syscall stop tid=3 op=1
2026-08-07T01:31:01.946138Z TRACE hermit::sabre::fallback: received ptrace wait status status=PtraceSyscall(Pid(3))
2026-08-07T01:31:01.946139Z TRACE hermit::sabre::fallback: decoded ptrace syscall stop tid=3 op=2
2026-08-07T01:31:01.946184Z TRACE hermit::sabre::fallback: received ptrace wait status status=PtraceSyscall(Pid(3))
2026-08-07T01:31:01.946185Z TRACE hermit::sabre::fallback: decoded ptrace syscall stop tid=3 op=1
2026-08-07T01:31:01.946191Z TRACE hermit::sabre::fallback: received ptrace wait status status=PtraceSyscall(Pid(3))
2026-08-07T01:31:01.946193Z TRACE hermit::sabre::fallback: decoded ptrace syscall stop tid=3 op=2
2026-08-07T01:31:01.946226Z TRACE hermit::sabre::fallback: received ptrace wait status status=PtraceSyscall(Pid(3))
2026-08-07T01:31:01.946227Z TRACE hermit::sabre::fallback: decoded ptrace syscall stop tid=3 op=1
2026-08-07T01:31:01.946234Z TRACE hermit::sabre::fallback: received ptrace wait status status=PtraceSyscall(Pid(3))
2026-08-07T01:31:01.946235Z TRACE hermit::sabre::fallback: decoded ptrace syscall stop tid=3 op=2
2026-08-07T01:31:01.946249Z TRACE hermit::sabre::fallback: received ptrace wait status status=PtraceSyscall(Pid(3))
2026-08-07T01:31:01.946251Z TRACE hermit::sabre::fallback: decoded ptrace syscall stop tid=3 op=1
2026-08-07T01:31:01.946256Z TRACE hermit::sabre::fallback: received ptrace wait status status=PtraceSyscall(Pid(3))
2026-08-07T01:31:01.946257Z TRACE hermit::sabre::fallback: decoded ptrace syscall stop tid=3 op=2
2026-08-07T01:31:01.946283Z TRACE hermit::sabre::fallback: received ptrace wait status status=PtraceSyscall(Pid(3))
2026-08-07T01:31:01.946284Z TRACE hermit::sabre::fallback: decoded ptrace syscall stop tid=3 op=1
2026-08-07T01:31:01.946294Z TRACE hermit::sabre::fallback: received ptrace wait status status=PtraceSyscall(Pid(3))
2026-08-07T01:31:01.946295Z TRACE hermit::sabre::fallback: decoded ptrace syscall stop tid=3 op=2
2026-08-07T01:31:01.946310Z TRACE hermit::sabre::fallback: received ptrace wait status status=PtraceSyscall(Pid(3))
2026-08-07T01:31:01.946311Z TRACE hermit::sabre::fallback: decoded ptrace syscall stop tid=3 op=1
2026-08-07T01:31:01.946318Z TRACE hermit::sabre::fallback: received ptrace wait status status=PtraceSyscall(Pid(3))
2026-08-07T01:31:01.946320Z TRACE hermit::sabre::fallback: decoded ptrace syscall stop tid=3 op=2
2026-08-07T01:31:01.946336Z TRACE hermit::sabre::fallback: received ptrace wait status status=PtraceSyscall(Pid(3))
2026-08-07T01:31:01.946337Z TRACE hermit::sabre::fallback: decoded ptrace syscall stop tid=3 op=1
2026-08-07T01:31:01.946344Z TRACE hermit::sabre::fallback: received ptrace wait status status=PtraceSyscall(Pid(3))
2026-08-07T01:31:01.946346Z TRACE hermit::sabre::fallback: decoded ptrace syscall stop tid=3 op=2
2026-08-07T01:31:01.946467Z TRACE hermit::sabre::fallback: received ptrace wait status status=PtraceSyscall(Pid(3))
2026-08-07T01:31:01.946469Z TRACE hermit::sabre::fallback: decoded ptrace syscall stop tid=3 op=1
2026-08-07T01:31:01.946477Z TRACE hermit::sabre::fallback: received ptrace wait status status=PtraceSyscall(Pid(3))
2026-08-07T01:31:01.946478Z TRACE hermit::sabre::fallback: decoded ptrace syscall stop tid=3 op=2
2026-08-07T01:31:01.946486Z TRACE hermit::sabre::fallback: received ptrace wait status status=PtraceSyscall(Pid(3))
2026-08-07T01:31:01.946488Z TRACE hermit::sabre::fallback: decoded ptrace syscall stop tid=3 op=1
2026-08-07T01:31:01.946494Z TRACE hermit::sabre::fallback: received ptrace wait status status=PtraceSyscall(Pid(3))
2026-08-07T01:31:01.946495Z TRACE hermit::sabre::fallback: decoded ptrace syscall stop tid=3 op=2
2026-08-07T01:31:01.946507Z TRACE hermit::sabre::fallback: received ptrace wait status status=PtraceSyscall(Pid(3))
2026-08-07T01:31:01.946508Z TRACE hermit::sabre::fallback: decoded ptrace syscall stop tid=3 op=1
2026-08-07T01:31:01.946517Z TRACE hermit::sabre::fallback: received ptrace wait status status=PtraceSyscall(Pid(3))
2026-08-07T01:31:01.946519Z TRACE hermit::sabre::fallback: decoded ptrace syscall stop tid=3 op=2
2026-08-07T01:31:01.946530Z TRACE hermit::sabre::fallback: received ptrace wait status status=PtraceSyscall(Pid(3))
2026-08-07T01:31:01.946533Z TRACE hermit::sabre::fallback: decoded ptrace syscall stop tid=3 op=1
2026-08-07T01:31:01.946538Z TRACE hermit::sabre::fallback: received ptrace wait status status=PtraceSyscall(Pid(3))
2026-08-07T01:31:01.946539Z TRACE hermit::sabre::fallback: decoded ptrace syscall stop tid=3 op=2
2026-08-07T01:31:01.946547Z TRACE hermit::sabre::fallback: received ptrace wait status status=PtraceSyscall(Pid(3))
2026-08-07T01:31:01.946548Z TRACE hermit::sabre::fallback: decoded ptrace syscall stop tid=3 op=1
2026-08-07T01:31:01.946561Z TRACE hermit::sabre::fallback: received ptrace wait status status=PtraceSyscall(Pid(3))
2026-08-07T01:31:01.946562Z TRACE hermit::sabre::fallback: decoded ptrace syscall stop tid=3 op=2
2026-08-07T01:31:01.946680Z TRACE hermit::sabre::fallback: received ptrace wait status status=PtraceSyscall(Pid(3))
2026-08-07T01:31:01.946681Z TRACE hermit::sabre::fallback: decoded ptrace syscall stop tid=3 op=1
2026-08-07T01:31:01.946699Z TRACE hermit::sabre::fallback: received ptrace wait status status=PtraceSyscall(Pid(3))
2026-08-07T01:31:01.946700Z TRACE hermit::sabre::fallback: decoded ptrace syscall stop tid=3 op=2
2026-08-07T01:31:01.946707Z TRACE hermit::sabre::fallback: received ptrace wait status status=PtraceSyscall(Pid(3))
2026-08-07T01:31:01.946708Z TRACE hermit::sabre::fallback: decoded ptrace syscall stop tid=3 op=1
2026-08-07T01:31:01.946740Z TRACE hermit::sabre::fallback: received ptrace wait status status=PtraceSyscall(Pid(3))
2026-08-07T01:31:01.946741Z TRACE hermit::sabre::fallback: decoded ptrace syscall stop tid=3 op=2
2026-08-07T01:31:01.946746Z TRACE hermit::sabre::fallback: received ptrace wait status status=PtraceSyscall(Pid(3))
2026-08-07T01:31:01.946748Z TRACE hermit::sabre::fallback: decoded ptrace syscall stop tid=3 op=1
2026-08-07T01:31:01.946754Z TRACE hermit::sabre::fallback: received ptrace wait status status=PtraceSyscall(Pid(3))
2026-08-07T01:31:01.946756Z TRACE hermit::sabre::fallback: decoded ptrace syscall stop tid=3 op=2
2026-08-07T01:31:01.946763Z TRACE hermit::sabre::fallback: received ptrace wait status status=PtraceSyscall(Pid(3))
2026-08-07T01:31:01.946764Z TRACE hermit::sabre::fallback: decoded ptrace syscall stop tid=3 op=1
2026-08-07T01:31:01.946770Z TRACE hermit::sabre::fallback: received ptrace wait status status=PtraceSyscall(Pid(3))
2026-08-07T01:31:01.946771Z TRACE hermit::sabre::fallback: decoded ptrace syscall stop tid=3 op=2
2026-08-07T01:31:01.946776Z TRACE hermit::sabre::fallback: received ptrace wait status status=PtraceSyscall(Pid(3))
2026-08-07T01:31:01.946777Z TRACE hermit::sabre::fallback: decoded ptrace syscall stop tid=3 op=1
2026-08-07T01:31:01.946806Z TRACE hermit::sabre::fallback: received ptrace wait status status=PtraceSyscall(Pid(3))
2026-08-07T01:31:01.946807Z TRACE hermit::sabre::fallback: decoded ptrace syscall stop tid=3 op=2
2026-08-07T01:31:01.946813Z TRACE hermit::sabre::fallback: received ptrace wait status status=PtraceSyscall(Pid(3))
2026-08-07T01:31:01.946814Z TRACE hermit::sabre::fallback: decoded ptrace syscall stop tid=3 op=1
2026-08-07T01:31:01.946821Z TRACE hermit::sabre::fallback: received ptrace wait status status=PtraceSyscall(Pid(3))
2026-08-07T01:31:01.946822Z TRACE hermit::sabre::fallback: decoded ptrace syscall stop tid=3 op=2
2026-08-07T01:31:01.946827Z TRACE hermit::sabre::fallback: received ptrace wait status status=PtraceSyscall(Pid(3))
2026-08-07T01:31:01.946828Z TRACE hermit::sabre::fallback: decoded ptrace syscall stop tid=3 op=1
2026-08-07T01:31:01.946836Z TRACE hermit::sabre::fallback: received ptrace wait status status=PtraceSyscall(Pid(3))
2026-08-07T01:31:01.946837Z TRACE hermit::sabre::fallback: decoded ptrace syscall stop tid=3 op=2
2026-08-07T01:31:01.946852Z TRACE hermit::sabre::fallback: received ptrace wait status status=PtraceSyscall(Pid(3))
2026-08-07T01:31:01.946853Z TRACE hermit::sabre::fallback: decoded ptrace syscall stop tid=3 op=1
2026-08-07T01:31:01.946860Z TRACE hermit::sabre::fallback: received ptrace wait status status=PtraceSyscall(Pid(3))
2026-08-07T01:31:01.946861Z TRACE hermit::sabre::fallback: decoded ptrace syscall stop tid=3 op=2
2026-08-07T01:31:01.946867Z TRACE hermit::sabre::fallback: received ptrace wait status status=PtraceSyscall(Pid(3))
2026-08-07T01:31:01.946868Z TRACE hermit::sabre::fallback: decoded ptrace syscall stop tid=3 op=1
2026-08-07T01:31:01.946874Z TRACE hermit::sabre::fallback: received ptrace wait status status=PtraceSyscall(Pid(3))
2026-08-07T01:31:01.946875Z TRACE hermit::sabre::fallback: decoded ptrace syscall stop tid=3 op=2
2026-08-07T01:31:01.946886Z TRACE hermit::sabre::fallback: received ptrace wait status status=PtraceSyscall(Pid(3))
2026-08-07T01:31:01.946888Z TRACE hermit::sabre::fallback: decoded ptrace syscall stop tid=3 op=1
2026-08-07T01:31:01.946894Z TRACE hermit::sabre::fallback: received ptrace wait status status=PtraceSyscall(Pid(3))
2026-08-07T01:31:01.946895Z TRACE hermit::sabre::fallback: decoded ptrace syscall stop tid=3 op=2
2026-08-07T01:31:01.946905Z TRACE hermit::sabre::fallback: received ptrace wait status status=PtraceSyscall(Pid(3))
2026-08-07T01:31:01.946906Z TRACE hermit::sabre::fallback: decoded ptrace syscall stop tid=3 op=1
2026-08-07T01:31:01.946914Z TRACE hermit::sabre::fallback: received ptrace wait status status=PtraceSyscall(Pid(3))
2026-08-07T01:31:01.946915Z TRACE hermit::sabre::fallback: decoded ptrace syscall stop tid=3 op=2
2026-08-07T01:31:01.946926Z TRACE hermit::sabre::fallback: received ptrace wait status status=PtraceSyscall(Pid(3))
2026-08-07T01:31:01.946927Z TRACE hermit::sabre::fallback: decoded ptrace syscall stop tid=3 op=1
2026-08-07T01:31:01.946932Z TRACE hermit::sabre::fallback: received ptrace wait status status=PtraceSyscall(Pid(3))
2026-08-07T01:31:01.946933Z TRACE hermit::sabre::fallback: decoded ptrace syscall stop tid=3 op=2
2026-08-07T01:31:01.946937Z TRACE hermit::sabre::fallback: received ptrace wait status status=PtraceSyscall(Pid(3))
2026-08-07T01:31:01.946939Z TRACE hermit::sabre::fallback: decoded ptrace syscall stop tid=3 op=1
2026-08-07T01:31:01.946944Z TRACE hermit::sabre::fallback: received ptrace wait status status=PtraceSyscall(Pid(3))
2026-08-07T01:31:01.946945Z TRACE hermit::sabre::fallback: decoded ptrace syscall stop tid=3 op=2
2026-08-07T01:31:01.946949Z TRACE hermit::sabre::fallback: received ptrace wait status status=PtraceSyscall(Pid(3))
2026-08-07T01:31:01.946950Z TRACE hermit::sabre::fallback: decoded ptrace syscall stop tid=3 op=1
2026-08-07T01:31:01.946959Z TRACE hermit::sabre::fallback: received ptrace wait status status=PtraceSyscall(Pid(3))
2026-08-07T01:31:01.946960Z TRACE hermit::sabre::fallback: decoded ptrace syscall stop tid=3 op=2
2026-08-07T01:31:01.946966Z TRACE hermit::sabre::fallback: received ptrace wait status status=PtraceSyscall(Pid(3))
2026-08-07T01:31:01.946967Z TRACE hermit::sabre::fallback: decoded ptrace syscall stop tid=3 op=1
2026-08-07T01:31:01.946973Z TRACE hermit::sabre::fallback: received ptrace wait status status=PtraceSyscall(Pid(3))
2026-08-07T01:31:01.946974Z TRACE hermit::sabre::fallback: decoded ptrace syscall stop tid=3 op=2
2026-08-07T01:31:01.946978Z TRACE hermit::sabre::fallback: received ptrace wait status status=PtraceSyscall(Pid(3))
2026-08-07T01:31:01.946979Z TRACE hermit::sabre::fallback: decoded ptrace syscall stop tid=3 op=1
2026-08-07T01:31:01.946984Z TRACE hermit::sabre::fallback: received ptrace wait status status=PtraceSyscall(Pid(3))
2026-08-07T01:31:01.946985Z TRACE hermit::sabre::fallback: decoded ptrace syscall stop tid=3 op=2
2026-08-07T01:31:01.946990Z TRACE hermit::sabre::fallback: received ptrace wait status status=PtraceSyscall(Pid(3))
2026-08-07T01:31:01.946991Z TRACE hermit::sabre::fallback: decoded ptrace syscall stop tid=3 op=1
2026-08-07T01:31:01.946997Z TRACE hermit::sabre::fallback: received ptrace wait status status=PtraceSyscall(Pid(3))
2026-08-07T01:31:01.946998Z TRACE hermit::sabre::fallback: decoded ptrace syscall stop tid=3 op=2
2026-08-07T01:31:01.947004Z TRACE hermit::sabre::fallback: received ptrace wait status status=PtraceSyscall(Pid(3))
2026-08-07T01:31:01.947005Z TRACE hermit::sabre::fallback: decoded ptrace syscall stop tid=3 op=1
2026-08-07T01:31:01.947010Z TRACE hermit::sabre::fallback: received ptrace wait status status=PtraceSyscall(Pid(3))
2026-08-07T01:31:01.947011Z TRACE hermit::sabre::fallback: decoded ptrace syscall stop tid=3 op=2
2026-08-07T01:31:01.947017Z TRACE hermit::sabre::fallback: received ptrace wait status status=PtraceSyscall(Pid(3))
2026-08-07T01:31:01.947019Z TRACE hermit::sabre::fallback: decoded ptrace syscall stop tid=3 op=1
2026-08-07T01:31:01.947024Z TRACE hermit::sabre::fallback: received ptrace wait status status=PtraceSyscall(Pid(3))
2026-08-07T01:31:01.947025Z TRACE hermit::sabre::fallback: decoded ptrace syscall stop tid=3 op=2
2026-08-07T01:31:01.947030Z TRACE hermit::sabre::fallback: received ptrace wait status status=PtraceSyscall(Pid(3))
2026-08-07T01:31:01.947031Z TRACE hermit::sabre::fallback: decoded ptrace syscall stop tid=3 op=1
2026-08-07T01:31:01.947035Z TRACE hermit::sabre::fallback: received ptrace wait status status=PtraceSyscall(Pid(3))
2026-08-07T01:31:01.947036Z TRACE hermit::sabre::fallback: decoded ptrace syscall stop tid=3 op=2
2026-08-07T01:31:01.947041Z TRACE hermit::sabre::fallback: received ptrace wait status status=PtraceSyscall(Pid(3))
2026-08-07T01:31:01.947042Z TRACE hermit::sabre::fallback: decoded ptrace syscall stop tid=3 op=1
2026-08-07T01:31:01.947047Z TRACE hermit::sabre::fallback: received ptrace wait status status=PtraceSyscall(Pid(3))
2026-08-07T01:31:01.947048Z TRACE hermit::sabre::fallback: decoded ptrace syscall stop tid=3 op=2
2026-08-07T01:31:01.947052Z TRACE hermit::sabre::fallback: received ptrace wait status status=PtraceSyscall(Pid(3))
2026-08-07T01:31:01.947053Z TRACE hermit::sabre::fallback: decoded ptrace syscall stop tid=3 op=1
2026-08-07T01:31:01.947058Z TRACE hermit::sabre::fallback: received ptrace wait status status=PtraceSyscall(Pid(3))
2026-08-07T01:31:01.947059Z TRACE hermit::sabre::fallback: decoded ptrace syscall stop tid=3 op=2
2026-08-07T01:31:01.947068Z TRACE hermit::sabre::fallback: received ptrace wait status status=PtraceSyscall(Pid(3))
2026-08-07T01:31:01.947069Z TRACE hermit::sabre::fallback: decoded ptrace syscall stop tid=3 op=1
2026-08-07T01:31:01.947075Z TRACE hermit::sabre::fallback: received ptrace wait status status=PtraceSyscall(Pid(3))
2026-08-07T01:31:01.947077Z TRACE hermit::sabre::fallback: decoded ptrace syscall stop tid=3 op=2
2026-08-07T01:31:01.947082Z TRACE hermit::sabre::fallback: received ptrace wait status status=PtraceSyscall(Pid(3))
2026-08-07T01:31:01.947083Z TRACE hermit::sabre::fallback: decoded ptrace syscall stop tid=3 op=1
2026-08-07T01:31:01.947087Z TRACE hermit::sabre::fallback: received ptrace wait status status=PtraceSyscall(Pid(3))
2026-08-07T01:31:01.947089Z TRACE hermit::sabre::fallback: decoded ptrace syscall stop tid=3 op=2
2026-08-07T01:31:01.947093Z TRACE hermit::sabre::fallback: received ptrace wait status status=PtraceSyscall(Pid(3))
2026-08-07T01:31:01.947094Z TRACE hermit::sabre::fallback: decoded ptrace syscall stop tid=3 op=1
2026-08-07T01:31:01.947102Z TRACE hermit::sabre::fallback: received ptrace wait status status=PtraceSyscall(Pid(3))
2026-08-07T01:31:01.947103Z TRACE hermit::sabre::fallback: decoded ptrace syscall stop tid=3 op=2
2026-08-07T01:31:01.947108Z TRACE hermit::sabre::fallback: received ptrace wait status status=PtraceSyscall(Pid(3))
2026-08-07T01:31:01.947109Z TRACE hermit::sabre::fallback: decoded ptrace syscall stop tid=3 op=1
2026-08-07T01:31:01.947114Z TRACE hermit::sabre::fallback: received ptrace wait status status=PtraceSyscall(Pid(3))
2026-08-07T01:31:01.947115Z TRACE hermit::sabre::fallback: decoded ptrace syscall stop tid=3 op=2
2026-08-07T01:31:01.947119Z TRACE hermit::sabre::fallback: received ptrace wait status status=PtraceSyscall(Pid(3))
2026-08-07T01:31:01.947121Z TRACE hermit::sabre::fallback: decoded ptrace syscall stop tid=3 op=1
2026-08-07T01:31:01.947125Z TRACE hermit::sabre::fallback: received ptrace wait status status=PtraceSyscall(Pid(3))
2026-08-07T01:31:01.947126Z TRACE hermit::sabre::fallback: decoded ptrace syscall stop tid=3 op=2
2026-08-07T01:31:01.947131Z TRACE hermit::sabre::fallback: received ptrace wait status status=PtraceSyscall(Pid(3))
2026-08-07T01:31:01.947132Z TRACE hermit::sabre::fallback: decoded ptrace syscall stop tid=3 op=1
2026-08-07T01:31:01.947136Z TRACE hermit::sabre::fallback: received ptrace wait status status=PtraceSyscall(Pid(3))
2026-08-07T01:31:01.947137Z TRACE hermit::sabre::fallback: decoded ptrace syscall stop tid=3 op=2
2026-08-07T01:31:01.947142Z TRACE hermit::sabre::fallback: received ptrace wait status status=PtraceSyscall(Pid(3))
2026-08-07T01:31:01.947143Z TRACE hermit::sabre::fallback: decoded ptrace syscall stop tid=3 op=1
2026-08-07T01:31:01.947149Z TRACE hermit::sabre::fallback: received ptrace wait status status=PtraceSyscall(Pid(3))
2026-08-07T01:31:01.947150Z TRACE hermit::sabre::fallback: decoded ptrace syscall stop tid=3 op=2
2026-08-07T01:31:01.947154Z TRACE hermit::sabre::fallback: received ptrace wait status status=PtraceSyscall(Pid(3))
2026-08-07T01:31:01.947155Z TRACE hermit::sabre::fallback: decoded ptrace syscall stop tid=3 op=1
2026-08-07T01:31:01.947160Z TRACE hermit::sabre::fallback: received ptrace wait status status=PtraceSyscall(Pid(3))
2026-08-07T01:31:01.947162Z TRACE hermit::sabre::fallback: decoded ptrace syscall stop tid=3 op=2
2026-08-07T01:31:01.947167Z TRACE hermit::sabre::fallback: received ptrace wait status status=PtraceSyscall(Pid(3))
2026-08-07T01:31:01.947169Z TRACE hermit::sabre::fallback: decoded ptrace syscall stop tid=3 op=1
2026-08-07T01:31:01.947176Z TRACE hermit::sabre::fallback: received ptrace wait status status=PtraceSyscall(Pid(3))
2026-08-07T01:31:01.947177Z TRACE hermit::sabre::fallback: decoded ptrace syscall stop tid=3 op=2
2026-08-07T01:31:01.947184Z TRACE hermit::sabre::fallback: received ptrace wait status status=PtraceSyscall(Pid(3))
2026-08-07T01:31:01.947185Z TRACE hermit::sabre::fallback: decoded ptrace syscall stop tid=3 op=1
2026-08-07T01:31:01.947190Z TRACE hermit::sabre::fallback: received ptrace wait status status=PtraceSyscall(Pid(3))
2026-08-07T01:31:01.947191Z TRACE hermit::sabre::fallback: decoded ptrace syscall stop tid=3 op=2
2026-08-07T01:31:01.947195Z TRACE hermit::sabre::fallback: received ptrace wait status status=PtraceSyscall(Pid(3))
2026-08-07T01:31:01.947196Z TRACE hermit::sabre::fallback: decoded ptrace syscall stop tid=3 op=1
2026-08-07T01:31:01.947201Z TRACE hermit::sabre::fallback: received ptrace wait status status=PtraceSyscall(Pid(3))
2026-08-07T01:31:01.947202Z TRACE hermit::sabre::fallback: decoded ptrace syscall stop tid=3 op=2
2026-08-07T01:31:01.947212Z TRACE hermit::sabre::fallback: received ptrace wait status status=PtraceSyscall(Pid(3))
2026-08-07T01:31:01.947215Z TRACE hermit::sabre::fallback: decoded ptrace syscall stop tid=3 op=1
2026-08-07T01:31:01.947224Z TRACE hermit::sabre::fallback: received ptrace wait status status=PtraceSyscall(Pid(3))
2026-08-07T01:31:01.947225Z TRACE hermit::sabre::fallback: decoded ptrace syscall stop tid=3 op=2
2026-08-07T01:31:01.947239Z TRACE hermit::sabre::fallback: received ptrace wait status status=PtraceSyscall(Pid(3))
2026-08-07T01:31:01.947240Z TRACE hermit::sabre::fallback: decoded ptrace syscall stop tid=3 op=1
2026-08-07T01:31:01.947252Z TRACE hermit::sabre::fallback: received ptrace wait status status=PtraceSyscall(Pid(3))
2026-08-07T01:31:01.947253Z TRACE hermit::sabre::fallback: decoded ptrace syscall stop tid=3 op=2
2026-08-07T01:31:01.947262Z TRACE hermit::sabre::fallback: received ptrace wait status status=PtraceSyscall(Pid(3))
2026-08-07T01:31:01.947264Z TRACE hermit::sabre::fallback: decoded ptrace syscall stop tid=3 op=1
2026-08-07T01:31:01.947272Z TRACE hermit::sabre::fallback: received ptrace wait status status=PtraceSyscall(Pid(3))
2026-08-07T01:31:01.947273Z TRACE hermit::sabre::fallback: decoded ptrace syscall stop tid=3 op=2
2026-08-07T01:31:01.947287Z TRACE hermit::sabre::fallback: received ptrace wait status status=PtraceSyscall(Pid(3))
2026-08-07T01:31:01.947289Z TRACE hermit::sabre::fallback: decoded ptrace syscall stop tid=3 op=1
2026-08-07T01:31:01.947295Z TRACE hermit::sabre::fallback: received ptrace wait status status=PtraceSyscall(Pid(3))
2026-08-07T01:31:01.947296Z TRACE hermit::sabre::fallback: decoded ptrace syscall stop tid=3 op=2
2026-08-07T01:31:01.947787Z TRACE hermit::sabre::fallback: received ptrace wait status status=PtraceSyscall(Pid(3))
2026-08-07T01:31:01.947788Z TRACE hermit::sabre::fallback: decoded ptrace syscall stop tid=3 op=1
2026-08-07T01:31:01.947797Z TRACE hermit::sabre::fallback: received ptrace wait status status=PtraceSyscall(Pid(3))
2026-08-07T01:31:01.947798Z TRACE hermit::sabre::fallback: decoded ptrace syscall stop tid=3 op=2
2026-08-07T01:31:01.947810Z TRACE hermit::sabre::fallback: received ptrace wait status status=PtraceSyscall(Pid(3))
2026-08-07T01:31:01.947811Z TRACE hermit::sabre::fallback: decoded ptrace syscall stop tid=3 op=1
2026-08-07T01:31:01.947819Z TRACE hermit::sabre::fallback: received ptrace wait status status=PtraceSyscall(Pid(3))
2026-08-07T01:31:01.947820Z TRACE hermit::sabre::fallback: decoded ptrace syscall stop tid=3 op=2
2026-08-07T01:31:01.947828Z TRACE hermit::sabre::fallback: received ptrace wait status status=PtraceSyscall(Pid(3))
2026-08-07T01:31:01.947829Z TRACE hermit::sabre::fallback: decoded ptrace syscall stop tid=3 op=1
2026-08-07T01:31:01.947834Z TRACE hermit::sabre::fallback: received ptrace wait status status=PtraceSyscall(Pid(3))
2026-08-07T01:31:01.947835Z TRACE hermit::sabre::fallback: decoded ptrace syscall stop tid=3 op=2
2026-08-07T01:31:01.947842Z TRACE hermit::sabre::fallback: received ptrace wait status status=PtraceSyscall(Pid(3))
2026-08-07T01:31:01.947843Z TRACE hermit::sabre::fallback: decoded ptrace syscall stop tid=3 op=1
2026-08-07T01:31:01.947877Z TRACE hermit::sabre::fallback: received ptrace wait status status=PtraceSyscall(Pid(3))
2026-08-07T01:31:01.947878Z TRACE hermit::sabre::fallback: decoded ptrace syscall stop tid=3 op=2
2026-08-07T01:31:01.947885Z TRACE hermit::sabre::fallback: received ptrace wait status status=PtraceSyscall(Pid(3))
2026-08-07T01:31:01.947886Z TRACE hermit::sabre::fallback: decoded ptrace syscall stop tid=3 op=1
2026-08-07T01:31:01.947894Z TRACE hermit::sabre::fallback: received ptrace wait status status=PtraceSyscall(Pid(3))
2026-08-07T01:31:01.947895Z TRACE hermit::sabre::fallback: decoded ptrace syscall stop tid=3 op=2
2026-08-07T01:31:01.947901Z TRACE hermit::sabre::fallback: received ptrace wait status status=PtraceSyscall(Pid(3))
2026-08-07T01:31:01.947902Z TRACE hermit::sabre::fallback: decoded ptrace syscall stop tid=3 op=1
2026-08-07T01:31:01.947912Z TRACE hermit::sabre::fallback: received ptrace wait status status=PtraceSyscall(Pid(3))
2026-08-07T01:31:01.947913Z TRACE hermit::sabre::fallback: decoded ptrace syscall stop tid=3 op=2
2026-08-07T01:31:01.947921Z TRACE hermit::sabre::fallback: received ptrace wait status status=PtraceSyscall(Pid(3))
2026-08-07T01:31:01.947922Z TRACE hermit::sabre::fallback: decoded ptrace syscall stop tid=3 op=1
2026-08-07T01:31:01.947932Z TRACE hermit::sabre::fallback: received ptrace wait status status=PtraceSyscall(Pid(3))
2026-08-07T01:31:01.947933Z TRACE hermit::sabre::fallback: decoded ptrace syscall stop tid=3 op=2
2026-08-07T01:31:01.947939Z TRACE hermit::sabre::fallback: received ptrace wait status status=PtraceSyscall(Pid(3))
2026-08-07T01:31:01.947940Z TRACE hermit::sabre::fallback: decoded ptrace syscall stop tid=3 op=1
2026-08-07T01:31:01.947948Z TRACE hermit::sabre::fallback: received ptrace wait status status=PtraceSyscall(Pid(3))
2026-08-07T01:31:01.947949Z TRACE hermit::sabre::fallback: decoded ptrace syscall stop tid=3 op=2
2026-08-07T01:31:01.947954Z TRACE hermit::sabre::fallback: received ptrace wait status status=PtraceSyscall(Pid(3))
2026-08-07T01:31:01.947956Z TRACE hermit::sabre::fallback: decoded ptrace syscall stop tid=3 op=1
2026-08-07T01:31:01.947960Z TRACE hermit::sabre::fallback: received ptrace wait status status=PtraceSyscall(Pid(3))
2026-08-07T01:31:01.947961Z TRACE hermit::sabre::fallback: decoded ptrace syscall stop tid=3 op=2
2026-08-07T01:31:01.947966Z TRACE hermit::sabre::fallback: received ptrace wait status status=PtraceSyscall(Pid(3))
2026-08-07T01:31:01.947967Z TRACE hermit::sabre::fallback: decoded ptrace syscall stop tid=3 op=1
2026-08-07T01:31:01.947974Z TRACE hermit::sabre::fallback: received ptrace wait status status=PtraceSyscall(Pid(3))
2026-08-07T01:31:01.947975Z TRACE hermit::sabre::fallback: decoded ptrace syscall stop tid=3 op=2
2026-08-07T01:31:01.947986Z TRACE hermit::sabre::fallback: received ptrace wait status status=PtraceSyscall(Pid(3))
2026-08-07T01:31:01.947987Z TRACE hermit::sabre::fallback: decoded ptrace syscall stop tid=3 op=1
2026-08-07T01:31:01.947999Z TRACE hermit::sabre::fallback: received ptrace wait status status=PtraceSyscall(Pid(3))
2026-08-07T01:31:01.948000Z TRACE hermit::sabre::fallback: decoded ptrace syscall stop tid=3 op=2
2026-08-07T01:31:01.948005Z TRACE hermit::sabre::fallback: received ptrace wait status status=PtraceSyscall(Pid(3))
2026-08-07T01:31:01.948006Z TRACE hermit::sabre::fallback: decoded ptrace syscall stop tid=3 op=1
2026-08-07T01:31:01.948012Z TRACE hermit::sabre::fallback: received ptrace wait status status=PtraceSyscall(Pid(3))
2026-08-07T01:31:01.948013Z TRACE hermit::sabre::fallback: decoded ptrace syscall stop tid=3 op=2
2026-08-07T01:31:01.948022Z TRACE hermit::sabre::fallback: received ptrace wait status status=PtraceSyscall(Pid(3))
2026-08-07T01:31:01.948023Z TRACE hermit::sabre::fallback: decoded ptrace syscall stop tid=3 op=1
2026-08-07T01:31:01.948042Z TRACE hermit::sabre::fallback: received ptrace wait status status=PtraceSyscall(Pid(3))
2026-08-07T01:31:01.948044Z TRACE hermit::sabre::fallback: decoded ptrace syscall stop tid=3 op=2
2026-08-07T01:31:01.948053Z TRACE hermit::sabre::fallback: received ptrace wait status status=PtraceSyscall(Pid(3))
2026-08-07T01:31:01.948054Z TRACE hermit::sabre::fallback: decoded ptrace syscall stop tid=3 op=1
2026-08-07T01:31:01.948075Z TRACE hermit::sabre::fallback: received ptrace wait status status=PtraceSyscall(Pid(3))
2026-08-07T01:31:01.948076Z TRACE hermit::sabre::fallback: decoded ptrace syscall stop tid=3 op=2
2026-08-07T01:31:01.948085Z TRACE hermit::sabre::fallback: received ptrace wait status status=PtraceSyscall(Pid(3))
2026-08-07T01:31:01.948086Z TRACE hermit::sabre::fallback: decoded ptrace syscall stop tid=3 op=1
2026-08-07T01:31:01.948094Z TRACE hermit::sabre::fallback: received ptrace wait status status=PtraceSyscall(Pid(3))
2026-08-07T01:31:01.948095Z TRACE hermit::sabre::fallback: decoded ptrace syscall stop tid=3 op=2
2026-08-07T01:31:01.948112Z TRACE hermit::sabre::fallback: received ptrace wait status status=PtraceSyscall(Pid(3))
2026-08-07T01:31:01.948113Z TRACE hermit::sabre::fallback: decoded ptrace syscall stop tid=3 op=1
2026-08-07T01:31:01.948122Z TRACE hermit::sabre::fallback: received ptrace wait status status=PtraceSyscall(Pid(3))
2026-08-07T01:31:01.948123Z TRACE hermit::sabre::fallback: decoded ptrace syscall stop tid=3 op=2
2026-08-07T01:31:01.948128Z TRACE hermit::sabre::fallback: received ptrace wait status status=PtraceSyscall(Pid(3))
2026-08-07T01:31:01.948129Z TRACE hermit::sabre::fallback: decoded ptrace syscall stop tid=3 op=1
2026-08-07T01:31:01.948134Z TRACE hermit::sabre::fallback: received ptrace wait status status=PtraceSyscall(Pid(3))
2026-08-07T01:31:01.948135Z TRACE hermit::sabre::fallback: decoded ptrace syscall stop tid=3 op=2
2026-08-07T01:31:01.948143Z TRACE hermit::sabre::fallback: received ptrace wait status status=PtraceSyscall(Pid(3))
2026-08-07T01:31:01.948144Z TRACE hermit::sabre::fallback: decoded ptrace syscall stop tid=3 op=1
2026-08-07T01:31:01.948150Z TRACE hermit::sabre::fallback: received ptrace wait status status=PtraceSyscall(Pid(3))
2026-08-07T01:31:01.948152Z TRACE hermit::sabre::fallback: decoded ptrace syscall stop tid=3 op=2
2026-08-07T01:31:01.948161Z TRACE hermit::sabre::fallback: received ptrace wait status status=PtraceSyscall(Pid(3))
2026-08-07T01:31:01.948162Z TRACE hermit::sabre::fallback: decoded ptrace syscall stop tid=3 op=1
2026-08-07T01:31:01.948170Z TRACE hermit::sabre::fallback: received ptrace wait status status=PtraceSyscall(Pid(3))
2026-08-07T01:31:01.948171Z TRACE hermit::sabre::fallback: decoded ptrace syscall stop tid=3 op=2
2026-08-07T01:31:01.948177Z TRACE hermit::sabre::fallback: received ptrace wait status status=PtraceSyscall(Pid(3))
2026-08-07T01:31:01.948178Z TRACE hermit::sabre::fallback: decoded ptrace syscall stop tid=3 op=1
2026-08-07T01:31:01.948183Z TRACE hermit::sabre::fallback: received ptrace wait status status=PtraceSyscall(Pid(3))
2026-08-07T01:31:01.948184Z TRACE hermit::sabre::fallback: decoded ptrace syscall stop tid=3 op=2
2026-08-07T01:31:01.948191Z TRACE hermit::sabre::fallback: received ptrace wait status status=PtraceSyscall(Pid(3))
2026-08-07T01:31:01.948193Z TRACE hermit::sabre::fallback: decoded ptrace syscall stop tid=3 op=1
2026-08-07T01:31:01.948198Z TRACE hermit::sabre::fallback: received ptrace wait status status=PtraceSyscall(Pid(3))
2026-08-07T01:31:01.948199Z TRACE hermit::sabre::fallback: decoded ptrace syscall stop tid=3 op=2
2026-08-07T01:31:01.948203Z TRACE hermit::sabre::fallback: received ptrace wait status status=PtraceSyscall(Pid(3))
2026-08-07T01:31:01.948205Z TRACE hermit::sabre::fallback: decoded ptrace syscall stop tid=3 op=1
2026-08-07T01:31:01.948210Z TRACE hermit::sabre::fallback: received ptrace wait status status=PtraceSyscall(Pid(3))
2026-08-07T01:31:01.948211Z TRACE hermit::sabre::fallback: decoded ptrace syscall stop tid=3 op=2
2026-08-07T01:31:01.948216Z TRACE hermit::sabre::fallback: received ptrace wait status status=PtraceSyscall(Pid(3))
2026-08-07T01:31:01.948217Z TRACE hermit::sabre::fallback: decoded ptrace syscall stop tid=3 op=1
2026-08-07T01:31:01.948223Z TRACE hermit::sabre::fallback: received ptrace wait status status=PtraceSyscall(Pid(3))
2026-08-07T01:31:01.948224Z TRACE hermit::sabre::fallback: decoded ptrace syscall stop tid=3 op=2
2026-08-07T01:31:01.948233Z TRACE hermit::sabre::fallback: received ptrace wait status status=PtraceSyscall(Pid(3))
2026-08-07T01:31:01.948234Z TRACE hermit::sabre::fallback: decoded ptrace syscall stop tid=3 op=1
2026-08-07T01:31:01.948240Z TRACE hermit::sabre::fallback: received ptrace wait status status=PtraceSyscall(Pid(3))
2026-08-07T01:31:01.948241Z TRACE hermit::sabre::fallback: decoded ptrace syscall stop tid=3 op=2
2026-08-07T01:31:01.948247Z TRACE hermit::sabre::fallback: received ptrace wait status status=PtraceSyscall(Pid(3))
2026-08-07T01:31:01.948248Z TRACE hermit::sabre::fallback: decoded ptrace syscall stop tid=3 op=1
2026-08-07T01:31:01.948253Z TRACE hermit::sabre::fallback: received ptrace wait status status=PtraceSyscall(Pid(3))
2026-08-07T01:31:01.948254Z TRACE hermit::sabre::fallback: decoded ptrace syscall stop tid=3 op=2
2026-08-07T01:31:01.948261Z TRACE hermit::sabre::fallback: received ptrace wait status status=PtraceSyscall(Pid(3))
2026-08-07T01:31:01.948263Z TRACE hermit::sabre::fallback: decoded ptrace syscall stop tid=3 op=1
2026-08-07T01:31:01.948269Z TRACE hermit::sabre::fallback: received ptrace wait status status=PtraceSyscall(Pid(3))
2026-08-07T01:31:01.948270Z TRACE hermit::sabre::fallback: decoded ptrace syscall stop tid=3 op=2
2026-08-07T01:31:01.948276Z TRACE hermit::sabre::fallback: received ptrace wait status status=PtraceSyscall(Pid(3))
2026-08-07T01:31:01.948278Z TRACE hermit::sabre::fallback: decoded ptrace syscall stop tid=3 op=1
2026-08-07T01:31:01.948283Z TRACE hermit::sabre::fallback: received ptrace wait status status=PtraceSyscall(Pid(3))
2026-08-07T01:31:01.948284Z TRACE hermit::sabre::fallback: decoded ptrace syscall stop tid=3 op=2
2026-08-07T01:31:01.948292Z TRACE hermit::sabre::fallback: received ptrace wait status status=PtraceSyscall(Pid(3))
2026-08-07T01:31:01.948294Z TRACE hermit::sabre::fallback: decoded ptrace syscall stop tid=3 op=1
2026-08-07T01:31:01.948300Z TRACE hermit::sabre::fallback: received ptrace wait status status=PtraceSyscall(Pid(3))
2026-08-07T01:31:01.948301Z TRACE hermit::sabre::fallback: decoded ptrace syscall stop tid=3 op=2
2026-08-07T01:31:01.948307Z TRACE hermit::sabre::fallback: received ptrace wait status status=PtraceSyscall(Pid(3))
2026-08-07T01:31:01.948309Z TRACE hermit::sabre::fallback: decoded ptrace syscall stop tid=3 op=1
2026-08-07T01:31:01.948314Z TRACE hermit::sabre::fallback: received ptrace wait status status=PtraceSyscall(Pid(3))
2026-08-07T01:31:01.948315Z TRACE hermit::sabre::fallback: decoded ptrace syscall stop tid=3 op=2
2026-08-07T01:31:01.948322Z TRACE hermit::sabre::fallback: received ptrace wait status status=PtraceSyscall(Pid(3))
2026-08-07T01:31:01.948323Z TRACE hermit::sabre::fallback: decoded ptrace syscall stop tid=3 op=1
2026-08-07T01:31:01.948353Z TRACE hermit::sabre::fallback: received ptrace wait status status=PtraceSyscall(Pid(3))
2026-08-07T01:31:01.948354Z TRACE hermit::sabre::fallback: decoded ptrace syscall stop tid=3 op=2
2026-08-07T01:31:01.948360Z TRACE hermit::sabre::fallback: received ptrace wait status status=PtraceSyscall(Pid(3))
2026-08-07T01:31:01.948361Z TRACE hermit::sabre::fallback: decoded ptrace syscall stop tid=3 op=1
2026-08-07T01:31:01.948366Z TRACE hermit::sabre::fallback: received ptrace wait status status=PtraceSyscall(Pid(3))
2026-08-07T01:31:01.948367Z TRACE hermit::sabre::fallback: decoded ptrace syscall stop tid=3 op=2
2026-08-07T01:31:01.948371Z TRACE hermit::sabre::fallback: received ptrace wait status status=PtraceSyscall(Pid(3))
2026-08-07T01:31:01.948373Z TRACE hermit::sabre::fallback: decoded ptrace syscall stop tid=3 op=1
2026-08-07T01:31:01.948377Z TRACE hermit::sabre::fallback: received ptrace wait status status=PtraceSyscall(Pid(3))
2026-08-07T01:31:01.948379Z TRACE hermit::sabre::fallback: decoded ptrace syscall stop tid=3 op=2
2026-08-07T01:31:01.948386Z TRACE hermit::sabre::fallback: received ptrace wait status status=PtraceSyscall(Pid(3))
2026-08-07T01:31:01.948387Z TRACE hermit::sabre::fallback: decoded ptrace syscall stop tid=3 op=1
2026-08-07T01:31:01.948396Z TRACE hermit::sabre::fallback: received ptrace wait status status=PtraceSyscall(Pid(3))
2026-08-07T01:31:01.948397Z TRACE hermit::sabre::fallback: decoded ptrace syscall stop tid=3 op=2
2026-08-07T01:31:01.948402Z TRACE hermit::sabre::fallback: received ptrace wait status status=PtraceSyscall(Pid(3))
2026-08-07T01:31:01.948403Z TRACE hermit::sabre::fallback: decoded ptrace syscall stop tid=3 op=1
2026-08-07T01:31:01.948411Z TRACE hermit::sabre::fallback: received ptrace wait status status=PtraceSyscall(Pid(3))
2026-08-07T01:31:01.948412Z TRACE hermit::sabre::fallback: decoded ptrace syscall stop tid=3 op=2
2026-08-07T01:31:01.948417Z TRACE hermit::sabre::fallback: received ptrace wait status status=PtraceSyscall(Pid(3))
2026-08-07T01:31:01.948418Z TRACE hermit::sabre::fallback: decoded ptrace syscall stop tid=3 op=1
2026-08-07T01:31:01.948425Z TRACE hermit::sabre::fallback: received ptrace wait status status=PtraceSyscall(Pid(3))
2026-08-07T01:31:01.948427Z TRACE hermit::sabre::fallback: decoded ptrace syscall stop tid=3 op=2
2026-08-07T01:31:01.948432Z TRACE hermit::sabre::fallback: received ptrace wait status status=PtraceSyscall(Pid(3))
2026-08-07T01:31:01.948433Z TRACE hermit::sabre::fallback: decoded ptrace syscall stop tid=3 op=1
2026-08-07T01:31:01.948446Z TRACE hermit::sabre::fallback: received ptrace wait status status=PtraceSyscall(Pid(3))
2026-08-07T01:31:01.948448Z TRACE hermit::sabre::fallback: decoded ptrace syscall stop tid=3 op=2
2026-08-07T01:31:01.948590Z TRACE hermit::sabre::fallback: received ptrace wait status status=PtraceSyscall(Pid(3))
2026-08-07T01:31:01.948591Z TRACE hermit::sabre::fallback: decoded ptrace syscall stop tid=3 op=1
2026-08-07T01:31:01.948599Z TRACE hermit::sabre::fallback: received ptrace wait status status=PtraceSyscall(Pid(3))
2026-08-07T01:31:01.948600Z TRACE hermit::sabre::fallback: decoded ptrace syscall stop tid=3 op=2
2026-08-07T01:31:01.948610Z TRACE hermit::sabre::fallback: received ptrace wait status status=PtraceSyscall(Pid(3))
2026-08-07T01:31:01.948612Z TRACE hermit::sabre::fallback: decoded ptrace syscall stop tid=3 op=1
2026-08-07T01:31:01.948616Z TRACE hermit::sabre::fallback: received ptrace wait status status=PtraceSyscall(Pid(3))
2026-08-07T01:31:01.948617Z TRACE hermit::sabre::fallback: decoded ptrace syscall stop tid=3 op=2
2026-08-07T01:31:01.948623Z TRACE hermit::sabre::fallback: received ptrace wait status status=PtraceSyscall(Pid(3))
2026-08-07T01:31:01.948624Z TRACE hermit::sabre::fallback: decoded ptrace syscall stop tid=3 op=1
2026-08-07T01:31:01.948631Z TRACE hermit::sabre::fallback: received ptrace wait status status=PtraceSyscall(Pid(3))
2026-08-07T01:31:01.948632Z TRACE hermit::sabre::fallback: decoded ptrace syscall stop tid=3 op=2
2026-08-07T01:31:01.948638Z TRACE hermit::sabre::fallback: received ptrace wait status status=PtraceSyscall(Pid(3))
2026-08-07T01:31:01.948639Z TRACE hermit::sabre::fallback: decoded ptrace syscall stop tid=3 op=1
2026-08-07T01:31:01.948655Z TRACE hermit::sabre::fallback: received ptrace wait status status=PtraceSyscall(Pid(3))
2026-08-07T01:31:01.948656Z TRACE hermit::sabre::fallback: decoded ptrace syscall stop tid=3 op=2
2026-08-07T01:31:01.948661Z TRACE hermit::sabre::fallback: received ptrace wait status status=PtraceSyscall(Pid(3))
2026-08-07T01:31:01.948662Z TRACE hermit::sabre::fallback: decoded ptrace syscall stop tid=3 op=1
2026-08-07T01:31:01.948670Z TRACE hermit::sabre::fallback: received ptrace wait status status=PtraceSyscall(Pid(3))
2026-08-07T01:31:01.948671Z TRACE hermit::sabre::fallback: decoded ptrace syscall stop tid=3 op=2
2026-08-07T01:31:01.948676Z TRACE hermit::sabre::fallback: received ptrace wait status status=PtraceSyscall(Pid(3))
2026-08-07T01:31:01.948677Z TRACE hermit::sabre::fallback: decoded ptrace syscall stop tid=3 op=1
2026-08-07T01:31:01.948683Z TRACE hermit::sabre::fallback: received ptrace wait status status=PtraceSyscall(Pid(3))
2026-08-07T01:31:01.948684Z TRACE hermit::sabre::fallback: decoded ptrace syscall stop tid=3 op=2
2026-08-07T01:31:01.948690Z TRACE hermit::sabre::fallback: received ptrace wait status status=PtraceSyscall(Pid(3))
2026-08-07T01:31:01.948691Z TRACE hermit::sabre::fallback: decoded ptrace syscall stop tid=3 op=1
2026-08-07T01:31:01.948700Z TRACE hermit::sabre::fallback: received ptrace wait status status=PtraceSyscall(Pid(3))
2026-08-07T01:31:01.948701Z TRACE hermit::sabre::fallback: decoded ptrace syscall stop tid=3 op=2
2026-08-07T01:31:01.948708Z TRACE hermit::sabre::fallback: received ptrace wait status status=PtraceSyscall(Pid(3))
2026-08-07T01:31:01.948710Z TRACE hermit::sabre::fallback: decoded ptrace syscall stop tid=3 op=1
2026-08-07T01:31:01.948718Z TRACE hermit::sabre::fallback: received ptrace wait status status=PtraceSyscall(Pid(3))
2026-08-07T01:31:01.948719Z TRACE hermit::sabre::fallback: decoded ptrace syscall stop tid=3 op=2
2026-08-07T01:31:01.948725Z TRACE hermit::sabre::fallback: received ptrace wait status status=PtraceSyscall(Pid(3))
2026-08-07T01:31:01.948726Z TRACE hermit::sabre::fallback: decoded ptrace syscall stop tid=3 op=1
2026-08-07T01:31:01.948731Z TRACE hermit::sabre::fallback: received ptrace wait status status=PtraceSyscall(Pid(3))
2026-08-07T01:31:01.948732Z TRACE hermit::sabre::fallback: decoded ptrace syscall stop tid=3 op=2
2026-08-07T01:31:01.948736Z TRACE hermit::sabre::fallback: received ptrace wait status status=PtraceSyscall(Pid(3))
2026-08-07T01:31:01.948737Z TRACE hermit::sabre::fallback: decoded ptrace syscall stop tid=3 op=1
2026-08-07T01:31:01.948747Z TRACE hermit::sabre::fallback: received ptrace wait status status=PtraceSyscall(Pid(3))
2026-08-07T01:31:01.948748Z TRACE hermit::sabre::fallback: decoded ptrace syscall stop tid=3 op=2
2026-08-07T01:31:01.948753Z TRACE hermit::sabre::fallback: received ptrace wait status status=PtraceSyscall(Pid(3))
2026-08-07T01:31:01.948754Z TRACE hermit::sabre::fallback: decoded ptrace syscall stop tid=3 op=1
2026-08-07T01:31:01.948760Z TRACE hermit::sabre::fallback: received ptrace wait status status=PtraceSyscall(Pid(3))
2026-08-07T01:31:01.948762Z TRACE hermit::sabre::fallback: decoded ptrace syscall stop tid=3 op=2
2026-08-07T01:31:01.948813Z TRACE hermit::sabre::fallback: received ptrace wait status status=PtraceSyscall(Pid(3))
2026-08-07T01:31:01.948814Z TRACE hermit::sabre::fallback: decoded ptrace syscall stop tid=3 op=1
2026-08-07T01:31:01.948823Z TRACE hermit::sabre::fallback: received ptrace wait status status=PtraceSyscall(Pid(3))
2026-08-07T01:31:01.948824Z TRACE hermit::sabre::fallback: decoded ptrace syscall stop tid=3 op=2
2026-08-07T01:31:01.948832Z TRACE hermit::sabre::fallback: received ptrace wait status status=PtraceSyscall(Pid(3))
2026-08-07T01:31:01.948833Z TRACE hermit::sabre::fallback: decoded ptrace syscall stop tid=3 op=1
2026-08-07T01:31:01.948839Z TRACE hermit::sabre::fallback: received ptrace wait status status=PtraceSyscall(Pid(3))
2026-08-07T01:31:01.948841Z TRACE hermit::sabre::fallback: decoded ptrace syscall stop tid=3 op=2
2026-08-07T01:31:01.948856Z TRACE hermit::sabre::fallback: received ptrace wait status status=PtraceSyscall(Pid(3))
2026-08-07T01:31:01.948857Z TRACE hermit::sabre::fallback: decoded ptrace syscall stop tid=3 op=1
2026-08-07T01:31:01.948863Z TRACE hermit::sabre::fallback: received ptrace wait status status=PtraceSyscall(Pid(3))
2026-08-07T01:31:01.948864Z TRACE hermit::sabre::fallback: decoded ptrace syscall stop tid=3 op=2
2026-08-07T01:31:01.948879Z TRACE hermit::sabre::fallback: received ptrace wait status status=PtraceSyscall(Pid(3))
2026-08-07T01:31:01.948880Z TRACE hermit::sabre::fallback: decoded ptrace syscall stop tid=3 op=1
2026-08-07T01:31:01.948894Z TRACE hermit::sabre::fallback: received ptrace wait status status=PtraceSyscall(Pid(3))
2026-08-07T01:31:01.948896Z TRACE hermit::sabre::fallback: decoded ptrace syscall stop tid=3 op=2
2026-08-07T01:31:01.948909Z TRACE hermit::sabre::fallback: received ptrace wait status status=PtraceSyscall(Pid(3))
2026-08-07T01:31:01.948910Z TRACE hermit::sabre::fallback: decoded ptrace syscall stop tid=3 op=1
2026-08-07T01:31:01.948923Z TRACE hermit::sabre::fallback: received ptrace wait status status=PtraceSyscall(Pid(3))
2026-08-07T01:31:01.948925Z TRACE hermit::sabre::fallback: decoded ptrace syscall stop tid=3 op=2
2026-08-07T01:31:01.948937Z TRACE hermit::sabre::fallback: received ptrace wait status status=PtraceSyscall(Pid(3))
2026-08-07T01:31:01.948938Z TRACE hermit::sabre::fallback: decoded ptrace syscall stop tid=3 op=1
2026-08-07T01:31:01.948944Z TRACE hermit::sabre::fallback: received ptrace wait status status=PtraceSyscall(Pid(3))
2026-08-07T01:31:01.948945Z TRACE hermit::sabre::fallback: decoded ptrace syscall stop tid=3 op=2
2026-08-07T01:31:01.948967Z TRACE hermit::sabre::fallback: received ptrace wait status status=PtraceSyscall(Pid(3))
2026-08-07T01:31:01.948968Z TRACE hermit::sabre::fallback: decoded ptrace syscall stop tid=3 op=1
2026-08-07T01:31:01.948991Z TRACE hermit::sabre::fallback: received ptrace wait status status=PtraceSyscall(Pid(3))
2026-08-07T01:31:01.948992Z TRACE hermit::sabre::fallback: decoded ptrace syscall stop tid=3 op=2
2026-08-07T01:31:01.949005Z TRACE hermit::sabre::fallback: received ptrace wait status status=PtraceSyscall(Pid(3))
2026-08-07T01:31:01.949007Z TRACE hermit::sabre::fallback: decoded ptrace syscall stop tid=3 op=1
2026-08-07T01:31:01.949020Z TRACE hermit::sabre::fallback: received ptrace wait status status=PtraceSyscall(Pid(3))
2026-08-07T01:31:01.949021Z TRACE hermit::sabre::fallback: decoded ptrace syscall stop tid=3 op=2
2026-08-07T01:31:01.949036Z TRACE hermit::sabre::fallback: received ptrace wait status status=PtraceSyscall(Pid(3))
2026-08-07T01:31:01.949037Z TRACE hermit::sabre::fallback: decoded ptrace syscall stop tid=3 op=1
2026-08-07T01:31:01.949053Z TRACE hermit::sabre::fallback: received ptrace wait status status=PtraceSyscall(Pid(3))
2026-08-07T01:31:01.949054Z TRACE hermit::sabre::fallback: decoded ptrace syscall stop tid=3 op=2
2026-08-07T01:31:01.949067Z TRACE hermit::sabre::fallback: received ptrace wait status status=PtraceSyscall(Pid(3))
2026-08-07T01:31:01.949068Z TRACE hermit::sabre::fallback: decoded ptrace syscall stop tid=3 op=1
2026-08-07T01:31:01.949089Z TRACE hermit::sabre::fallback: received ptrace wait status status=PtraceSyscall(Pid(3))
2026-08-07T01:31:01.949090Z TRACE hermit::sabre::fallback: decoded ptrace syscall stop tid=3 op=2
2026-08-07T01:31:01.949101Z TRACE hermit::sabre::fallback: received ptrace wait status status=PtraceSyscall(Pid(3))
2026-08-07T01:31:01.949103Z TRACE hermit::sabre::fallback: decoded ptrace syscall stop tid=3 op=1
2026-08-07T01:31:01.949117Z TRACE hermit::sabre::fallback: received ptrace wait status status=PtraceSyscall(Pid(3))
2026-08-07T01:31:01.949118Z TRACE hermit::sabre::fallback: decoded ptrace syscall stop tid=3 op=2
2026-08-07T01:31:01.949131Z TRACE hermit::sabre::fallback: received ptrace wait status status=PtraceSyscall(Pid(3))
2026-08-07T01:31:01.949132Z TRACE hermit::sabre::fallback: decoded ptrace syscall stop tid=3 op=1
2026-08-07T01:31:01.949147Z TRACE hermit::sabre::fallback: received ptrace wait status status=PtraceSyscall(Pid(3))
2026-08-07T01:31:01.949149Z TRACE hermit::sabre::fallback: decoded ptrace syscall stop tid=3 op=2
2026-08-07T01:31:01.949161Z TRACE hermit::sabre::fallback: received ptrace wait status status=PtraceSyscall(Pid(3))
2026-08-07T01:31:01.949163Z TRACE hermit::sabre::fallback: decoded ptrace syscall stop tid=3 op=1
2026-08-07T01:31:01.949169Z TRACE hermit::sabre::fallback: received ptrace wait status status=PtraceSyscall(Pid(3))
2026-08-07T01:31:01.949171Z TRACE hermit::sabre::fallback: decoded ptrace syscall stop tid=3 op=2
2026-08-07T01:31:01.949186Z TRACE hermit::sabre::fallback: received ptrace wait status status=PtraceSyscall(Pid(3))
2026-08-07T01:31:01.949187Z TRACE hermit::sabre::fallback: decoded ptrace syscall stop tid=3 op=1
2026-08-07T01:31:01.949225Z TRACE hermit::sabre::fallback: received ptrace wait status status=PtraceSyscall(Pid(3))
2026-08-07T01:31:01.949226Z TRACE hermit::sabre::fallback: decoded ptrace syscall stop tid=3 op=2
2026-08-07T01:31:01.949238Z TRACE hermit::sabre::fallback: received ptrace wait status status=PtraceSyscall(Pid(3))
2026-08-07T01:31:01.949240Z TRACE hermit::sabre::fallback: decoded ptrace syscall stop tid=3 op=1
2026-08-07T01:31:01.949244Z TRACE hermit::sabre::fallback: received ptrace wait status status=PtraceSyscall(Pid(3))
2026-08-07T01:31:01.949246Z TRACE hermit::sabre::fallback: decoded ptrace syscall stop tid=3 op=2
2026-08-07T01:31:01.949252Z TRACE hermit::sabre::fallback: received ptrace wait status status=PtraceSyscall(Pid(3))
2026-08-07T01:31:01.949254Z TRACE hermit::sabre::fallback: decoded ptrace syscall stop tid=3 op=1
2026-08-07T01:31:01.949258Z TRACE hermit::sabre::fallback: received ptrace wait status status=PtraceSyscall(Pid(3))
2026-08-07T01:31:01.949260Z TRACE hermit::sabre::fallback: decoded ptrace syscall stop tid=3 op=2
2026-08-07T01:31:01.949265Z TRACE hermit::sabre::fallback: received ptrace wait status status=PtraceSyscall(Pid(3))
2026-08-07T01:31:01.949266Z TRACE hermit::sabre::fallback: decoded ptrace syscall stop tid=3 op=1
2026-08-07T01:31:01.949273Z TRACE hermit::sabre::fallback: received ptrace wait status status=PtraceSyscall(Pid(3))
2026-08-07T01:31:01.949274Z TRACE hermit::sabre::fallback: decoded ptrace syscall stop tid=3 op=2
2026-08-07T01:31:01.949281Z TRACE hermit::sabre::fallback: received ptrace wait status status=PtraceSyscall(Pid(3))
2026-08-07T01:31:01.949282Z TRACE hermit::sabre::fallback: decoded ptrace syscall stop tid=3 op=1
2026-08-07T01:31:01.949287Z TRACE hermit::sabre::fallback: received ptrace wait status status=PtraceSyscall(Pid(3))
2026-08-07T01:31:01.949288Z TRACE hermit::sabre::fallback: decoded ptrace syscall stop tid=3 op=2
2026-08-07T01:31:01.949297Z TRACE hermit::sabre::fallback: received ptrace wait status status=PtraceSyscall(Pid(3))
2026-08-07T01:31:01.949299Z TRACE hermit::sabre::fallback: decoded ptrace syscall stop tid=3 op=1
2026-08-07T01:31:01.949305Z TRACE hermit::sabre::fallback: received ptrace wait status status=PtraceSyscall(Pid(3))
2026-08-07T01:31:01.949306Z TRACE hermit::sabre::fallback: decoded ptrace syscall stop tid=3 op=2
2026-08-07T01:31:01.949312Z TRACE hermit::sabre::fallback: received ptrace wait status status=PtraceSyscall(Pid(3))
2026-08-07T01:31:01.949313Z TRACE hermit::sabre::fallback: decoded ptrace syscall stop tid=3 op=1
2026-08-07T01:31:01.949318Z TRACE hermit::sabre::fallback: received ptrace wait status status=PtraceSyscall(Pid(3))
2026-08-07T01:31:01.949319Z TRACE hermit::sabre::fallback: decoded ptrace syscall stop tid=3 op=2
2026-08-07T01:31:01.949326Z TRACE hermit::sabre::fallback: received ptrace wait status status=PtraceSyscall(Pid(3))
2026-08-07T01:31:01.949327Z TRACE hermit::sabre::fallback: decoded ptrace syscall stop tid=3 op=1
2026-08-07T01:31:01.949333Z TRACE hermit::sabre::fallback: received ptrace wait status status=PtraceSyscall(Pid(3))
2026-08-07T01:31:01.949334Z TRACE hermit::sabre::fallback: decoded ptrace syscall stop tid=3 op=2
2026-08-07T01:31:01.949340Z TRACE hermit::sabre::fallback: received ptrace wait status status=PtraceSyscall(Pid(3))
2026-08-07T01:31:01.949341Z TRACE hermit::sabre::fallback: decoded ptrace syscall stop tid=3 op=1
2026-08-07T01:31:01.949493Z TRACE hermit::sabre::fallback: received ptrace wait status status=PtraceSyscall(Pid(3))
2026-08-07T01:31:01.949494Z TRACE hermit::sabre::fallback: decoded ptrace syscall stop tid=3 op=2
2026-08-07T01:31:01.949503Z TRACE hermit::sabre::fallback: received ptrace wait status status=PtraceSyscall(Pid(3))
2026-08-07T01:31:01.949504Z TRACE hermit::sabre::fallback: decoded ptrace syscall stop tid=3 op=1
2026-08-07T01:31:01.949511Z TRACE hermit::sabre::fallback: received ptrace wait status status=PtraceSyscall(Pid(3))
2026-08-07T01:31:01.949512Z TRACE hermit::sabre::fallback: decoded ptrace syscall stop tid=3 op=2
2026-08-07T01:31:01.949519Z TRACE hermit::sabre::fallback: received ptrace wait status status=PtraceSyscall(Pid(3))
2026-08-07T01:31:01.949520Z TRACE hermit::sabre::fallback: decoded ptrace syscall stop tid=3 op=1
2026-08-07T01:31:01.949983Z TRACE hermit::sabre::fallback: received ptrace wait status status=PtraceSyscall(Pid(3))
2026-08-07T01:31:01.949985Z TRACE hermit::sabre::fallback: decoded ptrace syscall stop tid=3 op=2
2026-08-07T01:31:01.950225Z TRACE hermit::sabre::fallback: received ptrace wait status status=PtraceSyscall(Pid(3))
2026-08-07T01:31:01.950227Z TRACE hermit::sabre::fallback: decoded ptrace syscall stop tid=3 op=1
2026-08-07T01:31:01.950290Z TRACE hermit::sabre::fallback: received ptrace wait status status=PtraceSyscall(Pid(3))
2026-08-07T01:31:01.950292Z TRACE hermit::sabre::fallback: decoded ptrace syscall stop tid=3 op=2
2026-08-07T01:31:01.950298Z TRACE hermit::sabre::fallback: received ptrace wait status status=PtraceSyscall(Pid(3))
2026-08-07T01:31:01.950300Z TRACE hermit::sabre::fallback: decoded ptrace syscall stop tid=3 op=1
2026-08-07T01:31:01.950322Z TRACE hermit::sabre::fallback: received ptrace wait status status=PtraceSyscall(Pid(3))
2026-08-07T01:31:01.950323Z TRACE hermit::sabre::fallback: decoded ptrace syscall stop tid=3 op=2
2026-08-07T01:31:01.950329Z TRACE hermit::sabre::fallback: received ptrace wait status status=PtraceSyscall(Pid(3))
2026-08-07T01:31:01.950330Z TRACE hermit::sabre::fallback: decoded ptrace syscall stop tid=3 op=1
2026-08-07T01:31:01.950338Z TRACE hermit::sabre::fallback: received ptrace wait status status=PtraceSyscall(Pid(3))
2026-08-07T01:31:01.950340Z TRACE hermit::sabre::fallback: decoded ptrace syscall stop tid=3 op=2
2026-08-07T01:31:01.950346Z TRACE hermit::sabre::fallback: received ptrace wait status status=PtraceSyscall(Pid(3))
2026-08-07T01:31:01.950347Z TRACE hermit::sabre::fallback: decoded ptrace syscall stop tid=3 op=1
2026-08-07T01:31:01.950353Z TRACE hermit::sabre::fallback: received ptrace wait status status=PtraceSyscall(Pid(3))
2026-08-07T01:31:01.950354Z TRACE hermit::sabre::fallback: decoded ptrace syscall stop tid=3 op=2
2026-08-07T01:31:01.950359Z TRACE hermit::sabre::fallback: received ptrace wait status status=PtraceSyscall(Pid(3))
2026-08-07T01:31:01.950360Z TRACE hermit::sabre::fallback: decoded ptrace syscall stop tid=3 op=1
2026-08-07T01:31:01.950366Z TRACE hermit::sabre::fallback: received ptrace wait status status=PtraceSyscall(Pid(3))
2026-08-07T01:31:01.950367Z TRACE hermit::sabre::fallback: decoded ptrace syscall stop tid=3 op=2
2026-08-07T01:31:01.950372Z TRACE hermit::sabre::fallback: received ptrace wait status status=PtraceSyscall(Pid(3))
2026-08-07T01:31:01.950373Z TRACE hermit::sabre::fallback: decoded ptrace syscall stop tid=3 op=1
2026-08-07T01:31:01.950410Z TRACE hermit::sabre::fallback: received ptrace wait status status=PtraceSyscall(Pid(3))
2026-08-07T01:31:01.950411Z TRACE hermit::sabre::fallback: decoded ptrace syscall stop tid=3 op=2
2026-08-07T01:31:01.950418Z TRACE hermit::sabre::fallback: received ptrace wait status status=PtraceSyscall(Pid(3))
2026-08-07T01:31:01.950419Z TRACE hermit::sabre::fallback: decoded ptrace syscall stop tid=3 op=1
2026-08-07T01:31:01.950424Z TRACE hermit::sabre::fallback: received ptrace wait status status=PtraceSyscall(Pid(3))
2026-08-07T01:31:01.950425Z TRACE hermit::sabre::fallback: decoded ptrace syscall stop tid=3 op=2
2026-08-07T01:31:01.950431Z TRACE hermit::sabre::fallback: received ptrace wait status status=PtraceSyscall(Pid(3))
2026-08-07T01:31:01.950432Z TRACE hermit::sabre::fallback: decoded ptrace syscall stop tid=3 op=1
2026-08-07T01:31:01.950445Z TRACE hermit::sabre::fallback: received ptrace wait status status=PtraceSyscall(Pid(3))
2026-08-07T01:31:01.950446Z TRACE hermit::sabre::fallback: decoded ptrace syscall stop tid=3 op=2
2026-08-07T01:31:01.950455Z TRACE hermit::sabre::fallback: received ptrace wait status status=PtraceSyscall(Pid(3))
2026-08-07T01:31:01.950457Z TRACE hermit::sabre::fallback: decoded ptrace syscall stop tid=3 op=1
2026-08-07T01:31:01.950468Z TRACE hermit::sabre::fallback: received ptrace wait status status=PtraceSyscall(Pid(3))
2026-08-07T01:31:01.950469Z TRACE hermit::sabre::fallback: decoded ptrace syscall stop tid=3 op=2
2026-08-07T01:31:01.950482Z TRACE hermit::sabre::fallback: received ptrace wait status status=PtraceSyscall(Pid(3))
2026-08-07T01:31:01.950484Z TRACE hermit::sabre::fallback: decoded ptrace syscall stop tid=3 op=1
2026-08-07T01:31:01.950492Z TRACE hermit::sabre::fallback: received ptrace wait status status=PtraceSyscall(Pid(3))
2026-08-07T01:31:01.950494Z TRACE hermit::sabre::fallback: decoded ptrace syscall stop tid=3 op=2
2026-08-07T01:31:01.950507Z TRACE hermit::sabre::fallback: received ptrace wait status status=PtraceSyscall(Pid(3))
2026-08-07T01:31:01.950508Z TRACE hermit::sabre::fallback: decoded ptrace syscall stop tid=3 op=1
2026-08-07T01:31:01.950516Z TRACE hermit::sabre::fallback: received ptrace wait status status=PtraceSyscall(Pid(3))
2026-08-07T01:31:01.950518Z TRACE hermit::sabre::fallback: decoded ptrace syscall stop tid=3 op=2
2026-08-07T01:31:01.950526Z TRACE hermit::sabre::fallback: received ptrace wait status status=PtraceSyscall(Pid(3))
2026-08-07T01:31:01.950527Z TRACE hermit::sabre::fallback: decoded ptrace syscall stop tid=3 op=1
2026-08-07T01:31:01.950535Z TRACE hermit::sabre::fallback: received ptrace wait status status=PtraceSyscall(Pid(3))
2026-08-07T01:31:01.950537Z TRACE hermit::sabre::fallback: decoded ptrace syscall stop tid=3 op=2
2026-08-07T01:31:01.950543Z TRACE hermit::sabre::fallback: received ptrace wait status status=PtraceSyscall(Pid(3))
2026-08-07T01:31:01.950545Z TRACE hermit::sabre::fallback: decoded ptrace syscall stop tid=3 op=1
2026-08-07T01:31:01.950550Z TRACE hermit::sabre::fallback: received ptrace wait status status=PtraceSyscall(Pid(3))
2026-08-07T01:31:01.950551Z TRACE hermit::sabre::fallback: decoded ptrace syscall stop tid=3 op=2
2026-08-07T01:31:01.950558Z TRACE hermit::sabre::fallback: received ptrace wait status status=PtraceSyscall(Pid(3))
2026-08-07T01:31:01.950559Z TRACE hermit::sabre::fallback: decoded ptrace syscall stop tid=3 op=1
2026-08-07T01:31:01.950681Z TRACE hermit::sabre::fallback: received ptrace wait status status=PtraceSyscall(Pid(3))
2026-08-07T01:31:01.950682Z TRACE hermit::sabre::fallback: decoded ptrace syscall stop tid=3 op=2
2026-08-07T01:31:01.950689Z TRACE hermit::sabre::fallback: received ptrace wait status status=PtraceSyscall(Pid(3))
2026-08-07T01:31:01.950690Z TRACE hermit::sabre::fallback: decoded ptrace syscall stop tid=3 op=1
2026-08-07T01:31:01.950697Z TRACE hermit::sabre::fallback: received ptrace wait status status=PtraceSyscall(Pid(3))
2026-08-07T01:31:01.950698Z TRACE hermit::sabre::fallback: decoded ptrace syscall stop tid=3 op=2
2026-08-07T01:31:01.950706Z TRACE hermit::sabre::fallback: received ptrace wait status status=PtraceSyscall(Pid(3))
2026-08-07T01:31:01.950707Z TRACE hermit::sabre::fallback: decoded ptrace syscall stop tid=3 op=1
2026-08-07T01:31:01.951119Z TRACE hermit::sabre::fallback: received ptrace wait status status=PtraceSyscall(Pid(3))
2026-08-07T01:31:01.951121Z TRACE hermit::sabre::fallback: decoded ptrace syscall stop tid=3 op=2
2026-08-07T01:31:01.951202Z TRACE hermit::sabre::fallback: received ptrace wait status status=PtraceSyscall(Pid(3))
2026-08-07T01:31:01.951203Z TRACE hermit::sabre::fallback: decoded ptrace syscall stop tid=3 op=1
2026-08-07T01:31:01.951254Z TRACE hermit::sabre::fallback: received ptrace wait status status=PtraceSyscall(Pid(3))
2026-08-07T01:31:01.951256Z TRACE hermit::sabre::fallback: decoded ptrace syscall stop tid=3 op=2
2026-08-07T01:31:01.951263Z TRACE hermit::sabre::fallback: received ptrace wait status status=PtraceSyscall(Pid(3))
2026-08-07T01:31:01.951265Z TRACE hermit::sabre::fallback: decoded ptrace syscall stop tid=3 op=1
2026-08-07T01:31:01.951284Z TRACE hermit::sabre::fallback: received ptrace wait status status=PtraceSyscall(Pid(3))
2026-08-07T01:31:01.951285Z TRACE hermit::sabre::fallback: decoded ptrace syscall stop tid=3 op=2
2026-08-07T01:31:01.951294Z TRACE hermit::sabre::fallback: received ptrace wait status status=PtraceSyscall(Pid(3))
2026-08-07T01:31:01.951297Z TRACE hermit::sabre::fallback: decoded ptrace syscall stop tid=3 op=1
2026-08-07T01:31:01.951304Z TRACE hermit::sabre::fallback: received ptrace wait status status=PtraceSyscall(Pid(3))
2026-08-07T01:31:01.951305Z TRACE hermit::sabre::fallback: decoded ptrace syscall stop tid=3 op=2
2026-08-07T01:31:01.951310Z TRACE hermit::sabre::fallback: received ptrace wait status status=PtraceSyscall(Pid(3))
2026-08-07T01:31:01.951311Z TRACE hermit::sabre::fallback: decoded ptrace syscall stop tid=3 op=1
2026-08-07T01:31:01.951322Z TRACE hermit::sabre::fallback: received ptrace wait status status=PtraceSyscall(Pid(3))
2026-08-07T01:31:01.951323Z TRACE hermit::sabre::fallback: decoded ptrace syscall stop tid=3 op=2
2026-08-07T01:31:01.951328Z TRACE hermit::sabre::fallback: received ptrace wait status status=PtraceSyscall(Pid(3))
2026-08-07T01:31:01.951330Z TRACE hermit::sabre::fallback: decoded ptrace syscall stop tid=3 op=1
2026-08-07T01:31:01.951337Z TRACE hermit::sabre::fallback: received ptrace wait status status=PtraceSyscall(Pid(3))
2026-08-07T01:31:01.951339Z TRACE hermit::sabre::fallback: decoded ptrace syscall stop tid=3 op=2
2026-08-07T01:31:01.951346Z TRACE hermit::sabre::fallback: received ptrace wait status status=PtraceSyscall(Pid(3))
2026-08-07T01:31:01.951348Z TRACE hermit::sabre::fallback: decoded ptrace syscall stop tid=3 op=1
2026-08-07T01:31:01.951387Z TRACE hermit::sabre::fallback: received ptrace wait status status=PtraceSyscall(Pid(3))
2026-08-07T01:31:01.951389Z TRACE hermit::sabre::fallback: decoded ptrace syscall stop tid=3 op=2
2026-08-07T01:31:01.951398Z TRACE hermit::sabre::fallback: received ptrace wait status status=PtraceSyscall(Pid(3))
2026-08-07T01:31:01.951399Z TRACE hermit::sabre::fallback: decoded ptrace syscall stop tid=3 op=1
2026-08-07T01:31:01.951404Z TRACE hermit::sabre::fallback: received ptrace wait status status=PtraceSyscall(Pid(3))
2026-08-07T01:31:01.951406Z TRACE hermit::sabre::fallback: decoded ptrace syscall stop tid=3 op=2
2026-08-07T01:31:01.951551Z TRACE hermit::sabre::fallback: received ptrace wait status status=PtraceSyscall(Pid(3))
2026-08-07T01:31:01.951553Z TRACE hermit::sabre::fallback: decoded ptrace syscall stop tid=3 op=1
2026-08-07T01:31:01.951560Z TRACE hermit::sabre::fallback: received ptrace wait status status=PtraceSyscall(Pid(3))
2026-08-07T01:31:01.951561Z TRACE hermit::sabre::fallback: decoded ptrace syscall stop tid=3 op=2
2026-08-07T01:31:01.951568Z TRACE hermit::sabre::fallback: received ptrace wait status status=PtraceSyscall(Pid(3))
2026-08-07T01:31:01.951569Z TRACE hermit::sabre::fallback: decoded ptrace syscall stop tid=3 op=1
2026-08-07T01:31:01.951575Z TRACE hermit::sabre::fallback: received ptrace wait status status=PtraceSyscall(Pid(3))
2026-08-07T01:31:01.951577Z TRACE hermit::sabre::fallback: decoded ptrace syscall stop tid=3 op=2
2026-08-07T01:31:01.951583Z TRACE hermit::sabre::fallback: received ptrace wait status status=PtraceSyscall(Pid(3))
2026-08-07T01:31:01.951584Z TRACE hermit::sabre::fallback: decoded ptrace syscall stop tid=3 op=1
2026-08-07T01:31:01.951591Z TRACE hermit::sabre::fallback: received ptrace wait status status=PtraceSyscall(Pid(3))
2026-08-07T01:31:01.951592Z TRACE hermit::sabre::fallback: decoded ptrace syscall stop tid=3 op=2
2026-08-07T01:31:01.951600Z TRACE hermit::sabre::fallback: received ptrace wait status status=PtraceSyscall(Pid(3))
2026-08-07T01:31:01.951601Z TRACE hermit::sabre::fallback: decoded ptrace syscall stop tid=3 op=1
2026-08-07T01:31:01.951607Z TRACE hermit::sabre::fallback: received ptrace wait status status=PtraceSyscall(Pid(3))
2026-08-07T01:31:01.951608Z TRACE hermit::sabre::fallback: decoded ptrace syscall stop tid=3 op=2
2026-08-07T01:31:01.951615Z TRACE hermit::sabre::fallback: received ptrace wait status status=PtraceSyscall(Pid(3))
2026-08-07T01:31:01.951617Z TRACE hermit::sabre::fallback: decoded ptrace syscall stop tid=3 op=1
2026-08-07T01:31:01.951623Z TRACE hermit::sabre::fallback: received ptrace wait status status=PtraceSyscall(Pid(3))
2026-08-07T01:31:01.951624Z TRACE hermit::sabre::fallback: decoded ptrace syscall stop tid=3 op=2
2026-08-07T01:31:01.951632Z TRACE hermit::sabre::fallback: received ptrace wait status status=PtraceSyscall(Pid(3))
2026-08-07T01:31:01.951633Z TRACE hermit::sabre::fallback: decoded ptrace syscall stop tid=3 op=1
2026-08-07T01:31:01.951639Z TRACE hermit::sabre::fallback: received ptrace wait status status=PtraceSyscall(Pid(3))
2026-08-07T01:31:01.951640Z TRACE hermit::sabre::fallback: decoded ptrace syscall stop tid=3 op=2
2026-08-07T01:31:01.951648Z TRACE hermit::sabre::fallback: received ptrace wait status status=PtraceSyscall(Pid(3))
2026-08-07T01:31:01.951650Z TRACE hermit::sabre::fallback: decoded ptrace syscall stop tid=3 op=1
2026-08-07T01:31:01.951763Z TRACE hermit::sabre::fallback: received ptrace wait status status=PtraceSyscall(Pid(3))
2026-08-07T01:31:01.951765Z TRACE hermit::sabre::fallback: decoded ptrace syscall stop tid=3 op=2
2026-08-07T01:31:01.951803Z TRACE hermit::sabre::fallback: received ptrace wait status status=PtraceSyscall(Pid(3))
2026-08-07T01:31:01.951804Z TRACE hermit::sabre::fallback: decoded ptrace syscall stop tid=3 op=1
2026-08-07T01:31:01.951810Z TRACE hermit::sabre::fallback: received ptrace wait status status=PtraceSyscall(Pid(3))
2026-08-07T01:31:01.951811Z TRACE hermit::sabre::fallback: decoded ptrace syscall stop tid=3 op=2
2026-08-07T01:31:01.951817Z TRACE hermit::sabre::fallback: received ptrace wait status status=PtraceSyscall(Pid(3))
2026-08-07T01:31:01.951819Z TRACE hermit::sabre::fallback: decoded ptrace syscall stop tid=3 op=1
2026-08-07T01:31:01.952206Z TRACE hermit::sabre::fallback: received ptrace wait status status=PtraceSyscall(Pid(3))
2026-08-07T01:31:01.952208Z TRACE hermit::sabre::fallback: decoded ptrace syscall stop tid=3 op=2
2026-08-07T01:31:01.952275Z TRACE hermit::sabre::fallback: received ptrace wait status status=PtraceSyscall(Pid(3))
2026-08-07T01:31:01.952277Z TRACE hermit::sabre::fallback: decoded ptrace syscall stop tid=3 op=1
2026-08-07T01:31:01.952318Z TRACE hermit::sabre::fallback: received ptrace wait status status=PtraceSyscall(Pid(3))
2026-08-07T01:31:01.952320Z TRACE hermit::sabre::fallback: decoded ptrace syscall stop tid=3 op=2
2026-08-07T01:31:01.952326Z TRACE hermit::sabre::fallback: received ptrace wait status status=PtraceSyscall(Pid(3))
2026-08-07T01:31:01.952328Z TRACE hermit::sabre::fallback: decoded ptrace syscall stop tid=3 op=1
2026-08-07T01:31:01.952345Z TRACE hermit::sabre::fallback: received ptrace wait status status=PtraceSyscall(Pid(3))
2026-08-07T01:31:01.952346Z TRACE hermit::sabre::fallback: decoded ptrace syscall stop tid=3 op=2
2026-08-07T01:31:01.952352Z TRACE hermit::sabre::fallback: received ptrace wait status status=PtraceSyscall(Pid(3))
2026-08-07T01:31:01.952353Z TRACE hermit::sabre::fallback: decoded ptrace syscall stop tid=3 op=1
2026-08-07T01:31:01.952359Z TRACE hermit::sabre::fallback: received ptrace wait status status=PtraceSyscall(Pid(3))
2026-08-07T01:31:01.952360Z TRACE hermit::sabre::fallback: decoded ptrace syscall stop tid=3 op=2
2026-08-07T01:31:01.952366Z TRACE hermit::sabre::fallback: received ptrace wait status status=PtraceSyscall(Pid(3))
2026-08-07T01:31:01.952367Z TRACE hermit::sabre::fallback: decoded ptrace syscall stop tid=3 op=1
2026-08-07T01:31:01.952376Z TRACE hermit::sabre::fallback: received ptrace wait status status=PtraceSyscall(Pid(3))
2026-08-07T01:31:01.952378Z TRACE hermit::sabre::fallback: decoded ptrace syscall stop tid=3 op=2
2026-08-07T01:31:01.952384Z TRACE hermit::sabre::fallback: received ptrace wait status status=PtraceSyscall(Pid(3))
2026-08-07T01:31:01.952386Z TRACE hermit::sabre::fallback: decoded ptrace syscall stop tid=3 op=1
2026-08-07T01:31:01.952393Z TRACE hermit::sabre::fallback: received ptrace wait status status=PtraceSyscall(Pid(3))
2026-08-07T01:31:01.952394Z TRACE hermit::sabre::fallback: decoded ptrace syscall stop tid=3 op=2
2026-08-07T01:31:01.952399Z TRACE hermit::sabre::fallback: received ptrace wait status status=PtraceSyscall(Pid(3))
2026-08-07T01:31:01.952400Z TRACE hermit::sabre::fallback: decoded ptrace syscall stop tid=3 op=1
2026-08-07T01:31:01.952440Z TRACE hermit::sabre::fallback: received ptrace wait status status=PtraceSyscall(Pid(3))
2026-08-07T01:31:01.952445Z TRACE hermit::sabre::fallback: decoded ptrace syscall stop tid=3 op=2
2026-08-07T01:31:01.952453Z TRACE hermit::sabre::fallback: received ptrace wait status status=PtraceSyscall(Pid(3))
2026-08-07T01:31:01.952455Z TRACE hermit::sabre::fallback: decoded ptrace syscall stop tid=3 op=1
2026-08-07T01:31:01.952463Z TRACE hermit::sabre::fallback: received ptrace wait status status=PtraceSyscall(Pid(3))
2026-08-07T01:31:01.952464Z TRACE hermit::sabre::fallback: decoded ptrace syscall stop tid=3 op=2
2026-08-07T01:31:01.952474Z TRACE hermit::sabre::fallback: received ptrace wait status status=PtraceSyscall(Pid(3))
2026-08-07T01:31:01.952475Z TRACE hermit::sabre::fallback: decoded ptrace syscall stop tid=3 op=1
2026-08-07T01:31:01.952480Z TRACE hermit::sabre::fallback: received ptrace wait status status=PtraceSyscall(Pid(3))
2026-08-07T01:31:01.952481Z TRACE hermit::sabre::fallback: decoded ptrace syscall stop tid=3 op=2
2026-08-07T01:31:01.952486Z TRACE hermit::sabre::fallback: received ptrace wait status status=PtraceSyscall(Pid(3))
2026-08-07T01:31:01.952487Z TRACE hermit::sabre::fallback: decoded ptrace syscall stop tid=3 op=1
2026-08-07T01:31:01.952491Z TRACE hermit::sabre::fallback: received ptrace wait status status=PtraceSyscall(Pid(3))
2026-08-07T01:31:01.952492Z TRACE hermit::sabre::fallback: decoded ptrace syscall stop tid=3 op=2
2026-08-07T01:31:01.952497Z TRACE hermit::sabre::fallback: received ptrace wait status status=PtraceSyscall(Pid(3))
2026-08-07T01:31:01.952499Z TRACE hermit::sabre::fallback: decoded ptrace syscall stop tid=3 op=1
2026-08-07T01:31:01.952507Z TRACE hermit::sabre::fallback: received ptrace wait status status=PtraceSyscall(Pid(3))
2026-08-07T01:31:01.952509Z TRACE hermit::sabre::fallback: decoded ptrace syscall stop tid=3 op=2
2026-08-07T01:31:01.952517Z TRACE hermit::sabre::fallback: received ptrace wait status status=PtraceSyscall(Pid(3))
2026-08-07T01:31:01.952519Z TRACE hermit::sabre::fallback: decoded ptrace syscall stop tid=3 op=1
2026-08-07T01:31:01.952525Z TRACE hermit::sabre::fallback: received ptrace wait status status=PtraceSyscall(Pid(3))
2026-08-07T01:31:01.952526Z TRACE hermit::sabre::fallback: decoded ptrace syscall stop tid=3 op=2
2026-08-07T01:31:01.952533Z TRACE hermit::sabre::fallback: received ptrace wait status status=PtraceSyscall(Pid(3))
2026-08-07T01:31:01.952534Z TRACE hermit::sabre::fallback: decoded ptrace syscall stop tid=3 op=1
2026-08-07T01:31:01.952543Z TRACE hermit::sabre::fallback: received ptrace wait status status=PtraceSyscall(Pid(3))
2026-08-07T01:31:01.952544Z TRACE hermit::sabre::fallback: decoded ptrace syscall stop tid=3 op=2
2026-08-07T01:31:01.952550Z TRACE hermit::sabre::fallback: received ptrace wait status status=PtraceSyscall(Pid(3))
2026-08-07T01:31:01.952551Z TRACE hermit::sabre::fallback: decoded ptrace syscall stop tid=3 op=1
2026-08-07T01:31:01.952556Z TRACE hermit::sabre::fallback: received ptrace wait status status=PtraceSyscall(Pid(3))
2026-08-07T01:31:01.952557Z TRACE hermit::sabre::fallback: decoded ptrace syscall stop tid=3 op=2
2026-08-07T01:31:01.952563Z TRACE hermit::sabre::fallback: received ptrace wait status status=PtraceSyscall(Pid(3))
2026-08-07T01:31:01.952565Z TRACE hermit::sabre::fallback: decoded ptrace syscall stop tid=3 op=1
2026-08-07T01:31:01.952671Z TRACE hermit::sabre::fallback: received ptrace wait status status=PtraceSyscall(Pid(3))
2026-08-07T01:31:01.952673Z TRACE hermit::sabre::fallback: decoded ptrace syscall stop tid=3 op=2
2026-08-07T01:31:01.952679Z TRACE hermit::sabre::fallback: received ptrace wait status status=PtraceSyscall(Pid(3))
2026-08-07T01:31:01.952680Z TRACE hermit::sabre::fallback: decoded ptrace syscall stop tid=3 op=1
2026-08-07T01:31:01.952686Z TRACE hermit::sabre::fallback: received ptrace wait status status=PtraceSyscall(Pid(3))
2026-08-07T01:31:01.952687Z TRACE hermit::sabre::fallback: decoded ptrace syscall stop tid=3 op=2
2026-08-07T01:31:01.952693Z TRACE hermit::sabre::fallback: received ptrace wait status status=PtraceSyscall(Pid(3))
2026-08-07T01:31:01.952695Z TRACE hermit::sabre::fallback: decoded ptrace syscall stop tid=3 op=1
2026-08-07T01:31:01.953045Z TRACE hermit::sabre::fallback: received ptrace wait status status=PtraceSyscall(Pid(3))
2026-08-07T01:31:01.953047Z TRACE hermit::sabre::fallback: decoded ptrace syscall stop tid=3 op=2
2026-08-07T01:31:01.953108Z TRACE hermit::sabre::fallback: received ptrace wait status status=PtraceSyscall(Pid(3))
2026-08-07T01:31:01.953109Z TRACE hermit::sabre::fallback: decoded ptrace syscall stop tid=3 op=1
2026-08-07T01:31:01.953145Z TRACE hermit::sabre::fallback: received ptrace wait status status=PtraceSyscall(Pid(3))
2026-08-07T01:31:01.953146Z TRACE hermit::sabre::fallback: decoded ptrace syscall stop tid=3 op=2
2026-08-07T01:31:01.953152Z TRACE hermit::sabre::fallback: received ptrace wait status status=PtraceSyscall(Pid(3))
2026-08-07T01:31:01.953154Z TRACE hermit::sabre::fallback: decoded ptrace syscall stop tid=3 op=1
2026-08-07T01:31:01.953171Z TRACE hermit::sabre::fallback: received ptrace wait status status=PtraceSyscall(Pid(3))
2026-08-07T01:31:01.953172Z TRACE hermit::sabre::fallback: decoded ptrace syscall stop tid=3 op=2
2026-08-07T01:31:01.953180Z TRACE hermit::sabre::fallback: received ptrace wait status status=PtraceSyscall(Pid(3))
2026-08-07T01:31:01.953182Z TRACE hermit::sabre::fallback: decoded ptrace syscall stop tid=3 op=1
2026-08-07T01:31:01.953189Z TRACE hermit::sabre::fallback: received ptrace wait status status=PtraceSyscall(Pid(3))
2026-08-07T01:31:01.953190Z TRACE hermit::sabre::fallback: decoded ptrace syscall stop tid=3 op=2
2026-08-07T01:31:01.953195Z TRACE hermit::sabre::fallback: received ptrace wait status status=PtraceSyscall(Pid(3))
2026-08-07T01:31:01.953196Z TRACE hermit::sabre::fallback: decoded ptrace syscall stop tid=3 op=1
2026-08-07T01:31:01.953202Z TRACE hermit::sabre::fallback: received ptrace wait status status=PtraceSyscall(Pid(3))
2026-08-07T01:31:01.953203Z TRACE hermit::sabre::fallback: decoded ptrace syscall stop tid=3 op=2
2026-08-07T01:31:01.953208Z TRACE hermit::sabre::fallback: received ptrace wait status status=PtraceSyscall(Pid(3))
2026-08-07T01:31:01.953210Z TRACE hermit::sabre::fallback: decoded ptrace syscall stop tid=3 op=1
2026-08-07T01:31:01.953217Z TRACE hermit::sabre::fallback: received ptrace wait status status=PtraceSyscall(Pid(3))
2026-08-07T01:31:01.953219Z TRACE hermit::sabre::fallback: decoded ptrace syscall stop tid=3 op=2
2026-08-07T01:31:01.953225Z TRACE hermit::sabre::fallback: received ptrace wait status status=PtraceSyscall(Pid(3))
2026-08-07T01:31:01.953227Z TRACE hermit::sabre::fallback: decoded ptrace syscall stop tid=3 op=1
2026-08-07T01:31:01.953262Z TRACE hermit::sabre::fallback: received ptrace wait status status=PtraceSyscall(Pid(3))
2026-08-07T01:31:01.953263Z TRACE hermit::sabre::fallback: decoded ptrace syscall stop tid=3 op=2
2026-08-07T01:31:01.953268Z TRACE hermit::sabre::fallback: received ptrace wait status status=PtraceSyscall(Pid(3))
2026-08-07T01:31:01.953269Z TRACE hermit::sabre::fallback: decoded ptrace syscall stop tid=3 op=1
2026-08-07T01:31:01.953274Z TRACE hermit::sabre::fallback: received ptrace wait status status=PtraceSyscall(Pid(3))
2026-08-07T01:31:01.953275Z TRACE hermit::sabre::fallback: decoded ptrace syscall stop tid=3 op=2
2026-08-07T01:31:01.953281Z TRACE hermit::sabre::fallback: received ptrace wait status status=PtraceSyscall(Pid(3))
2026-08-07T01:31:01.953283Z TRACE hermit::sabre::fallback: decoded ptrace syscall stop tid=3 op=1
2026-08-07T01:31:01.953288Z TRACE hermit::sabre::fallback: received ptrace wait status status=PtraceSyscall(Pid(3))
2026-08-07T01:31:01.953289Z TRACE hermit::sabre::fallback: decoded ptrace syscall stop tid=3 op=2
2026-08-07T01:31:01.953293Z TRACE hermit::sabre::fallback: received ptrace wait status status=PtraceSyscall(Pid(3))
2026-08-07T01:31:01.953295Z TRACE hermit::sabre::fallback: decoded ptrace syscall stop tid=3 op=1
2026-08-07T01:31:01.953300Z TRACE hermit::sabre::fallback: received ptrace wait status status=PtraceSyscall(Pid(3))
2026-08-07T01:31:01.953301Z TRACE hermit::sabre::fallback: decoded ptrace syscall stop tid=3 op=2
2026-08-07T01:31:01.953306Z TRACE hermit::sabre::fallback: received ptrace wait status status=PtraceSyscall(Pid(3))
2026-08-07T01:31:01.953307Z TRACE hermit::sabre::fallback: decoded ptrace syscall stop tid=3 op=1
2026-08-07T01:31:01.953318Z TRACE hermit::sabre::fallback: received ptrace wait status status=PtraceSyscall(Pid(3))
2026-08-07T01:31:01.953320Z TRACE hermit::sabre::fallback: decoded ptrace syscall stop tid=3 op=2
2026-08-07T01:31:01.953330Z TRACE hermit::sabre::fallback: received ptrace wait status status=PtraceSyscall(Pid(3))
2026-08-07T01:31:01.953331Z TRACE hermit::sabre::fallback: decoded ptrace syscall stop tid=3 op=1
2026-08-07T01:31:01.953337Z TRACE hermit::sabre::fallback: received ptrace wait status status=PtraceSyscall(Pid(3))
2026-08-07T01:31:01.953338Z TRACE hermit::sabre::fallback: decoded ptrace syscall stop tid=3 op=2
2026-08-07T01:31:01.953344Z TRACE hermit::sabre::fallback: received ptrace wait status status=PtraceSyscall(Pid(3))
2026-08-07T01:31:01.953345Z TRACE hermit::sabre::fallback: decoded ptrace syscall stop tid=3 op=1
2026-08-07T01:31:01.953349Z TRACE hermit::sabre::fallback: received ptrace wait status status=PtraceSyscall(Pid(3))
2026-08-07T01:31:01.953350Z TRACE hermit::sabre::fallback: decoded ptrace syscall stop tid=3 op=2
2026-08-07T01:31:01.953357Z TRACE hermit::sabre::fallback: received ptrace wait status status=PtraceSyscall(Pid(3))
2026-08-07T01:31:01.953358Z TRACE hermit::sabre::fallback: decoded ptrace syscall stop tid=3 op=1
2026-08-07T01:31:01.953365Z TRACE hermit::sabre::fallback: received ptrace wait status status=PtraceSyscall(Pid(3))
2026-08-07T01:31:01.953366Z TRACE hermit::sabre::fallback: decoded ptrace syscall stop tid=3 op=2
2026-08-07T01:31:01.953373Z TRACE hermit::sabre::fallback: received ptrace wait status status=PtraceSyscall(Pid(3))
2026-08-07T01:31:01.953374Z TRACE hermit::sabre::fallback: decoded ptrace syscall stop tid=3 op=1
2026-08-07T01:31:01.953482Z TRACE hermit::sabre::fallback: received ptrace wait status status=PtraceSyscall(Pid(3))
2026-08-07T01:31:01.953484Z TRACE hermit::sabre::fallback: decoded ptrace syscall stop tid=3 op=2
2026-08-07T01:31:01.953490Z TRACE hermit::sabre::fallback: received ptrace wait status status=PtraceSyscall(Pid(3))
2026-08-07T01:31:01.953491Z TRACE hermit::sabre::fallback: decoded ptrace syscall stop tid=3 op=1
2026-08-07T01:31:01.953497Z TRACE hermit::sabre::fallback: received ptrace wait status status=PtraceSyscall(Pid(3))
2026-08-07T01:31:01.953498Z TRACE hermit::sabre::fallback: decoded ptrace syscall stop tid=3 op=2
2026-08-07T01:31:01.953506Z TRACE hermit::sabre::fallback: received ptrace wait status status=PtraceSyscall(Pid(3))
2026-08-07T01:31:01.953507Z TRACE hermit::sabre::fallback: decoded ptrace syscall stop tid=3 op=1
2026-08-07T01:31:01.953862Z TRACE hermit::sabre::fallback: received ptrace wait status status=PtraceSyscall(Pid(3))
2026-08-07T01:31:01.953864Z TRACE hermit::sabre::fallback: decoded ptrace syscall stop tid=3 op=2
2026-08-07T01:31:01.953923Z TRACE hermit::sabre::fallback: received ptrace wait status status=PtraceSyscall(Pid(3))
2026-08-07T01:31:01.953925Z TRACE hermit::sabre::fallback: decoded ptrace syscall stop tid=3 op=1
2026-08-07T01:31:01.953958Z TRACE hermit::sabre::fallback: received ptrace wait status status=PtraceSyscall(Pid(3))
2026-08-07T01:31:01.953959Z TRACE hermit::sabre::fallback: decoded ptrace syscall stop tid=3 op=2
2026-08-07T01:31:01.953965Z TRACE hermit::sabre::fallback: received ptrace wait status status=PtraceSyscall(Pid(3))
2026-08-07T01:31:01.953967Z TRACE hermit::sabre::fallback: decoded ptrace syscall stop tid=3 op=1
2026-08-07T01:31:01.953981Z TRACE hermit::sabre::fallback: received ptrace wait status status=PtraceSyscall(Pid(3))
2026-08-07T01:31:01.953982Z TRACE hermit::sabre::fallback: decoded ptrace syscall stop tid=3 op=2
2026-08-07T01:31:01.953988Z TRACE hermit::sabre::fallback: received ptrace wait status status=PtraceSyscall(Pid(3))
2026-08-07T01:31:01.953989Z TRACE hermit::sabre::fallback: decoded ptrace syscall stop tid=3 op=1
2026-08-07T01:31:01.953995Z TRACE hermit::sabre::fallback: received ptrace wait status status=PtraceSyscall(Pid(3))
2026-08-07T01:31:01.953996Z TRACE hermit::sabre::fallback: decoded ptrace syscall stop tid=3 op=2
2026-08-07T01:31:01.954001Z TRACE hermit::sabre::fallback: received ptrace wait status status=PtraceSyscall(Pid(3))
2026-08-07T01:31:01.954003Z TRACE hermit::sabre::fallback: decoded ptrace syscall stop tid=3 op=1
2026-08-07T01:31:01.954010Z TRACE hermit::sabre::fallback: received ptrace wait status status=PtraceSyscall(Pid(3))
2026-08-07T01:31:01.954011Z TRACE hermit::sabre::fallback: decoded ptrace syscall stop tid=3 op=2
2026-08-07T01:31:01.954016Z TRACE hermit::sabre::fallback: received ptrace wait status status=PtraceSyscall(Pid(3))
2026-08-07T01:31:01.954018Z TRACE hermit::sabre::fallback: decoded ptrace syscall stop tid=3 op=1
2026-08-07T01:31:01.954023Z TRACE hermit::sabre::fallback: received ptrace wait status status=PtraceSyscall(Pid(3))
2026-08-07T01:31:01.954025Z TRACE hermit::sabre::fallback: decoded ptrace syscall stop tid=3 op=2
2026-08-07T01:31:01.954052Z TRACE hermit::sabre::fallback: received ptrace wait status status=PtraceSyscall(Pid(3))
2026-08-07T01:31:01.954053Z TRACE hermit::sabre::fallback: decoded ptrace syscall stop tid=3 op=1
2026-08-07T01:31:01.954059Z TRACE hermit::sabre::fallback: received ptrace wait status status=PtraceSyscall(Pid(3))
2026-08-07T01:31:01.954061Z TRACE hermit::sabre::fallback: decoded ptrace syscall stop tid=3 op=2
2026-08-07T01:31:01.954069Z TRACE hermit::sabre::fallback: received ptrace wait status status=PtraceSyscall(Pid(3))
2026-08-07T01:31:01.954070Z TRACE hermit::sabre::fallback: decoded ptrace syscall stop tid=3 op=1
2026-08-07T01:31:01.954080Z TRACE hermit::sabre::fallback: received ptrace wait status status=PtraceSyscall(Pid(3))
2026-08-07T01:31:01.954081Z TRACE hermit::sabre::fallback: decoded ptrace syscall stop tid=3 op=2
2026-08-07T01:31:01.954086Z TRACE hermit::sabre::fallback: received ptrace wait status status=PtraceSyscall(Pid(3))
2026-08-07T01:31:01.954087Z TRACE hermit::sabre::fallback: decoded ptrace syscall stop tid=3 op=1
2026-08-07T01:31:01.954096Z TRACE hermit::sabre::fallback: received ptrace wait status status=PtraceSyscall(Pid(3))
2026-08-07T01:31:01.954097Z TRACE hermit::sabre::fallback: decoded ptrace syscall stop tid=3 op=2
2026-08-07T01:31:01.954111Z TRACE hermit::sabre::fallback: received ptrace wait status status=PtraceSyscall(Pid(3))
2026-08-07T01:31:01.954112Z TRACE hermit::sabre::fallback: decoded ptrace syscall stop tid=3 op=1
2026-08-07T01:31:01.954119Z TRACE hermit::sabre::fallback: received ptrace wait status status=PtraceSyscall(Pid(3))
2026-08-07T01:31:01.954120Z TRACE hermit::sabre::fallback: decoded ptrace syscall stop tid=3 op=2
2026-08-07T01:31:01.954127Z TRACE hermit::sabre::fallback: received ptrace wait status status=PtraceSyscall(Pid(3))
2026-08-07T01:31:01.954129Z TRACE hermit::sabre::fallback: decoded ptrace syscall stop tid=3 op=1
2026-08-07T01:31:01.954138Z TRACE hermit::sabre::fallback: received ptrace wait status status=PtraceSyscall(Pid(3))
2026-08-07T01:31:01.954139Z TRACE hermit::sabre::fallback: decoded ptrace syscall stop tid=3 op=2
2026-08-07T01:31:01.954144Z TRACE hermit::sabre::fallback: received ptrace wait status status=PtraceSyscall(Pid(3))
2026-08-07T01:31:01.954145Z TRACE hermit::sabre::fallback: decoded ptrace syscall stop tid=3 op=1
2026-08-07T01:31:01.954151Z TRACE hermit::sabre::fallback: received ptrace wait status status=PtraceSyscall(Pid(3))
2026-08-07T01:31:01.954152Z TRACE hermit::sabre::fallback: decoded ptrace syscall stop tid=3 op=2
2026-08-07T01:31:01.954191Z TRACE hermit::sabre::fallback: received ptrace wait status status=PtraceSyscall(Pid(3))
2026-08-07T01:31:01.954192Z TRACE hermit::sabre::fallback: decoded ptrace syscall stop tid=3 op=1
2026-08-07T01:31:01.954198Z TRACE hermit::sabre::fallback: received ptrace wait status status=PtraceSyscall(Pid(3))
2026-08-07T01:31:01.954199Z TRACE hermit::sabre::fallback: decoded ptrace syscall stop tid=3 op=2
2026-08-07T01:31:01.954204Z TRACE hermit::sabre::fallback: received ptrace wait status status=PtraceSyscall(Pid(3))
2026-08-07T01:31:01.954205Z TRACE hermit::sabre::fallback: decoded ptrace syscall stop tid=3 op=1
2026-08-07T01:31:01.954211Z TRACE hermit::sabre::fallback: received ptrace wait status status=PtraceSyscall(Pid(3))
2026-08-07T01:31:01.954213Z TRACE hermit::sabre::fallback: decoded ptrace syscall stop tid=3 op=2
2026-08-07T01:31:01.954229Z TRACE hermit::sabre::fallback: received ptrace wait status status=PtraceSyscall(Pid(3))
2026-08-07T01:31:01.954231Z TRACE hermit::sabre::fallback: decoded ptrace syscall stop tid=3 op=1
2026-08-07T01:31:01.954236Z TRACE hermit::sabre::fallback: received ptrace wait status status=PtraceSyscall(Pid(3))
2026-08-07T01:31:01.954237Z TRACE hermit::sabre::fallback: decoded ptrace syscall stop tid=3 op=2
2026-08-07T01:31:01.954242Z TRACE hermit::sabre::fallback: received ptrace wait status status=PtraceSyscall(Pid(3))
2026-08-07T01:31:01.954243Z TRACE hermit::sabre::fallback: decoded ptrace syscall stop tid=3 op=1
2026-08-07T01:31:01.954248Z TRACE hermit::sabre::fallback: received ptrace wait status status=PtraceSyscall(Pid(3))
2026-08-07T01:31:01.954249Z TRACE hermit::sabre::fallback: decoded ptrace syscall stop tid=3 op=2
2026-08-07T01:31:01.954253Z TRACE hermit::sabre::fallback: received ptrace wait status status=PtraceSyscall(Pid(3))
2026-08-07T01:31:01.954254Z TRACE hermit::sabre::fallback: decoded ptrace syscall stop tid=3 op=1
2026-08-07T01:31:01.954259Z TRACE hermit::sabre::fallback: received ptrace wait status status=PtraceSyscall(Pid(3))
2026-08-07T01:31:01.954260Z TRACE hermit::sabre::fallback: decoded ptrace syscall stop tid=3 op=2
2026-08-07T01:31:01.954266Z TRACE hermit::sabre::fallback: received ptrace wait status status=PtraceSyscall(Pid(3))
2026-08-07T01:31:01.954267Z TRACE hermit::sabre::fallback: decoded ptrace syscall stop tid=3 op=1
2026-08-07T01:31:01.954273Z TRACE hermit::sabre::fallback: received ptrace wait status status=PtraceSyscall(Pid(3))
2026-08-07T01:31:01.954274Z TRACE hermit::sabre::fallback: decoded ptrace syscall stop tid=3 op=2
2026-08-07T01:31:01.954281Z TRACE hermit::sabre::fallback: received ptrace wait status status=PtraceSyscall(Pid(3))
2026-08-07T01:31:01.954282Z TRACE hermit::sabre::fallback: decoded ptrace syscall stop tid=3 op=1
2026-08-07T01:31:01.954288Z TRACE hermit::sabre::fallback: received ptrace wait status status=PtraceSyscall(Pid(3))
2026-08-07T01:31:01.954289Z TRACE hermit::sabre::fallback: decoded ptrace syscall stop tid=3 op=2
2026-08-07T01:31:01.954293Z TRACE hermit::sabre::fallback: received ptrace wait status status=PtraceSyscall(Pid(3))
2026-08-07T01:31:01.954296Z TRACE hermit::sabre::fallback: decoded ptrace syscall stop tid=3 op=1
2026-08-07T01:31:01.954300Z TRACE hermit::sabre::fallback: received ptrace wait status status=PtraceSyscall(Pid(3))
2026-08-07T01:31:01.954301Z TRACE hermit::sabre::fallback: decoded ptrace syscall stop tid=3 op=2
2026-08-07T01:31:01.954306Z TRACE hermit::sabre::fallback: received ptrace wait status status=PtraceSyscall(Pid(3))
2026-08-07T01:31:01.954307Z TRACE hermit::sabre::fallback: decoded ptrace syscall stop tid=3 op=1
2026-08-07T01:31:01.954312Z TRACE hermit::sabre::fallback: received ptrace wait status status=PtraceSyscall(Pid(3))
2026-08-07T01:31:01.954313Z TRACE hermit::sabre::fallback: decoded ptrace syscall stop tid=3 op=2
2026-08-07T01:31:01.954318Z TRACE hermit::sabre::fallback: received ptrace wait status status=PtraceSyscall(Pid(3))
2026-08-07T01:31:01.954319Z TRACE hermit::sabre::fallback: decoded ptrace syscall stop tid=3 op=1
2026-08-07T01:31:01.954325Z TRACE hermit::sabre::fallback: received ptrace wait status status=PtraceSyscall(Pid(3))
2026-08-07T01:31:01.954326Z TRACE hermit::sabre::fallback: decoded ptrace syscall stop tid=3 op=2
2026-08-07T01:31:01.954331Z TRACE hermit::sabre::fallback: received ptrace wait status status=PtraceSyscall(Pid(3))
2026-08-07T01:31:01.954333Z TRACE hermit::sabre::fallback: decoded ptrace syscall stop tid=3 op=1
2026-08-07T01:31:01.954341Z TRACE hermit::sabre::fallback: received ptrace wait status status=PtraceSyscall(Pid(3))
2026-08-07T01:31:01.954342Z TRACE hermit::sabre::fallback: decoded ptrace syscall stop tid=3 op=2
2026-08-07T01:31:01.954347Z TRACE hermit::sabre::fallback: received ptrace wait status status=PtraceSyscall(Pid(3))
2026-08-07T01:31:01.954348Z TRACE hermit::sabre::fallback: decoded ptrace syscall stop tid=3 op=1
2026-08-07T01:31:01.954353Z TRACE hermit::sabre::fallback: received ptrace wait status status=PtraceSyscall(Pid(3))
2026-08-07T01:31:01.954354Z TRACE hermit::sabre::fallback: decoded ptrace syscall stop tid=3 op=2
2026-08-07T01:31:01.954358Z TRACE hermit::sabre::fallback: received ptrace wait status status=PtraceSyscall(Pid(3))
2026-08-07T01:31:01.954360Z TRACE hermit::sabre::fallback: decoded ptrace syscall stop tid=3 op=1
2026-08-07T01:31:01.954364Z TRACE hermit::sabre::fallback: received ptrace wait status status=PtraceSyscall(Pid(3))
2026-08-07T01:31:01.954365Z TRACE hermit::sabre::fallback: decoded ptrace syscall stop tid=3 op=2
2026-08-07T01:31:01.954370Z TRACE hermit::sabre::fallback: received ptrace wait status status=PtraceSyscall(Pid(3))
2026-08-07T01:31:01.954371Z TRACE hermit::sabre::fallback: decoded ptrace syscall stop tid=3 op=1
2026-08-07T01:31:01.954375Z TRACE hermit::sabre::fallback: received ptrace wait status status=PtraceSyscall(Pid(3))
2026-08-07T01:31:01.954377Z TRACE hermit::sabre::fallback: decoded ptrace syscall stop tid=3 op=2
2026-08-07T01:31:01.954385Z TRACE hermit::sabre::fallback: received ptrace wait status status=PtraceSyscall(Pid(3))
2026-08-07T01:31:01.954386Z TRACE hermit::sabre::fallback: decoded ptrace syscall stop tid=3 op=1
2026-08-07T01:31:01.954391Z TRACE hermit::sabre::fallback: received ptrace wait status status=PtraceSyscall(Pid(3))
2026-08-07T01:31:01.954392Z TRACE hermit::sabre::fallback: decoded ptrace syscall stop tid=3 op=2
2026-08-07T01:31:01.954396Z TRACE hermit::sabre::fallback: received ptrace wait status status=PtraceSyscall(Pid(3))
2026-08-07T01:31:01.954397Z TRACE hermit::sabre::fallback: decoded ptrace syscall stop tid=3 op=1
2026-08-07T01:31:01.954402Z TRACE hermit::sabre::fallback: received ptrace wait status status=PtraceSyscall(Pid(3))
2026-08-07T01:31:01.954403Z TRACE hermit::sabre::fallback: decoded ptrace syscall stop tid=3 op=2
2026-08-07T01:31:01.954407Z TRACE hermit::sabre::fallback: received ptrace wait status status=PtraceSyscall(Pid(3))
2026-08-07T01:31:01.954408Z TRACE hermit::sabre::fallback: decoded ptrace syscall stop tid=3 op=1
2026-08-07T01:31:01.954414Z TRACE hermit::sabre::fallback: received ptrace wait status status=PtraceSyscall(Pid(3))
2026-08-07T01:31:01.954415Z TRACE hermit::sabre::fallback: decoded ptrace syscall stop tid=3 op=2
2026-08-07T01:31:01.954422Z TRACE hermit::sabre::fallback: received ptrace wait status status=PtraceSyscall(Pid(3))
2026-08-07T01:31:01.954423Z TRACE hermit::sabre::fallback: decoded ptrace syscall stop tid=3 op=1
2026-08-07T01:31:01.954429Z TRACE hermit::sabre::fallback: received ptrace wait status status=PtraceSyscall(Pid(3))
2026-08-07T01:31:01.954430Z TRACE hermit::sabre::fallback: decoded ptrace syscall stop tid=3 op=2
2026-08-07T01:31:01.954445Z TRACE hermit::sabre::fallback: received ptrace wait status status=PtraceSyscall(Pid(3))
2026-08-07T01:31:01.954447Z TRACE hermit::sabre::fallback: decoded ptrace syscall stop tid=3 op=1
2026-08-07T01:31:01.954456Z TRACE hermit::sabre::fallback: received ptrace wait status status=PtraceSyscall(Pid(3))
2026-08-07T01:31:01.954458Z TRACE hermit::sabre::fallback: decoded ptrace syscall stop tid=3 op=2
2026-08-07T01:31:01.954466Z TRACE hermit::sabre::fallback: received ptrace wait status status=PtraceSyscall(Pid(3))
2026-08-07T01:31:01.954467Z TRACE hermit::sabre::fallback: decoded ptrace syscall stop tid=3 op=1
2026-08-07T01:31:01.954471Z TRACE hermit::sabre::fallback: received ptrace wait status status=PtraceSyscall(Pid(3))
2026-08-07T01:31:01.954473Z TRACE hermit::sabre::fallback: decoded ptrace syscall stop tid=3 op=2
2026-08-07T01:31:01.954478Z TRACE hermit::sabre::fallback: received ptrace wait status status=PtraceSyscall(Pid(3))
2026-08-07T01:31:01.954479Z TRACE hermit::sabre::fallback: decoded ptrace syscall stop tid=3 op=1
2026-08-07T01:31:01.954483Z TRACE hermit::sabre::fallback: received ptrace wait status status=PtraceSyscall(Pid(3))
2026-08-07T01:31:01.954484Z TRACE hermit::sabre::fallback: decoded ptrace syscall stop tid=3 op=2
2026-08-07T01:31:01.954489Z TRACE hermit::sabre::fallback: received ptrace wait status status=PtraceSyscall(Pid(3))
2026-08-07T01:31:01.954490Z TRACE hermit::sabre::fallback: decoded ptrace syscall stop tid=3 op=1
2026-08-07T01:31:01.954496Z TRACE hermit::sabre::fallback: received ptrace wait status status=PtraceSyscall(Pid(3))
2026-08-07T01:31:01.954498Z TRACE hermit::sabre::fallback: decoded ptrace syscall stop tid=3 op=2
2026-08-07T01:31:01.954502Z TRACE hermit::sabre::fallback: received ptrace wait status status=PtraceSyscall(Pid(3))
2026-08-07T01:31:01.954503Z TRACE hermit::sabre::fallback: decoded ptrace syscall stop tid=3 op=1
2026-08-07T01:31:01.954508Z TRACE hermit::sabre::fallback: received ptrace wait status status=PtraceSyscall(Pid(3))
2026-08-07T01:31:01.954509Z TRACE hermit::sabre::fallback: decoded ptrace syscall stop tid=3 op=2
2026-08-07T01:31:01.954514Z TRACE hermit::sabre::fallback: received ptrace wait status status=PtraceSyscall(Pid(3))
2026-08-07T01:31:01.954515Z TRACE hermit::sabre::fallback: decoded ptrace syscall stop tid=3 op=1
2026-08-07T01:31:01.954519Z TRACE hermit::sabre::fallback: received ptrace wait status status=PtraceSyscall(Pid(3))
2026-08-07T01:31:01.954520Z TRACE hermit::sabre::fallback: decoded ptrace syscall stop tid=3 op=2
2026-08-07T01:31:01.954524Z TRACE hermit::sabre::fallback: received ptrace wait status status=PtraceSyscall(Pid(3))
2026-08-07T01:31:01.954525Z TRACE hermit::sabre::fallback: decoded ptrace syscall stop tid=3 op=1
2026-08-07T01:31:01.954530Z TRACE hermit::sabre::fallback: received ptrace wait status status=PtraceSyscall(Pid(3))
2026-08-07T01:31:01.954531Z TRACE hermit::sabre::fallback: decoded ptrace syscall stop tid=3 op=2
2026-08-07T01:31:01.954535Z TRACE hermit::sabre::fallback: received ptrace wait status status=PtraceSyscall(Pid(3))
2026-08-07T01:31:01.954536Z TRACE hermit::sabre::fallback: decoded ptrace syscall stop tid=3 op=1
2026-08-07T01:31:01.954541Z TRACE hermit::sabre::fallback: received ptrace wait status status=PtraceSyscall(Pid(3))
2026-08-07T01:31:01.954542Z TRACE hermit::sabre::fallback: decoded ptrace syscall stop tid=3 op=2
2026-08-07T01:31:01.954550Z TRACE hermit::sabre::fallback: received ptrace wait status status=PtraceSyscall(Pid(3))
2026-08-07T01:31:01.954551Z TRACE hermit::sabre::fallback: decoded ptrace syscall stop tid=3 op=1
2026-08-07T01:31:01.954556Z TRACE hermit::sabre::fallback: received ptrace wait status status=PtraceSyscall(Pid(3))
2026-08-07T01:31:01.954557Z TRACE hermit::sabre::fallback: decoded ptrace syscall stop tid=3 op=2
2026-08-07T01:31:01.954562Z TRACE hermit::sabre::fallback: received ptrace wait status status=PtraceSyscall(Pid(3))
2026-08-07T01:31:01.954563Z TRACE hermit::sabre::fallback: decoded ptrace syscall stop tid=3 op=1
2026-08-07T01:31:01.954569Z TRACE hermit::sabre::fallback: received ptrace wait status status=PtraceSyscall(Pid(3))
2026-08-07T01:31:01.954570Z TRACE hermit::sabre::fallback: decoded ptrace syscall stop tid=3 op=2
2026-08-07T01:31:01.954575Z TRACE hermit::sabre::fallback: received ptrace wait status status=PtraceSyscall(Pid(3))
2026-08-07T01:31:01.954576Z TRACE hermit::sabre::fallback: decoded ptrace syscall stop tid=3 op=1
2026-08-07T01:31:01.954581Z TRACE hermit::sabre::fallback: received ptrace wait status status=PtraceSyscall(Pid(3))
2026-08-07T01:31:01.954582Z TRACE hermit::sabre::fallback: decoded ptrace syscall stop tid=3 op=2
2026-08-07T01:31:01.954587Z TRACE hermit::sabre::fallback: received ptrace wait status status=PtraceSyscall(Pid(3))
2026-08-07T01:31:01.954588Z TRACE hermit::sabre::fallback: decoded ptrace syscall stop tid=3 op=1
2026-08-07T01:31:01.954593Z TRACE hermit::sabre::fallback: received ptrace wait status status=PtraceSyscall(Pid(3))
2026-08-07T01:31:01.954594Z TRACE hermit::sabre::fallback: decoded ptrace syscall stop tid=3 op=2
2026-08-07T01:31:01.954598Z TRACE hermit::sabre::fallback: received ptrace wait status status=PtraceSyscall(Pid(3))
2026-08-07T01:31:01.954600Z TRACE hermit::sabre::fallback: decoded ptrace syscall stop tid=3 op=1
2026-08-07T01:31:01.954605Z TRACE hermit::sabre::fallback: received ptrace wait status status=PtraceSyscall(Pid(3))
2026-08-07T01:31:01.954606Z TRACE hermit::sabre::fallback: decoded ptrace syscall stop tid=3 op=2
2026-08-07T01:31:01.954612Z TRACE hermit::sabre::fallback: received ptrace wait status status=PtraceSyscall(Pid(3))
2026-08-07T01:31:01.954613Z TRACE hermit::sabre::fallback: decoded ptrace syscall stop tid=3 op=1
2026-08-07T01:31:01.954619Z TRACE hermit::sabre::fallback: received ptrace wait status status=PtraceSyscall(Pid(3))
2026-08-07T01:31:01.954620Z TRACE hermit::sabre::fallback: decoded ptrace syscall stop tid=3 op=2
2026-08-07T01:31:01.954630Z TRACE hermit::sabre::fallback: received ptrace wait status status=PtraceSyscall(Pid(3))
2026-08-07T01:31:01.954631Z TRACE hermit::sabre::fallback: decoded ptrace syscall stop tid=3 op=1
2026-08-07T01:31:01.954635Z TRACE hermit::sabre::fallback: received ptrace wait status status=PtraceSyscall(Pid(3))
2026-08-07T01:31:01.954636Z TRACE hermit::sabre::fallback: decoded ptrace syscall stop tid=3 op=2
2026-08-07T01:31:01.954641Z TRACE hermit::sabre::fallback: received ptrace wait status status=PtraceSyscall(Pid(3))
2026-08-07T01:31:01.954642Z TRACE hermit::sabre::fallback: decoded ptrace syscall stop tid=3 op=1
2026-08-07T01:31:01.954646Z TRACE hermit::sabre::fallback: received ptrace wait status status=PtraceSyscall(Pid(3))
2026-08-07T01:31:01.954647Z TRACE hermit::sabre::fallback: decoded ptrace syscall stop tid=3 op=2
2026-08-07T01:31:01.954911Z TRACE hermit::sabre::fallback: received ptrace wait status status=PtraceSyscall(Pid(3))
2026-08-07T01:31:01.954912Z TRACE hermit::sabre::fallback: decoded ptrace syscall stop tid=3 op=1
2026-08-07T01:31:01.954919Z TRACE hermit::sabre::fallback: received ptrace wait status status=PtraceSyscall(Pid(3))
2026-08-07T01:31:01.954920Z TRACE hermit::sabre::fallback: decoded ptrace syscall stop tid=3 op=2
2026-08-07T01:31:01.954925Z TRACE hermit::sabre::fallback: received ptrace wait status status=PtraceSyscall(Pid(3))
2026-08-07T01:31:01.954926Z TRACE hermit::sabre::fallback: decoded ptrace syscall stop tid=3 op=1
2026-08-07T01:31:01.954931Z TRACE hermit::sabre::fallback: received ptrace wait status status=PtraceSyscall(Pid(3))
2026-08-07T01:31:01.954932Z TRACE hermit::sabre::fallback: decoded ptrace syscall stop tid=3 op=2
2026-08-07T01:31:01.954937Z TRACE hermit::sabre::fallback: received ptrace wait status status=PtraceSyscall(Pid(3))
2026-08-07T01:31:01.954939Z TRACE hermit::sabre::fallback: decoded ptrace syscall stop tid=3 op=1
2026-08-07T01:31:01.954944Z TRACE hermit::sabre::fallback: received ptrace wait status status=PtraceSyscall(Pid(3))
2026-08-07T01:31:01.954945Z TRACE hermit::sabre::fallback: decoded ptrace syscall stop tid=3 op=2
2026-08-07T01:31:01.954949Z TRACE hermit::sabre::fallback: received ptrace wait status status=PtraceSyscall(Pid(3))
2026-08-07T01:31:01.954950Z TRACE hermit::sabre::fallback: decoded ptrace syscall stop tid=3 op=1
2026-08-07T01:31:01.954955Z TRACE hermit::sabre::fallback: received ptrace wait status status=PtraceSyscall(Pid(3))
2026-08-07T01:31:01.954956Z TRACE hermit::sabre::fallback: decoded ptrace syscall stop tid=3 op=2
2026-08-07T01:31:01.954961Z TRACE hermit::sabre::fallback: received ptrace wait status status=PtraceSyscall(Pid(3))
2026-08-07T01:31:01.954963Z TRACE hermit::sabre::fallback: decoded ptrace syscall stop tid=3 op=1
2026-08-07T01:31:01.954968Z TRACE hermit::sabre::fallback: received ptrace wait status status=PtraceSyscall(Pid(3))
2026-08-07T01:31:01.954969Z TRACE hermit::sabre::fallback: decoded ptrace syscall stop tid=3 op=2
2026-08-07T01:31:01.954976Z TRACE hermit::sabre::fallback: received ptrace wait status status=PtraceSyscall(Pid(3))
2026-08-07T01:31:01.954978Z TRACE hermit::sabre::fallback: decoded ptrace syscall stop tid=3 op=1
2026-08-07T01:31:01.954983Z TRACE hermit::sabre::fallback: received ptrace wait status status=PtraceSyscall(Pid(3))
2026-08-07T01:31:01.954984Z TRACE hermit::sabre::fallback: decoded ptrace syscall stop tid=3 op=2
2026-08-07T01:31:01.954993Z TRACE hermit::sabre::fallback: received ptrace wait status status=PtraceSyscall(Pid(3))
2026-08-07T01:31:01.954995Z TRACE hermit::sabre::fallback: decoded ptrace syscall stop tid=3 op=1
2026-08-07T01:31:01.955000Z TRACE hermit::sabre::fallback: received ptrace wait status status=PtraceSyscall(Pid(3))
2026-08-07T01:31:01.955001Z TRACE hermit::sabre::fallback: decoded ptrace syscall stop tid=3 op=2
2026-08-07T01:31:01.955007Z TRACE hermit::sabre::fallback: received ptrace wait status status=PtraceSyscall(Pid(3))
2026-08-07T01:31:01.955008Z TRACE hermit::sabre::fallback: decoded ptrace syscall stop tid=3 op=1
2026-08-07T01:31:01.955013Z TRACE hermit::sabre::fallback: received ptrace wait status status=PtraceSyscall(Pid(3))
2026-08-07T01:31:01.955014Z TRACE hermit::sabre::fallback: decoded ptrace syscall stop tid=3 op=2
2026-08-07T01:31:01.955019Z TRACE hermit::sabre::fallback: received ptrace wait status status=PtraceSyscall(Pid(3))
2026-08-07T01:31:01.955020Z TRACE hermit::sabre::fallback: decoded ptrace syscall stop tid=3 op=1
2026-08-07T01:31:01.955025Z TRACE hermit::sabre::fallback: received ptrace wait status status=PtraceSyscall(Pid(3))
2026-08-07T01:31:01.955026Z TRACE hermit::sabre::fallback: decoded ptrace syscall stop tid=3 op=2
2026-08-07T01:31:01.955031Z TRACE hermit::sabre::fallback: received ptrace wait status status=PtraceSyscall(Pid(3))
2026-08-07T01:31:01.955032Z TRACE hermit::sabre::fallback: decoded ptrace syscall stop tid=3 op=1
2026-08-07T01:31:01.955037Z TRACE hermit::sabre::fallback: received ptrace wait status status=PtraceSyscall(Pid(3))
2026-08-07T01:31:01.955038Z TRACE hermit::sabre::fallback: decoded ptrace syscall stop tid=3 op=2
2026-08-07T01:31:01.955043Z TRACE hermit::sabre::fallback: received ptrace wait status status=PtraceSyscall(Pid(3))
2026-08-07T01:31:01.955044Z TRACE hermit::sabre::fallback: decoded ptrace syscall stop tid=3 op=1
2026-08-07T01:31:01.955048Z TRACE hermit::sabre::fallback: received ptrace wait status status=PtraceSyscall(Pid(3))
2026-08-07T01:31:01.955049Z TRACE hermit::sabre::fallback: decoded ptrace syscall stop tid=3 op=2
2026-08-07T01:31:01.955054Z TRACE hermit::sabre::fallback: received ptrace wait status status=PtraceSyscall(Pid(3))
2026-08-07T01:31:01.955055Z TRACE hermit::sabre::fallback: decoded ptrace syscall stop tid=3 op=1
2026-08-07T01:31:01.955060Z TRACE hermit::sabre::fallback: received ptrace wait status status=PtraceSyscall(Pid(3))
2026-08-07T01:31:01.955061Z TRACE hermit::sabre::fallback: decoded ptrace syscall stop tid=3 op=2
2026-08-07T01:31:01.955066Z TRACE hermit::sabre::fallback: received ptrace wait status status=PtraceSyscall(Pid(3))
2026-08-07T01:31:01.955067Z TRACE hermit::sabre::fallback: decoded ptrace syscall stop tid=3 op=1
2026-08-07T01:31:01.955072Z TRACE hermit::sabre::fallback: received ptrace wait status status=PtraceSyscall(Pid(3))
2026-08-07T01:31:01.955073Z TRACE hermit::sabre::fallback: decoded ptrace syscall stop tid=3 op=2
2026-08-07T01:31:01.955078Z TRACE hermit::sabre::fallback: received ptrace wait status status=PtraceSyscall(Pid(3))
2026-08-07T01:31:01.955079Z TRACE hermit::sabre::fallback: decoded ptrace syscall stop tid=3 op=1
2026-08-07T01:31:01.955084Z TRACE hermit::sabre::fallback: received ptrace wait status status=PtraceSyscall(Pid(3))
2026-08-07T01:31:01.955085Z TRACE hermit::sabre::fallback: decoded ptrace syscall stop tid=3 op=2
2026-08-07T01:31:01.955090Z TRACE hermit::sabre::fallback: received ptrace wait status status=PtraceSyscall(Pid(3))
2026-08-07T01:31:01.955090Z TRACE hermit::sabre::fallback: decoded ptrace syscall stop tid=3 op=1
2026-08-07T01:31:01.955095Z TRACE hermit::sabre::fallback: received ptrace wait status status=PtraceSyscall(Pid(3))
2026-08-07T01:31:01.955096Z TRACE hermit::sabre::fallback: decoded ptrace syscall stop tid=3 op=2
2026-08-07T01:31:01.955100Z TRACE hermit::sabre::fallback: received ptrace wait status status=PtraceSyscall(Pid(3))
2026-08-07T01:31:01.955101Z TRACE hermit::sabre::fallback: decoded ptrace syscall stop tid=3 op=1
2026-08-07T01:31:01.955105Z TRACE hermit::sabre::fallback: received ptrace wait status status=PtraceSyscall(Pid(3))
2026-08-07T01:31:01.955106Z TRACE hermit::sabre::fallback: decoded ptrace syscall stop tid=3 op=2
2026-08-07T01:31:01.955114Z TRACE hermit::sabre::fallback: received ptrace wait status status=PtraceSyscall(Pid(3))
2026-08-07T01:31:01.955115Z TRACE hermit::sabre::fallback: decoded ptrace syscall stop tid=3 op=1
2026-08-07T01:31:01.955120Z TRACE hermit::sabre::fallback: received ptrace wait status status=PtraceSyscall(Pid(3))
2026-08-07T01:31:01.955121Z TRACE hermit::sabre::fallback: decoded ptrace syscall stop tid=3 op=2
2026-08-07T01:31:01.955125Z TRACE hermit::sabre::fallback: received ptrace wait status status=PtraceSyscall(Pid(3))
2026-08-07T01:31:01.955126Z TRACE hermit::sabre::fallback: decoded ptrace syscall stop tid=3 op=1
2026-08-07T01:31:01.955130Z TRACE hermit::sabre::fallback: received ptrace wait status status=PtraceSyscall(Pid(3))
2026-08-07T01:31:01.955131Z TRACE hermit::sabre::fallback: decoded ptrace syscall stop tid=3 op=2
2026-08-07T01:31:01.955135Z TRACE hermit::sabre::fallback: received ptrace wait status status=PtraceSyscall(Pid(3))
2026-08-07T01:31:01.955137Z TRACE hermit::sabre::fallback: decoded ptrace syscall stop tid=3 op=1
2026-08-07T01:31:01.955142Z TRACE hermit::sabre::fallback: received ptrace wait status status=PtraceSyscall(Pid(3))
2026-08-07T01:31:01.955144Z TRACE hermit::sabre::fallback: decoded ptrace syscall stop tid=3 op=2
2026-08-07T01:31:01.955150Z TRACE hermit::sabre::fallback: received ptrace wait status status=PtraceSyscall(Pid(3))
2026-08-07T01:31:01.955151Z TRACE hermit::sabre::fallback: decoded ptrace syscall stop tid=3 op=1
2026-08-07T01:31:01.955160Z TRACE hermit::sabre::fallback: received ptrace wait status status=PtraceSyscall(Pid(3))
2026-08-07T01:31:01.955161Z TRACE hermit::sabre::fallback: decoded ptrace syscall stop tid=3 op=2
2026-08-07T01:31:01.955167Z TRACE hermit::sabre::fallback: received ptrace wait status status=PtraceSyscall(Pid(3))
2026-08-07T01:31:01.955168Z TRACE hermit::sabre::fallback: decoded ptrace syscall stop tid=3 op=1
2026-08-07T01:31:01.955173Z TRACE hermit::sabre::fallback: received ptrace wait status status=PtraceSyscall(Pid(3))
2026-08-07T01:31:01.955174Z TRACE hermit::sabre::fallback: decoded ptrace syscall stop tid=3 op=2
2026-08-07T01:31:01.955179Z TRACE hermit::sabre::fallback: received ptrace wait status status=PtraceSyscall(Pid(3))
2026-08-07T01:31:01.955180Z TRACE hermit::sabre::fallback: decoded ptrace syscall stop tid=3 op=1
2026-08-07T01:31:01.955184Z TRACE hermit::sabre::fallback: received ptrace wait status status=PtraceSyscall(Pid(3))
2026-08-07T01:31:01.955185Z TRACE hermit::sabre::fallback: decoded ptrace syscall stop tid=3 op=2
2026-08-07T01:31:01.955190Z TRACE hermit::sabre::fallback: received ptrace wait status status=PtraceSyscall(Pid(3))
2026-08-07T01:31:01.955191Z TRACE hermit::sabre::fallback: decoded ptrace syscall stop tid=3 op=1
2026-08-07T01:31:01.955195Z TRACE hermit::sabre::fallback: received ptrace wait status status=PtraceSyscall(Pid(3))
2026-08-07T01:31:01.955196Z TRACE hermit::sabre::fallback: decoded ptrace syscall stop tid=3 op=2
2026-08-07T01:31:01.955201Z TRACE hermit::sabre::fallback: received ptrace wait status status=PtraceSyscall(Pid(3))
2026-08-07T01:31:01.955202Z TRACE hermit::sabre::fallback: decoded ptrace syscall stop tid=3 op=1
2026-08-07T01:31:01.955206Z TRACE hermit::sabre::fallback: received ptrace wait status status=PtraceSyscall(Pid(3))
2026-08-07T01:31:01.955207Z TRACE hermit::sabre::fallback: decoded ptrace syscall stop tid=3 op=2
2026-08-07T01:31:01.955212Z TRACE hermit::sabre::fallback: received ptrace wait status status=PtraceSyscall(Pid(3))
2026-08-07T01:31:01.955213Z TRACE hermit::sabre::fallback: decoded ptrace syscall stop tid=3 op=1
2026-08-07T01:31:01.955217Z TRACE hermit::sabre::fallback: received ptrace wait status status=PtraceSyscall(Pid(3))
2026-08-07T01:31:01.955218Z TRACE hermit::sabre::fallback: decoded ptrace syscall stop tid=3 op=2
2026-08-07T01:31:01.955223Z TRACE hermit::sabre::fallback: received ptrace wait status status=PtraceSyscall(Pid(3))
2026-08-07T01:31:01.955224Z TRACE hermit::sabre::fallback: decoded ptrace syscall stop tid=3 op=1
2026-08-07T01:31:01.955228Z TRACE hermit::sabre::fallback: received ptrace wait status status=PtraceSyscall(Pid(3))
2026-08-07T01:31:01.955229Z TRACE hermit::sabre::fallback: decoded ptrace syscall stop tid=3 op=2
2026-08-07T01:31:01.955234Z TRACE hermit::sabre::fallback: received ptrace wait status status=PtraceSyscall(Pid(3))
2026-08-07T01:31:01.955235Z TRACE hermit::sabre::fallback: decoded ptrace syscall stop tid=3 op=1
2026-08-07T01:31:01.955239Z TRACE hermit::sabre::fallback: received ptrace wait status status=PtraceSyscall(Pid(3))
2026-08-07T01:31:01.955240Z TRACE hermit::sabre::fallback: decoded ptrace syscall stop tid=3 op=2
2026-08-07T01:31:01.955336Z TRACE hermit::sabre::fallback: received ptrace wait status status=PtraceSyscall(Pid(3))
2026-08-07T01:31:01.955337Z TRACE hermit::sabre::fallback: decoded ptrace syscall stop tid=3 op=1
2026-08-07T01:31:01.955343Z TRACE hermit::sabre::fallback: received ptrace wait status status=PtraceSyscall(Pid(3))
2026-08-07T01:31:01.955344Z TRACE hermit::sabre::fallback: decoded ptrace syscall stop tid=3 op=2
2026-08-07T01:31:01.955351Z TRACE hermit::sabre::fallback: received ptrace wait status status=PtraceSyscall(Pid(3))
2026-08-07T01:31:01.955352Z TRACE hermit::sabre::fallback: decoded ptrace syscall stop tid=3 op=1
2026-08-07T01:31:01.955357Z TRACE hermit::sabre::fallback: received ptrace wait status status=PtraceSyscall(Pid(3))
2026-08-07T01:31:01.955358Z TRACE hermit::sabre::fallback: decoded ptrace syscall stop tid=3 op=2
2026-08-07T01:31:01.955362Z TRACE hermit::sabre::fallback: received ptrace wait status status=PtraceSyscall(Pid(3))
2026-08-07T01:31:01.955363Z TRACE hermit::sabre::fallback: decoded ptrace syscall stop tid=3 op=1
2026-08-07T01:31:01.955367Z TRACE hermit::sabre::fallback: received ptrace wait status status=PtraceSyscall(Pid(3))
2026-08-07T01:31:01.955368Z TRACE hermit::sabre::fallback: decoded ptrace syscall stop tid=3 op=2
2026-08-07T01:31:01.955373Z TRACE hermit::sabre::fallback: received ptrace wait status status=PtraceSyscall(Pid(3))
2026-08-07T01:31:01.955374Z TRACE hermit::sabre::fallback: decoded ptrace syscall stop tid=3 op=1
2026-08-07T01:31:01.955378Z TRACE hermit::sabre::fallback: received ptrace wait status status=PtraceSyscall(Pid(3))
2026-08-07T01:31:01.955379Z TRACE hermit::sabre::fallback: decoded ptrace syscall stop tid=3 op=2
2026-08-07T01:31:01.955384Z TRACE hermit::sabre::fallback: received ptrace wait status status=PtraceSyscall(Pid(3))
2026-08-07T01:31:01.955385Z TRACE hermit::sabre::fallback: decoded ptrace syscall stop tid=3 op=1
2026-08-07T01:31:01.955390Z TRACE hermit::sabre::fallback: received ptrace wait status status=PtraceSyscall(Pid(3))
2026-08-07T01:31:01.955391Z TRACE hermit::sabre::fallback: decoded ptrace syscall stop tid=3 op=2
2026-08-07T01:31:01.955397Z TRACE hermit::sabre::fallback: received ptrace wait status status=PtraceSyscall(Pid(3))
2026-08-07T01:31:01.955398Z TRACE hermit::sabre::fallback: decoded ptrace syscall stop tid=3 op=1
2026-08-07T01:31:01.955402Z TRACE hermit::sabre::fallback: received ptrace wait status status=PtraceSyscall(Pid(3))
2026-08-07T01:31:01.955403Z TRACE hermit::sabre::fallback: decoded ptrace syscall stop tid=3 op=2
2026-08-07T01:31:01.955407Z TRACE hermit::sabre::fallback: received ptrace wait status status=PtraceSyscall(Pid(3))
2026-08-07T01:31:01.955408Z TRACE hermit::sabre::fallback: decoded ptrace syscall stop tid=3 op=1
2026-08-07T01:31:01.955412Z TRACE hermit::sabre::fallback: received ptrace wait status status=PtraceSyscall(Pid(3))
2026-08-07T01:31:01.955413Z TRACE hermit::sabre::fallback: decoded ptrace syscall stop tid=3 op=2
2026-08-07T01:31:01.955418Z TRACE hermit::sabre::fallback: received ptrace wait status status=PtraceSyscall(Pid(3))
2026-08-07T01:31:01.955419Z TRACE hermit::sabre::fallback: decoded ptrace syscall stop tid=3 op=1
2026-08-07T01:31:01.955423Z TRACE hermit::sabre::fallback: received ptrace wait status status=PtraceSyscall(Pid(3))
2026-08-07T01:31:01.955424Z TRACE hermit::sabre::fallback: decoded ptrace syscall stop tid=3 op=2
2026-08-07T01:31:01.955429Z TRACE hermit::sabre::fallback: received ptrace wait status status=PtraceSyscall(Pid(3))
2026-08-07T01:31:01.955430Z TRACE hermit::sabre::fallback: decoded ptrace syscall stop tid=3 op=1
2026-08-07T01:31:01.955437Z TRACE hermit::sabre::fallback: received ptrace wait status status=PtraceSyscall(Pid(3))
2026-08-07T01:31:01.955439Z TRACE hermit::sabre::fallback: decoded ptrace syscall stop tid=3 op=2
2026-08-07T01:31:01.955448Z TRACE hermit::sabre::fallback: received ptrace wait status status=PtraceSyscall(Pid(3))
2026-08-07T01:31:01.955450Z TRACE hermit::sabre::fallback: decoded ptrace syscall stop tid=3 op=1
2026-08-07T01:31:01.955499Z TRACE hermit::sabre::fallback: received ptrace wait status status=PtraceSyscall(Pid(3))
2026-08-07T01:31:01.955501Z TRACE hermit::sabre::fallback: decoded ptrace syscall stop tid=3 op=2
2026-08-07T01:31:01.955507Z TRACE hermit::sabre::fallback: received ptrace wait status status=PtraceSyscall(Pid(3))
2026-08-07T01:31:01.955509Z TRACE hermit::sabre::fallback: decoded ptrace syscall stop tid=3 op=1
2026-08-07T01:31:01.955515Z TRACE hermit::sabre::fallback: received ptrace wait status status=PtraceSyscall(Pid(3))
2026-08-07T01:31:01.955516Z TRACE hermit::sabre::fallback: decoded ptrace syscall stop tid=3 op=2
2026-08-07T01:31:01.955526Z TRACE hermit::sabre::fallback: received ptrace wait status status=PtraceSyscall(Pid(3))
2026-08-07T01:31:01.955527Z TRACE hermit::sabre::fallback: decoded ptrace syscall stop tid=3 op=1
2026-08-07T01:31:01.955531Z TRACE hermit::sabre::fallback: received ptrace wait status status=PtraceSyscall(Pid(3))
2026-08-07T01:31:01.955533Z TRACE hermit::sabre::fallback: decoded ptrace syscall stop tid=3 op=2
2026-08-07T01:31:01.955539Z TRACE hermit::sabre::fallback: received ptrace wait status status=PtraceSyscall(Pid(3))
2026-08-07T01:31:01.955540Z TRACE hermit::sabre::fallback: decoded ptrace syscall stop tid=3 op=1
2026-08-07T01:31:01.955546Z TRACE hermit::sabre::fallback: received ptrace wait status status=PtraceSyscall(Pid(3))
2026-08-07T01:31:01.955547Z TRACE hermit::sabre::fallback: decoded ptrace syscall stop tid=3 op=2
2026-08-07T01:31:01.955552Z TRACE hermit::sabre::fallback: received ptrace wait status status=PtraceSyscall(Pid(3))
2026-08-07T01:31:01.955554Z TRACE hermit::sabre::fallback: decoded ptrace syscall stop tid=3 op=1
2026-08-07T01:31:01.955581Z TRACE hermit::sabre::fallback: received ptrace wait status status=PtraceSyscall(Pid(3))
2026-08-07T01:31:01.955582Z TRACE hermit::sabre::fallback: decoded ptrace syscall stop tid=3 op=2
2026-08-07T01:31:01.955587Z TRACE hermit::sabre::fallback: received ptrace wait status status=PtraceSyscall(Pid(3))
2026-08-07T01:31:01.955588Z TRACE hermit::sabre::fallback: decoded ptrace syscall stop tid=3 op=1
2026-08-07T01:31:01.955592Z TRACE hermit::sabre::fallback: received ptrace wait status status=PtraceSyscall(Pid(3))
2026-08-07T01:31:01.955594Z TRACE hermit::sabre::fallback: decoded ptrace syscall stop tid=3 op=2
2026-08-07T01:31:01.955598Z TRACE hermit::sabre::fallback: received ptrace wait status status=PtraceSyscall(Pid(3))
2026-08-07T01:31:01.955599Z TRACE hermit::sabre::fallback: decoded ptrace syscall stop tid=3 op=1
2026-08-07T01:31:01.955616Z TRACE hermit::sabre::fallback: received ptrace wait status status=PtraceSyscall(Pid(3))
2026-08-07T01:31:01.955617Z TRACE hermit::sabre::fallback: decoded ptrace syscall stop tid=3 op=2
2026-08-07T01:31:01.955622Z TRACE hermit::sabre::fallback: received ptrace wait status status=PtraceSyscall(Pid(3))
2026-08-07T01:31:01.955623Z TRACE hermit::sabre::fallback: decoded ptrace syscall stop tid=3 op=1
2026-08-07T01:31:01.955635Z TRACE hermit::sabre::fallback: received ptrace wait status status=PtraceSyscall(Pid(3))
2026-08-07T01:31:01.955637Z TRACE hermit::sabre::fallback: decoded ptrace syscall stop tid=3 op=2
2026-08-07T01:31:01.955642Z TRACE hermit::sabre::fallback: received ptrace wait status status=PtraceSyscall(Pid(3))
2026-08-07T01:31:01.955643Z TRACE hermit::sabre::fallback: decoded ptrace syscall stop tid=3 op=1
2026-08-07T01:31:01.955655Z TRACE hermit::sabre::fallback: received ptrace wait status status=PtraceSyscall(Pid(3))
2026-08-07T01:31:01.955656Z TRACE hermit::sabre::fallback: decoded ptrace syscall stop tid=3 op=2
2026-08-07T01:31:01.955661Z TRACE hermit::sabre::fallback: received ptrace wait status status=PtraceSyscall(Pid(3))
2026-08-07T01:31:01.955662Z TRACE hermit::sabre::fallback: decoded ptrace syscall stop tid=3 op=1
2026-08-07T01:31:01.955674Z TRACE hermit::sabre::fallback: received ptrace wait status status=PtraceSyscall(Pid(3))
2026-08-07T01:31:01.955675Z TRACE hermit::sabre::fallback: decoded ptrace syscall stop tid=3 op=2
2026-08-07T01:31:01.955681Z TRACE hermit::sabre::fallback: received ptrace wait status status=PtraceSyscall(Pid(3))
2026-08-07T01:31:01.955682Z TRACE hermit::sabre::fallback: decoded ptrace syscall stop tid=3 op=1
2026-08-07T01:31:01.955694Z TRACE hermit::sabre::fallback: received ptrace wait status status=PtraceSyscall(Pid(3))
2026-08-07T01:31:01.955695Z TRACE hermit::sabre::fallback: decoded ptrace syscall stop tid=3 op=2
2026-08-07T01:31:01.955777Z TRACE hermit::sabre::fallback: received ptrace wait status status=PtraceSyscall(Pid(3))
2026-08-07T01:31:01.955778Z TRACE hermit::sabre::fallback: decoded ptrace syscall stop tid=3 op=1
2026-08-07T01:31:01.955792Z TRACE hermit::sabre::fallback: received ptrace wait status status=PtraceSyscall(Pid(3))
2026-08-07T01:31:01.955793Z TRACE hermit::sabre::fallback: decoded ptrace syscall stop tid=3 op=2
2026-08-07T01:31:01.955799Z TRACE hermit::sabre::fallback: received ptrace wait status status=PtraceSyscall(Pid(3))
2026-08-07T01:31:01.955800Z TRACE hermit::sabre::fallback: decoded ptrace syscall stop tid=3 op=1
2026-08-07T01:31:01.955806Z TRACE hermit::sabre::fallback: received ptrace wait status status=PtraceSyscall(Pid(3))
2026-08-07T01:31:01.955807Z TRACE hermit::sabre::fallback: decoded ptrace syscall stop tid=3 op=2
2026-08-07T01:31:01.955815Z TRACE hermit::sabre::fallback: received ptrace wait status status=PtraceSyscall(Pid(3))
2026-08-07T01:31:01.955817Z TRACE hermit::sabre::fallback: decoded ptrace syscall stop tid=3 op=1
2026-08-07T01:31:01.955823Z TRACE hermit::sabre::fallback: received ptrace wait status status=PtraceSyscall(Pid(3))
2026-08-07T01:31:01.955824Z TRACE hermit::sabre::fallback: decoded ptrace syscall stop tid=3 op=2
2026-08-07T01:31:01.955829Z TRACE hermit::sabre::fallback: received ptrace wait status status=PtraceSyscall(Pid(3))
2026-08-07T01:31:01.955830Z TRACE hermit::sabre::fallback: decoded ptrace syscall stop tid=3 op=1
2026-08-07T01:31:01.955838Z TRACE hermit::sabre::fallback: received ptrace wait status status=PtraceSyscall(Pid(3))
2026-08-07T01:31:01.955839Z TRACE hermit::sabre::fallback: decoded ptrace syscall stop tid=3 op=2
2026-08-07T01:31:01.955844Z TRACE hermit::sabre::fallback: received ptrace wait status status=PtraceSyscall(Pid(3))
2026-08-07T01:31:01.955845Z TRACE hermit::sabre::fallback: decoded ptrace syscall stop tid=3 op=1
2026-08-07T01:31:01.955990Z TRACE hermit::sabre::fallback: received ptrace wait status status=PtraceSyscall(Pid(3))
2026-08-07T01:31:01.955992Z TRACE hermit::sabre::fallback: decoded ptrace syscall stop tid=3 op=2
2026-08-07T01:31:01.955999Z TRACE hermit::sabre::fallback: received ptrace wait status status=PtraceSyscall(Pid(3))
2026-08-07T01:31:01.956000Z TRACE hermit::sabre::fallback: decoded ptrace syscall stop tid=3 op=1
2026-08-07T01:31:01.956010Z TRACE hermit::sabre::fallback: received ptrace wait status status=PtraceSyscall(Pid(3))
2026-08-07T01:31:01.956011Z TRACE hermit::sabre::fallback: decoded ptrace syscall stop tid=3 op=2
2026-08-07T01:31:01.956016Z TRACE hermit::sabre::fallback: received ptrace wait status status=PtraceSyscall(Pid(3))
2026-08-07T01:31:01.956017Z TRACE hermit::sabre::fallback: decoded ptrace syscall stop tid=3 op=1
2026-08-07T01:31:01.956025Z TRACE hermit::sabre::fallback: received ptrace wait status status=PtraceSyscall(Pid(3))
2026-08-07T01:31:01.956026Z TRACE hermit::sabre::fallback: decoded ptrace syscall stop tid=3 op=2
2026-08-07T01:31:01.956049Z TRACE hermit::sabre::fallback: received ptrace wait status status=PtraceSyscall(Pid(3))
2026-08-07T01:31:01.956051Z TRACE hermit::sabre::fallback: decoded ptrace syscall stop tid=3 op=1
2026-08-07T01:31:01.956055Z TRACE hermit::sabre::fallback: received ptrace wait status status=PtraceSyscall(Pid(3))
2026-08-07T01:31:01.956057Z TRACE hermit::sabre::fallback: decoded ptrace syscall stop tid=3 op=2
2026-08-07T01:31:01.956070Z TRACE hermit::sabre::fallback: received ptrace wait status status=PtraceSyscall(Pid(3))
2026-08-07T01:31:01.956071Z TRACE hermit::sabre::fallback: decoded ptrace syscall stop tid=3 op=1
2026-08-07T01:31:01.956077Z TRACE hermit::sabre::fallback: received ptrace wait status status=PtraceSyscall(Pid(3))
2026-08-07T01:31:01.956078Z TRACE hermit::sabre::fallback: decoded ptrace syscall stop tid=3 op=2
2026-08-07T01:31:01.956083Z TRACE hermit::sabre::fallback: received ptrace wait status status=PtraceSyscall(Pid(3))
2026-08-07T01:31:01.956084Z TRACE hermit::sabre::fallback: decoded ptrace syscall stop tid=3 op=1
2026-08-07T01:31:01.956090Z TRACE hermit::sabre::fallback: received ptrace wait status status=PtraceSyscall(Pid(3))
2026-08-07T01:31:01.956091Z TRACE hermit::sabre::fallback: decoded ptrace syscall stop tid=3 op=2
2026-08-07T01:31:01.956097Z TRACE hermit::sabre::fallback: received ptrace wait status status=PtraceSyscall(Pid(3))
2026-08-07T01:31:01.956098Z TRACE hermit::sabre::fallback: decoded ptrace syscall stop tid=3 op=1
2026-08-07T01:31:01.956103Z TRACE hermit::sabre::fallback: received ptrace wait status status=PtraceSyscall(Pid(3))
2026-08-07T01:31:01.956104Z TRACE hermit::sabre::fallback: decoded ptrace syscall stop tid=3 op=2
2026-08-07T01:31:01.956109Z TRACE hermit::sabre::fallback: received ptrace wait status status=PtraceSyscall(Pid(3))
2026-08-07T01:31:01.956110Z TRACE hermit::sabre::fallback: decoded ptrace syscall stop tid=3 op=1
2026-08-07T01:31:01.956115Z TRACE hermit::sabre::fallback: received ptrace wait status status=PtraceSyscall(Pid(3))
2026-08-07T01:31:01.956116Z TRACE hermit::sabre::fallback: decoded ptrace syscall stop tid=3 op=2
2026-08-07T01:31:01.956123Z TRACE hermit::sabre::fallback: received ptrace wait status status=PtraceSyscall(Pid(3))
2026-08-07T01:31:01.956124Z TRACE hermit::sabre::fallback: decoded ptrace syscall stop tid=3 op=1
2026-08-07T01:31:01.956129Z TRACE hermit::sabre::fallback: received ptrace wait status status=PtraceSyscall(Pid(3))
2026-08-07T01:31:01.956130Z TRACE hermit::sabre::fallback: decoded ptrace syscall stop tid=3 op=2
2026-08-07T01:31:01.956135Z TRACE hermit::sabre::fallback: received ptrace wait status status=PtraceSyscall(Pid(3))
2026-08-07T01:31:01.956136Z TRACE hermit::sabre::fallback: decoded ptrace syscall stop tid=3 op=1
2026-08-07T01:31:01.956141Z TRACE hermit::sabre::fallback: received ptrace wait status status=PtraceSyscall(Pid(3))
2026-08-07T01:31:01.956142Z TRACE hermit::sabre::fallback: decoded ptrace syscall stop tid=3 op=2
2026-08-07T01:31:01.956147Z TRACE hermit::sabre::fallback: received ptrace wait status status=PtraceSyscall(Pid(3))
2026-08-07T01:31:01.956148Z TRACE hermit::sabre::fallback: decoded ptrace syscall stop tid=3 op=1
2026-08-07T01:31:01.956152Z TRACE hermit::sabre::fallback: received ptrace wait status status=PtraceSyscall(Pid(3))
2026-08-07T01:31:01.956153Z TRACE hermit::sabre::fallback: decoded ptrace syscall stop tid=3 op=2
2026-08-07T01:31:01.956159Z TRACE hermit::sabre::fallback: received ptrace wait status status=PtraceSyscall(Pid(3))
2026-08-07T01:31:01.956161Z TRACE hermit::sabre::fallback: decoded ptrace syscall stop tid=3 op=1
2026-08-07T01:31:01.956166Z TRACE hermit::sabre::fallback: received ptrace wait status status=PtraceSyscall(Pid(3))
2026-08-07T01:31:01.956167Z TRACE hermit::sabre::fallback: decoded ptrace syscall stop tid=3 op=2
2026-08-07T01:31:01.956174Z TRACE hermit::sabre::fallback: received ptrace wait status status=PtraceSyscall(Pid(3))
2026-08-07T01:31:01.956175Z TRACE hermit::sabre::fallback: decoded ptrace syscall stop tid=3 op=1
2026-08-07T01:31:01.956184Z TRACE hermit::sabre::fallback: received ptrace wait status status=PtraceSyscall(Pid(3))
2026-08-07T01:31:01.956185Z TRACE hermit::sabre::fallback: decoded ptrace syscall stop tid=3 op=2
2026-08-07T01:31:01.956190Z TRACE hermit::sabre::fallback: received ptrace wait status status=PtraceSyscall(Pid(3))
2026-08-07T01:31:01.956191Z TRACE hermit::sabre::fallback: decoded ptrace syscall stop tid=3 op=1
2026-08-07T01:31:01.956199Z TRACE hermit::sabre::fallback: received ptrace wait status status=PtraceSyscall(Pid(3))
2026-08-07T01:31:01.956201Z TRACE hermit::sabre::fallback: decoded ptrace syscall stop tid=3 op=2
2026-08-07T01:31:01.956214Z TRACE hermit::sabre::fallback: received ptrace wait status status=PtraceSyscall(Pid(3))
2026-08-07T01:31:01.956215Z TRACE hermit::sabre::fallback: decoded ptrace syscall stop tid=3 op=1
2026-08-07T01:31:01.956221Z TRACE hermit::sabre::fallback: received ptrace wait status status=PtraceSyscall(Pid(3))
2026-08-07T01:31:01.956222Z TRACE hermit::sabre::fallback: decoded ptrace syscall stop tid=3 op=2
2026-08-07T01:31:01.956230Z TRACE hermit::sabre::fallback: received ptrace wait status status=PtraceSyscall(Pid(3))
2026-08-07T01:31:01.956231Z TRACE hermit::sabre::fallback: decoded ptrace syscall stop tid=3 op=1
2026-08-07T01:31:01.956237Z TRACE hermit::sabre::fallback: received ptrace wait status status=PtraceSyscall(Pid(3))
2026-08-07T01:31:01.956238Z TRACE hermit::sabre::fallback: decoded ptrace syscall stop tid=3 op=2
2026-08-07T01:31:01.956245Z TRACE hermit::sabre::fallback: received ptrace wait status status=PtraceSyscall(Pid(3))
2026-08-07T01:31:01.956246Z TRACE hermit::sabre::fallback: decoded ptrace syscall stop tid=3 op=1
2026-08-07T01:31:01.956251Z TRACE hermit::sabre::fallback: received ptrace wait status status=PtraceSyscall(Pid(3))
2026-08-07T01:31:01.956252Z TRACE hermit::sabre::fallback: decoded ptrace syscall stop tid=3 op=2
2026-08-07T01:31:01.956257Z TRACE hermit::sabre::fallback: received ptrace wait status status=PtraceSyscall(Pid(3))
2026-08-07T01:31:01.956258Z TRACE hermit::sabre::fallback: decoded ptrace syscall stop tid=3 op=1
2026-08-07T01:31:01.956262Z TRACE hermit::sabre::fallback: received ptrace wait status status=PtraceSyscall(Pid(3))
2026-08-07T01:31:01.956264Z TRACE hermit::sabre::fallback: decoded ptrace syscall stop tid=3 op=2
2026-08-07T01:31:01.956268Z TRACE hermit::sabre::fallback: received ptrace wait status status=PtraceSyscall(Pid(3))
2026-08-07T01:31:01.956270Z TRACE hermit::sabre::fallback: decoded ptrace syscall stop tid=3 op=1
2026-08-07T01:31:01.956276Z TRACE hermit::sabre::fallback: received ptrace wait status status=PtraceSyscall(Pid(3))
2026-08-07T01:31:01.956277Z TRACE hermit::sabre::fallback: decoded ptrace syscall stop tid=3 op=2
2026-08-07T01:31:01.956282Z TRACE hermit::sabre::fallback: received ptrace wait status status=PtraceSyscall(Pid(3))
2026-08-07T01:31:01.956283Z TRACE hermit::sabre::fallback: decoded ptrace syscall stop tid=3 op=1
2026-08-07T01:31:01.956288Z TRACE hermit::sabre::fallback: received ptrace wait status status=PtraceSyscall(Pid(3))
2026-08-07T01:31:01.956289Z TRACE hermit::sabre::fallback: decoded ptrace syscall stop tid=3 op=2
2026-08-07T01:31:01.956294Z TRACE hermit::sabre::fallback: received ptrace wait status status=PtraceSyscall(Pid(3))
2026-08-07T01:31:01.956295Z TRACE hermit::sabre::fallback: decoded ptrace syscall stop tid=3 op=1
2026-08-07T01:31:01.956299Z TRACE hermit::sabre::fallback: received ptrace wait status status=PtraceSyscall(Pid(3))
2026-08-07T01:31:01.956301Z TRACE hermit::sabre::fallback: decoded ptrace syscall stop tid=3 op=2
2026-08-07T01:31:01.956305Z TRACE hermit::sabre::fallback: received ptrace wait status status=PtraceSyscall(Pid(3))
2026-08-07T01:31:01.956306Z TRACE hermit::sabre::fallback: decoded ptrace syscall stop tid=3 op=1
2026-08-07T01:31:01.956311Z TRACE hermit::sabre::fallback: received ptrace wait status status=PtraceSyscall(Pid(3))
2026-08-07T01:31:01.956312Z TRACE hermit::sabre::fallback: decoded ptrace syscall stop tid=3 op=2
2026-08-07T01:31:01.956347Z TRACE hermit::sabre::fallback: received ptrace wait status status=PtraceSyscall(Pid(3))
2026-08-07T01:31:01.956348Z TRACE hermit::sabre::fallback: decoded ptrace syscall stop tid=3 op=1
2026-08-07T01:31:01.956371Z TRACE hermit::sabre::fallback: received ptrace wait status status=PtraceSyscall(Pid(3))
2026-08-07T01:31:01.956372Z TRACE hermit::sabre::fallback: decoded ptrace syscall stop tid=3 op=2
2026-08-07T01:31:01.956378Z TRACE hermit::sabre::fallback: received ptrace wait status status=PtraceSyscall(Pid(3))
2026-08-07T01:31:01.956379Z TRACE hermit::sabre::fallback: decoded ptrace syscall stop tid=3 op=1
2026-08-07T01:31:01.956388Z TRACE hermit::sabre::fallback: received ptrace wait status status=PtraceSyscall(Pid(3))
2026-08-07T01:31:01.956389Z TRACE hermit::sabre::fallback: decoded ptrace syscall stop tid=3 op=2
2026-08-07T01:31:01.956397Z TRACE hermit::sabre::fallback: received ptrace wait status status=PtraceSyscall(Pid(3))
2026-08-07T01:31:01.956398Z TRACE hermit::sabre::fallback: decoded ptrace syscall stop tid=3 op=1
2026-08-07T01:31:01.956419Z TRACE hermit::sabre::fallback: received ptrace wait status status=PtraceSyscall(Pid(3))
2026-08-07T01:31:01.956420Z TRACE hermit::sabre::fallback: decoded ptrace syscall stop tid=3 op=2
2026-08-07T01:31:01.956428Z TRACE hermit::sabre::fallback: received ptrace wait status status=PtraceSyscall(Pid(3))
2026-08-07T01:31:01.956430Z TRACE hermit::sabre::fallback: decoded ptrace syscall stop tid=3 op=1
2026-08-07T01:31:01.956448Z TRACE hermit::sabre::fallback: received ptrace wait status status=PtraceSyscall(Pid(3))
2026-08-07T01:31:01.956450Z TRACE hermit::sabre::fallback: decoded ptrace syscall stop tid=3 op=2
2026-08-07T01:31:01.956459Z TRACE hermit::sabre::fallback: received ptrace wait status status=PtraceSyscall(Pid(3))
2026-08-07T01:31:01.956461Z TRACE hermit::sabre::fallback: decoded ptrace syscall stop tid=3 op=1
2026-08-07T01:31:01.956474Z TRACE hermit::sabre::fallback: received ptrace wait status status=PtraceSyscall(Pid(3))
2026-08-07T01:31:01.956475Z TRACE hermit::sabre::fallback: decoded ptrace syscall stop tid=3 op=2
2026-08-07T01:31:01.956485Z TRACE hermit::sabre::fallback: received ptrace wait status status=PtraceSyscall(Pid(3))
2026-08-07T01:31:01.956486Z TRACE hermit::sabre::fallback: decoded ptrace syscall stop tid=3 op=1
2026-08-07T01:31:01.956491Z TRACE hermit::sabre::fallback: received ptrace wait status status=PtraceSyscall(Pid(3))
2026-08-07T01:31:01.956493Z TRACE hermit::sabre::fallback: decoded ptrace syscall stop tid=3 op=2
2026-08-07T01:31:01.956500Z TRACE hermit::sabre::fallback: received ptrace wait status status=PtraceSyscall(Pid(3))
2026-08-07T01:31:01.956501Z TRACE hermit::sabre::fallback: decoded ptrace syscall stop tid=3 op=1
2026-08-07T01:31:01.956506Z TRACE hermit::sabre::fallback: received ptrace wait status status=PtraceSyscall(Pid(3))
2026-08-07T01:31:01.956507Z TRACE hermit::sabre::fallback: decoded ptrace syscall stop tid=3 op=2
2026-08-07T01:31:01.956515Z TRACE hermit::sabre::fallback: received ptrace wait status status=PtraceSyscall(Pid(3))
2026-08-07T01:31:01.956516Z TRACE hermit::sabre::fallback: decoded ptrace syscall stop tid=3 op=1
2026-08-07T01:31:01.956522Z TRACE hermit::sabre::fallback: received ptrace wait status status=PtraceSyscall(Pid(3))
2026-08-07T01:31:01.956523Z TRACE hermit::sabre::fallback: decoded ptrace syscall stop tid=3 op=2
2026-08-07T01:31:01.956529Z TRACE hermit::sabre::fallback: received ptrace wait status status=PtraceSyscall(Pid(3))
2026-08-07T01:31:01.956530Z TRACE hermit::sabre::fallback: decoded ptrace syscall stop tid=3 op=1
2026-08-07T01:31:01.956536Z TRACE hermit::sabre::fallback: received ptrace wait status status=PtraceSyscall(Pid(3))
2026-08-07T01:31:01.956537Z TRACE hermit::sabre::fallback: decoded ptrace syscall stop tid=3 op=2
2026-08-07T01:31:01.956545Z TRACE hermit::sabre::fallback: received ptrace wait status status=PtraceSyscall(Pid(3))
2026-08-07T01:31:01.956546Z TRACE hermit::sabre::fallback: decoded ptrace syscall stop tid=3 op=1
2026-08-07T01:31:01.956551Z TRACE hermit::sabre::fallback: received ptrace wait status status=PtraceSyscall(Pid(3))
2026-08-07T01:31:01.956552Z TRACE hermit::sabre::fallback: decoded ptrace syscall stop tid=3 op=2
2026-08-07T01:31:01.956562Z TRACE hermit::sabre::fallback: received ptrace wait status status=PtraceSyscall(Pid(3))
2026-08-07T01:31:01.956563Z TRACE hermit::sabre::fallback: decoded ptrace syscall stop tid=3 op=1
2026-08-07T01:31:01.956569Z TRACE hermit::sabre::fallback: received ptrace wait status status=PtraceSyscall(Pid(3))
2026-08-07T01:31:01.956570Z TRACE hermit::sabre::fallback: decoded ptrace syscall stop tid=3 op=2
2026-08-07T01:31:01.956576Z TRACE hermit::sabre::fallback: received ptrace wait status status=PtraceSyscall(Pid(3))
2026-08-07T01:31:01.956578Z TRACE hermit::sabre::fallback: decoded ptrace syscall stop tid=3 op=1
2026-08-07T01:31:01.956586Z TRACE hermit::sabre::fallback: received ptrace wait status status=PtraceSyscall(Pid(3))
2026-08-07T01:31:01.956587Z TRACE hermit::sabre::fallback: decoded ptrace syscall stop tid=3 op=2
2026-08-07T01:31:01.956594Z TRACE hermit::sabre::fallback: received ptrace wait status status=PtraceSyscall(Pid(3))
2026-08-07T01:31:01.956595Z TRACE hermit::sabre::fallback: decoded ptrace syscall stop tid=3 op=1
2026-08-07T01:31:01.956600Z TRACE hermit::sabre::fallback: received ptrace wait status status=PtraceSyscall(Pid(3))
2026-08-07T01:31:01.956601Z TRACE hermit::sabre::fallback: decoded ptrace syscall stop tid=3 op=2
2026-08-07T01:31:01.956609Z TRACE hermit::sabre::fallback: received ptrace wait status status=PtraceSyscall(Pid(3))
2026-08-07T01:31:01.956610Z TRACE hermit::sabre::fallback: decoded ptrace syscall stop tid=3 op=1
2026-08-07T01:31:01.956616Z TRACE hermit::sabre::fallback: received ptrace wait status status=PtraceSyscall(Pid(3))
2026-08-07T01:31:01.956617Z TRACE hermit::sabre::fallback: decoded ptrace syscall stop tid=3 op=2
2026-08-07T01:31:01.956624Z TRACE hermit::sabre::fallback: received ptrace wait status status=PtraceSyscall(Pid(3))
2026-08-07T01:31:01.956625Z TRACE hermit::sabre::fallback: decoded ptrace syscall stop tid=3 op=1
2026-08-07T01:31:01.956630Z TRACE hermit::sabre::fallback: received ptrace wait status status=PtraceSyscall(Pid(3))
2026-08-07T01:31:01.956631Z TRACE hermit::sabre::fallback: decoded ptrace syscall stop tid=3 op=2
2026-08-07T01:31:01.956638Z TRACE hermit::sabre::fallback: received ptrace wait status status=PtraceSyscall(Pid(3))
2026-08-07T01:31:01.956639Z TRACE hermit::sabre::fallback: decoded ptrace syscall stop tid=3 op=1
2026-08-07T01:31:01.956645Z TRACE hermit::sabre::fallback: received ptrace wait status status=PtraceSyscall(Pid(3))
2026-08-07T01:31:01.956646Z TRACE hermit::sabre::fallback: decoded ptrace syscall stop tid=3 op=2
2026-08-07T01:31:01.956653Z TRACE hermit::sabre::fallback: received ptrace wait status status=PtraceSyscall(Pid(3))
2026-08-07T01:31:01.956654Z TRACE hermit::sabre::fallback: decoded ptrace syscall stop tid=3 op=1
2026-08-07T01:31:01.956659Z TRACE hermit::sabre::fallback: received ptrace wait status status=PtraceSyscall(Pid(3))
2026-08-07T01:31:01.956660Z TRACE hermit::sabre::fallback: decoded ptrace syscall stop tid=3 op=2
2026-08-07T01:31:01.956669Z TRACE hermit::sabre::fallback: received ptrace wait status status=PtraceSyscall(Pid(3))
2026-08-07T01:31:01.956670Z TRACE hermit::sabre::fallback: decoded ptrace syscall stop tid=3 op=1
2026-08-07T01:31:01.956675Z TRACE hermit::sabre::fallback: received ptrace wait status status=PtraceSyscall(Pid(3))
2026-08-07T01:31:01.956676Z TRACE hermit::sabre::fallback: decoded ptrace syscall stop tid=3 op=2
2026-08-07T01:31:01.956683Z TRACE hermit::sabre::fallback: received ptrace wait status status=PtraceSyscall(Pid(3))
2026-08-07T01:31:01.956684Z TRACE hermit::sabre::fallback: decoded ptrace syscall stop tid=3 op=1
2026-08-07T01:31:01.956692Z TRACE hermit::sabre::fallback: received ptrace wait status status=PtraceSyscall(Pid(3))
2026-08-07T01:31:01.956693Z TRACE hermit::sabre::fallback: decoded ptrace syscall stop tid=3 op=2
2026-08-07T01:31:01.956699Z TRACE hermit::sabre::fallback: received ptrace wait status status=PtraceSyscall(Pid(3))
2026-08-07T01:31:01.956701Z TRACE hermit::sabre::fallback: decoded ptrace syscall stop tid=3 op=1
2026-08-07T01:31:01.956706Z TRACE hermit::sabre::fallback: received ptrace wait status status=PtraceSyscall(Pid(3))
2026-08-07T01:31:01.956707Z TRACE hermit::sabre::fallback: decoded ptrace syscall stop tid=3 op=2
2026-08-07T01:31:01.956714Z TRACE hermit::sabre::fallback: received ptrace wait status status=PtraceSyscall(Pid(3))
2026-08-07T01:31:01.956716Z TRACE hermit::sabre::fallback: decoded ptrace syscall stop tid=3 op=1
2026-08-07T01:31:01.956725Z TRACE hermit::sabre::fallback: received ptrace wait status status=PtraceSyscall(Pid(3))
2026-08-07T01:31:01.956727Z TRACE hermit::sabre::fallback: decoded ptrace syscall stop tid=3 op=2
2026-08-07T01:31:01.956736Z TRACE hermit::sabre::fallback: received ptrace wait status status=PtraceSyscall(Pid(3))
2026-08-07T01:31:01.956737Z TRACE hermit::sabre::fallback: decoded ptrace syscall stop tid=3 op=1
2026-08-07T01:31:01.956742Z TRACE hermit::sabre::fallback: received ptrace wait status status=PtraceSyscall(Pid(3))
2026-08-07T01:31:01.956743Z TRACE hermit::sabre::fallback: decoded ptrace syscall stop tid=3 op=2
2026-08-07T01:31:01.956750Z TRACE hermit::sabre::fallback: received ptrace wait status status=PtraceSyscall(Pid(3))
2026-08-07T01:31:01.956751Z TRACE hermit::sabre::fallback: decoded ptrace syscall stop tid=3 op=1
2026-08-07T01:31:01.956757Z TRACE hermit::sabre::fallback: received ptrace wait status status=PtraceSyscall(Pid(3))
2026-08-07T01:31:01.956758Z TRACE hermit::sabre::fallback: decoded ptrace syscall stop tid=3 op=2
2026-08-07T01:31:01.956765Z TRACE hermit::sabre::fallback: received ptrace wait status status=PtraceSyscall(Pid(3))
2026-08-07T01:31:01.956766Z TRACE hermit::sabre::fallback: decoded ptrace syscall stop tid=3 op=1
2026-08-07T01:31:01.956771Z TRACE hermit::sabre::fallback: received ptrace wait status status=PtraceSyscall(Pid(3))
2026-08-07T01:31:01.956772Z TRACE hermit::sabre::fallback: decoded ptrace syscall stop tid=3 op=2
2026-08-07T01:31:01.956779Z TRACE hermit::sabre::fallback: received ptrace wait status status=PtraceSyscall(Pid(3))
2026-08-07T01:31:01.956781Z TRACE hermit::sabre::fallback: decoded ptrace syscall stop tid=3 op=1
2026-08-07T01:31:01.956789Z TRACE hermit::sabre::fallback: received ptrace wait status status=PtraceSyscall(Pid(3))
2026-08-07T01:31:01.956790Z TRACE hermit::sabre::fallback: decoded ptrace syscall stop tid=3 op=2
2026-08-07T01:31:01.956797Z TRACE hermit::sabre::fallback: received ptrace wait status status=PtraceSyscall(Pid(3))
2026-08-07T01:31:01.956798Z TRACE hermit::sabre::fallback: decoded ptrace syscall stop tid=3 op=1
2026-08-07T01:31:01.956809Z TRACE hermit::sabre::fallback: received ptrace wait status status=PtraceSyscall(Pid(3))
2026-08-07T01:31:01.956810Z TRACE hermit::sabre::fallback: decoded ptrace syscall stop tid=3 op=2
2026-08-07T01:31:01.956815Z TRACE hermit::sabre::fallback: received ptrace wait status status=PtraceSyscall(Pid(3))
2026-08-07T01:31:01.956816Z TRACE hermit::sabre::fallback: decoded ptrace syscall stop tid=3 op=1
2026-08-07T01:31:01.956821Z TRACE hermit::sabre::fallback: received ptrace wait status status=PtraceSyscall(Pid(3))
2026-08-07T01:31:01.956822Z TRACE hermit::sabre::fallback: decoded ptrace syscall stop tid=3 op=2
2026-08-07T01:31:01.956828Z TRACE hermit::sabre::fallback: received ptrace wait status status=PtraceSyscall(Pid(3))
2026-08-07T01:31:01.956830Z TRACE hermit::sabre::fallback: decoded ptrace syscall stop tid=3 op=1
2026-08-07T01:31:01.956836Z TRACE hermit::sabre::fallback: received ptrace wait status status=PtraceSyscall(Pid(3))
2026-08-07T01:31:01.956837Z TRACE hermit::sabre::fallback: decoded ptrace syscall stop tid=3 op=2
2026-08-07T01:31:01.956845Z TRACE hermit::sabre::fallback: received ptrace wait status status=PtraceSyscall(Pid(3))
2026-08-07T01:31:01.956847Z TRACE hermit::sabre::fallback: decoded ptrace syscall stop tid=3 op=1
2026-08-07T01:31:01.956852Z TRACE hermit::sabre::fallback: received ptrace wait status status=PtraceSyscall(Pid(3))
2026-08-07T01:31:01.956853Z TRACE hermit::sabre::fallback: decoded ptrace syscall stop tid=3 op=2
2026-08-07T01:31:01.956861Z TRACE hermit::sabre::fallback: received ptrace wait status status=PtraceSyscall(Pid(3))
2026-08-07T01:31:01.956862Z TRACE hermit::sabre::fallback: decoded ptrace syscall stop tid=3 op=1
2026-08-07T01:31:01.956868Z TRACE hermit::sabre::fallback: received ptrace wait status status=PtraceSyscall(Pid(3))
2026-08-07T01:31:01.956869Z TRACE hermit::sabre::fallback: decoded ptrace syscall stop tid=3 op=2
2026-08-07T01:31:01.956875Z TRACE hermit::sabre::fallback: received ptrace wait status status=PtraceSyscall(Pid(3))
2026-08-07T01:31:01.956876Z TRACE hermit::sabre::fallback: decoded ptrace syscall stop tid=3 op=1
2026-08-07T01:31:01.956881Z TRACE hermit::sabre::fallback: received ptrace wait status status=PtraceSyscall(Pid(3))
2026-08-07T01:31:01.956882Z TRACE hermit::sabre::fallback: decoded ptrace syscall stop tid=3 op=2
2026-08-07T01:31:01.956888Z TRACE hermit::sabre::fallback: received ptrace wait status status=PtraceSyscall(Pid(3))
2026-08-07T01:31:01.956889Z TRACE hermit::sabre::fallback: decoded ptrace syscall stop tid=3 op=1
2026-08-07T01:31:01.956894Z TRACE hermit::sabre::fallback: received ptrace wait status status=PtraceSyscall(Pid(3))
2026-08-07T01:31:01.956895Z TRACE hermit::sabre::fallback: decoded ptrace syscall stop tid=3 op=2
2026-08-07T01:31:01.956902Z TRACE hermit::sabre::fallback: received ptrace wait status status=PtraceSyscall(Pid(3))
2026-08-07T01:31:01.956903Z TRACE hermit::sabre::fallback: decoded ptrace syscall stop tid=3 op=1
2026-08-07T01:31:01.956907Z TRACE hermit::sabre::fallback: received ptrace wait status status=PtraceSyscall(Pid(3))
2026-08-07T01:31:01.956909Z TRACE hermit::sabre::fallback: decoded ptrace syscall stop tid=3 op=2
2026-08-07T01:31:01.956915Z TRACE hermit::sabre::fallback: received ptrace wait status status=PtraceSyscall(Pid(3))
2026-08-07T01:31:01.956916Z TRACE hermit::sabre::fallback: decoded ptrace syscall stop tid=3 op=1
2026-08-07T01:31:01.956921Z TRACE hermit::sabre::fallback: received ptrace wait status status=PtraceSyscall(Pid(3))
2026-08-07T01:31:01.956922Z TRACE hermit::sabre::fallback: decoded ptrace syscall stop tid=3 op=2
2026-08-07T01:31:01.956928Z TRACE hermit::sabre::fallback: received ptrace wait status status=PtraceSyscall(Pid(3))
2026-08-07T01:31:01.956929Z TRACE hermit::sabre::fallback: decoded ptrace syscall stop tid=3 op=1
2026-08-07T01:31:01.956934Z TRACE hermit::sabre::fallback: received ptrace wait status status=PtraceSyscall(Pid(3))
2026-08-07T01:31:01.956935Z TRACE hermit::sabre::fallback: decoded ptrace syscall stop tid=3 op=2
2026-08-07T01:31:01.956944Z TRACE hermit::sabre::fallback: received ptrace wait status status=PtraceSyscall(Pid(3))
2026-08-07T01:31:01.956945Z TRACE hermit::sabre::fallback: decoded ptrace syscall stop tid=3 op=1
2026-08-07T01:31:01.956955Z TRACE hermit::sabre::fallback: received ptrace wait status status=PtraceSyscall(Pid(3))
2026-08-07T01:31:01.956956Z TRACE hermit::sabre::fallback: decoded ptrace syscall stop tid=3 op=2
2026-08-07T01:31:01.956964Z TRACE hermit::sabre::fallback: received ptrace wait status status=PtraceSyscall(Pid(3))
2026-08-07T01:31:01.956965Z TRACE hermit::sabre::fallback: decoded ptrace syscall stop tid=3 op=1
2026-08-07T01:31:01.956970Z TRACE hermit::sabre::fallback: received ptrace wait status status=PtraceSyscall(Pid(3))
2026-08-07T01:31:01.956971Z TRACE hermit::sabre::fallback: decoded ptrace syscall stop tid=3 op=2
2026-08-07T01:31:01.956979Z TRACE hermit::sabre::fallback: received ptrace wait status status=PtraceSyscall(Pid(3))
2026-08-07T01:31:01.956980Z TRACE hermit::sabre::fallback: decoded ptrace syscall stop tid=3 op=1
2026-08-07T01:31:01.956988Z TRACE hermit::sabre::fallback: received ptrace wait status status=PtraceSyscall(Pid(3))
2026-08-07T01:31:01.956989Z TRACE hermit::sabre::fallback: decoded ptrace syscall stop tid=3 op=2
2026-08-07T01:31:01.956995Z TRACE hermit::sabre::fallback: received ptrace wait status status=PtraceSyscall(Pid(3))
2026-08-07T01:31:01.956996Z TRACE hermit::sabre::fallback: decoded ptrace syscall stop tid=3 op=1
2026-08-07T01:31:01.957002Z TRACE hermit::sabre::fallback: received ptrace wait status status=PtraceSyscall(Pid(3))
2026-08-07T01:31:01.957003Z TRACE hermit::sabre::fallback: decoded ptrace syscall stop tid=3 op=2
2026-08-07T01:31:01.957009Z TRACE hermit::sabre::fallback: received ptrace wait status status=PtraceSyscall(Pid(3))
2026-08-07T01:31:01.957010Z TRACE hermit::sabre::fallback: decoded ptrace syscall stop tid=3 op=1
2026-08-07T01:31:01.957015Z TRACE hermit::sabre::fallback: received ptrace wait status status=PtraceSyscall(Pid(3))
2026-08-07T01:31:01.957017Z TRACE hermit::sabre::fallback: decoded ptrace syscall stop tid=3 op=2
2026-08-07T01:31:01.957023Z TRACE hermit::sabre::fallback: received ptrace wait status status=PtraceSyscall(Pid(3))
2026-08-07T01:31:01.957024Z TRACE hermit::sabre::fallback: decoded ptrace syscall stop tid=3 op=1
2026-08-07T01:31:01.957029Z TRACE hermit::sabre::fallback: received ptrace wait status status=PtraceSyscall(Pid(3))
2026-08-07T01:31:01.957030Z TRACE hermit::sabre::fallback: decoded ptrace syscall stop tid=3 op=2
2026-08-07T01:31:01.957036Z TRACE hermit::sabre::fallback: received ptrace wait status status=PtraceSyscall(Pid(3))
2026-08-07T01:31:01.957037Z TRACE hermit::sabre::fallback: decoded ptrace syscall stop tid=3 op=1
2026-08-07T01:31:01.957042Z TRACE hermit::sabre::fallback: received ptrace wait status status=PtraceSyscall(Pid(3))
2026-08-07T01:31:01.957043Z TRACE hermit::sabre::fallback: decoded ptrace syscall stop tid=3 op=2
2026-08-07T01:31:01.957049Z TRACE hermit::sabre::fallback: received ptrace wait status status=PtraceSyscall(Pid(3))
2026-08-07T01:31:01.957050Z TRACE hermit::sabre::fallback: decoded ptrace syscall stop tid=3 op=1
2026-08-07T01:31:01.957057Z TRACE hermit::sabre::fallback: received ptrace wait status status=PtraceSyscall(Pid(3))
2026-08-07T01:31:01.957058Z TRACE hermit::sabre::fallback: decoded ptrace syscall stop tid=3 op=2
2026-08-07T01:31:01.957067Z TRACE hermit::sabre::fallback: received ptrace wait status status=PtraceSyscall(Pid(3))
2026-08-07T01:31:01.957069Z TRACE hermit::sabre::fallback: decoded ptrace syscall stop tid=3 op=1
2026-08-07T01:31:01.957075Z TRACE hermit::sabre::fallback: received ptrace wait status status=PtraceSyscall(Pid(3))
2026-08-07T01:31:01.957077Z TRACE hermit::sabre::fallback: decoded ptrace syscall stop tid=3 op=2
2026-08-07T01:31:01.957082Z TRACE hermit::sabre::fallback: received ptrace wait status status=PtraceSyscall(Pid(3))
2026-08-07T01:31:01.957084Z TRACE hermit::sabre::fallback: decoded ptrace syscall stop tid=3 op=1
2026-08-07T01:31:01.957088Z TRACE hermit::sabre::fallback: received ptrace wait status status=PtraceSyscall(Pid(3))
2026-08-07T01:31:01.957089Z TRACE hermit::sabre::fallback: decoded ptrace syscall stop tid=3 op=2
2026-08-07T01:31:01.957097Z TRACE hermit::sabre::fallback: received ptrace wait status status=PtraceSyscall(Pid(3))
2026-08-07T01:31:01.957099Z TRACE hermit::sabre::fallback: decoded ptrace syscall stop tid=3 op=1
2026-08-07T01:31:01.957105Z TRACE hermit::sabre::fallback: received ptrace wait status status=PtraceSyscall(Pid(3))
2026-08-07T01:31:01.957106Z TRACE hermit::sabre::fallback: decoded ptrace syscall stop tid=3 op=2
2026-08-07T01:31:01.957112Z TRACE hermit::sabre::fallback: received ptrace wait status status=PtraceSyscall(Pid(3))
2026-08-07T01:31:01.957113Z TRACE hermit::sabre::fallback: decoded ptrace syscall stop tid=3 op=1
2026-08-07T01:31:01.957118Z TRACE hermit::sabre::fallback: received ptrace wait status status=PtraceSyscall(Pid(3))
2026-08-07T01:31:01.957119Z TRACE hermit::sabre::fallback: decoded ptrace syscall stop tid=3 op=2
2026-08-07T01:31:01.957125Z TRACE hermit::sabre::fallback: received ptrace wait status status=PtraceSyscall(Pid(3))
2026-08-07T01:31:01.957126Z TRACE hermit::sabre::fallback: decoded ptrace syscall stop tid=3 op=1
2026-08-07T01:31:01.957131Z TRACE hermit::sabre::fallback: received ptrace wait status status=PtraceSyscall(Pid(3))
2026-08-07T01:31:01.957132Z TRACE hermit::sabre::fallback: decoded ptrace syscall stop tid=3 op=2
2026-08-07T01:31:01.957138Z TRACE hermit::sabre::fallback: received ptrace wait status status=PtraceSyscall(Pid(3))
2026-08-07T01:31:01.957139Z TRACE hermit::sabre::fallback: decoded ptrace syscall stop tid=3 op=1
2026-08-07T01:31:01.957146Z TRACE hermit::sabre::fallback: received ptrace wait status status=PtraceSyscall(Pid(3))
2026-08-07T01:31:01.957148Z TRACE hermit::sabre::fallback: decoded ptrace syscall stop tid=3 op=2
2026-08-07T01:31:01.957155Z TRACE hermit::sabre::fallback: received ptrace wait status status=PtraceSyscall(Pid(3))
2026-08-07T01:31:01.957156Z TRACE hermit::sabre::fallback: decoded ptrace syscall stop tid=3 op=1
2026-08-07T01:31:01.957161Z TRACE hermit::sabre::fallback: received ptrace wait status status=PtraceSyscall(Pid(3))
2026-08-07T01:31:01.957162Z TRACE hermit::sabre::fallback: decoded ptrace syscall stop tid=3 op=2
2026-08-07T01:31:01.957168Z TRACE hermit::sabre::fallback: received ptrace wait status status=PtraceSyscall(Pid(3))
2026-08-07T01:31:01.957169Z TRACE hermit::sabre::fallback: decoded ptrace syscall stop tid=3 op=1
2026-08-07T01:31:01.957174Z TRACE hermit::sabre::fallback: received ptrace wait status status=PtraceSyscall(Pid(3))
2026-08-07T01:31:01.957175Z TRACE hermit::sabre::fallback: decoded ptrace syscall stop tid=3 op=2
2026-08-07T01:31:01.957181Z TRACE hermit::sabre::fallback: received ptrace wait status status=PtraceSyscall(Pid(3))
2026-08-07T01:31:01.957183Z TRACE hermit::sabre::fallback: decoded ptrace syscall stop tid=3 op=1
2026-08-07T01:31:01.957188Z TRACE hermit::sabre::fallback: received ptrace wait status status=PtraceSyscall(Pid(3))
2026-08-07T01:31:01.957189Z TRACE hermit::sabre::fallback: decoded ptrace syscall stop tid=3 op=2
2026-08-07T01:31:01.957195Z TRACE hermit::sabre::fallback: received ptrace wait status status=PtraceSyscall(Pid(3))
2026-08-07T01:31:01.957196Z TRACE hermit::sabre::fallback: decoded ptrace syscall stop tid=3 op=1
2026-08-07T01:31:01.957202Z TRACE hermit::sabre::fallback: received ptrace wait status status=PtraceSyscall(Pid(3))
2026-08-07T01:31:01.957203Z TRACE hermit::sabre::fallback: decoded ptrace syscall stop tid=3 op=2
2026-08-07T01:31:01.957211Z TRACE hermit::sabre::fallback: received ptrace wait status status=PtraceSyscall(Pid(3))
2026-08-07T01:31:01.957212Z TRACE hermit::sabre::fallback: decoded ptrace syscall stop tid=3 op=1
2026-08-07T01:31:01.957217Z TRACE hermit::sabre::fallback: received ptrace wait status status=PtraceSyscall(Pid(3))
2026-08-07T01:31:01.957218Z TRACE hermit::sabre::fallback: decoded ptrace syscall stop tid=3 op=2
2026-08-07T01:31:01.957224Z TRACE hermit::sabre::fallback: received ptrace wait status status=PtraceSyscall(Pid(3))
2026-08-07T01:31:01.957225Z TRACE hermit::sabre::fallback: decoded ptrace syscall stop tid=3 op=1
2026-08-07T01:31:01.957230Z TRACE hermit::sabre::fallback: received ptrace wait status status=PtraceSyscall(Pid(3))
2026-08-07T01:31:01.957231Z TRACE hermit::sabre::fallback: decoded ptrace syscall stop tid=3 op=2
2026-08-07T01:31:01.957237Z TRACE hermit::sabre::fallback: received ptrace wait status status=PtraceSyscall(Pid(3))
2026-08-07T01:31:01.957238Z TRACE hermit::sabre::fallback: decoded ptrace syscall stop tid=3 op=1
2026-08-07T01:31:01.957243Z TRACE hermit::sabre::fallback: received ptrace wait status status=PtraceSyscall(Pid(3))
2026-08-07T01:31:01.957245Z TRACE hermit::sabre::fallback: decoded ptrace syscall stop tid=3 op=2
2026-08-07T01:31:01.957252Z TRACE hermit::sabre::fallback: received ptrace wait status status=PtraceSyscall(Pid(3))
2026-08-07T01:31:01.957253Z TRACE hermit::sabre::fallback: decoded ptrace syscall stop tid=3 op=1
2026-08-07T01:31:01.957260Z TRACE hermit::sabre::fallback: received ptrace wait status status=PtraceSyscall(Pid(3))
2026-08-07T01:31:01.957261Z TRACE hermit::sabre::fallback: decoded ptrace syscall stop tid=3 op=2
2026-08-07T01:31:01.957270Z TRACE hermit::sabre::fallback: received ptrace wait status status=PtraceSyscall(Pid(3))
2026-08-07T01:31:01.957271Z TRACE hermit::sabre::fallback: decoded ptrace syscall stop tid=3 op=1
2026-08-07T01:31:01.957277Z TRACE hermit::sabre::fallback: received ptrace wait status status=PtraceSyscall(Pid(3))
2026-08-07T01:31:01.957278Z TRACE hermit::sabre::fallback: decoded ptrace syscall stop tid=3 op=2
2026-08-07T01:31:01.957284Z TRACE hermit::sabre::fallback: received ptrace wait status status=PtraceSyscall(Pid(3))
2026-08-07T01:31:01.957285Z TRACE hermit::sabre::fallback: decoded ptrace syscall stop tid=3 op=1
2026-08-07T01:31:01.957290Z TRACE hermit::sabre::fallback: received ptrace wait status status=PtraceSyscall(Pid(3))
2026-08-07T01:31:01.957291Z TRACE hermit::sabre::fallback: decoded ptrace syscall stop tid=3 op=2
2026-08-07T01:31:01.957297Z TRACE hermit::sabre::fallback: received ptrace wait status status=PtraceSyscall(Pid(3))
2026-08-07T01:31:01.957299Z TRACE hermit::sabre::fallback: decoded ptrace syscall stop tid=3 op=1
2026-08-07T01:31:01.957304Z TRACE hermit::sabre::fallback: received ptrace wait status status=PtraceSyscall(Pid(3))
2026-08-07T01:31:01.957305Z TRACE hermit::sabre::fallback: decoded ptrace syscall stop tid=3 op=2
2026-08-07T01:31:01.957312Z TRACE hermit::sabre::fallback: received ptrace wait status status=PtraceSyscall(Pid(3))
2026-08-07T01:31:01.957314Z TRACE hermit::sabre::fallback: decoded ptrace syscall stop tid=3 op=1
2026-08-07T01:31:01.957322Z TRACE hermit::sabre::fallback: received ptrace wait status status=PtraceSyscall(Pid(3))
2026-08-07T01:31:01.957323Z TRACE hermit::sabre::fallback: decoded ptrace syscall stop tid=3 op=2
2026-08-07T01:31:01.957329Z TRACE hermit::sabre::fallback: received ptrace wait status status=PtraceSyscall(Pid(3))
2026-08-07T01:31:01.957331Z TRACE hermit::sabre::fallback: decoded ptrace syscall stop tid=3 op=1
2026-08-07T01:31:01.957336Z TRACE hermit::sabre::fallback: received ptrace wait status status=PtraceSyscall(Pid(3))
2026-08-07T01:31:01.957337Z TRACE hermit::sabre::fallback: decoded ptrace syscall stop tid=3 op=2
2026-08-07T01:31:01.957343Z TRACE hermit::sabre::fallback: received ptrace wait status status=PtraceSyscall(Pid(3))
2026-08-07T01:31:01.957344Z TRACE hermit::sabre::fallback: decoded ptrace syscall stop tid=3 op=1
2026-08-07T01:31:01.957349Z TRACE hermit::sabre::fallback: received ptrace wait status status=PtraceSyscall(Pid(3))
2026-08-07T01:31:01.957350Z TRACE hermit::sabre::fallback: decoded ptrace syscall stop tid=3 op=2
2026-08-07T01:31:01.957356Z TRACE hermit::sabre::fallback: received ptrace wait status status=PtraceSyscall(Pid(3))
2026-08-07T01:31:01.957358Z TRACE hermit::sabre::fallback: decoded ptrace syscall stop tid=3 op=1
2026-08-07T01:31:01.957362Z TRACE hermit::sabre::fallback: received ptrace wait status status=PtraceSyscall(Pid(3))
2026-08-07T01:31:01.957363Z TRACE hermit::sabre::fallback: decoded ptrace syscall stop tid=3 op=2
2026-08-07T01:31:01.957369Z TRACE hermit::sabre::fallback: received ptrace wait status status=PtraceSyscall(Pid(3))
2026-08-07T01:31:01.957370Z TRACE hermit::sabre::fallback: decoded ptrace syscall stop tid=3 op=1
2026-08-07T01:31:01.957375Z TRACE hermit::sabre::fallback: received ptrace wait status status=PtraceSyscall(Pid(3))
2026-08-07T01:31:01.957377Z TRACE hermit::sabre::fallback: decoded ptrace syscall stop tid=3 op=2
2026-08-07T01:31:01.957382Z TRACE hermit::sabre::fallback: received ptrace wait status status=PtraceSyscall(Pid(3))
2026-08-07T01:31:01.957384Z TRACE hermit::sabre::fallback: decoded ptrace syscall stop tid=3 op=1
2026-08-07T01:31:01.957389Z TRACE hermit::sabre::fallback: received ptrace wait status status=PtraceSyscall(Pid(3))
2026-08-07T01:31:01.957390Z TRACE hermit::sabre::fallback: decoded ptrace syscall stop tid=3 op=2
2026-08-07T01:31:01.957396Z TRACE hermit::sabre::fallback: received ptrace wait status status=PtraceSyscall(Pid(3))
2026-08-07T01:31:01.957397Z TRACE hermit::sabre::fallback: decoded ptrace syscall stop tid=3 op=1
2026-08-07T01:31:01.957403Z TRACE hermit::sabre::fallback: received ptrace wait status status=PtraceSyscall(Pid(3))
2026-08-07T01:31:01.957404Z TRACE hermit::sabre::fallback: decoded ptrace syscall stop tid=3 op=2
2026-08-07T01:31:01.957409Z TRACE hermit::sabre::fallback: received ptrace wait status status=PtraceSyscall(Pid(3))
2026-08-07T01:31:01.957411Z TRACE hermit::sabre::fallback: decoded ptrace syscall stop tid=3 op=1
2026-08-07T01:31:01.957416Z TRACE hermit::sabre::fallback: received ptrace wait status status=PtraceSyscall(Pid(3))
2026-08-07T01:31:01.957418Z TRACE hermit::sabre::fallback: decoded ptrace syscall stop tid=3 op=2
2026-08-07T01:31:01.957425Z TRACE hermit::sabre::fallback: received ptrace wait status status=PtraceSyscall(Pid(3))
2026-08-07T01:31:01.957427Z TRACE hermit::sabre::fallback: decoded ptrace syscall stop tid=3 op=1
2026-08-07T01:31:01.957432Z TRACE hermit::sabre::fallback: received ptrace wait status status=PtraceSyscall(Pid(3))
2026-08-07T01:31:01.957437Z TRACE hermit::sabre::fallback: decoded ptrace syscall stop tid=3 op=2
2026-08-07T01:31:01.957448Z TRACE hermit::sabre::fallback: received ptrace wait status status=PtraceSyscall(Pid(3))
2026-08-07T01:31:01.957450Z TRACE hermit::sabre::fallback: decoded ptrace syscall stop tid=3 op=1
2026-08-07T01:31:01.957465Z TRACE hermit::sabre::fallback: received ptrace wait status status=PtraceSyscall(Pid(3))
2026-08-07T01:31:01.957466Z TRACE hermit::sabre::fallback: decoded ptrace syscall stop tid=3 op=2
2026-08-07T01:31:01.957476Z TRACE hermit::sabre::fallback: received ptrace wait status status=PtraceSyscall(Pid(3))
2026-08-07T01:31:01.957477Z TRACE hermit::sabre::fallback: decoded ptrace syscall stop tid=3 op=1
2026-08-07T01:31:01.957482Z TRACE hermit::sabre::fallback: received ptrace wait status status=PtraceSyscall(Pid(3))
2026-08-07T01:31:01.957483Z TRACE hermit::sabre::fallback: decoded ptrace syscall stop tid=3 op=2
2026-08-07T01:31:01.957492Z TRACE hermit::sabre::fallback: received ptrace wait status status=PtraceSyscall(Pid(3))
2026-08-07T01:31:01.957494Z TRACE hermit::sabre::fallback: decoded ptrace syscall stop tid=3 op=1
2026-08-07T01:31:01.957499Z TRACE hermit::sabre::fallback: received ptrace wait status status=PtraceSyscall(Pid(3))
2026-08-07T01:31:01.957500Z TRACE hermit::sabre::fallback: decoded ptrace syscall stop tid=3 op=2
2026-08-07T01:31:01.957507Z TRACE hermit::sabre::fallback: received ptrace wait status status=PtraceSyscall(Pid(3))
2026-08-07T01:31:01.957508Z TRACE hermit::sabre::fallback: decoded ptrace syscall stop tid=3 op=1
2026-08-07T01:31:01.957513Z TRACE hermit::sabre::fallback: received ptrace wait status status=PtraceSyscall(Pid(3))
2026-08-07T01:31:01.957514Z TRACE hermit::sabre::fallback: decoded ptrace syscall stop tid=3 op=2
2026-08-07T01:31:01.957522Z TRACE hermit::sabre::fallback: received ptrace wait status status=PtraceSyscall(Pid(3))
2026-08-07T01:31:01.957524Z TRACE hermit::sabre::fallback: decoded ptrace syscall stop tid=3 op=1
2026-08-07T01:31:01.957534Z TRACE hermit::sabre::fallback: received ptrace wait status status=PtraceSyscall(Pid(3))
2026-08-07T01:31:01.957535Z TRACE hermit::sabre::fallback: decoded ptrace syscall stop tid=3 op=2
2026-08-07T01:31:01.957542Z TRACE hermit::sabre::fallback: received ptrace wait status status=PtraceSyscall(Pid(3))
2026-08-07T01:31:01.957543Z TRACE hermit::sabre::fallback: decoded ptrace syscall stop tid=3 op=1
2026-08-07T01:31:01.957549Z TRACE hermit::sabre::fallback: received ptrace wait status status=PtraceSyscall(Pid(3))
2026-08-07T01:31:01.957550Z TRACE hermit::sabre::fallback: decoded ptrace syscall stop tid=3 op=2
2026-08-07T01:31:01.957556Z TRACE hermit::sabre::fallback: received ptrace wait status status=PtraceSyscall(Pid(3))
2026-08-07T01:31:01.957558Z TRACE hermit::sabre::fallback: decoded ptrace syscall stop tid=3 op=1
2026-08-07T01:31:01.957563Z TRACE hermit::sabre::fallback: received ptrace wait status status=PtraceSyscall(Pid(3))
2026-08-07T01:31:01.957565Z TRACE hermit::sabre::fallback: decoded ptrace syscall stop tid=3 op=2
2026-08-07T01:31:01.957573Z TRACE hermit::sabre::fallback: received ptrace wait status status=PtraceSyscall(Pid(3))
2026-08-07T01:31:01.957575Z TRACE hermit::sabre::fallback: decoded ptrace syscall stop tid=3 op=1
2026-08-07T01:31:01.957580Z TRACE hermit::sabre::fallback: received ptrace wait status status=PtraceSyscall(Pid(3))
2026-08-07T01:31:01.957581Z TRACE hermit::sabre::fallback: decoded ptrace syscall stop tid=3 op=2
2026-08-07T01:31:01.957586Z TRACE hermit::sabre::fallback: received ptrace wait status status=PtraceSyscall(Pid(3))
2026-08-07T01:31:01.957588Z TRACE hermit::sabre::fallback: decoded ptrace syscall stop tid=3 op=1
2026-08-07T01:31:01.957593Z TRACE hermit::sabre::fallback: received ptrace wait status status=PtraceSyscall(Pid(3))
2026-08-07T01:31:01.957595Z TRACE hermit::sabre::fallback: decoded ptrace syscall stop tid=3 op=2
2026-08-07T01:31:01.957600Z TRACE hermit::sabre::fallback: received ptrace wait status status=PtraceSyscall(Pid(3))
2026-08-07T01:31:01.957601Z TRACE hermit::sabre::fallback: decoded ptrace syscall stop tid=3 op=1
2026-08-07T01:31:01.957607Z TRACE hermit::sabre::fallback: received ptrace wait status status=PtraceSyscall(Pid(3))
2026-08-07T01:31:01.957608Z TRACE hermit::sabre::fallback: decoded ptrace syscall stop tid=3 op=2
2026-08-07T01:31:01.957620Z TRACE hermit::sabre::fallback: received ptrace wait status status=PtraceSyscall(Pid(3))
2026-08-07T01:31:01.957622Z TRACE hermit::sabre::fallback: decoded ptrace syscall stop tid=3 op=1
2026-08-07T01:31:01.957628Z TRACE hermit::sabre::fallback: received ptrace wait status status=PtraceSyscall(Pid(3))
2026-08-07T01:31:01.957629Z TRACE hermit::sabre::fallback: decoded ptrace syscall stop tid=3 op=2
2026-08-07T01:31:01.957635Z TRACE hermit::sabre::fallback: received ptrace wait status status=PtraceSyscall(Pid(3))
2026-08-07T01:31:01.957636Z TRACE hermit::sabre::fallback: decoded ptrace syscall stop tid=3 op=1
2026-08-07T01:31:01.957641Z TRACE hermit::sabre::fallback: received ptrace wait status status=PtraceSyscall(Pid(3))
2026-08-07T01:31:01.957642Z TRACE hermit::sabre::fallback: decoded ptrace syscall stop tid=3 op=2
2026-08-07T01:31:01.957649Z TRACE hermit::sabre::fallback: received ptrace wait status status=PtraceSyscall(Pid(3))
2026-08-07T01:31:01.957651Z TRACE hermit::sabre::fallback: decoded ptrace syscall stop tid=3 op=1
2026-08-07T01:31:01.957657Z TRACE hermit::sabre::fallback: received ptrace wait status status=PtraceSyscall(Pid(3))
2026-08-07T01:31:01.957658Z TRACE hermit::sabre::fallback: decoded ptrace syscall stop tid=3 op=2
2026-08-07T01:31:01.957667Z TRACE hermit::sabre::fallback: received ptrace wait status status=PtraceSyscall(Pid(3))
2026-08-07T01:31:01.957668Z TRACE hermit::sabre::fallback: decoded ptrace syscall stop tid=3 op=1
2026-08-07T01:31:01.957673Z TRACE hermit::sabre::fallback: received ptrace wait status status=PtraceSyscall(Pid(3))
2026-08-07T01:31:01.957674Z TRACE hermit::sabre::fallback: decoded ptrace syscall stop tid=3 op=2
2026-08-07T01:31:01.957680Z TRACE hermit::sabre::fallback: received ptrace wait status status=PtraceSyscall(Pid(3))
2026-08-07T01:31:01.957681Z TRACE hermit::sabre::fallback: decoded ptrace syscall stop tid=3 op=1
2026-08-07T01:31:01.957686Z TRACE hermit::sabre::fallback: received ptrace wait status status=PtraceSyscall(Pid(3))
2026-08-07T01:31:01.957687Z TRACE hermit::sabre::fallback: decoded ptrace syscall stop tid=3 op=2
2026-08-07T01:31:01.957693Z TRACE hermit::sabre::fallback: received ptrace wait status status=PtraceSyscall(Pid(3))
2026-08-07T01:31:01.957694Z TRACE hermit::sabre::fallback: decoded ptrace syscall stop tid=3 op=1
2026-08-07T01:31:01.957699Z TRACE hermit::sabre::fallback: received ptrace wait status status=PtraceSyscall(Pid(3))
2026-08-07T01:31:01.957700Z TRACE hermit::sabre::fallback: decoded ptrace syscall stop tid=3 op=2
2026-08-07T01:31:01.957706Z TRACE hermit::sabre::fallback: received ptrace wait status status=PtraceSyscall(Pid(3))
2026-08-07T01:31:01.957707Z TRACE hermit::sabre::fallback: decoded ptrace syscall stop tid=3 op=1
2026-08-07T01:31:01.957713Z TRACE hermit::sabre::fallback: received ptrace wait status status=PtraceSyscall(Pid(3))
2026-08-07T01:31:01.957714Z TRACE hermit::sabre::fallback: decoded ptrace syscall stop tid=3 op=2
2026-08-07T01:31:01.957721Z TRACE hermit::sabre::fallback: received ptrace wait status status=PtraceSyscall(Pid(3))
2026-08-07T01:31:01.957723Z TRACE hermit::sabre::fallback: decoded ptrace syscall stop tid=3 op=1
2026-08-07T01:31:01.957731Z TRACE hermit::sabre::fallback: received ptrace wait status status=PtraceSyscall(Pid(3))
2026-08-07T01:31:01.957732Z TRACE hermit::sabre::fallback: decoded ptrace syscall stop tid=3 op=2
2026-08-07T01:31:01.957738Z TRACE hermit::sabre::fallback: received ptrace wait status status=PtraceSyscall(Pid(3))
2026-08-07T01:31:01.957740Z TRACE hermit::sabre::fallback: decoded ptrace syscall stop tid=3 op=1
2026-08-07T01:31:01.957745Z TRACE hermit::sabre::fallback: received ptrace wait status status=PtraceSyscall(Pid(3))
2026-08-07T01:31:01.957746Z TRACE hermit::sabre::fallback: decoded ptrace syscall stop tid=3 op=2
2026-08-07T01:31:01.957752Z TRACE hermit::sabre::fallback: received ptrace wait status status=PtraceSyscall(Pid(3))
2026-08-07T01:31:01.957753Z TRACE hermit::sabre::fallback: decoded ptrace syscall stop tid=3 op=1
2026-08-07T01:31:01.957758Z TRACE hermit::sabre::fallback: received ptrace wait status status=PtraceSyscall(Pid(3))
2026-08-07T01:31:01.957759Z TRACE hermit::sabre::fallback: decoded ptrace syscall stop tid=3 op=2
2026-08-07T01:31:01.957764Z TRACE hermit::sabre::fallback: received ptrace wait status status=PtraceSyscall(Pid(3))
2026-08-07T01:31:01.957765Z TRACE hermit::sabre::fallback: decoded ptrace syscall stop tid=3 op=1
2026-08-07T01:31:01.957771Z TRACE hermit::sabre::fallback: received ptrace wait status status=PtraceSyscall(Pid(3))
2026-08-07T01:31:01.957772Z TRACE hermit::sabre::fallback: decoded ptrace syscall stop tid=3 op=2
2026-08-07T01:31:01.957779Z TRACE hermit::sabre::fallback: received ptrace wait status status=PtraceSyscall(Pid(3))
2026-08-07T01:31:01.957780Z TRACE hermit::sabre::fallback: decoded ptrace syscall stop tid=3 op=1
2026-08-07T01:31:01.957787Z TRACE hermit::sabre::fallback: received ptrace wait status status=PtraceSyscall(Pid(3))
2026-08-07T01:31:01.957788Z TRACE hermit::sabre::fallback: decoded ptrace syscall stop tid=3 op=2
2026-08-07T01:31:01.957794Z TRACE hermit::sabre::fallback: received ptrace wait status status=PtraceSyscall(Pid(3))
2026-08-07T01:31:01.957796Z TRACE hermit::sabre::fallback: decoded ptrace syscall stop tid=3 op=1
2026-08-07T01:31:01.957801Z TRACE hermit::sabre::fallback: received ptrace wait status status=PtraceSyscall(Pid(3))
2026-08-07T01:31:01.957802Z TRACE hermit::sabre::fallback: decoded ptrace syscall stop tid=3 op=2
2026-08-07T01:31:01.957809Z TRACE hermit::sabre::fallback: received ptrace wait status status=PtraceSyscall(Pid(3))
2026-08-07T01:31:01.957811Z TRACE hermit::sabre::fallback: decoded ptrace syscall stop tid=3 op=1
2026-08-07T01:31:01.957820Z TRACE hermit::sabre::fallback: received ptrace wait status status=PtraceSyscall(Pid(3))
2026-08-07T01:31:01.957822Z TRACE hermit::sabre::fallback: decoded ptrace syscall stop tid=3 op=2
2026-08-07T01:31:01.957829Z TRACE hermit::sabre::fallback: received ptrace wait status status=PtraceSyscall(Pid(3))
2026-08-07T01:31:01.957830Z TRACE hermit::sabre::fallback: decoded ptrace syscall stop tid=3 op=1
2026-08-07T01:31:01.957839Z TRACE hermit::sabre::fallback: received ptrace wait status status=PtraceSyscall(Pid(3))
2026-08-07T01:31:01.957841Z TRACE hermit::sabre::fallback: decoded ptrace syscall stop tid=3 op=2
2026-08-07T01:31:01.957852Z TRACE hermit::sabre::fallback: received ptrace wait status status=PtraceSyscall(Pid(3))
2026-08-07T01:31:01.957853Z TRACE hermit::sabre::fallback: decoded ptrace syscall stop tid=3 op=1
2026-08-07T01:31:01.957860Z TRACE hermit::sabre::fallback: received ptrace wait status status=PtraceSyscall(Pid(3))
2026-08-07T01:31:01.957861Z TRACE hermit::sabre::fallback: decoded ptrace syscall stop tid=3 op=2
2026-08-07T01:31:01.957866Z TRACE hermit::sabre::fallback: received ptrace wait status status=PtraceSyscall(Pid(3))
2026-08-07T01:31:01.957868Z TRACE hermit::sabre::fallback: decoded ptrace syscall stop tid=3 op=1
2026-08-07T01:31:01.957873Z TRACE hermit::sabre::fallback: received ptrace wait status status=PtraceSyscall(Pid(3))
2026-08-07T01:31:01.957874Z TRACE hermit::sabre::fallback: decoded ptrace syscall stop tid=3 op=2
2026-08-07T01:31:01.957879Z TRACE hermit::sabre::fallback: received ptrace wait status status=PtraceSyscall(Pid(3))
2026-08-07T01:31:01.957880Z TRACE hermit::sabre::fallback: decoded ptrace syscall stop tid=3 op=1
2026-08-07T01:31:01.957886Z TRACE hermit::sabre::fallback: received ptrace wait status status=PtraceSyscall(Pid(3))
2026-08-07T01:31:01.957888Z TRACE hermit::sabre::fallback: decoded ptrace syscall stop tid=3 op=2
2026-08-07T01:31:01.957898Z TRACE hermit::sabre::fallback: received ptrace wait status status=PtraceSyscall(Pid(3))
2026-08-07T01:31:01.957899Z TRACE hermit::sabre::fallback: decoded ptrace syscall stop tid=3 op=1
2026-08-07T01:31:01.957908Z TRACE hermit::sabre::fallback: received ptrace wait status status=PtraceSyscall(Pid(3))
2026-08-07T01:31:01.957910Z TRACE hermit::sabre::fallback: decoded ptrace syscall stop tid=3 op=2
2026-08-07T01:31:01.957917Z TRACE hermit::sabre::fallback: received ptrace wait status status=PtraceSyscall(Pid(3))
2026-08-07T01:31:01.957918Z TRACE hermit::sabre::fallback: decoded ptrace syscall stop tid=3 op=1
2026-08-07T01:31:01.957923Z TRACE hermit::sabre::fallback: received ptrace wait status status=PtraceSyscall(Pid(3))
2026-08-07T01:31:01.957924Z TRACE hermit::sabre::fallback: decoded ptrace syscall stop tid=3 op=2
2026-08-07T01:31:01.957931Z TRACE hermit::sabre::fallback: received ptrace wait status status=PtraceSyscall(Pid(3))
2026-08-07T01:31:01.957933Z TRACE hermit::sabre::fallback: decoded ptrace syscall stop tid=3 op=1
2026-08-07T01:31:01.957939Z TRACE hermit::sabre::fallback: received ptrace wait status status=PtraceSyscall(Pid(3))
2026-08-07T01:31:01.957940Z TRACE hermit::sabre::fallback: decoded ptrace syscall stop tid=3 op=2
2026-08-07T01:31:01.957947Z TRACE hermit::sabre::fallback: received ptrace wait status status=PtraceSyscall(Pid(3))
2026-08-07T01:31:01.957948Z TRACE hermit::sabre::fallback: decoded ptrace syscall stop tid=3 op=1
2026-08-07T01:31:01.957965Z TRACE hermit::sabre::fallback: received ptrace wait status status=PtraceSyscall(Pid(3))
2026-08-07T01:31:01.957966Z TRACE hermit::sabre::fallback: decoded ptrace syscall stop tid=3 op=2
2026-08-07T01:31:01.957971Z TRACE hermit::sabre::fallback: received ptrace wait status status=PtraceSyscall(Pid(3))
2026-08-07T01:31:01.957972Z TRACE hermit::sabre::fallback: decoded ptrace syscall stop tid=3 op=1
2026-08-07T01:31:01.957980Z TRACE hermit::sabre::fallback: received ptrace wait status status=PtraceSyscall(Pid(3))
2026-08-07T01:31:01.957981Z TRACE hermit::sabre::fallback: decoded ptrace syscall stop tid=3 op=2
2026-08-07T01:31:01.958001Z TRACE hermit::sabre::fallback: received ptrace wait status status=PtraceSyscall(Pid(3))
2026-08-07T01:31:01.958003Z TRACE hermit::sabre::fallback: decoded ptrace syscall stop tid=3 op=1
2026-08-07T01:31:01.958011Z TRACE hermit::sabre::fallback: received ptrace wait status status=PtraceSyscall(Pid(3))
2026-08-07T01:31:01.958013Z TRACE hermit::sabre::fallback: decoded ptrace syscall stop tid=3 op=2
2026-08-07T01:31:01.958025Z TRACE hermit::sabre::fallback: received ptrace wait status status=PtraceSyscall(Pid(3))
2026-08-07T01:31:01.958027Z TRACE hermit::sabre::fallback: decoded ptrace syscall stop tid=3 op=1
2026-08-07T01:31:01.958035Z TRACE hermit::sabre::fallback: received ptrace wait status status=PtraceSyscall(Pid(3))
2026-08-07T01:31:01.958036Z TRACE hermit::sabre::fallback: decoded ptrace syscall stop tid=3 op=2
2026-08-07T01:31:01.958044Z TRACE hermit::sabre::fallback: received ptrace wait status status=PtraceSyscall(Pid(3))
2026-08-07T01:31:01.958045Z TRACE hermit::sabre::fallback: decoded ptrace syscall stop tid=3 op=1
2026-08-07T01:31:01.958050Z TRACE hermit::sabre::fallback: received ptrace wait status status=PtraceSyscall(Pid(3))
2026-08-07T01:31:01.958051Z TRACE hermit::sabre::fallback: decoded ptrace syscall stop tid=3 op=2
2026-08-07T01:31:01.958058Z TRACE hermit::sabre::fallback: received ptrace wait status status=PtraceSyscall(Pid(3))
2026-08-07T01:31:01.958059Z TRACE hermit::sabre::fallback: decoded ptrace syscall stop tid=3 op=1
2026-08-07T01:31:01.958064Z TRACE hermit::sabre::fallback: received ptrace wait status status=PtraceSyscall(Pid(3))
2026-08-07T01:31:01.958065Z TRACE hermit::sabre::fallback: decoded ptrace syscall stop tid=3 op=2
2026-08-07T01:31:01.958071Z TRACE hermit::sabre::fallback: received ptrace wait status status=PtraceSyscall(Pid(3))
2026-08-07T01:31:01.958072Z TRACE hermit::sabre::fallback: decoded ptrace syscall stop tid=3 op=1
2026-08-07T01:31:01.958078Z TRACE hermit::sabre::fallback: received ptrace wait status status=PtraceSyscall(Pid(3))
2026-08-07T01:31:01.958080Z TRACE hermit::sabre::fallback: decoded ptrace syscall stop tid=3 op=2
2026-08-07T01:31:01.958086Z TRACE hermit::sabre::fallback: received ptrace wait status status=PtraceSyscall(Pid(3))
2026-08-07T01:31:01.958088Z TRACE hermit::sabre::fallback: decoded ptrace syscall stop tid=3 op=1
2026-08-07T01:31:01.958093Z TRACE hermit::sabre::fallback: received ptrace wait status status=PtraceSyscall(Pid(3))
2026-08-07T01:31:01.958094Z TRACE hermit::sabre::fallback: decoded ptrace syscall stop tid=3 op=2
2026-08-07T01:31:01.958100Z TRACE hermit::sabre::fallback: received ptrace wait status status=PtraceSyscall(Pid(3))
2026-08-07T01:31:01.958101Z TRACE hermit::sabre::fallback: decoded ptrace syscall stop tid=3 op=1
2026-08-07T01:31:01.958106Z TRACE hermit::sabre::fallback: received ptrace wait status status=PtraceSyscall(Pid(3))
2026-08-07T01:31:01.958107Z TRACE hermit::sabre::fallback: decoded ptrace syscall stop tid=3 op=2
2026-08-07T01:31:01.958115Z TRACE hermit::sabre::fallback: received ptrace wait status status=PtraceSyscall(Pid(3))
2026-08-07T01:31:01.958116Z TRACE hermit::sabre::fallback: decoded ptrace syscall stop tid=3 op=1
2026-08-07T01:31:01.958123Z TRACE hermit::sabre::fallback: received ptrace wait status status=PtraceSyscall(Pid(3))
2026-08-07T01:31:01.958124Z TRACE hermit::sabre::fallback: decoded ptrace syscall stop tid=3 op=2
2026-08-07T01:31:01.958131Z TRACE hermit::sabre::fallback: received ptrace wait status status=PtraceSyscall(Pid(3))
2026-08-07T01:31:01.958132Z TRACE hermit::sabre::fallback: decoded ptrace syscall stop tid=3 op=1
2026-08-07T01:31:01.958137Z TRACE hermit::sabre::fallback: received ptrace wait status status=PtraceSyscall(Pid(3))
2026-08-07T01:31:01.958138Z TRACE hermit::sabre::fallback: decoded ptrace syscall stop tid=3 op=2
2026-08-07T01:31:01.958144Z TRACE hermit::sabre::fallback: received ptrace wait status status=PtraceSyscall(Pid(3))
2026-08-07T01:31:01.958145Z TRACE hermit::sabre::fallback: decoded ptrace syscall stop tid=3 op=1
2026-08-07T01:31:01.958151Z TRACE hermit::sabre::fallback: received ptrace wait status status=PtraceSyscall(Pid(3))
2026-08-07T01:31:01.958152Z TRACE hermit::sabre::fallback: decoded ptrace syscall stop tid=3 op=2
2026-08-07T01:31:01.958159Z TRACE hermit::sabre::fallback: received ptrace wait status status=PtraceSyscall(Pid(3))
2026-08-07T01:31:01.958160Z TRACE hermit::sabre::fallback: decoded ptrace syscall stop tid=3 op=1
2026-08-07T01:31:01.958165Z TRACE hermit::sabre::fallback: received ptrace wait status status=PtraceSyscall(Pid(3))
2026-08-07T01:31:01.958166Z TRACE hermit::sabre::fallback: decoded ptrace syscall stop tid=3 op=2
2026-08-07T01:31:01.958172Z TRACE hermit::sabre::fallback: received ptrace wait status status=PtraceSyscall(Pid(3))
2026-08-07T01:31:01.958173Z TRACE hermit::sabre::fallback: decoded ptrace syscall stop tid=3 op=1
2026-08-07T01:31:01.958178Z TRACE hermit::sabre::fallback: received ptrace wait status status=PtraceSyscall(Pid(3))
2026-08-07T01:31:01.958179Z TRACE hermit::sabre::fallback: decoded ptrace syscall stop tid=3 op=2
2026-08-07T01:31:01.958185Z TRACE hermit::sabre::fallback: received ptrace wait status status=PtraceSyscall(Pid(3))
2026-08-07T01:31:01.958186Z TRACE hermit::sabre::fallback: decoded ptrace syscall stop tid=3 op=1
2026-08-07T01:31:01.958191Z TRACE hermit::sabre::fallback: received ptrace wait status status=PtraceSyscall(Pid(3))
2026-08-07T01:31:01.958193Z TRACE hermit::sabre::fallback: decoded ptrace syscall stop tid=3 op=2
2026-08-07T01:31:01.958678Z TRACE hermit::sabre::fallback: received ptrace wait status status=PtraceSyscall(Pid(3))
2026-08-07T01:31:01.958679Z TRACE hermit::sabre::fallback: decoded ptrace syscall stop tid=3 op=1
2026-08-07T01:31:01.958687Z TRACE hermit::sabre::fallback: received ptrace wait status status=PtraceSyscall(Pid(3))
2026-08-07T01:31:01.958688Z TRACE hermit::sabre::fallback: decoded ptrace syscall stop tid=3 op=2
2026-08-07T01:31:01.958695Z TRACE hermit::sabre::fallback: received ptrace wait status status=PtraceSyscall(Pid(3))
2026-08-07T01:31:01.958696Z TRACE hermit::sabre::fallback: decoded ptrace syscall stop tid=3 op=1
2026-08-07T01:31:01.958701Z TRACE hermit::sabre::fallback: received ptrace wait status status=PtraceSyscall(Pid(3))
2026-08-07T01:31:01.958702Z TRACE hermit::sabre::fallback: decoded ptrace syscall stop tid=3 op=2
2026-08-07T01:31:01.958708Z TRACE hermit::sabre::fallback: received ptrace wait status status=PtraceSyscall(Pid(3))
2026-08-07T01:31:01.958710Z TRACE hermit::sabre::fallback: decoded ptrace syscall stop tid=3 op=1
2026-08-07T01:31:01.958716Z TRACE hermit::sabre::fallback: received ptrace wait status status=PtraceSyscall(Pid(3))
2026-08-07T01:31:01.958717Z TRACE hermit::sabre::fallback: decoded ptrace syscall stop tid=3 op=2
2026-08-07T01:31:01.958723Z TRACE hermit::sabre::fallback: received ptrace wait status status=PtraceSyscall(Pid(3))
2026-08-07T01:31:01.958724Z TRACE hermit::sabre::fallback: decoded ptrace syscall stop tid=3 op=1
2026-08-07T01:31:01.958730Z TRACE hermit::sabre::fallback: received ptrace wait status status=PtraceSyscall(Pid(3))
2026-08-07T01:31:01.958731Z TRACE hermit::sabre::fallback: decoded ptrace syscall stop tid=3 op=2
2026-08-07T01:31:01.958736Z TRACE hermit::sabre::fallback: received ptrace wait status status=PtraceSyscall(Pid(3))
2026-08-07T01:31:01.958738Z TRACE hermit::sabre::fallback: decoded ptrace syscall stop tid=3 op=1
2026-08-07T01:31:01.958743Z TRACE hermit::sabre::fallback: received ptrace wait status status=PtraceSyscall(Pid(3))
2026-08-07T01:31:01.958744Z TRACE hermit::sabre::fallback: decoded ptrace syscall stop tid=3 op=2
2026-08-07T01:31:01.958750Z TRACE hermit::sabre::fallback: received ptrace wait status status=PtraceSyscall(Pid(3))
2026-08-07T01:31:01.958752Z TRACE hermit::sabre::fallback: decoded ptrace syscall stop tid=3 op=1
2026-08-07T01:31:01.958756Z TRACE hermit::sabre::fallback: received ptrace wait status status=PtraceSyscall(Pid(3))
2026-08-07T01:31:01.958757Z TRACE hermit::sabre::fallback: decoded ptrace syscall stop tid=3 op=2
2026-08-07T01:31:01.958764Z TRACE hermit::sabre::fallback: received ptrace wait status status=PtraceSyscall(Pid(3))
2026-08-07T01:31:01.958765Z TRACE hermit::sabre::fallback: decoded ptrace syscall stop tid=3 op=1
2026-08-07T01:31:01.958770Z TRACE hermit::sabre::fallback: received ptrace wait status status=PtraceSyscall(Pid(3))
2026-08-07T01:31:01.958771Z TRACE hermit::sabre::fallback: decoded ptrace syscall stop tid=3 op=2
2026-08-07T01:31:01.958778Z TRACE hermit::sabre::fallback: received ptrace wait status status=PtraceSyscall(Pid(3))
2026-08-07T01:31:01.958780Z TRACE hermit::sabre::fallback: decoded ptrace syscall stop tid=3 op=1
2026-08-07T01:31:01.958786Z TRACE hermit::sabre::fallback: received ptrace wait status status=PtraceSyscall(Pid(3))
2026-08-07T01:31:01.958787Z TRACE hermit::sabre::fallback: decoded ptrace syscall stop tid=3 op=2
2026-08-07T01:31:01.958793Z TRACE hermit::sabre::fallback: received ptrace wait status status=PtraceSyscall(Pid(3))
2026-08-07T01:31:01.958794Z TRACE hermit::sabre::fallback: decoded ptrace syscall stop tid=3 op=1
2026-08-07T01:31:01.958800Z TRACE hermit::sabre::fallback: received ptrace wait status status=PtraceSyscall(Pid(3))
2026-08-07T01:31:01.958801Z TRACE hermit::sabre::fallback: decoded ptrace syscall stop tid=3 op=2
2026-08-07T01:31:01.958808Z TRACE hermit::sabre::fallback: received ptrace wait status status=PtraceSyscall(Pid(3))
2026-08-07T01:31:01.958810Z TRACE hermit::sabre::fallback: decoded ptrace syscall stop tid=3 op=1
2026-08-07T01:31:01.958816Z TRACE hermit::sabre::fallback: received ptrace wait status status=PtraceSyscall(Pid(3))
2026-08-07T01:31:01.958817Z TRACE hermit::sabre::fallback: decoded ptrace syscall stop tid=3 op=2
2026-08-07T01:31:01.958823Z TRACE hermit::sabre::fallback: received ptrace wait status status=PtraceSyscall(Pid(3))
2026-08-07T01:31:01.958825Z TRACE hermit::sabre::fallback: decoded ptrace syscall stop tid=3 op=1
2026-08-07T01:31:01.958833Z TRACE hermit::sabre::fallback: received ptrace wait status status=PtraceSyscall(Pid(3))
2026-08-07T01:31:01.958835Z TRACE hermit::sabre::fallback: decoded ptrace syscall stop tid=3 op=2
2026-08-07T01:31:01.958842Z TRACE hermit::sabre::fallback: received ptrace wait status status=PtraceSyscall(Pid(3))
2026-08-07T01:31:01.958843Z TRACE hermit::sabre::fallback: decoded ptrace syscall stop tid=3 op=1
2026-08-07T01:31:01.958848Z TRACE hermit::sabre::fallback: received ptrace wait status status=PtraceSyscall(Pid(3))
2026-08-07T01:31:01.958850Z TRACE hermit::sabre::fallback: decoded ptrace syscall stop tid=3 op=2
2026-08-07T01:31:01.958856Z TRACE hermit::sabre::fallback: received ptrace wait status status=PtraceSyscall(Pid(3))
2026-08-07T01:31:01.958857Z TRACE hermit::sabre::fallback: decoded ptrace syscall stop tid=3 op=1
2026-08-07T01:31:01.958862Z TRACE hermit::sabre::fallback: received ptrace wait status status=PtraceSyscall(Pid(3))
2026-08-07T01:31:01.958863Z TRACE hermit::sabre::fallback: decoded ptrace syscall stop tid=3 op=2
2026-08-07T01:31:01.958870Z TRACE hermit::sabre::fallback: received ptrace wait status status=PtraceSyscall(Pid(3))
2026-08-07T01:31:01.958871Z TRACE hermit::sabre::fallback: decoded ptrace syscall stop tid=3 op=1
2026-08-07T01:31:01.958876Z TRACE hermit::sabre::fallback: received ptrace wait status status=PtraceSyscall(Pid(3))
2026-08-07T01:31:01.958877Z TRACE hermit::sabre::fallback: decoded ptrace syscall stop tid=3 op=2
2026-08-07T01:31:01.958884Z TRACE hermit::sabre::fallback: received ptrace wait status status=PtraceSyscall(Pid(3))
2026-08-07T01:31:01.958885Z TRACE hermit::sabre::fallback: decoded ptrace syscall stop tid=3 op=1
2026-08-07T01:31:01.958894Z TRACE hermit::sabre::fallback: received ptrace wait status status=PtraceSyscall(Pid(3))
2026-08-07T01:31:01.958895Z TRACE hermit::sabre::fallback: decoded ptrace syscall stop tid=3 op=2
2026-08-07T01:31:01.958902Z TRACE hermit::sabre::fallback: received ptrace wait status status=PtraceSyscall(Pid(3))
2026-08-07T01:31:01.958903Z TRACE hermit::sabre::fallback: decoded ptrace syscall stop tid=3 op=1
2026-08-07T01:31:01.958910Z TRACE hermit::sabre::fallback: received ptrace wait status status=PtraceSyscall(Pid(3))
2026-08-07T01:31:01.958911Z TRACE hermit::sabre::fallback: decoded ptrace syscall stop tid=3 op=2
2026-08-07T01:31:01.958917Z TRACE hermit::sabre::fallback: received ptrace wait status status=PtraceSyscall(Pid(3))
2026-08-07T01:31:01.958918Z TRACE hermit::sabre::fallback: decoded ptrace syscall stop tid=3 op=1
2026-08-07T01:31:01.958923Z TRACE hermit::sabre::fallback: received ptrace wait status status=PtraceSyscall(Pid(3))
2026-08-07T01:31:01.958924Z TRACE hermit::sabre::fallback: decoded ptrace syscall stop tid=3 op=2
2026-08-07T01:31:01.958930Z TRACE hermit::sabre::fallback: received ptrace wait status status=PtraceSyscall(Pid(3))
2026-08-07T01:31:01.958931Z TRACE hermit::sabre::fallback: decoded ptrace syscall stop tid=3 op=1
2026-08-07T01:31:01.958936Z TRACE hermit::sabre::fallback: received ptrace wait status status=PtraceSyscall(Pid(3))
2026-08-07T01:31:01.958937Z TRACE hermit::sabre::fallback: decoded ptrace syscall stop tid=3 op=2
2026-08-07T01:31:01.958944Z TRACE hermit::sabre::fallback: received ptrace wait status status=PtraceSyscall(Pid(3))
2026-08-07T01:31:01.958946Z TRACE hermit::sabre::fallback: decoded ptrace syscall stop tid=3 op=1
2026-08-07T01:31:01.958956Z TRACE hermit::sabre::fallback: received ptrace wait status status=PtraceSyscall(Pid(3))
2026-08-07T01:31:01.958957Z TRACE hermit::sabre::fallback: decoded ptrace syscall stop tid=3 op=2
2026-08-07T01:31:01.958963Z TRACE hermit::sabre::fallback: received ptrace wait status status=PtraceSyscall(Pid(3))
2026-08-07T01:31:01.958964Z TRACE hermit::sabre::fallback: decoded ptrace syscall stop tid=3 op=1
2026-08-07T01:31:01.958969Z TRACE hermit::sabre::fallback: received ptrace wait status status=PtraceSyscall(Pid(3))
2026-08-07T01:31:01.958970Z TRACE hermit::sabre::fallback: decoded ptrace syscall stop tid=3 op=2
2026-08-07T01:31:01.958976Z TRACE hermit::sabre::fallback: received ptrace wait status status=PtraceSyscall(Pid(3))
2026-08-07T01:31:01.958977Z TRACE hermit::sabre::fallback: decoded ptrace syscall stop tid=3 op=1
2026-08-07T01:31:01.958982Z TRACE hermit::sabre::fallback: received ptrace wait status status=PtraceSyscall(Pid(3))
2026-08-07T01:31:01.958984Z TRACE hermit::sabre::fallback: decoded ptrace syscall stop tid=3 op=2
2026-08-07T01:31:01.958990Z TRACE hermit::sabre::fallback: received ptrace wait status status=PtraceSyscall(Pid(3))
2026-08-07T01:31:01.958991Z TRACE hermit::sabre::fallback: decoded ptrace syscall stop tid=3 op=1
2026-08-07T01:31:01.958996Z TRACE hermit::sabre::fallback: received ptrace wait status status=PtraceSyscall(Pid(3))
2026-08-07T01:31:01.958997Z TRACE hermit::sabre::fallback: decoded ptrace syscall stop tid=3 op=2
2026-08-07T01:31:01.959003Z TRACE hermit::sabre::fallback: received ptrace wait status status=PtraceSyscall(Pid(3))
2026-08-07T01:31:01.959005Z TRACE hermit::sabre::fallback: decoded ptrace syscall stop tid=3 op=1
2026-08-07T01:31:01.959010Z TRACE hermit::sabre::fallback: received ptrace wait status status=PtraceSyscall(Pid(3))
2026-08-07T01:31:01.959011Z TRACE hermit::sabre::fallback: decoded ptrace syscall stop tid=3 op=2
2026-08-07T01:31:01.959018Z TRACE hermit::sabre::fallback: received ptrace wait status status=PtraceSyscall(Pid(3))
2026-08-07T01:31:01.959019Z TRACE hermit::sabre::fallback: decoded ptrace syscall stop tid=3 op=1
2026-08-07T01:31:01.959026Z TRACE hermit::sabre::fallback: received ptrace wait status status=PtraceSyscall(Pid(3))
2026-08-07T01:31:01.959027Z TRACE hermit::sabre::fallback: decoded ptrace syscall stop tid=3 op=2
2026-08-07T01:31:01.959033Z TRACE hermit::sabre::fallback: received ptrace wait status status=PtraceSyscall(Pid(3))
2026-08-07T01:31:01.959034Z TRACE hermit::sabre::fallback: decoded ptrace syscall stop tid=3 op=1
2026-08-07T01:31:01.959039Z TRACE hermit::sabre::fallback: received ptrace wait status status=PtraceSyscall(Pid(3))
2026-08-07T01:31:01.959041Z TRACE hermit::sabre::fallback: decoded ptrace syscall stop tid=3 op=2
2026-08-07T01:31:01.959047Z TRACE hermit::sabre::fallback: received ptrace wait status status=PtraceSyscall(Pid(3))
2026-08-07T01:31:01.959048Z TRACE hermit::sabre::fallback: decoded ptrace syscall stop tid=3 op=1
2026-08-07T01:31:01.959056Z TRACE hermit::sabre::fallback: received ptrace wait status status=PtraceSyscall(Pid(3))
2026-08-07T01:31:01.959057Z TRACE hermit::sabre::fallback: decoded ptrace syscall stop tid=3 op=2
2026-08-07T01:31:01.959068Z TRACE hermit::sabre::fallback: received ptrace wait status status=PtraceSyscall(Pid(3))
2026-08-07T01:31:01.959069Z TRACE hermit::sabre::fallback: decoded ptrace syscall stop tid=3 op=1
2026-08-07T01:31:01.959080Z TRACE hermit::sabre::fallback: received ptrace wait status status=PtraceSyscall(Pid(3))
2026-08-07T01:31:01.959082Z TRACE hermit::sabre::fallback: decoded ptrace syscall stop tid=3 op=2
2026-08-07T01:31:01.959090Z TRACE hermit::sabre::fallback: received ptrace wait status status=PtraceSyscall(Pid(3))
2026-08-07T01:31:01.959091Z TRACE hermit::sabre::fallback: decoded ptrace syscall stop tid=3 op=1
2026-08-07T01:31:01.959096Z TRACE hermit::sabre::fallback: received ptrace wait status status=PtraceSyscall(Pid(3))
2026-08-07T01:31:01.959098Z TRACE hermit::sabre::fallback: decoded ptrace syscall stop tid=3 op=2
2026-08-07T01:31:01.959104Z TRACE hermit::sabre::fallback: received ptrace wait status status=PtraceSyscall(Pid(3))
2026-08-07T01:31:01.959105Z TRACE hermit::sabre::fallback: decoded ptrace syscall stop tid=3 op=1
2026-08-07T01:31:01.959110Z TRACE hermit::sabre::fallback: received ptrace wait status status=PtraceSyscall(Pid(3))
2026-08-07T01:31:01.959111Z TRACE hermit::sabre::fallback: decoded ptrace syscall stop tid=3 op=2
2026-08-07T01:31:01.959117Z TRACE hermit::sabre::fallback: received ptrace wait status status=PtraceSyscall(Pid(3))
2026-08-07T01:31:01.959118Z TRACE hermit::sabre::fallback: decoded ptrace syscall stop tid=3 op=1
2026-08-07T01:31:01.959123Z TRACE hermit::sabre::fallback: received ptrace wait status status=PtraceSyscall(Pid(3))
2026-08-07T01:31:01.959124Z TRACE hermit::sabre::fallback: decoded ptrace syscall stop tid=3 op=2
2026-08-07T01:31:01.959130Z TRACE hermit::sabre::fallback: received ptrace wait status status=PtraceSyscall(Pid(3))
2026-08-07T01:31:01.959131Z TRACE hermit::sabre::fallback: decoded ptrace syscall stop tid=3 op=1
2026-08-07T01:31:01.959136Z TRACE hermit::sabre::fallback: received ptrace wait status status=PtraceSyscall(Pid(3))
2026-08-07T01:31:01.959137Z TRACE hermit::sabre::fallback: decoded ptrace syscall stop tid=3 op=2
2026-08-07T01:31:01.959143Z TRACE hermit::sabre::fallback: received ptrace wait status status=PtraceSyscall(Pid(3))
2026-08-07T01:31:01.959144Z TRACE hermit::sabre::fallback: decoded ptrace syscall stop tid=3 op=1
2026-08-07T01:31:01.959149Z TRACE hermit::sabre::fallback: received ptrace wait status status=PtraceSyscall(Pid(3))
2026-08-07T01:31:01.959151Z TRACE hermit::sabre::fallback: decoded ptrace syscall stop tid=3 op=2
2026-08-07T01:31:01.959156Z TRACE hermit::sabre::fallback: received ptrace wait status status=PtraceSyscall(Pid(3))
2026-08-07T01:31:01.959158Z TRACE hermit::sabre::fallback: decoded ptrace syscall stop tid=3 op=1
2026-08-07T01:31:01.959163Z TRACE hermit::sabre::fallback: received ptrace wait status status=PtraceSyscall(Pid(3))
2026-08-07T01:31:01.959164Z TRACE hermit::sabre::fallback: decoded ptrace syscall stop tid=3 op=2
2026-08-07T01:31:01.959170Z TRACE hermit::sabre::fallback: received ptrace wait status status=PtraceSyscall(Pid(3))
2026-08-07T01:31:01.959172Z TRACE hermit::sabre::fallback: decoded ptrace syscall stop tid=3 op=1
2026-08-07T01:31:01.959176Z TRACE hermit::sabre::fallback: received ptrace wait status status=PtraceSyscall(Pid(3))
2026-08-07T01:31:01.959178Z TRACE hermit::sabre::fallback: decoded ptrace syscall stop tid=3 op=2
2026-08-07T01:31:01.959184Z TRACE hermit::sabre::fallback: received ptrace wait status status=PtraceSyscall(Pid(3))
2026-08-07T01:31:01.959185Z TRACE hermit::sabre::fallback: decoded ptrace syscall stop tid=3 op=1
2026-08-07T01:31:01.959190Z TRACE hermit::sabre::fallback: received ptrace wait status status=PtraceSyscall(Pid(3))
2026-08-07T01:31:01.959191Z TRACE hermit::sabre::fallback: decoded ptrace syscall stop tid=3 op=2
2026-08-07T01:31:01.959197Z TRACE hermit::sabre::fallback: received ptrace wait status status=PtraceSyscall(Pid(3))
2026-08-07T01:31:01.959198Z TRACE hermit::sabre::fallback: decoded ptrace syscall stop tid=3 op=1
2026-08-07T01:31:01.959204Z TRACE hermit::sabre::fallback: received ptrace wait status status=PtraceSyscall(Pid(3))
2026-08-07T01:31:01.959206Z TRACE hermit::sabre::fallback: decoded ptrace syscall stop tid=3 op=2
2026-08-07T01:31:01.959212Z TRACE hermit::sabre::fallback: received ptrace wait status status=PtraceSyscall(Pid(3))
2026-08-07T01:31:01.959213Z TRACE hermit::sabre::fallback: decoded ptrace syscall stop tid=3 op=1
2026-08-07T01:31:01.959218Z TRACE hermit::sabre::fallback: received ptrace wait status status=PtraceSyscall(Pid(3))
2026-08-07T01:31:01.959219Z TRACE hermit::sabre::fallback: decoded ptrace syscall stop tid=3 op=2
2026-08-07T01:31:01.959225Z TRACE hermit::sabre::fallback: received ptrace wait status status=PtraceSyscall(Pid(3))
2026-08-07T01:31:01.959226Z TRACE hermit::sabre::fallback: decoded ptrace syscall stop tid=3 op=1
2026-08-07T01:31:01.959230Z TRACE hermit::sabre::fallback: received ptrace wait status status=PtraceSyscall(Pid(3))
2026-08-07T01:31:01.959232Z TRACE hermit::sabre::fallback: decoded ptrace syscall stop tid=3 op=2
2026-08-07T01:31:01.959237Z TRACE hermit::sabre::fallback: received ptrace wait status status=PtraceSyscall(Pid(3))
2026-08-07T01:31:01.959238Z TRACE hermit::sabre::fallback: decoded ptrace syscall stop tid=3 op=1
2026-08-07T01:31:01.959243Z TRACE hermit::sabre::fallback: received ptrace wait status status=PtraceSyscall(Pid(3))
2026-08-07T01:31:01.959244Z TRACE hermit::sabre::fallback: decoded ptrace syscall stop tid=3 op=2
2026-08-07T01:31:01.959250Z TRACE hermit::sabre::fallback: received ptrace wait status status=PtraceSyscall(Pid(3))
2026-08-07T01:31:01.959251Z TRACE hermit::sabre::fallback: decoded ptrace syscall stop tid=3 op=1
2026-08-07T01:31:01.959255Z TRACE hermit::sabre::fallback: received ptrace wait status status=PtraceSyscall(Pid(3))
2026-08-07T01:31:01.959256Z TRACE hermit::sabre::fallback: decoded ptrace syscall stop tid=3 op=2
2026-08-07T01:31:01.959263Z TRACE hermit::sabre::fallback: received ptrace wait status status=PtraceSyscall(Pid(3))
2026-08-07T01:31:01.959265Z TRACE hermit::sabre::fallback: decoded ptrace syscall stop tid=3 op=1
2026-08-07T01:31:01.959270Z TRACE hermit::sabre::fallback: received ptrace wait status status=PtraceSyscall(Pid(3))
2026-08-07T01:31:01.959271Z TRACE hermit::sabre::fallback: decoded ptrace syscall stop tid=3 op=2
2026-08-07T01:31:01.959277Z TRACE hermit::sabre::fallback: received ptrace wait status status=PtraceSyscall(Pid(3))
2026-08-07T01:31:01.959278Z TRACE hermit::sabre::fallback: decoded ptrace syscall stop tid=3 op=1
2026-08-07T01:31:01.959284Z TRACE hermit::sabre::fallback: received ptrace wait status status=PtraceSyscall(Pid(3))
2026-08-07T01:31:01.959285Z TRACE hermit::sabre::fallback: decoded ptrace syscall stop tid=3 op=2
2026-08-07T01:31:01.959291Z TRACE hermit::sabre::fallback: received ptrace wait status status=PtraceSyscall(Pid(3))
2026-08-07T01:31:01.959292Z TRACE hermit::sabre::fallback: decoded ptrace syscall stop tid=3 op=1
2026-08-07T01:31:01.959456Z TRACE hermit::sabre::fallback: received ptrace wait status status=PtraceSyscall(Pid(3))
2026-08-07T01:31:01.959458Z TRACE hermit::sabre::fallback: decoded ptrace syscall stop tid=3 op=2
2026-08-07T01:31:01.959468Z TRACE hermit::sabre::fallback: received ptrace wait status status=PtraceSyscall(Pid(3))
2026-08-07T01:31:01.959470Z TRACE hermit::sabre::fallback: decoded ptrace syscall stop tid=3 op=1
2026-08-07T01:31:01.959477Z TRACE hermit::sabre::fallback: received ptrace wait status status=PtraceSyscall(Pid(3))
2026-08-07T01:31:01.959478Z TRACE hermit::sabre::fallback: decoded ptrace syscall stop tid=3 op=2
2026-08-07T01:31:01.959485Z TRACE hermit::sabre::fallback: received ptrace wait status status=PtraceSyscall(Pid(3))
2026-08-07T01:31:01.959486Z TRACE hermit::sabre::fallback: decoded ptrace syscall stop tid=3 op=1
2026-08-07T01:31:01.959491Z TRACE hermit::sabre::fallback: received ptrace wait status status=PtraceSyscall(Pid(3))
2026-08-07T01:31:01.959492Z TRACE hermit::sabre::fallback: decoded ptrace syscall stop tid=3 op=2
2026-08-07T01:31:01.959498Z TRACE hermit::sabre::fallback: received ptrace wait status status=PtraceSyscall(Pid(3))
2026-08-07T01:31:01.959499Z TRACE hermit::sabre::fallback: decoded ptrace syscall stop tid=3 op=1
2026-08-07T01:31:01.959504Z TRACE hermit::sabre::fallback: received ptrace wait status status=PtraceSyscall(Pid(3))
2026-08-07T01:31:01.959505Z TRACE hermit::sabre::fallback: decoded ptrace syscall stop tid=3 op=2
2026-08-07T01:31:01.959512Z TRACE hermit::sabre::fallback: received ptrace wait status status=PtraceSyscall(Pid(3))
2026-08-07T01:31:01.959513Z TRACE hermit::sabre::fallback: decoded ptrace syscall stop tid=3 op=1
2026-08-07T01:31:01.959518Z TRACE hermit::sabre::fallback: received ptrace wait status status=PtraceSyscall(Pid(3))
2026-08-07T01:31:01.959519Z TRACE hermit::sabre::fallback: decoded ptrace syscall stop tid=3 op=2
2026-08-07T01:31:01.959526Z TRACE hermit::sabre::fallback: received ptrace wait status status=PtraceSyscall(Pid(3))
2026-08-07T01:31:01.959527Z TRACE hermit::sabre::fallback: decoded ptrace syscall stop tid=3 op=1
2026-08-07T01:31:01.959532Z TRACE hermit::sabre::fallback: received ptrace wait status status=PtraceSyscall(Pid(3))
2026-08-07T01:31:01.959533Z TRACE hermit::sabre::fallback: decoded ptrace syscall stop tid=3 op=2
2026-08-07T01:31:01.959540Z TRACE hermit::sabre::fallback: received ptrace wait status status=PtraceSyscall(Pid(3))
2026-08-07T01:31:01.959541Z TRACE hermit::sabre::fallback: decoded ptrace syscall stop tid=3 op=1
2026-08-07T01:31:01.959546Z TRACE hermit::sabre::fallback: received ptrace wait status status=PtraceSyscall(Pid(3))
2026-08-07T01:31:01.959547Z TRACE hermit::sabre::fallback: decoded ptrace syscall stop tid=3 op=2
2026-08-07T01:31:01.959554Z TRACE hermit::sabre::fallback: received ptrace wait status status=PtraceSyscall(Pid(3))
2026-08-07T01:31:01.959555Z TRACE hermit::sabre::fallback: decoded ptrace syscall stop tid=3 op=1
2026-08-07T01:31:01.959560Z TRACE hermit::sabre::fallback: received ptrace wait status status=PtraceSyscall(Pid(3))
2026-08-07T01:31:01.959561Z TRACE hermit::sabre::fallback: decoded ptrace syscall stop tid=3 op=2
2026-08-07T01:31:01.959567Z TRACE hermit::sabre::fallback: received ptrace wait status status=PtraceSyscall(Pid(3))
2026-08-07T01:31:01.959569Z TRACE hermit::sabre::fallback: decoded ptrace syscall stop tid=3 op=1
2026-08-07T01:31:01.959574Z TRACE hermit::sabre::fallback: received ptrace wait status status=PtraceSyscall(Pid(3))
2026-08-07T01:31:01.959575Z TRACE hermit::sabre::fallback: decoded ptrace syscall stop tid=3 op=2
2026-08-07T01:31:01.959582Z TRACE hermit::sabre::fallback: received ptrace wait status status=PtraceSyscall(Pid(3))
2026-08-07T01:31:01.959583Z TRACE hermit::sabre::fallback: decoded ptrace syscall stop tid=3 op=1
2026-08-07T01:31:01.959590Z TRACE hermit::sabre::fallback: received ptrace wait status status=PtraceSyscall(Pid(3))
2026-08-07T01:31:01.959591Z TRACE hermit::sabre::fallback: decoded ptrace syscall stop tid=3 op=2
2026-08-07T01:31:01.959596Z TRACE hermit::sabre::fallback: received ptrace wait status status=PtraceSyscall(Pid(3))
2026-08-07T01:31:01.959597Z TRACE hermit::sabre::fallback: decoded ptrace syscall stop tid=3 op=1
2026-08-07T01:31:01.959603Z TRACE hermit::sabre::fallback: received ptrace wait status status=PtraceSyscall(Pid(3))
2026-08-07T01:31:01.959604Z TRACE hermit::sabre::fallback: decoded ptrace syscall stop tid=3 op=2
2026-08-07T01:31:01.959649Z TRACE hermit::sabre::fallback: received ptrace wait status status=PtraceSyscall(Pid(3))
2026-08-07T01:31:01.959651Z TRACE hermit::sabre::fallback: decoded ptrace syscall stop tid=3 op=1
2026-08-07T01:31:01.959657Z TRACE hermit::sabre::fallback: received ptrace wait status status=PtraceSyscall(Pid(3))
2026-08-07T01:31:01.959658Z TRACE hermit::sabre::fallback: decoded ptrace syscall stop tid=3 op=2
2026-08-07T01:31:01.959664Z TRACE hermit::sabre::fallback: received ptrace wait status status=PtraceSyscall(Pid(3))
2026-08-07T01:31:01.959666Z TRACE hermit::sabre::fallback: decoded ptrace syscall stop tid=3 op=1
2026-08-07T01:31:01.959672Z TRACE hermit::sabre::fallback: received ptrace wait status status=PtraceSyscall(Pid(3))
2026-08-07T01:31:01.959673Z TRACE hermit::sabre::fallback: decoded ptrace syscall stop tid=3 op=2
2026-08-07T01:31:01.959681Z TRACE hermit::sabre::fallback: received ptrace wait status status=PtraceSyscall(Pid(3))
2026-08-07T01:31:01.959682Z TRACE hermit::sabre::fallback: decoded ptrace syscall stop tid=3 op=1
2026-08-07T01:31:01.959688Z TRACE hermit::sabre::fallback: received ptrace wait status status=PtraceSyscall(Pid(3))
2026-08-07T01:31:01.959689Z TRACE hermit::sabre::fallback: decoded ptrace syscall stop tid=3 op=2
2026-08-07T01:31:01.959694Z TRACE hermit::sabre::fallback: received ptrace wait status status=PtraceSyscall(Pid(3))
2026-08-07T01:31:01.959695Z TRACE hermit::sabre::fallback: decoded ptrace syscall stop tid=3 op=1
2026-08-07T01:31:01.959726Z TRACE hermit::sabre::fallback: received ptrace wait status status=PtraceSyscall(Pid(3))
2026-08-07T01:31:01.959727Z TRACE hermit::sabre::fallback: decoded ptrace syscall stop tid=3 op=2
2026-08-07T01:31:01.959733Z TRACE hermit::sabre::fallback: received ptrace wait status status=PtraceSyscall(Pid(3))
2026-08-07T01:31:01.959734Z TRACE hermit::sabre::fallback: decoded ptrace syscall stop tid=3 op=1
2026-08-07T01:31:01.959746Z TRACE hermit::sabre::fallback: received ptrace wait status status=PtraceSyscall(Pid(3))
2026-08-07T01:31:01.959748Z TRACE hermit::sabre::fallback: decoded ptrace syscall stop tid=3 op=2
2026-08-07T01:31:01.959755Z TRACE hermit::sabre::fallback: received ptrace wait status status=PtraceSyscall(Pid(3))
2026-08-07T01:31:01.959756Z TRACE hermit::sabre::fallback: decoded ptrace syscall stop tid=3 op=1
2026-08-07T01:31:01.959771Z TRACE hermit::sabre::fallback: received ptrace wait status status=PtraceSyscall(Pid(3))
2026-08-07T01:31:01.959772Z TRACE hermit::sabre::fallback: decoded ptrace syscall stop tid=3 op=2
2026-08-07T01:31:01.959778Z TRACE hermit::sabre::fallback: received ptrace wait status status=PtraceSyscall(Pid(3))
2026-08-07T01:31:01.959779Z TRACE hermit::sabre::fallback: decoded ptrace syscall stop tid=3 op=1
2026-08-07T01:31:01.959791Z TRACE hermit::sabre::fallback: received ptrace wait status status=PtraceSyscall(Pid(3))
2026-08-07T01:31:01.959793Z TRACE hermit::sabre::fallback: decoded ptrace syscall stop tid=3 op=2
2026-08-07T01:31:01.959804Z TRACE hermit::sabre::fallback: received ptrace wait status status=PtraceSyscall(Pid(3))
2026-08-07T01:31:01.959805Z TRACE hermit::sabre::fallback: decoded ptrace syscall stop tid=3 op=1
2026-08-07T01:31:01.959810Z TRACE hermit::sabre::fallback: received ptrace wait status status=PtraceSyscall(Pid(3))
2026-08-07T01:31:01.959811Z TRACE hermit::sabre::fallback: decoded ptrace syscall stop tid=3 op=2
2026-08-07T01:31:01.959825Z TRACE hermit::sabre::fallback: received ptrace wait status status=PtraceSyscall(Pid(3))
2026-08-07T01:31:01.959827Z TRACE hermit::sabre::fallback: decoded ptrace syscall stop tid=3 op=1
2026-08-07T01:31:01.959842Z TRACE hermit::sabre::fallback: received ptrace wait status status=PtraceSyscall(Pid(3))
2026-08-07T01:31:01.959844Z TRACE hermit::sabre::fallback: decoded ptrace syscall stop tid=3 op=2
2026-08-07T01:31:01.959856Z TRACE hermit::sabre::fallback: received ptrace wait status status=PtraceSyscall(Pid(3))
2026-08-07T01:31:01.959857Z TRACE hermit::sabre::fallback: decoded ptrace syscall stop tid=3 op=1
2026-08-07T01:31:01.959868Z TRACE hermit::sabre::fallback: received ptrace wait status status=PtraceSyscall(Pid(3))
2026-08-07T01:31:01.959870Z TRACE hermit::sabre::fallback: decoded ptrace syscall stop tid=3 op=2
2026-08-07T01:31:01.959883Z TRACE hermit::sabre::fallback: received ptrace wait status status=PtraceSyscall(Pid(3))
2026-08-07T01:31:01.959884Z TRACE hermit::sabre::fallback: decoded ptrace syscall stop tid=3 op=1
2026-08-07T01:31:01.959891Z TRACE hermit::sabre::fallback: received ptrace wait status status=PtraceSyscall(Pid(3))
2026-08-07T01:31:01.959892Z TRACE hermit::sabre::fallback: decoded ptrace syscall stop tid=3 op=2
2026-08-07T01:31:01.959910Z TRACE hermit::sabre::fallback: received ptrace wait status status=PtraceSyscall(Pid(3))
2026-08-07T01:31:01.959912Z TRACE hermit::sabre::fallback: decoded ptrace syscall stop tid=3 op=1
2026-08-07T01:31:01.959924Z TRACE hermit::sabre::fallback: received ptrace wait status status=PtraceSyscall(Pid(3))
2026-08-07T01:31:01.959925Z TRACE hermit::sabre::fallback: decoded ptrace syscall stop tid=3 op=2
2026-08-07T01:31:01.959937Z TRACE hermit::sabre::fallback: received ptrace wait status status=PtraceSyscall(Pid(3))
2026-08-07T01:31:01.959939Z TRACE hermit::sabre::fallback: decoded ptrace syscall stop tid=3 op=1
2026-08-07T01:31:01.959953Z TRACE hermit::sabre::fallback: received ptrace wait status status=PtraceSyscall(Pid(3))
2026-08-07T01:31:01.959954Z TRACE hermit::sabre::fallback: decoded ptrace syscall stop tid=3 op=2
2026-08-07T01:31:01.959966Z TRACE hermit::sabre::fallback: received ptrace wait status status=PtraceSyscall(Pid(3))
2026-08-07T01:31:01.959967Z TRACE hermit::sabre::fallback: decoded ptrace syscall stop tid=3 op=1
2026-08-07T01:31:01.959972Z TRACE hermit::sabre::fallback: received ptrace wait status status=PtraceSyscall(Pid(3))
2026-08-07T01:31:01.959973Z TRACE hermit::sabre::fallback: decoded ptrace syscall stop tid=3 op=2
2026-08-07T01:31:01.959990Z TRACE hermit::sabre::fallback: received ptrace wait status status=PtraceSyscall(Pid(3))
2026-08-07T01:31:01.959992Z TRACE hermit::sabre::fallback: decoded ptrace syscall stop tid=3 op=1
2026-08-07T01:31:01.960005Z TRACE hermit::sabre::fallback: received ptrace wait status status=PtraceSyscall(Pid(3))
2026-08-07T01:31:01.960006Z TRACE hermit::sabre::fallback: decoded ptrace syscall stop tid=3 op=2
2026-08-07T01:31:01.960019Z TRACE hermit::sabre::fallback: received ptrace wait status status=PtraceSyscall(Pid(3))
2026-08-07T01:31:01.960020Z TRACE hermit::sabre::fallback: decoded ptrace syscall stop tid=3 op=1
2026-08-07T01:31:01.960031Z TRACE hermit::sabre::fallback: received ptrace wait status status=PtraceSyscall(Pid(3))
2026-08-07T01:31:01.960032Z TRACE hermit::sabre::fallback: decoded ptrace syscall stop tid=3 op=2
2026-08-07T01:31:01.960044Z TRACE hermit::sabre::fallback: received ptrace wait status status=PtraceSyscall(Pid(3))
2026-08-07T01:31:01.960045Z TRACE hermit::sabre::fallback: decoded ptrace syscall stop tid=3 op=1
2026-08-07T01:31:01.960057Z TRACE hermit::sabre::fallback: received ptrace wait status status=PtraceSyscall(Pid(3))
2026-08-07T01:31:01.960058Z TRACE hermit::sabre::fallback: decoded ptrace syscall stop tid=3 op=2
2026-08-07T01:31:01.960064Z TRACE hermit::sabre::fallback: received ptrace wait status status=PtraceSyscall(Pid(3))
2026-08-07T01:31:01.960065Z TRACE hermit::sabre::fallback: decoded ptrace syscall stop tid=3 op=1
2026-08-07T01:31:01.960078Z TRACE hermit::sabre::fallback: received ptrace wait status status=PtraceSyscall(Pid(3))
2026-08-07T01:31:01.960079Z TRACE hermit::sabre::fallback: decoded ptrace syscall stop tid=3 op=2
2026-08-07T01:31:01.960091Z TRACE hermit::sabre::fallback: received ptrace wait status status=PtraceSyscall(Pid(3))
2026-08-07T01:31:01.960092Z TRACE hermit::sabre::fallback: decoded ptrace syscall stop tid=3 op=1
2026-08-07T01:31:01.960104Z TRACE hermit::sabre::fallback: received ptrace wait status status=PtraceSyscall(Pid(3))
2026-08-07T01:31:01.960106Z TRACE hermit::sabre::fallback: decoded ptrace syscall stop tid=3 op=2
2026-08-07T01:31:01.960122Z TRACE hermit::sabre::fallback: received ptrace wait status status=PtraceSyscall(Pid(3))
2026-08-07T01:31:01.960124Z TRACE hermit::sabre::fallback: decoded ptrace syscall stop tid=3 op=1
2026-08-07T01:31:01.960136Z TRACE hermit::sabre::fallback: received ptrace wait status status=PtraceSyscall(Pid(3))
2026-08-07T01:31:01.960137Z TRACE hermit::sabre::fallback: decoded ptrace syscall stop tid=3 op=2
2026-08-07T01:31:01.960149Z TRACE hermit::sabre::fallback: received ptrace wait status status=PtraceSyscall(Pid(3))
2026-08-07T01:31:01.960151Z TRACE hermit::sabre::fallback: decoded ptrace syscall stop tid=3 op=1
2026-08-07T01:31:01.960156Z TRACE hermit::sabre::fallback: received ptrace wait status status=PtraceSyscall(Pid(3))
2026-08-07T01:31:01.960158Z TRACE hermit::sabre::fallback: decoded ptrace syscall stop tid=3 op=2
2026-08-07T01:31:01.960176Z TRACE hermit::sabre::fallback: received ptrace wait status status=PtraceSyscall(Pid(3))
2026-08-07T01:31:01.960177Z TRACE hermit::sabre::fallback: decoded ptrace syscall stop tid=3 op=1
2026-08-07T01:31:01.960189Z TRACE hermit::sabre::fallback: received ptrace wait status status=PtraceSyscall(Pid(3))
2026-08-07T01:31:01.960190Z TRACE hermit::sabre::fallback: decoded ptrace syscall stop tid=3 op=2
2026-08-07T01:31:01.960196Z TRACE hermit::sabre::fallback: received ptrace wait status status=PtraceSyscall(Pid(3))
2026-08-07T01:31:01.960197Z TRACE hermit::sabre::fallback: decoded ptrace syscall stop tid=3 op=1
2026-08-07T01:31:01.960215Z TRACE hermit::sabre::fallback: received ptrace wait status status=PtraceSyscall(Pid(3))
2026-08-07T01:31:01.960216Z TRACE hermit::sabre::fallback: decoded ptrace syscall stop tid=3 op=2
2026-08-07T01:31:01.960228Z TRACE hermit::sabre::fallback: received ptrace wait status status=PtraceSyscall(Pid(3))
2026-08-07T01:31:01.960230Z TRACE hermit::sabre::fallback: decoded ptrace syscall stop tid=3 op=1
2026-08-07T01:31:01.960241Z TRACE hermit::sabre::fallback: received ptrace wait status status=PtraceSyscall(Pid(3))
2026-08-07T01:31:01.960242Z TRACE hermit::sabre::fallback: decoded ptrace syscall stop tid=3 op=2
2026-08-07T01:31:01.960254Z TRACE hermit::sabre::fallback: received ptrace wait status status=PtraceSyscall(Pid(3))
2026-08-07T01:31:01.960255Z TRACE hermit::sabre::fallback: decoded ptrace syscall stop tid=3 op=1
2026-08-07T01:31:01.960268Z TRACE hermit::sabre::fallback: received ptrace wait status status=PtraceSyscall(Pid(3))
2026-08-07T01:31:01.960270Z TRACE hermit::sabre::fallback: decoded ptrace syscall stop tid=3 op=2
2026-08-07T01:31:01.960290Z TRACE hermit::sabre::fallback: received ptrace wait status status=PtraceSyscall(Pid(3))
2026-08-07T01:31:01.960291Z TRACE hermit::sabre::fallback: decoded ptrace syscall stop tid=3 op=1
2026-08-07T01:31:01.960307Z TRACE hermit::sabre::fallback: received ptrace wait status status=PtraceSyscall(Pid(3))
2026-08-07T01:31:01.960309Z TRACE hermit::sabre::fallback: decoded ptrace syscall stop tid=3 op=2
2026-08-07T01:31:01.960326Z TRACE hermit::sabre::fallback: received ptrace wait status status=PtraceSyscall(Pid(3))
2026-08-07T01:31:01.960328Z TRACE hermit::sabre::fallback: decoded ptrace syscall stop tid=3 op=1
2026-08-07T01:31:01.960344Z TRACE hermit::sabre::fallback: received ptrace wait status status=PtraceSyscall(Pid(3))
2026-08-07T01:31:01.960346Z TRACE hermit::sabre::fallback: decoded ptrace syscall stop tid=3 op=2
2026-08-07T01:31:01.960360Z TRACE hermit::sabre::fallback: received ptrace wait status status=PtraceSyscall(Pid(3))
2026-08-07T01:31:01.960362Z TRACE hermit::sabre::fallback: decoded ptrace syscall stop tid=3 op=1
2026-08-07T01:31:01.960376Z TRACE hermit::sabre::fallback: received ptrace wait status status=PtraceSyscall(Pid(3))
2026-08-07T01:31:01.960378Z TRACE hermit::sabre::fallback: decoded ptrace syscall stop tid=3 op=2
2026-08-07T01:31:01.960390Z TRACE hermit::sabre::fallback: received ptrace wait status status=PtraceSyscall(Pid(3))
2026-08-07T01:31:01.960391Z TRACE hermit::sabre::fallback: decoded ptrace syscall stop tid=3 op=1
2026-08-07T01:31:01.960403Z TRACE hermit::sabre::fallback: received ptrace wait status status=PtraceSyscall(Pid(3))
2026-08-07T01:31:01.960404Z TRACE hermit::sabre::fallback: decoded ptrace syscall stop tid=3 op=2
2026-08-07T01:31:01.960414Z TRACE hermit::sabre::fallback: received ptrace wait status status=PtraceSyscall(Pid(3))
2026-08-07T01:31:01.960416Z TRACE hermit::sabre::fallback: decoded ptrace syscall stop tid=3 op=1
2026-08-07T01:31:01.960422Z TRACE hermit::sabre::fallback: received ptrace wait status status=PtraceSyscall(Pid(3))
2026-08-07T01:31:01.960423Z TRACE hermit::sabre::fallback: decoded ptrace syscall stop tid=3 op=2
2026-08-07T01:31:01.960450Z TRACE hermit::sabre::fallback: received ptrace wait status status=PtraceSyscall(Pid(3))
2026-08-07T01:31:01.960452Z TRACE hermit::sabre::fallback: decoded ptrace syscall stop tid=3 op=1
2026-08-07T01:31:01.960475Z TRACE hermit::sabre::fallback: received ptrace wait status status=PtraceSyscall(Pid(3))
2026-08-07T01:31:01.960477Z TRACE hermit::sabre::fallback: decoded ptrace syscall stop tid=3 op=2
2026-08-07T01:31:01.960494Z TRACE hermit::sabre::fallback: received ptrace wait status status=PtraceSyscall(Pid(3))
2026-08-07T01:31:01.960495Z TRACE hermit::sabre::fallback: decoded ptrace syscall stop tid=3 op=1
2026-08-07T01:31:01.960510Z TRACE hermit::sabre::fallback: received ptrace wait status status=PtraceSyscall(Pid(3))
2026-08-07T01:31:01.960511Z TRACE hermit::sabre::fallback: decoded ptrace syscall stop tid=3 op=2
2026-08-07T01:31:01.960525Z TRACE hermit::sabre::fallback: received ptrace wait status status=PtraceSyscall(Pid(3))
2026-08-07T01:31:01.960527Z TRACE hermit::sabre::fallback: decoded ptrace syscall stop tid=3 op=1
2026-08-07T01:31:01.960541Z TRACE hermit::sabre::fallback: received ptrace wait status status=PtraceSyscall(Pid(3))
2026-08-07T01:31:01.960542Z TRACE hermit::sabre::fallback: decoded ptrace syscall stop tid=3 op=2
2026-08-07T01:31:01.960556Z TRACE hermit::sabre::fallback: received ptrace wait status status=PtraceSyscall(Pid(3))
2026-08-07T01:31:01.960558Z TRACE hermit::sabre::fallback: decoded ptrace syscall stop tid=3 op=1
2026-08-07T01:31:01.960572Z TRACE hermit::sabre::fallback: received ptrace wait status status=PtraceSyscall(Pid(3))
2026-08-07T01:31:01.960573Z TRACE hermit::sabre::fallback: decoded ptrace syscall stop tid=3 op=2
2026-08-07T01:31:01.960586Z TRACE hermit::sabre::fallback: received ptrace wait status status=PtraceSyscall(Pid(3))
2026-08-07T01:31:01.960588Z TRACE hermit::sabre::fallback: decoded ptrace syscall stop tid=3 op=1
2026-08-07T01:31:01.960600Z TRACE hermit::sabre::fallback: received ptrace wait status status=PtraceSyscall(Pid(3))
2026-08-07T01:31:01.960602Z TRACE hermit::sabre::fallback: decoded ptrace syscall stop tid=3 op=2
2026-08-07T01:31:01.960658Z TRACE hermit::sabre::fallback: received ptrace wait status status=PtraceSyscall(Pid(3))
2026-08-07T01:31:01.960659Z TRACE hermit::sabre::fallback: decoded ptrace syscall stop tid=3 op=1
2026-08-07T01:31:01.960672Z TRACE hermit::sabre::fallback: received ptrace wait status status=PtraceSyscall(Pid(3))
2026-08-07T01:31:01.960673Z TRACE hermit::sabre::fallback: decoded ptrace syscall stop tid=3 op=2
2026-08-07T01:31:01.960697Z TRACE hermit::sabre::fallback: received ptrace wait status status=PtraceSyscall(Pid(3))
2026-08-07T01:31:01.960699Z TRACE hermit::sabre::fallback: decoded ptrace syscall stop tid=3 op=1
2026-08-07T01:31:01.960705Z TRACE hermit::sabre::fallback: received ptrace wait status status=PtraceSyscall(Pid(3))
2026-08-07T01:31:01.960706Z TRACE hermit::sabre::fallback: decoded ptrace syscall stop tid=3 op=2
2026-08-07T01:31:01.960711Z TRACE hermit::sabre::fallback: received ptrace wait status status=PtraceSyscall(Pid(3))
2026-08-07T01:31:01.960712Z TRACE hermit::sabre::fallback: decoded ptrace syscall stop tid=3 op=1
2026-08-07T01:31:01.960720Z TRACE hermit::sabre::fallback: received ptrace wait status status=PtraceSyscall(Pid(3))
2026-08-07T01:31:01.960722Z TRACE hermit::sabre::fallback: decoded ptrace syscall stop tid=3 op=2
2026-08-07T01:31:01.960730Z TRACE hermit::sabre::fallback: received ptrace wait status status=PtraceSyscall(Pid(3))
2026-08-07T01:31:01.960732Z TRACE hermit::sabre::fallback: decoded ptrace syscall stop tid=3 op=1
2026-08-07T01:31:01.960736Z TRACE hermit::sabre::fallback: received ptrace wait status status=PtraceSyscall(Pid(3))
2026-08-07T01:31:01.960738Z TRACE hermit::sabre::fallback: decoded ptrace syscall stop tid=3 op=2
2026-08-07T01:31:01.960742Z TRACE hermit::sabre::fallback: received ptrace wait status status=PtraceSyscall(Pid(3))
2026-08-07T01:31:01.960743Z TRACE hermit::sabre::fallback: decoded ptrace syscall stop tid=3 op=1
2026-08-07T01:31:01.960748Z TRACE hermit::sabre::fallback: received ptrace wait status status=PtraceSyscall(Pid(3))
2026-08-07T01:31:01.960749Z TRACE hermit::sabre::fallback: decoded ptrace syscall stop tid=3 op=2
2026-08-07T01:31:01.960755Z TRACE hermit::sabre::fallback: received ptrace wait status status=PtraceSyscall(Pid(3))
2026-08-07T01:31:01.960756Z TRACE hermit::sabre::fallback: decoded ptrace syscall stop tid=3 op=1
2026-08-07T01:31:01.960760Z TRACE hermit::sabre::fallback: received ptrace wait status status=PtraceSyscall(Pid(3))
2026-08-07T01:31:01.960761Z TRACE hermit::sabre::fallback: decoded ptrace syscall stop tid=3 op=2
2026-08-07T01:31:01.960766Z TRACE hermit::sabre::fallback: received ptrace wait status status=PtraceSyscall(Pid(3))
2026-08-07T01:31:01.960767Z TRACE hermit::sabre::fallback: decoded ptrace syscall stop tid=3 op=1
2026-08-07T01:31:01.960771Z TRACE hermit::sabre::fallback: received ptrace wait status status=PtraceSyscall(Pid(3))
2026-08-07T01:31:01.960772Z TRACE hermit::sabre::fallback: decoded ptrace syscall stop tid=3 op=2
2026-08-07T01:31:01.960785Z TRACE hermit::sabre::fallback: received ptrace wait status status=Stopped(Pid(3), SIGSEGV)
2026-08-07T01:31:01.960861Z DEBUG hermit::sabre::fallback: forwarding signal to tracee tid=3 signal=SIGSEGV rip="0x403983"
2026-08-07T01:31:02.354520Z TRACE hermit::sabre::fallback: received ptrace wait status status=PtraceEvent(Pid(3), SIGTRAP, 6)
2026-08-07T01:31:02.355171Z TRACE hermit::sabre::fallback: received ptrace wait status status=Signaled(Pid(3), SIGSEGV, true)
2026-08-07T01:31:02.355194Z ERROR hermit::sabre::fallback: SaBRe tracee terminated by a fatal signal tid=3 signal=SIGSEGV si_code=1 si_errno=0 rip="0x403983" rsp="0x7fffffffaea0" fault_address="0x0" mapping="00401000-00489000 r-xp 00001000 00:1f 2426604832                         /home/newton/working_copies/dev-hermit/worktrees/sabre-nostdlib176/scratch/s176/hi_static" file_offset="0x3983" relative_offset="0x2983" instruction_bytes="48 8b 00 30 c0 64 48 89 04 25 28 00 00 00 e8 6a" rax="0x0" rbx="0x400518" rcx="0x415f74" rdx="0x0" rsi="0x20" rdi="0x7ffff7fffd20" rbp="0x1" r8="0x0" r9="0xffffffffffffffff" r10="0x53053053" r11="0x246" r12="0x7fffffffaf08" r13="0x400518" r14="0x0" r15="0x4b5018" orig_rax="0xffffffffffffffff" eflags="0x10202" cs="0x33" ss="0x2b" fs_base="0x7ffff7fff380" gs_base="0x0"
2026-08-07T01:31:02.355263Z  INFO detcore::tool_global: Scheduler state at exit:
  Run queue, size=0, last_back_turn=0, last_front_turn=0:

  Futex-waiters, 0 blocked on 0 futexes:

  Timed-waiters, 0:

  External-IO-blocked, 0:

  Next_turns: 

2026-08-07T01:31:02.355269Z  INFO hermit::sabre::fallback: SaBRe ptrace fallback completed ptrace_fallback_sites=0 trusted_shared_object_sites=0 guest_rpc_observed=false
2026-08-07T01:31:02.355419Z  INFO detcore::tool_global: detcore shut down, destroying global state
2026-08-07T01:31:02.355431Z  INFO detcore::tool_global: 
  ------------------------------ hermit run report ------------------------------
Final thread-tree was: []
There were 0 group leaders of 0 thread(s) total.
Internally, the hermit scheduler ran 0 turns, recorded 0 events, replayed 0 events (0 desynced)
Final virtual global (cpu) time: 1_767_225_600.000_000_000s
Elapsed virtual global (cpu) time: 0ns
Timeslice stats: none recorded

2026-08-07T01:31:02.355463Z DEBUG detcore::tool_global: Nondeterministic realtime elapsed: 415.974281ms
