2026-09-10T03:16:10.532281Z  INFO hermit::kvm: launching guest through reverie-kvm program=/home/newton/work/dev-hermit/worktrees/slots/integration-pr529-pr538-hermit/target/tmp/preadv2-pwritev2-pipe/preadv2_pwritev2_pipe argv=["/home/newton/work/dev-hermit/worktrees/slots/integration-pr529-pr538-hermit/target/tmp/preadv2-pwritev2-pipe/preadv2_pwritev2_pipe", "matrix"] cwd=/home/newton/work/dev-hermit/worktrees/slots/integration-pr529-pr538-hermit/hermit-cli env_count=5
2026-09-10T03:16:10.535964Z  INFO detcore::scheduler::runqueue: DETLOG SCHEDRAND: seeding scheduler runqueue with seed 0 DETLOG_RECORD={"schema":1,"event":{"kind":"other"}}
2026-09-10T03:16:10.536042Z  INFO detcore::tool_global: [scheduler] daemon task starting up, waiting for guest thread start..
2026-09-10T03:16:10.536190Z  INFO detcore::tool_local: DETLOG USER RAND: seeding PRNG for root thread with seed 0 DETLOG_RECORD={"schema":1,"event":{"kind":"other"}}
2026-09-10T03:16:10.536201Z  INFO detcore::tool_local: DETLOG CHAOSRAND: seeding chaos scheduler with seed 0 DETLOG_RECORD={"schema":1,"event":{"kind":"other"}}
2026-09-10T03:16:10.536560Z  INFO detcore::scheduler: [scheduler] guest in queue, scheduler proceeding..
2026-09-10T03:16:10.536689Z  INFO detcore::scheduler: [sched-step5] >>>>>>>

 COMMIT turn 0, dettid 3 using resources {ParentContinue { parent: DetPid(3), child: DetPid(3) }: W}, on previously committed 1_767_225_600.000_000_000s DETLOG_RECORD={"schema":1,"event":{"kind":"scheduler_commit","scheduler_turn":0,"virtual_nanoseconds":1767225600000000000,"internal_io_poll":false,"runtime_maps_read":false}}
2026-09-10T03:16:10.536830Z  INFO detcore::scheduler: [sched-step5] >>>>>>>

 COMMIT turn 1, dettid 3 using resources {MemAddrSpace(DetPid(3)): RW}, on previously committed 1_767_225_600.000_500_000s DETLOG_RECORD={"schema":1,"event":{"kind":"scheduler_commit","scheduler_turn":1,"virtual_nanoseconds":1767225600000500000,"internal_io_poll":false,"runtime_maps_read":false}}
2026-09-10T03:16:10.536854Z  INFO detcore::tool_global: [detcore, dtid 3] New thread given go-ahead to proceed via <ivar Go(None)>
2026-09-10T03:16:10.537278Z  INFO detcore: DETLOG [post_exec, dtid 3] init auxv AT_RANDOM value to [162, 205, 24, 211, 0, 83, 122, 92, 176, 131, 220, 72, 219, 250, 14, 242] DETLOG_RECORD={"schema":1,"event":{"kind":"other"}}
2026-09-10T03:16:10.537461Z  INFO detcore: DETLOG [syscall][detcore, dtid 3] inbound syscall: brk(NULL) = ? DETLOG_RECORD={"schema":1,"event":{"kind":"syscall"}}
2026-09-10T03:16:10.537528Z  INFO detcore: DETLOG [syscall][detcore, dtid 3] finish syscall #2: brk(NULL) = Ok(4362240) DETLOG_RECORD={"schema":1,"event":{"kind":"syscall_result","finished_syscall_number":2}}
2026-09-10T03:16:10.537612Z  INFO detcore: DETLOG [syscall][detcore, dtid 3] inbound syscall: arch_prctl(12289, 0x3fffec60) = ? DETLOG_RECORD={"schema":1,"event":{"kind":"syscall"}}
2026-09-10T03:16:10.537633Z  INFO detcore: DETLOG [syscall][detcore, dtid 3] finish syscall #3: arch_prctl(12289, 0x3fffec60) = Err(Errno(EINVAL)) DETLOG_RECORD={"schema":1,"event":{"kind":"syscall_result","finished_syscall_number":3}}
2026-09-10T03:16:10.537669Z  INFO detcore: DETLOG [syscall][detcore, dtid 3] inbound syscall: mmap(NULL, 8192, ProtFlags(PROT_READ | PROT_WRITE), MapFlags(MAP_PRIVATE | MAP_ANON), -1, 0) = ? DETLOG_RECORD={"schema":1,"event":{"kind":"syscall"}}
2026-09-10T03:16:10.537737Z  INFO detcore: DETLOG [syscall][detcore, dtid 3] finish syscall #4: mmap(NULL, 8192, ProtFlags(PROT_READ | PROT_WRITE), MapFlags(MAP_PRIVATE | MAP_ANON), -1, 0) = Ok(18067456) DETLOG_RECORD={"schema":1,"event":{"kind":"syscall_result","finished_syscall_number":4}}
2026-09-10T03:16:10.537767Z  INFO detcore: DETLOG [syscall][detcore, dtid 3] inbound syscall: access(0x102ee50 -> "/etc/ld.so.preload", Mode(S_IROTH)) = ? DETLOG_RECORD={"schema":1,"event":{"kind":"syscall"}}
2026-09-10T03:16:10.537859Z  INFO detcore: DETLOG [syscall][detcore, dtid 3] finish syscall #5: access(0x102ee50 -> "/etc/ld.so.preload", Mode(S_IROTH)) = Err(Errno(ENOENT)) DETLOG_RECORD={"schema":1,"event":{"kind":"syscall_result","finished_syscall_number":5}}
2026-09-10T03:16:10.537904Z  INFO detcore: DETLOG [syscall][detcore, dtid 3] inbound syscall: openat(-100, 0x102d266 -> "/etc/ld.so.cache", OFlag(O_CLOEXEC)) = ? DETLOG_RECORD={"schema":1,"event":{"kind":"syscall"}}
2026-09-10T03:16:10.538012Z  INFO detcore::scheduler: [sched-step5] >>>>>>>

 COMMIT turn 2, dettid 3 using resources {Path("/etc/ld.so.cache"): R}, on previously committed 1_767_225_600.001_298_250s DETLOG_RECORD={"schema":1,"event":{"kind":"scheduler_commit","scheduler_turn":2,"virtual_nanoseconds":1767225600001298250,"internal_io_poll":false,"runtime_maps_read":false}}
2026-09-10T03:16:10.538157Z  INFO detcore::syscalls::files: Injecting additional fstat to retrieve file metadata on fd 3.
2026-09-10T03:16:10.538277Z  INFO detcore: DETLOG [syscall][detcore, dtid 3] finish syscall #6: openat(-100, 0x102d266 -> "/etc/ld.so.cache", OFlag(O_CLOEXEC)) = Ok(3) DETLOG_RECORD={"schema":1,"event":{"kind":"syscall_result","finished_syscall_number":6}}
2026-09-10T03:16:10.538328Z  INFO detcore: DETLOG [syscall][detcore, dtid 3] inbound syscall: fstat(3, 0x3fffde90) = ? DETLOG_RECORD={"schema":1,"event":{"kind":"syscall"}}
2026-09-10T03:16:10.538402Z  INFO detcore: DETLOG [syscall][detcore, dtid 3] finish syscall #7: fstat(3, 0x3fffde90) = Ok(0) DETLOG_RECORD={"schema":1,"event":{"kind":"syscall_result","finished_syscall_number":7}}
2026-09-10T03:16:10.538424Z  INFO detcore: DETLOG [syscall][detcore, dtid 3] inbound syscall: mmap(NULL, 28431, ProtFlags(PROT_READ), MapFlags(MAP_PRIVATE), 3, 0) = ? DETLOG_RECORD={"schema":1,"event":{"kind":"syscall"}}
2026-09-10T03:16:10.538478Z  INFO detcore: DETLOG [syscall][detcore, dtid 3] finish syscall #8: mmap(NULL, 28431, ProtFlags(PROT_READ), MapFlags(MAP_PRIVATE), 3, 0) = Ok(18075648) DETLOG_RECORD={"schema":1,"event":{"kind":"syscall_result","finished_syscall_number":8}}
2026-09-10T03:16:10.538501Z  INFO detcore: DETLOG [syscall][detcore, dtid 3] inbound syscall: close(3) = ? DETLOG_RECORD={"schema":1,"event":{"kind":"syscall"}}
2026-09-10T03:16:10.538561Z  INFO detcore: DETLOG [syscall][detcore, dtid 3] finish syscall #9: close(3) = Ok(0) DETLOG_RECORD={"schema":1,"event":{"kind":"syscall_result","finished_syscall_number":9}}
2026-09-10T03:16:10.538596Z  INFO detcore: DETLOG [syscall][detcore, dtid 3] inbound syscall: openat(-100, 0x113b700 -> "/lib64/libc.so.6", OFlag(O_CLOEXEC)) = ? DETLOG_RECORD={"schema":1,"event":{"kind":"syscall"}}
2026-09-10T03:16:10.538660Z  INFO detcore::scheduler: [sched-step5] >>>>>>>

 COMMIT turn 3, dettid 3 using resources {Path("/lib64/libc.so.6"): R}, on previously committed 1_767_225_600.001_861_250s DETLOG_RECORD={"schema":1,"event":{"kind":"scheduler_commit","scheduler_turn":3,"virtual_nanoseconds":1767225600001861250,"internal_io_poll":false,"runtime_maps_read":false}}
2026-09-10T03:16:10.538764Z  INFO detcore::syscalls::files: Injecting additional fstat to retrieve file metadata on fd 3.
2026-09-10T03:16:10.538827Z  INFO detcore: DETLOG [syscall][detcore, dtid 3] finish syscall #10: openat(-100, 0x113b700 -> "/lib64/libc.so.6", OFlag(O_CLOEXEC)) = Ok(3) DETLOG_RECORD={"schema":1,"event":{"kind":"syscall_result","finished_syscall_number":10}}
2026-09-10T03:16:10.538874Z  INFO detcore: DETLOG [syscall][detcore, dtid 3] inbound syscall: read(3, 0x3fffdff8, 832) = ? DETLOG_RECORD={"schema":1,"event":{"kind":"syscall"}}
2026-09-10T03:16:10.538944Z  INFO detcore: DETLOG [syscall][detcore, dtid 3] finish syscall #11: read(3, 0x3fffdff8, 832) = Ok(832) DETLOG_RECORD={"schema":1,"event":{"kind":"syscall_result","finished_syscall_number":11}}
2026-09-10T03:16:10.539029Z  INFO detcore::io_buffers: DETLOG [iobuf][dtid 3] read in fd=3 0x3fffdff8+832->15b999148078ec22238b9ce37d8808a160987f174241919b4824ee233d39b86a chunks=256:06908208,3c92d656,80a5bdd1,fc54247f DETLOG_RECORD={"schema":1,"event":{"kind":"other"}}
2026-09-10T03:16:10.539056Z  INFO detcore: DETLOG [syscall][detcore, dtid 3] inbound syscall: pread64(3, 0x3fffdbf0, 784, 64) = ? DETLOG_RECORD={"schema":1,"event":{"kind":"syscall"}}
2026-09-10T03:16:10.539097Z  INFO detcore: DETLOG [syscall][detcore, dtid 3] finish syscall #12: pread64(3, 0x3fffdbf0, 784, 64) = Ok(784) DETLOG_RECORD={"schema":1,"event":{"kind":"syscall_result","finished_syscall_number":12}}
2026-09-10T03:16:10.539138Z  INFO detcore::io_buffers: DETLOG [iobuf][dtid 3] pread64 in fd=3 0x3fffdbf0+784->608c8f7f2cfaab9177f8398cb045fef4a5de6339376a1b2c6d7bc29efc4e59c6 chunks=256:636b2852,02e1b2bb,c2218f42,70ffaf0c DETLOG_RECORD={"schema":1,"event":{"kind":"other"}}
2026-09-10T03:16:10.539164Z  INFO detcore: DETLOG [syscall][detcore, dtid 3] inbound syscall: pread64(3, 0x3fffdbb0, 48, 848) = ? DETLOG_RECORD={"schema":1,"event":{"kind":"syscall"}}
2026-09-10T03:16:10.539192Z  INFO detcore: DETLOG [syscall][detcore, dtid 3] finish syscall #13: pread64(3, 0x3fffdbb0, 48, 848) = Ok(48) DETLOG_RECORD={"schema":1,"event":{"kind":"syscall_result","finished_syscall_number":13}}
2026-09-10T03:16:10.539207Z  INFO detcore::io_buffers: DETLOG [iobuf][dtid 3] pread64 in fd=3 0x3fffdbb0+48->e970ca17855176340f0bbda4f846524010a9a8c3b6f12236e07387331b6ae7b8 DETLOG_RECORD={"schema":1,"event":{"kind":"other"}}
2026-09-10T03:16:10.539227Z  INFO detcore: DETLOG [syscall][detcore, dtid 3] inbound syscall: pread64(3, 0x3fffdb60, 68, 896) = ? DETLOG_RECORD={"schema":1,"event":{"kind":"syscall"}}
2026-09-10T03:16:10.539247Z  INFO detcore: DETLOG [syscall][detcore, dtid 3] finish syscall #14: pread64(3, 0x3fffdb60, 68, 896) = Ok(68) DETLOG_RECORD={"schema":1,"event":{"kind":"syscall_result","finished_syscall_number":14}}
2026-09-10T03:16:10.539261Z  INFO detcore::io_buffers: DETLOG [iobuf][dtid 3] pread64 in fd=3 0x3fffdb60+68->b9a55448fb8c25fd5a2bec3974908b47a2efdd37b07a2660e1e3213b315263c9 DETLOG_RECORD={"schema":1,"event":{"kind":"other"}}
2026-09-10T03:16:10.539280Z  INFO detcore: DETLOG [syscall][detcore, dtid 3] inbound syscall: fstat(3, 0x3fffde90) = ? DETLOG_RECORD={"schema":1,"event":{"kind":"syscall"}}
2026-09-10T03:16:10.539316Z  INFO detcore: DETLOG [syscall][detcore, dtid 3] finish syscall #15: fstat(3, 0x3fffde90) = Ok(0) DETLOG_RECORD={"schema":1,"event":{"kind":"syscall_result","finished_syscall_number":15}}
2026-09-10T03:16:10.539337Z  INFO detcore: DETLOG [syscall][detcore, dtid 3] inbound syscall: pread64(3, 0x3fffdae0, 784, 64) = ? DETLOG_RECORD={"schema":1,"event":{"kind":"syscall"}}
2026-09-10T03:16:10.539360Z  INFO detcore: DETLOG [syscall][detcore, dtid 3] finish syscall #16: pread64(3, 0x3fffdae0, 784, 64) = Ok(784) DETLOG_RECORD={"schema":1,"event":{"kind":"syscall_result","finished_syscall_number":16}}
2026-09-10T03:16:10.539395Z  INFO detcore::io_buffers: DETLOG [iobuf][dtid 3] pread64 in fd=3 0x3fffdae0+784->608c8f7f2cfaab9177f8398cb045fef4a5de6339376a1b2c6d7bc29efc4e59c6 chunks=256:636b2852,02e1b2bb,c2218f42,70ffaf0c DETLOG_RECORD={"schema":1,"event":{"kind":"other"}}
2026-09-10T03:16:10.539416Z  INFO detcore: DETLOG [syscall][detcore, dtid 3] inbound syscall: mmap(NULL, 2138064, ProtFlags(PROT_READ), MapFlags(MAP_PRIVATE | MAP_DENYWRITE), 3, 0) = ? DETLOG_RECORD={"schema":1,"event":{"kind":"syscall"}}
2026-09-10T03:16:10.540985Z  INFO detcore: DETLOG [syscall][detcore, dtid 3] finish syscall #17: mmap(NULL, 2138064, ProtFlags(PROT_READ), MapFlags(MAP_PRIVATE | MAP_DENYWRITE), 3, 0) = Ok(18104320) DETLOG_RECORD={"schema":1,"event":{"kind":"syscall_result","finished_syscall_number":17}}
2026-09-10T03:16:10.541021Z  INFO detcore: DETLOG [syscall][detcore, dtid 3] inbound syscall: mmap(0x116d000, 1527808, ProtFlags(PROT_READ | PROT_EXEC), MapFlags(MAP_PRIVATE | MAP_FIXED | MAP_DENYWRITE), 3, 167936) = ? DETLOG_RECORD={"schema":1,"event":{"kind":"syscall"}}
2026-09-10T03:16:10.541490Z  INFO detcore: DETLOG [syscall][detcore, dtid 3] finish syscall #18: mmap(0x116d000, 1527808, ProtFlags(PROT_READ | PROT_EXEC), MapFlags(MAP_PRIVATE | MAP_FIXED | MAP_DENYWRITE), 3, 167936) = Ok(18272256) DETLOG_RECORD={"schema":1,"event":{"kind":"syscall_result","finished_syscall_number":18}}
2026-09-10T03:16:10.541520Z  INFO detcore: DETLOG [syscall][detcore, dtid 3] inbound syscall: mmap(0x12e2000, 364544, ProtFlags(PROT_READ), MapFlags(MAP_PRIVATE | MAP_FIXED | MAP_DENYWRITE), 3, 1695744) = ? DETLOG_RECORD={"schema":1,"event":{"kind":"syscall"}}
2026-09-10T03:16:10.541627Z  INFO detcore: DETLOG [syscall][detcore, dtid 3] finish syscall #19: mmap(0x12e2000, 364544, ProtFlags(PROT_READ), MapFlags(MAP_PRIVATE | MAP_FIXED | MAP_DENYWRITE), 3, 1695744) = Ok(19800064) DETLOG_RECORD={"schema":1,"event":{"kind":"syscall_result","finished_syscall_number":19}}
2026-09-10T03:16:10.541656Z  INFO detcore: DETLOG [syscall][detcore, dtid 3] inbound syscall: mmap(0x133b000, 24576, ProtFlags(PROT_READ | PROT_WRITE), MapFlags(MAP_PRIVATE | MAP_FIXED | MAP_DENYWRITE), 3, 2056192) = ? DETLOG_RECORD={"schema":1,"event":{"kind":"syscall"}}
2026-09-10T03:16:10.541686Z  INFO detcore: DETLOG [syscall][detcore, dtid 3] finish syscall #20: mmap(0x133b000, 24576, ProtFlags(PROT_READ | PROT_WRITE), MapFlags(MAP_PRIVATE | MAP_FIXED | MAP_DENYWRITE), 3, 2056192) = Ok(20164608) DETLOG_RECORD={"schema":1,"event":{"kind":"syscall_result","finished_syscall_number":20}}
2026-09-10T03:16:10.541714Z  INFO detcore: DETLOG [syscall][detcore, dtid 3] inbound syscall: mmap(0x1341000, 53200, ProtFlags(PROT_READ | PROT_WRITE), MapFlags(MAP_PRIVATE | MAP_FIXED | MAP_ANON), -1, 0) = ? DETLOG_RECORD={"schema":1,"event":{"kind":"syscall"}}
2026-09-10T03:16:10.541739Z  INFO detcore: DETLOG [syscall][detcore, dtid 3] finish syscall #21: mmap(0x1341000, 53200, ProtFlags(PROT_READ | PROT_WRITE), MapFlags(MAP_PRIVATE | MAP_FIXED | MAP_ANON), -1, 0) = Ok(20189184) DETLOG_RECORD={"schema":1,"event":{"kind":"syscall_result","finished_syscall_number":21}}
2026-09-10T03:16:10.541761Z  INFO detcore: DETLOG [syscall][detcore, dtid 3] inbound syscall: close(3) = ? DETLOG_RECORD={"schema":1,"event":{"kind":"syscall"}}
2026-09-10T03:16:10.541815Z  INFO detcore: DETLOG [syscall][detcore, dtid 3] finish syscall #22: close(3) = Ok(0) DETLOG_RECORD={"schema":1,"event":{"kind":"syscall_result","finished_syscall_number":22}}
2026-09-10T03:16:10.541842Z  INFO detcore: DETLOG [syscall][detcore, dtid 3] inbound syscall: mmap(NULL, 12288, ProtFlags(PROT_READ | PROT_WRITE), MapFlags(MAP_PRIVATE | MAP_ANON), -1, 0) = ? DETLOG_RECORD={"schema":1,"event":{"kind":"syscall"}}
2026-09-10T03:16:10.541899Z  INFO detcore: DETLOG [syscall][detcore, dtid 3] finish syscall #23: mmap(NULL, 12288, ProtFlags(PROT_READ | PROT_WRITE), MapFlags(MAP_PRIVATE | MAP_ANON), -1, 0) = Ok(20242432) DETLOG_RECORD={"schema":1,"event":{"kind":"syscall_result","finished_syscall_number":23}}
2026-09-10T03:16:10.541929Z  INFO detcore: DETLOG [syscall][detcore, dtid 3] inbound syscall: arch_prctl(ARCH_SET_FS, 20244288) = ? DETLOG_RECORD={"schema":1,"event":{"kind":"syscall"}}
2026-09-10T03:16:10.541949Z  INFO detcore: DETLOG [syscall][detcore, dtid 3] finish syscall #24: arch_prctl(ARCH_SET_FS, 20244288) = Ok(0) DETLOG_RECORD={"schema":1,"event":{"kind":"syscall_result","finished_syscall_number":24}}
2026-09-10T03:16:10.541982Z  INFO detcore: DETLOG [syscall][detcore, dtid 3] inbound syscall: set_tid_address(0x134ea10) = ? DETLOG_RECORD={"schema":1,"event":{"kind":"syscall"}}
2026-09-10T03:16:10.542006Z  INFO detcore: DETLOG [syscall][detcore, dtid 3] finish syscall #25: set_tid_address(0x134ea10) = Ok(3) DETLOG_RECORD={"schema":1,"event":{"kind":"syscall_result","finished_syscall_number":25}}
2026-09-10T03:16:10.542037Z  INFO detcore: DETLOG [syscall][detcore, dtid 3] inbound syscall: set_robust_list(0x134ea20, 24) = ? DETLOG_RECORD={"schema":1,"event":{"kind":"syscall"}}
2026-09-10T03:16:10.542087Z  INFO detcore: DETLOG [syscall][detcore, dtid 3] finish syscall #26: set_robust_list(0x134ea20, 24) = Ok(0) DETLOG_RECORD={"schema":1,"event":{"kind":"syscall_result","finished_syscall_number":26}}
2026-09-10T03:16:10.542120Z  INFO detcore: DETLOG [syscall][detcore, dtid 3] inbound syscall: rseq(20246752, 32, 0, 1392848979, 0, 0) = ? DETLOG_RECORD={"schema":1,"event":{"kind":"syscall"}}
2026-09-10T03:16:10.542133Z  INFO detcore: DETLOG [syscall][detcore, dtid 3] finish syscall #27: rseq(20246752, 32, 0, 1392848979, 0, 0) = Err(Errno(ENOSYS)) DETLOG_RECORD={"schema":1,"event":{"kind":"syscall_result","finished_syscall_number":27}}
2026-09-10T03:16:10.542170Z  INFO detcore: DETLOG [syscall][detcore, dtid 3] inbound syscall: mprotect(0x133b000, 16384, ProtFlags(PROT_READ)) = ? DETLOG_RECORD={"schema":1,"event":{"kind":"syscall"}}
2026-09-10T03:16:10.542195Z  INFO detcore: DETLOG [syscall][detcore, dtid 3] finish syscall #28: mprotect(0x133b000, 16384, ProtFlags(PROT_READ)) = Ok(0) DETLOG_RECORD={"schema":1,"event":{"kind":"syscall_result","finished_syscall_number":28}}
2026-09-10T03:16:10.542215Z  INFO detcore: DETLOG [syscall][detcore, dtid 3] inbound syscall: mprotect(0x406000, 4096, ProtFlags(PROT_READ)) = ? DETLOG_RECORD={"schema":1,"event":{"kind":"syscall"}}
2026-09-10T03:16:10.542231Z  INFO detcore: DETLOG [syscall][detcore, dtid 3] finish syscall #29: mprotect(0x406000, 4096, ProtFlags(PROT_READ)) = Ok(0) DETLOG_RECORD={"schema":1,"event":{"kind":"syscall_result","finished_syscall_number":29}}
2026-09-10T03:16:10.542253Z  INFO detcore: DETLOG [syscall][detcore, dtid 3] inbound syscall: mprotect(0x1037000, 8192, ProtFlags(PROT_READ)) = ? DETLOG_RECORD={"schema":1,"event":{"kind":"syscall"}}
2026-09-10T03:16:10.542269Z  INFO detcore: DETLOG [syscall][detcore, dtid 3] finish syscall #30: mprotect(0x1037000, 8192, ProtFlags(PROT_READ)) = Ok(0) DETLOG_RECORD={"schema":1,"event":{"kind":"syscall_result","finished_syscall_number":30}}
2026-09-10T03:16:10.542301Z  INFO detcore: DETLOG [syscall][detcore, dtid 3] inbound syscall: prlimit64(0, 3, NULL, 0x3fffe9d0) = ? DETLOG_RECORD={"schema":1,"event":{"kind":"syscall"}}
2026-09-10T03:16:10.542331Z  INFO detcore::syscalls::sysinfo: DETLOG prlimit64: pid=0, resource=3, mutation=false, old=8388608:18446744073709551615 DETLOG_RECORD={"schema":1,"event":{"kind":"other"}}
2026-09-10T03:16:10.542342Z  INFO detcore: DETLOG [syscall][detcore, dtid 3] finish syscall #31: prlimit64(0, 3, NULL, 0x3fffe9d0) = Ok(0) DETLOG_RECORD={"schema":1,"event":{"kind":"syscall_result","finished_syscall_number":31}}
2026-09-10T03:16:10.542361Z  INFO detcore: DETLOG [syscall][detcore, dtid 3] inbound syscall: munmap(0x113d000, 28431) = ? DETLOG_RECORD={"schema":1,"event":{"kind":"syscall"}}
2026-09-10T03:16:10.542389Z  INFO detcore: DETLOG [syscall][detcore, dtid 3] finish syscall #32: munmap(0x113d000, 28431) = Ok(0) DETLOG_RECORD={"schema":1,"event":{"kind":"syscall_result","finished_syscall_number":32}}
2026-09-10T03:16:10.542411Z  INFO detcore: DETLOG [syscall][detcore, dtid 3] inbound syscall: pipe(0x3fffeb68) = ? DETLOG_RECORD={"schema":1,"event":{"kind":"syscall"}}
2026-09-10T03:16:10.542485Z  INFO detcore::syscalls::files: Injecting additional fstat to retrieve file metadata on fd 3.
2026-09-10T03:16:10.542510Z  INFO detcore::syscalls::files: Injecting additional fstat to retrieve file metadata on fd 4.
2026-09-10T03:16:10.542535Z  INFO detcore: DETLOG [syscall][detcore, dtid 3] finish syscall #33: pipe(0x3fffeb68) = Ok(0) DETLOG_RECORD={"schema":1,"event":{"kind":"syscall_result","finished_syscall_number":33}}
2026-09-10T03:16:10.542558Z  INFO detcore: DETLOG [syscall][detcore, dtid 3] inbound syscall: rt_sigaction(33, 0x3fffe860, NULL, 8) = ? DETLOG_RECORD={"schema":1,"event":{"kind":"syscall"}}
2026-09-10T03:16:10.542596Z  INFO detcore: DETLOG [syscall][detcore, dtid 3] finish syscall #34: rt_sigaction(33, 0x3fffe860, NULL, 8) = Ok(0) DETLOG_RECORD={"schema":1,"event":{"kind":"syscall_result","finished_syscall_number":34}}
2026-09-10T03:16:10.542616Z  INFO detcore: DETLOG [syscall][detcore, dtid 3] inbound syscall: rt_sigprocmask(1, 0x3fffea68, NULL, 8) = ? DETLOG_RECORD={"schema":1,"event":{"kind":"syscall"}}
2026-09-10T03:16:10.542646Z  INFO detcore: DETLOG [syscall][detcore, dtid 3] finish syscall #35: rt_sigprocmask(1, 0x3fffea68, NULL, 8) = Ok(0) DETLOG_RECORD={"schema":1,"event":{"kind":"syscall_result","finished_syscall_number":35}}
2026-09-10T03:16:10.542664Z  INFO detcore: DETLOG [syscall][detcore, dtid 3] inbound syscall: mmap(NULL, 8392704, ProtFlags(0x0), MapFlags(MAP_PRIVATE | MAP_ANON | MAP_STACK), -1, 0) = ? DETLOG_RECORD={"schema":1,"event":{"kind":"syscall"}}
2026-09-10T03:16:10.544017Z  INFO detcore: DETLOG [syscall][detcore, dtid 3] finish syscall #36: mmap(NULL, 8392704, ProtFlags(0x0), MapFlags(MAP_PRIVATE | MAP_ANON | MAP_STACK), -1, 0) = Ok(20254720) DETLOG_RECORD={"schema":1,"event":{"kind":"syscall_result","finished_syscall_number":36}}
2026-09-10T03:16:10.544051Z  INFO detcore: DETLOG [syscall][detcore, dtid 3] inbound syscall: mprotect(0x1352000, 8388608, ProtFlags(PROT_READ | PROT_WRITE)) = ? DETLOG_RECORD={"schema":1,"event":{"kind":"syscall"}}
2026-09-10T03:16:10.545067Z  INFO detcore: DETLOG [syscall][detcore, dtid 3] finish syscall #37: mprotect(0x1352000, 8388608, ProtFlags(PROT_READ | PROT_WRITE)) = Ok(0) DETLOG_RECORD={"schema":1,"event":{"kind":"syscall_result","finished_syscall_number":37}}
2026-09-10T03:16:10.545108Z  INFO detcore: DETLOG [syscall][detcore, dtid 3] inbound syscall: getrandom(0x13464f8, 8, 1) = ? DETLOG_RECORD={"schema":1,"event":{"kind":"syscall"}}
2026-09-10T03:16:10.545155Z  INFO detcore::syscalls::misc: DETLOG [dtid 3] USER RAND [getrandom] Filled guest memory with 8 random bytes, hash of bytes: 9401673912765844831 DETLOG_RECORD={"schema":1,"event":{"kind":"other"}}
2026-09-10T03:16:10.545166Z  INFO detcore: DETLOG [syscall][detcore, dtid 3] finish syscall #38: getrandom(0x13464f8, 8, 1) = Ok(8) DETLOG_RECORD={"schema":1,"event":{"kind":"syscall_result","finished_syscall_number":38}}
2026-09-10T03:16:10.545192Z  INFO detcore::io_buffers: DETLOG [iobuf][dtid 3] getrandom in fd=- 0x13464f8+8->b5617a3bc2e8ddf4b82d23c5f8cd87e27bfa2adffc3c9c36490176e88908d30c DETLOG_RECORD={"schema":1,"event":{"kind":"other"}}
2026-09-10T03:16:10.545215Z  INFO detcore: DETLOG [syscall][detcore, dtid 3] inbound syscall: brk(NULL) = ? DETLOG_RECORD={"schema":1,"event":{"kind":"syscall"}}
2026-09-10T03:16:10.545233Z  INFO detcore: DETLOG [syscall][detcore, dtid 3] finish syscall #39: brk(NULL) = Ok(4362240) DETLOG_RECORD={"schema":1,"event":{"kind":"syscall_result","finished_syscall_number":39}}
2026-09-10T03:16:10.545251Z  INFO detcore: DETLOG [syscall][detcore, dtid 3] inbound syscall: brk(0x44a000) = ? DETLOG_RECORD={"schema":1,"event":{"kind":"syscall"}}
2026-09-10T03:16:10.545286Z  INFO detcore: DETLOG [syscall][detcore, dtid 3] finish syscall #40: brk(0x44a000) = Ok(4497408) DETLOG_RECORD={"schema":1,"event":{"kind":"syscall_result","finished_syscall_number":40}}
2026-09-10T03:16:10.545306Z  INFO detcore: DETLOG [syscall][detcore, dtid 3] inbound syscall: rt_sigprocmask(0, 0x12f7820, 0x3fffea60, 8) = ? DETLOG_RECORD={"schema":1,"event":{"kind":"syscall"}}
2026-09-10T03:16:10.545337Z  INFO detcore: DETLOG [syscall][detcore, dtid 3] finish syscall #41: rt_sigprocmask(0, 0x12f7820, 0x3fffea60, 8) = Ok(0) DETLOG_RECORD={"schema":1,"event":{"kind":"syscall_result","finished_syscall_number":41}}
2026-09-10T03:16:10.545371Z  INFO detcore: DETLOG [syscall][detcore, dtid 3] inbound syscall: clone3(0x3fffe920, 88) = ? DETLOG_RECORD={"schema":1,"event":{"kind":"syscall"}}
2026-09-10T03:16:10.545904Z  INFO detcore::tool_local: DETLOG RNG USER RAND seeding child User pedigree C: [216, 15, 32, 175, 139, 157, 215, 33, 245, 177, 140, 19, 251, 193, 171, 214] from parent Mcg128Xsl64 {} DETLOG_RECORD={"schema":1,"event":{"kind":"other"}}
2026-09-10T03:16:10.545942Z  INFO detcore::tool_local: DETLOG RNG CHAOSRAND seeding child Chaos pedigree C: [198, 17, 254, 181, 112, 1, 149, 199, 5, 144, 191, 30, 76, 152, 180, 41] from parent Mcg128Xsl64 {} DETLOG_RECORD={"schema":1,"event":{"kind":"other"}}
2026-09-10T03:16:10.546364Z  INFO detcore::scheduler: [sched-step5] >>>>>>>

 COMMIT turn 4, dettid 4 using resources {MemAddrSpace(DetPid(3)): RW}, on previously committed 1_767_225_600.002_873_750s DETLOG_RECORD={"schema":1,"event":{"kind":"scheduler_commit","scheduler_turn":4,"virtual_nanoseconds":1767225600002873750,"internal_io_poll":false,"runtime_maps_read":false}}
2026-09-10T03:16:10.546424Z  INFO detcore::tool_global: [detcore, dtid 4] New thread given go-ahead to proceed via <ivar Go(None)>
2026-09-10T03:16:10.546588Z  INFO detcore: DETLOG [syscall][detcore, dtid 4] inbound syscall: set_robust_list(0x1b51920, 24) = ? DETLOG_RECORD={"schema":1,"event":{"kind":"syscall"}}
2026-09-10T03:16:10.546653Z  INFO detcore: DETLOG [syscall][detcore, dtid 4] finish syscall #1: set_robust_list(0x1b51920, 24) = Ok(0) DETLOG_RECORD={"schema":1,"event":{"kind":"syscall_result","finished_syscall_number":1}}
2026-09-10T03:16:10.546689Z  INFO detcore: DETLOG [syscall][detcore, dtid 4] inbound syscall: rt_sigprocmask(2, 0x1b51f30, NULL, 8) = ? DETLOG_RECORD={"schema":1,"event":{"kind":"syscall"}}
2026-09-10T03:16:10.546725Z  INFO detcore: DETLOG [syscall][detcore, dtid 4] finish syscall #2: rt_sigprocmask(2, 0x1b51f30, NULL, 8) = Ok(0) DETLOG_RECORD={"schema":1,"event":{"kind":"syscall_result","finished_syscall_number":2}}
2026-09-10T03:16:10.546759Z  INFO detcore: DETLOG [syscall][detcore, dtid 4] inbound syscall: clock_nanosleep(CLOCK_REALTIME, 0, 0x1b50e40, 0x1b50e40) = ? DETLOG_RECORD={"schema":1,"event":{"kind":"syscall"}}
2026-09-10T03:16:10.546865Z  INFO detcore::scheduler: [sched-step5] >>>>>>>

 COMMIT turn 5, dettid 3 using resources {ParentContinue { parent: DetPid(3), child: DetPid(4) }: W}, on previously committed 1_767_225_600.004_253_000s DETLOG_RECORD={"schema":1,"event":{"kind":"scheduler_commit","scheduler_turn":5,"virtual_nanoseconds":1767225600004253000,"internal_io_poll":false,"runtime_maps_read":false}}
2026-09-10T03:16:10.546939Z  INFO detcore: DETLOG [syscall][detcore, dtid 3] finish syscall #42: clone3(0x3fffe920, 88) = Ok(4) DETLOG_RECORD={"schema":1,"event":{"kind":"syscall_result","finished_syscall_number":42}}
2026-09-10T03:16:10.546978Z  INFO detcore: DETLOG [syscall][detcore, dtid 3] inbound syscall: rt_sigprocmask(2, 0x3fffea60, NULL, 8) = ? DETLOG_RECORD={"schema":1,"event":{"kind":"syscall"}}
2026-09-10T03:16:10.547014Z  INFO detcore: DETLOG [syscall][detcore, dtid 3] finish syscall #43: rt_sigprocmask(2, 0x3fffea60, NULL, 8) = Ok(0) DETLOG_RECORD={"schema":1,"event":{"kind":"syscall_result","finished_syscall_number":43}}
2026-09-10T03:16:10.547037Z  INFO detcore: DETLOG [syscall][detcore, dtid 3] inbound syscall: readv(3, 0x3fffeb70, 2) = ? DETLOG_RECORD={"schema":1,"event":{"kind":"syscall"}}
2026-09-10T03:16:10.547221Z  INFO detcore::scheduler: [scheduler] >>>>>>>

 NONCOMMIT turn 6, SKIP dettid 4 which wanted resource SleepUntil(LogicalTime(1767225600023753000)) (blocking)
2026-09-10T03:16:10.547266Z  INFO detcore::scheduler: [scheduler] >>>>>>>

 NONCOMMIT turn 7, SKIP dettid 3 polling resource Resources { tid: DetPid(3), resources: {InternalIOPolling: W}, poll_attempt: 1, fyi: "readv", signal_interrupt_errno: 512 }
2026-09-10T03:16:10.547303Z  INFO detcore::scheduler: [sched-step5] >>>>>>>

 COMMIT turn 8, dettid 3 using resources {InternalIOPolling: W}, on previously committed 1_767_225_600.004_753_500s DETLOG_RECORD={"schema":1,"event":{"kind":"scheduler_commit","scheduler_turn":8,"virtual_nanoseconds":1767225600004753500,"internal_io_poll":true,"runtime_maps_read":false}}
2026-09-10T03:16:10.547390Z  INFO detcore::scheduler: [scheduler] >>>>>>>

 NONCOMMIT turn 9, SKIP dettid 3 polling resource Resources { tid: DetPid(3), resources: {InternalIOPolling: W}, poll_attempt: 2, fyi: "readv", signal_interrupt_errno: 512 }
2026-09-10T03:16:10.547421Z  INFO detcore::scheduler: [sched-step5] >>>>>>>

 COMMIT turn 10, dettid 3 using resources {InternalIOPolling: W}, on previously committed 1_767_225_600.005_253_500s DETLOG_RECORD={"schema":1,"event":{"kind":"scheduler_commit","scheduler_turn":10,"virtual_nanoseconds":1767225600005253500,"internal_io_poll":true,"runtime_maps_read":false}}
2026-09-10T03:16:10.547476Z  INFO detcore::scheduler: [scheduler] >>>>>>>

 NONCOMMIT turn 11, SKIP dettid 3 polling resource Resources { tid: DetPid(3), resources: {InternalIOPolling: W}, poll_attempt: 3, fyi: "readv", signal_interrupt_errno: 512 }
2026-09-10T03:16:10.547502Z  INFO detcore::scheduler: [sched-step5] >>>>>>>

 COMMIT turn 12, dettid 3 using resources {InternalIOPolling: W}, on previously committed 1_767_225_600.005_753_500s DETLOG_RECORD={"schema":1,"event":{"kind":"scheduler_commit","scheduler_turn":12,"virtual_nanoseconds":1767225600005753500,"internal_io_poll":true,"runtime_maps_read":false}}
2026-09-10T03:16:10.547557Z  INFO detcore::scheduler: [scheduler] >>>>>>>

 NONCOMMIT turn 13, SKIP dettid 3 polling resource Resources { tid: DetPid(3), resources: {InternalIOPolling: W}, poll_attempt: 4, fyi: "readv", signal_interrupt_errno: 512 }
2026-09-10T03:16:10.547588Z  INFO detcore::scheduler: [sched-step5] >>>>>>>

 COMMIT turn 14, dettid 3 using resources {InternalIOPolling: W}, on previously committed 1_767_225_600.006_253_500s DETLOG_RECORD={"schema":1,"event":{"kind":"scheduler_commit","scheduler_turn":14,"virtual_nanoseconds":1767225600006253500,"internal_io_poll":true,"runtime_maps_read":false}}
2026-09-10T03:16:10.547643Z  INFO detcore::scheduler: [scheduler] >>>>>>>

 NONCOMMIT turn 15, SKIP dettid 3 polling resource Resources { tid: DetPid(3), resources: {InternalIOPolling: W}, poll_attempt: 5, fyi: "readv", signal_interrupt_errno: 512 }
2026-09-10T03:16:10.547669Z  INFO detcore::scheduler: [sched-step5] >>>>>>>

 COMMIT turn 16, dettid 3 using resources {InternalIOPolling: W}, on previously committed 1_767_225_600.006_753_500s DETLOG_RECORD={"schema":1,"event":{"kind":"scheduler_commit","scheduler_turn":16,"virtual_nanoseconds":1767225600006753500,"internal_io_poll":true,"runtime_maps_read":false}}
2026-09-10T03:16:10.547724Z  INFO detcore::scheduler: [scheduler] >>>>>>>

 NONCOMMIT turn 17, SKIP dettid 3 polling resource Resources { tid: DetPid(3), resources: {InternalIOPolling: W}, poll_attempt: 6, fyi: "readv", signal_interrupt_errno: 512 }
2026-09-10T03:16:10.547749Z  INFO detcore::scheduler: [sched-step5] >>>>>>>

 COMMIT turn 18, dettid 3 using resources {InternalIOPolling: W}, on previously committed 1_767_225_600.007_253_500s DETLOG_RECORD={"schema":1,"event":{"kind":"scheduler_commit","scheduler_turn":18,"virtual_nanoseconds":1767225600007253500,"internal_io_poll":true,"runtime_maps_read":false}}
2026-09-10T03:16:10.547809Z  INFO detcore::scheduler: [scheduler] >>>>>>>

 NONCOMMIT turn 19, SKIP dettid 3 polling resource Resources { tid: DetPid(3), resources: {InternalIOPolling: W}, poll_attempt: 7, fyi: "readv", signal_interrupt_errno: 512 }
2026-09-10T03:16:10.547837Z  INFO detcore::scheduler: [sched-step5] >>>>>>>

 COMMIT turn 20, dettid 3 using resources {InternalIOPolling: W}, on previously committed 1_767_225_600.007_753_500s DETLOG_RECORD={"schema":1,"event":{"kind":"scheduler_commit","scheduler_turn":20,"virtual_nanoseconds":1767225600007753500,"internal_io_poll":true,"runtime_maps_read":false}}
2026-09-10T03:16:10.547886Z  INFO detcore::scheduler: [scheduler] >>>>>>>

 NONCOMMIT turn 21, SKIP dettid 3 polling resource Resources { tid: DetPid(3), resources: {InternalIOPolling: W}, poll_attempt: 8, fyi: "readv", signal_interrupt_errno: 512 }
2026-09-10T03:16:10.547912Z  INFO detcore::scheduler: [sched-step5] >>>>>>>

 COMMIT turn 22, dettid 3 using resources {InternalIOPolling: W}, on previously committed 1_767_225_600.008_253_500s DETLOG_RECORD={"schema":1,"event":{"kind":"scheduler_commit","scheduler_turn":22,"virtual_nanoseconds":1767225600008253500,"internal_io_poll":true,"runtime_maps_read":false}}
2026-09-10T03:16:10.547960Z  INFO detcore::scheduler: [scheduler] >>>>>>>

 NONCOMMIT turn 23, SKIP dettid 3 polling resource Resources { tid: DetPid(3), resources: {InternalIOPolling: W}, poll_attempt: 9, fyi: "readv", signal_interrupt_errno: 512 }
2026-09-10T03:16:10.547986Z  INFO detcore::scheduler: [sched-step5] >>>>>>>

 COMMIT turn 24, dettid 3 using resources {InternalIOPolling: W}, on previously committed 1_767_225_600.008_753_500s DETLOG_RECORD={"schema":1,"event":{"kind":"scheduler_commit","scheduler_turn":24,"virtual_nanoseconds":1767225600008753500,"internal_io_poll":true,"runtime_maps_read":false}}
2026-09-10T03:16:10.548041Z  INFO detcore::scheduler: [scheduler] >>>>>>>

 NONCOMMIT turn 25, SKIP dettid 3 polling resource Resources { tid: DetPid(3), resources: {InternalIOPolling: W}, poll_attempt: 10, fyi: "readv", signal_interrupt_errno: 512 }
2026-09-10T03:16:10.548070Z  INFO detcore::scheduler: [sched-step5] >>>>>>>

 COMMIT turn 26, dettid 3 using resources {InternalIOPolling: W}, on previously committed 1_767_225_600.009_253_500s DETLOG_RECORD={"schema":1,"event":{"kind":"scheduler_commit","scheduler_turn":26,"virtual_nanoseconds":1767225600009253500,"internal_io_poll":true,"runtime_maps_read":false}}
2026-09-10T03:16:10.548122Z  INFO detcore::scheduler: [scheduler] >>>>>>>

 NONCOMMIT turn 27, SKIP dettid 3 polling resource Resources { tid: DetPid(3), resources: {InternalIOPolling: W}, poll_attempt: 11, fyi: "readv", signal_interrupt_errno: 512 }
2026-09-10T03:16:10.548148Z  INFO detcore::scheduler: [sched-step5] >>>>>>>

 COMMIT turn 28, dettid 3 using resources {InternalIOPolling: W}, on previously committed 1_767_225_600.009_753_500s DETLOG_RECORD={"schema":1,"event":{"kind":"scheduler_commit","scheduler_turn":28,"virtual_nanoseconds":1767225600009753500,"internal_io_poll":true,"runtime_maps_read":false}}
2026-09-10T03:16:10.548197Z  INFO detcore::scheduler: [scheduler] >>>>>>>

 NONCOMMIT turn 29, SKIP dettid 3 polling resource Resources { tid: DetPid(3), resources: {InternalIOPolling: W}, poll_attempt: 12, fyi: "readv", signal_interrupt_errno: 512 }
2026-09-10T03:16:10.548223Z  INFO detcore::scheduler: [sched-step5] >>>>>>>

 COMMIT turn 30, dettid 3 using resources {InternalIOPolling: W}, on previously committed 1_767_225_600.010_253_500s DETLOG_RECORD={"schema":1,"event":{"kind":"scheduler_commit","scheduler_turn":30,"virtual_nanoseconds":1767225600010253500,"internal_io_poll":true,"runtime_maps_read":false}}
2026-09-10T03:16:10.548271Z  INFO detcore::scheduler: [scheduler] >>>>>>>

 NONCOMMIT turn 31, SKIP dettid 3 polling resource Resources { tid: DetPid(3), resources: {InternalIOPolling: W}, poll_attempt: 13, fyi: "readv", signal_interrupt_errno: 512 }
2026-09-10T03:16:10.548297Z  INFO detcore::scheduler: [sched-step5] >>>>>>>

 COMMIT turn 32, dettid 3 using resources {InternalIOPolling: W}, on previously committed 1_767_225_600.010_753_500s DETLOG_RECORD={"schema":1,"event":{"kind":"scheduler_commit","scheduler_turn":32,"virtual_nanoseconds":1767225600010753500,"internal_io_poll":true,"runtime_maps_read":false}}
2026-09-10T03:16:10.548345Z  INFO detcore::scheduler: [scheduler] >>>>>>>

 NONCOMMIT turn 33, SKIP dettid 3 polling resource Resources { tid: DetPid(3), resources: {InternalIOPolling: W}, poll_attempt: 14, fyi: "readv", signal_interrupt_errno: 512 }
2026-09-10T03:16:10.548370Z  INFO detcore::scheduler: [sched-step5] >>>>>>>

 COMMIT turn 34, dettid 3 using resources {InternalIOPolling: W}, on previously committed 1_767_225_600.011_253_500s DETLOG_RECORD={"schema":1,"event":{"kind":"scheduler_commit","scheduler_turn":34,"virtual_nanoseconds":1767225600011253500,"internal_io_poll":true,"runtime_maps_read":false}}
2026-09-10T03:16:10.548430Z  INFO detcore::scheduler: [scheduler] >>>>>>>

 NONCOMMIT turn 35, SKIP dettid 3 polling resource Resources { tid: DetPid(3), resources: {InternalIOPolling: W}, poll_attempt: 15, fyi: "readv", signal_interrupt_errno: 512 }
2026-09-10T03:16:10.548457Z  INFO detcore::scheduler: [sched-step5] >>>>>>>

 COMMIT turn 36, dettid 3 using resources {InternalIOPolling: W}, on previously committed 1_767_225_600.011_753_500s DETLOG_RECORD={"schema":1,"event":{"kind":"scheduler_commit","scheduler_turn":36,"virtual_nanoseconds":1767225600011753500,"internal_io_poll":true,"runtime_maps_read":false}}
2026-09-10T03:16:10.548505Z  INFO detcore::scheduler: [scheduler] >>>>>>>

 NONCOMMIT turn 37, SKIP dettid 3 polling resource Resources { tid: DetPid(3), resources: {InternalIOPolling: W}, poll_attempt: 16, fyi: "readv", signal_interrupt_errno: 512 }
2026-09-10T03:16:10.548532Z  INFO detcore::scheduler: [sched-step5] >>>>>>>

 COMMIT turn 38, dettid 3 using resources {InternalIOPolling: W}, on previously committed 1_767_225_600.012_253_500s DETLOG_RECORD={"schema":1,"event":{"kind":"scheduler_commit","scheduler_turn":38,"virtual_nanoseconds":1767225600012253500,"internal_io_poll":true,"runtime_maps_read":false}}
2026-09-10T03:16:10.548583Z  INFO detcore::scheduler: [scheduler] >>>>>>>

 NONCOMMIT turn 39, SKIP dettid 3 polling resource Resources { tid: DetPid(3), resources: {InternalIOPolling: W}, poll_attempt: 17, fyi: "readv", signal_interrupt_errno: 512 }
2026-09-10T03:16:10.548614Z  INFO detcore::scheduler: [sched-step5] >>>>>>>

 COMMIT turn 40, dettid 3 using resources {InternalIOPolling: W}, on previously committed 1_767_225_600.012_753_500s DETLOG_RECORD={"schema":1,"event":{"kind":"scheduler_commit","scheduler_turn":40,"virtual_nanoseconds":1767225600012753500,"internal_io_poll":true,"runtime_maps_read":false}}
2026-09-10T03:16:10.548663Z  INFO detcore::scheduler: [scheduler] >>>>>>>

 NONCOMMIT turn 41, SKIP dettid 3 polling resource Resources { tid: DetPid(3), resources: {InternalIOPolling: W}, poll_attempt: 18, fyi: "readv", signal_interrupt_errno: 512 }
2026-09-10T03:16:10.548690Z  INFO detcore::scheduler: [sched-step5] >>>>>>>

 COMMIT turn 42, dettid 3 using resources {InternalIOPolling: W}, on previously committed 1_767_225_600.013_253_500s DETLOG_RECORD={"schema":1,"event":{"kind":"scheduler_commit","scheduler_turn":42,"virtual_nanoseconds":1767225600013253500,"internal_io_poll":true,"runtime_maps_read":false}}
2026-09-10T03:16:10.548748Z  INFO detcore::scheduler: [scheduler] >>>>>>>

 NONCOMMIT turn 43, SKIP dettid 3 polling resource Resources { tid: DetPid(3), resources: {InternalIOPolling: W}, poll_attempt: 19, fyi: "readv", signal_interrupt_errno: 512 }
2026-09-10T03:16:10.548781Z  INFO detcore::scheduler: [sched-step5] >>>>>>>

 COMMIT turn 44, dettid 3 using resources {InternalIOPolling: W}, on previously committed 1_767_225_600.013_753_500s DETLOG_RECORD={"schema":1,"event":{"kind":"scheduler_commit","scheduler_turn":44,"virtual_nanoseconds":1767225600013753500,"internal_io_poll":true,"runtime_maps_read":false}}
2026-09-10T03:16:10.548840Z  INFO detcore::scheduler: [scheduler] >>>>>>>

 NONCOMMIT turn 45, SKIP dettid 3 polling resource Resources { tid: DetPid(3), resources: {InternalIOPolling: W}, poll_attempt: 20, fyi: "readv", signal_interrupt_errno: 512 }
2026-09-10T03:16:10.548867Z  INFO detcore::scheduler: [sched-step5] >>>>>>>

 COMMIT turn 46, dettid 3 using resources {InternalIOPolling: W}, on previously committed 1_767_225_600.014_253_500s DETLOG_RECORD={"schema":1,"event":{"kind":"scheduler_commit","scheduler_turn":46,"virtual_nanoseconds":1767225600014253500,"internal_io_poll":true,"runtime_maps_read":false}}
2026-09-10T03:16:10.548915Z  INFO detcore::scheduler: [scheduler] >>>>>>>

 NONCOMMIT turn 47, SKIP dettid 3 polling resource Resources { tid: DetPid(3), resources: {InternalIOPolling: W}, poll_attempt: 21, fyi: "readv", signal_interrupt_errno: 512 }
2026-09-10T03:16:10.548941Z  INFO detcore::scheduler: [sched-step5] >>>>>>>

 COMMIT turn 48, dettid 3 using resources {InternalIOPolling: W}, on previously committed 1_767_225_600.014_753_500s DETLOG_RECORD={"schema":1,"event":{"kind":"scheduler_commit","scheduler_turn":48,"virtual_nanoseconds":1767225600014753500,"internal_io_poll":true,"runtime_maps_read":false}}
2026-09-10T03:16:10.548989Z  INFO detcore::scheduler: [scheduler] >>>>>>>

 NONCOMMIT turn 49, SKIP dettid 3 polling resource Resources { tid: DetPid(3), resources: {InternalIOPolling: W}, poll_attempt: 22, fyi: "readv", signal_interrupt_errno: 512 }
2026-09-10T03:16:10.549016Z  INFO detcore::scheduler: [sched-step5] >>>>>>>

 COMMIT turn 50, dettid 3 using resources {InternalIOPolling: W}, on previously committed 1_767_225_600.015_253_500s DETLOG_RECORD={"schema":1,"event":{"kind":"scheduler_commit","scheduler_turn":50,"virtual_nanoseconds":1767225600015253500,"internal_io_poll":true,"runtime_maps_read":false}}
2026-09-10T03:16:10.549063Z  INFO detcore::scheduler: [scheduler] >>>>>>>

 NONCOMMIT turn 51, SKIP dettid 3 polling resource Resources { tid: DetPid(3), resources: {InternalIOPolling: W}, poll_attempt: 23, fyi: "readv", signal_interrupt_errno: 512 }
2026-09-10T03:16:10.549088Z  INFO detcore::scheduler: [sched-step5] >>>>>>>

 COMMIT turn 52, dettid 3 using resources {InternalIOPolling: W}, on previously committed 1_767_225_600.015_753_500s DETLOG_RECORD={"schema":1,"event":{"kind":"scheduler_commit","scheduler_turn":52,"virtual_nanoseconds":1767225600015753500,"internal_io_poll":true,"runtime_maps_read":false}}
2026-09-10T03:16:10.549154Z  INFO detcore::scheduler: [scheduler] >>>>>>>

 NONCOMMIT turn 53, SKIP dettid 3 polling resource Resources { tid: DetPid(3), resources: {InternalIOPolling: W}, poll_attempt: 24, fyi: "readv", signal_interrupt_errno: 512 }
2026-09-10T03:16:10.549185Z  INFO detcore::scheduler: [sched-step5] >>>>>>>

 COMMIT turn 54, dettid 3 using resources {InternalIOPolling: W}, on previously committed 1_767_225_600.016_253_500s DETLOG_RECORD={"schema":1,"event":{"kind":"scheduler_commit","scheduler_turn":54,"virtual_nanoseconds":1767225600016253500,"internal_io_poll":true,"runtime_maps_read":false}}
2026-09-10T03:16:10.549234Z  INFO detcore::scheduler: [scheduler] >>>>>>>

 NONCOMMIT turn 55, SKIP dettid 3 polling resource Resources { tid: DetPid(3), resources: {InternalIOPolling: W}, poll_attempt: 25, fyi: "readv", signal_interrupt_errno: 512 }
2026-09-10T03:16:10.549260Z  INFO detcore::scheduler: [sched-step5] >>>>>>>

 COMMIT turn 56, dettid 3 using resources {InternalIOPolling: W}, on previously committed 1_767_225_600.016_753_500s DETLOG_RECORD={"schema":1,"event":{"kind":"scheduler_commit","scheduler_turn":56,"virtual_nanoseconds":1767225600016753500,"internal_io_poll":true,"runtime_maps_read":false}}
2026-09-10T03:16:10.549308Z  INFO detcore::scheduler: [scheduler] >>>>>>>

 NONCOMMIT turn 57, SKIP dettid 3 polling resource Resources { tid: DetPid(3), resources: {InternalIOPolling: W}, poll_attempt: 26, fyi: "readv", signal_interrupt_errno: 512 }
2026-09-10T03:16:10.549334Z  INFO detcore::scheduler: [sched-step5] >>>>>>>

 COMMIT turn 58, dettid 3 using resources {InternalIOPolling: W}, on previously committed 1_767_225_600.017_253_500s DETLOG_RECORD={"schema":1,"event":{"kind":"scheduler_commit","scheduler_turn":58,"virtual_nanoseconds":1767225600017253500,"internal_io_poll":true,"runtime_maps_read":false}}
2026-09-10T03:16:10.549381Z  INFO detcore::scheduler: [scheduler] >>>>>>>

 NONCOMMIT turn 59, SKIP dettid 3 polling resource Resources { tid: DetPid(3), resources: {InternalIOPolling: W}, poll_attempt: 27, fyi: "readv", signal_interrupt_errno: 512 }
2026-09-10T03:16:10.549408Z  INFO detcore::scheduler: [sched-step5] >>>>>>>

 COMMIT turn 60, dettid 3 using resources {InternalIOPolling: W}, on previously committed 1_767_225_600.017_753_500s DETLOG_RECORD={"schema":1,"event":{"kind":"scheduler_commit","scheduler_turn":60,"virtual_nanoseconds":1767225600017753500,"internal_io_poll":true,"runtime_maps_read":false}}
2026-09-10T03:16:10.549455Z  INFO detcore::scheduler: [scheduler] >>>>>>>

 NONCOMMIT turn 61, SKIP dettid 3 polling resource Resources { tid: DetPid(3), resources: {InternalIOPolling: W}, poll_attempt: 28, fyi: "readv", signal_interrupt_errno: 512 }
2026-09-10T03:16:10.549481Z  INFO detcore::scheduler: [sched-step5] >>>>>>>

 COMMIT turn 62, dettid 3 using resources {InternalIOPolling: W}, on previously committed 1_767_225_600.018_253_500s DETLOG_RECORD={"schema":1,"event":{"kind":"scheduler_commit","scheduler_turn":62,"virtual_nanoseconds":1767225600018253500,"internal_io_poll":true,"runtime_maps_read":false}}
2026-09-10T03:16:10.549538Z  INFO detcore::scheduler: [scheduler] >>>>>>>

 NONCOMMIT turn 63, SKIP dettid 3 polling resource Resources { tid: DetPid(3), resources: {InternalIOPolling: W}, poll_attempt: 29, fyi: "readv", signal_interrupt_errno: 512 }
2026-09-10T03:16:10.549564Z  INFO detcore::scheduler: [sched-step5] >>>>>>>

 COMMIT turn 64, dettid 3 using resources {InternalIOPolling: W}, on previously committed 1_767_225_600.018_753_500s DETLOG_RECORD={"schema":1,"event":{"kind":"scheduler_commit","scheduler_turn":64,"virtual_nanoseconds":1767225600018753500,"internal_io_poll":true,"runtime_maps_read":false}}
2026-09-10T03:16:10.549615Z  INFO detcore::scheduler: [scheduler] >>>>>>>

 NONCOMMIT turn 65, SKIP dettid 3 polling resource Resources { tid: DetPid(3), resources: {InternalIOPolling: W}, poll_attempt: 30, fyi: "readv", signal_interrupt_errno: 512 }
2026-09-10T03:16:10.549643Z  INFO detcore::scheduler: [sched-step5] >>>>>>>

 COMMIT turn 66, dettid 3 using resources {InternalIOPolling: W}, on previously committed 1_767_225_600.019_253_500s DETLOG_RECORD={"schema":1,"event":{"kind":"scheduler_commit","scheduler_turn":66,"virtual_nanoseconds":1767225600019253500,"internal_io_poll":true,"runtime_maps_read":false}}
2026-09-10T03:16:10.549694Z  INFO detcore::scheduler: [scheduler] >>>>>>>

 NONCOMMIT turn 67, SKIP dettid 3 polling resource Resources { tid: DetPid(3), resources: {InternalIOPolling: W}, poll_attempt: 31, fyi: "readv", signal_interrupt_errno: 512 }
2026-09-10T03:16:10.549720Z  INFO detcore::scheduler: [sched-step5] >>>>>>>

 COMMIT turn 68, dettid 3 using resources {InternalIOPolling: W}, on previously committed 1_767_225_600.019_753_500s DETLOG_RECORD={"schema":1,"event":{"kind":"scheduler_commit","scheduler_turn":68,"virtual_nanoseconds":1767225600019753500,"internal_io_poll":true,"runtime_maps_read":false}}
2026-09-10T03:16:10.549767Z  INFO detcore::scheduler: [scheduler] >>>>>>>

 NONCOMMIT turn 69, SKIP dettid 3 polling resource Resources { tid: DetPid(3), resources: {InternalIOPolling: W}, poll_attempt: 32, fyi: "readv", signal_interrupt_errno: 512 }
2026-09-10T03:16:10.549801Z  INFO detcore::scheduler: [sched-step5] >>>>>>>

 COMMIT turn 70, dettid 3 using resources {InternalIOPolling: W}, on previously committed 1_767_225_600.020_253_500s DETLOG_RECORD={"schema":1,"event":{"kind":"scheduler_commit","scheduler_turn":70,"virtual_nanoseconds":1767225600020253500,"internal_io_poll":true,"runtime_maps_read":false}}
2026-09-10T03:16:10.549851Z  INFO detcore::scheduler: [scheduler] >>>>>>>

 NONCOMMIT turn 71, SKIP dettid 3 polling resource Resources { tid: DetPid(3), resources: {InternalIOPolling: W}, poll_attempt: 33, fyi: "readv", signal_interrupt_errno: 512 }
2026-09-10T03:16:10.549877Z  INFO detcore::scheduler: [sched-step5] >>>>>>>

 COMMIT turn 72, dettid 3 using resources {InternalIOPolling: W}, on previously committed 1_767_225_600.020_753_500s DETLOG_RECORD={"schema":1,"event":{"kind":"scheduler_commit","scheduler_turn":72,"virtual_nanoseconds":1767225600020753500,"internal_io_poll":true,"runtime_maps_read":false}}
2026-09-10T03:16:10.549934Z  INFO detcore::scheduler: [scheduler] >>>>>>>

 NONCOMMIT turn 73, SKIP dettid 3 polling resource Resources { tid: DetPid(3), resources: {InternalIOPolling: W}, poll_attempt: 34, fyi: "readv", signal_interrupt_errno: 512 }
2026-09-10T03:16:10.549960Z  INFO detcore::scheduler: [sched-step5] >>>>>>>

 COMMIT turn 74, dettid 3 using resources {InternalIOPolling: W}, on previously committed 1_767_225_600.021_253_500s DETLOG_RECORD={"schema":1,"event":{"kind":"scheduler_commit","scheduler_turn":74,"virtual_nanoseconds":1767225600021253500,"internal_io_poll":true,"runtime_maps_read":false}}
2026-09-10T03:16:10.550009Z  INFO detcore::scheduler: [scheduler] >>>>>>>

 NONCOMMIT turn 75, SKIP dettid 3 polling resource Resources { tid: DetPid(3), resources: {InternalIOPolling: W}, poll_attempt: 35, fyi: "readv", signal_interrupt_errno: 512 }
2026-09-10T03:16:10.550036Z  INFO detcore::scheduler: [sched-step5] >>>>>>>

 COMMIT turn 76, dettid 3 using resources {InternalIOPolling: W}, on previously committed 1_767_225_600.021_753_500s DETLOG_RECORD={"schema":1,"event":{"kind":"scheduler_commit","scheduler_turn":76,"virtual_nanoseconds":1767225600021753500,"internal_io_poll":true,"runtime_maps_read":false}}
2026-09-10T03:16:10.550084Z  INFO detcore::scheduler: [scheduler] >>>>>>>

 NONCOMMIT turn 77, SKIP dettid 3 polling resource Resources { tid: DetPid(3), resources: {InternalIOPolling: W}, poll_attempt: 36, fyi: "readv", signal_interrupt_errno: 512 }
2026-09-10T03:16:10.550110Z  INFO detcore::scheduler: [sched-step5] >>>>>>>

 COMMIT turn 78, dettid 3 using resources {InternalIOPolling: W}, on previously committed 1_767_225_600.022_253_500s DETLOG_RECORD={"schema":1,"event":{"kind":"scheduler_commit","scheduler_turn":78,"virtual_nanoseconds":1767225600022253500,"internal_io_poll":true,"runtime_maps_read":false}}
2026-09-10T03:16:10.550159Z  INFO detcore::scheduler: [scheduler] >>>>>>>

 NONCOMMIT turn 79, SKIP dettid 3 polling resource Resources { tid: DetPid(3), resources: {InternalIOPolling: W}, poll_attempt: 37, fyi: "readv", signal_interrupt_errno: 512 }
2026-09-10T03:16:10.550187Z  INFO detcore::scheduler: [sched-step5] >>>>>>>

 COMMIT turn 80, dettid 3 using resources {InternalIOPolling: W}, on previously committed 1_767_225_600.022_753_500s DETLOG_RECORD={"schema":1,"event":{"kind":"scheduler_commit","scheduler_turn":80,"virtual_nanoseconds":1767225600022753500,"internal_io_poll":true,"runtime_maps_read":false}}
2026-09-10T03:16:10.550235Z  INFO detcore::scheduler: [scheduler] >>>>>>>

 NONCOMMIT turn 81, SKIP dettid 3 polling resource Resources { tid: DetPid(3), resources: {InternalIOPolling: W}, poll_attempt: 38, fyi: "readv", signal_interrupt_errno: 512 }
2026-09-10T03:16:10.550261Z  INFO detcore::scheduler: [sched-step5] >>>>>>>

 COMMIT turn 82, dettid 3 using resources {InternalIOPolling: W}, on previously committed 1_767_225_600.023_253_500s DETLOG_RECORD={"schema":1,"event":{"kind":"scheduler_commit","scheduler_turn":82,"virtual_nanoseconds":1767225600023253500,"internal_io_poll":true,"runtime_maps_read":false}}
2026-09-10T03:16:10.550342Z  INFO detcore::scheduler: [sched-step5] >>>>>>>

 COMMIT turn 83, dettid 4 using resources {SleepUntil(LogicalTime(1767225600023753000)): W}, on previously committed 1_767_225_600.023_753_500s DETLOG_RECORD={"schema":1,"event":{"kind":"scheduler_commit","scheduler_turn":83,"virtual_nanoseconds":1767225600023753500,"internal_io_poll":false,"runtime_maps_read":false}}
2026-09-10T03:16:10.550386Z  INFO detcore: DETLOG [syscall][detcore, dtid 4] finish syscall #3: clock_nanosleep(CLOCK_REALTIME, 0, 0x1b50e40, 0x1b50e40) = Ok(0) DETLOG_RECORD={"schema":1,"event":{"kind":"syscall_result","finished_syscall_number":3}}
2026-09-10T03:16:10.550440Z  INFO detcore: DETLOG [syscall][detcore, dtid 4] inbound syscall: write(4, 0x4047ec, 2) = ? DETLOG_RECORD={"schema":1,"event":{"kind":"syscall"}}
2026-09-10T03:16:10.550546Z  INFO detcore: DETLOG [syscall][detcore, dtid 4] finish syscall #4: write(4, 0x4047ec, 2) = Ok(2) DETLOG_RECORD={"schema":1,"event":{"kind":"syscall_result","finished_syscall_number":4}}
2026-09-10T03:16:10.550572Z  INFO detcore::io_buffers: DETLOG [iobuf][dtid 4] write out fd=4 0x4047ec+2->38164fbd17603d73f696b8b4d72664d735bb6a7c88577687fd2ae33fd6964153 DETLOG_RECORD={"schema":1,"event":{"kind":"other"}}
2026-09-10T03:16:10.550599Z  INFO detcore: DETLOG [syscall][detcore, dtid 4] inbound syscall: rt_sigprocmask(0, 0x1b51f30, NULL, 8) = ? DETLOG_RECORD={"schema":1,"event":{"kind":"syscall"}}
2026-09-10T03:16:10.550624Z  INFO detcore: DETLOG [syscall][detcore, dtid 4] finish syscall #5: rt_sigprocmask(0, 0x1b51f30, NULL, 8) = Ok(0) DETLOG_RECORD={"schema":1,"event":{"kind":"syscall_result","finished_syscall_number":5}}
2026-09-10T03:16:10.550645Z  INFO detcore: DETLOG [syscall][detcore, dtid 4] inbound syscall: madvise(0x1351000, 8368128, 4) = ? DETLOG_RECORD={"schema":1,"event":{"kind":"syscall"}}
2026-09-10T03:16:10.550669Z  INFO detcore::syscalls::memory: DETLOG [dtid 4] madvise advice 4 is unsupported by this backend DETLOG_RECORD={"schema":1,"event":{"kind":"other"}}
2026-09-10T03:16:10.550680Z  INFO detcore: DETLOG [syscall][detcore, dtid 4] finish syscall #6: madvise(0x1351000, 8368128, 4) = Err(Errno(ENOSYS)) DETLOG_RECORD={"schema":1,"event":{"kind":"syscall_result","finished_syscall_number":6}}
2026-09-10T03:16:10.550703Z  INFO detcore: DETLOG [syscall][detcore, dtid 4] inbound syscall: exit(0) = ? DETLOG_RECORD={"schema":1,"event":{"kind":"syscall"}}
2026-09-10T03:16:10.550782Z  INFO detcore::scheduler: [scheduler] >>>>>>>

 NONCOMMIT turn 84, SKIP dettid 3 polling resource Resources { tid: DetPid(3), resources: {InternalIOPolling: W}, poll_attempt: 39, fyi: "readv", signal_interrupt_errno: 512 }
2026-09-10T03:16:10.550824Z  INFO detcore::scheduler: [sched-step5] >>>>>>>

 COMMIT turn 85, dettid 4 using resources {Exit { group: false, process: DetPid(3), mm: MmId { creator: DetPid(3), generation: 1 } }: RW}, on previously committed 1_767_225_600.024_523_750s DETLOG_RECORD={"schema":1,"event":{"kind":"scheduler_commit","scheduler_turn":85,"virtual_nanoseconds":1767225600024523750,"internal_io_poll":false,"runtime_maps_read":false}}
2026-09-10T03:16:10.550957Z  INFO detcore::scheduler: logically_kill: Scheduler removing all knowledge of [det]tid 4 in pid 3..
2026-09-10T03:16:10.551035Z  INFO detcore::scheduler: [sched-step5] >>>>>>>

 COMMIT turn 86, dettid 3 using resources {InternalIOPolling: W}, on previously committed 1_767_225_600.025_023_750s DETLOG_RECORD={"schema":1,"event":{"kind":"scheduler_commit","scheduler_turn":86,"virtual_nanoseconds":1767225600025023750,"internal_io_poll":true,"runtime_maps_read":false}}
2026-09-10T03:16:10.551149Z  INFO detcore: DETLOG [syscall][detcore, dtid 3] finish syscall #44: readv(3, 0x3fffeb70, 2) = Ok(2) DETLOG_RECORD={"schema":1,"event":{"kind":"syscall_result","finished_syscall_number":44}}
2026-09-10T03:16:10.551179Z  INFO detcore::io_buffers: DETLOG [iobuf][dtid 3] readv in fd=3 0x3fffeb54+1->559aead08264d5795d3909718cdd05abd49572e84fe55590eef31a88a08fdffd DETLOG_RECORD={"schema":1,"event":{"kind":"other"}}
2026-09-10T03:16:10.551194Z  INFO detcore::io_buffers: DETLOG [iobuf][dtid 3] readv in fd=3 0x3fffeb58+1->df7e70e5021544f4834bbee64a9e3789febc4be81470df629cad6ddb03320a5c DETLOG_RECORD={"schema":1,"event":{"kind":"other"}}
2026-09-10T03:16:10.551249Z  INFO detcore: DETLOG [syscall][detcore, dtid 3] inbound syscall: futex(0x1b51910, 265, 4, NULL, NULL, -1) = ? DETLOG_RECORD={"schema":1,"event":{"kind":"syscall"}}
2026-09-10T03:16:10.551298Z  INFO detcore: DETLOG [syscall][detcore, dtid 3] finish syscall #45: futex(0x1b51910, 265, 4, NULL, NULL, -1) = Ok(0) DETLOG_RECORD={"schema":1,"event":{"kind":"syscall_result","finished_syscall_number":45}}
2026-09-10T03:16:10.551327Z  INFO detcore: DETLOG [syscall][detcore, dtid 3] inbound syscall: futex(0x1b51910, 265, 4, NULL, NULL, -1) = ? DETLOG_RECORD={"schema":1,"event":{"kind":"syscall"}}
2026-09-10T03:16:10.551346Z  INFO detcore: DETLOG [syscall][detcore, dtid 3] finish syscall #46: futex(0x1b51910, 265, 4, NULL, NULL, -1) = Ok(0) DETLOG_RECORD={"schema":1,"event":{"kind":"syscall_result","finished_syscall_number":46}}
2026-09-10T03:16:10.551371Z  INFO detcore: DETLOG [syscall][detcore, dtid 3] inbound syscall: futex(0x1b51910, 265, 4, NULL, NULL, -1) = ? DETLOG_RECORD={"schema":1,"event":{"kind":"syscall"}}
2026-09-10T03:16:10.551388Z  INFO detcore: DETLOG [syscall][detcore, dtid 3] finish syscall #47: futex(0x1b51910, 265, 4, NULL, NULL, -1) = Ok(0) DETLOG_RECORD={"schema":1,"event":{"kind":"syscall_result","finished_syscall_number":47}}
2026-09-10T03:16:10.551413Z  INFO detcore: DETLOG [syscall][detcore, dtid 3] inbound syscall: futex(0x1b51910, 265, 4, NULL, NULL, -1) = ? DETLOG_RECORD={"schema":1,"event":{"kind":"syscall"}}
2026-09-10T03:16:10.551430Z  INFO detcore: DETLOG [syscall][detcore, dtid 3] finish syscall #48: futex(0x1b51910, 265, 4, NULL, NULL, -1) = Ok(0) DETLOG_RECORD={"schema":1,"event":{"kind":"syscall_result","finished_syscall_number":48}}
2026-09-10T03:16:10.551454Z  INFO detcore: DETLOG [syscall][detcore, dtid 3] inbound syscall: futex(0x1b51910, 265, 4, NULL, NULL, -1) = ? DETLOG_RECORD={"schema":1,"event":{"kind":"syscall"}}
2026-09-10T03:16:10.551471Z  INFO detcore: DETLOG [syscall][detcore, dtid 3] finish syscall #49: futex(0x1b51910, 265, 4, NULL, NULL, -1) = Ok(0) DETLOG_RECORD={"schema":1,"event":{"kind":"syscall_result","finished_syscall_number":49}}
2026-09-10T03:16:10.551496Z  INFO detcore: DETLOG [syscall][detcore, dtid 3] inbound syscall: futex(0x1b51910, 265, 4, NULL, NULL, -1) = ? DETLOG_RECORD={"schema":1,"event":{"kind":"syscall"}}
2026-09-10T03:16:10.551513Z  INFO detcore: DETLOG [syscall][detcore, dtid 3] finish syscall #50: futex(0x1b51910, 265, 4, NULL, NULL, -1) = Ok(0) DETLOG_RECORD={"schema":1,"event":{"kind":"syscall_result","finished_syscall_number":50}}
2026-09-10T03:16:10.551541Z  INFO detcore: DETLOG [syscall][detcore, dtid 3] inbound syscall: futex(0x1b51910, 265, 4, NULL, NULL, -1) = ? DETLOG_RECORD={"schema":1,"event":{"kind":"syscall"}}
2026-09-10T03:16:10.551561Z  INFO detcore: DETLOG [syscall][detcore, dtid 3] finish syscall #51: futex(0x1b51910, 265, 4, NULL, NULL, -1) = Ok(0) DETLOG_RECORD={"schema":1,"event":{"kind":"syscall_result","finished_syscall_number":51}}
2026-09-10T03:16:10.551586Z  INFO detcore: DETLOG [syscall][detcore, dtid 3] inbound syscall: futex(0x1b51910, 265, 4, NULL, NULL, -1) = ? DETLOG_RECORD={"schema":1,"event":{"kind":"syscall"}}
2026-09-10T03:16:10.551603Z  INFO detcore: DETLOG [syscall][detcore, dtid 3] finish syscall #52: futex(0x1b51910, 265, 4, NULL, NULL, -1) = Ok(0) DETLOG_RECORD={"schema":1,"event":{"kind":"syscall_result","finished_syscall_number":52}}
2026-09-10T03:16:10.551628Z  INFO detcore: DETLOG [syscall][detcore, dtid 3] inbound syscall: futex(0x1b51910, 265, 4, NULL, NULL, -1) = ? DETLOG_RECORD={"schema":1,"event":{"kind":"syscall"}}
2026-09-10T03:16:10.551646Z  INFO detcore: DETLOG [syscall][detcore, dtid 3] finish syscall #53: futex(0x1b51910, 265, 4, NULL, NULL, -1) = Ok(0) DETLOG_RECORD={"schema":1,"event":{"kind":"syscall_result","finished_syscall_number":53}}
2026-09-10T03:16:10.551670Z  INFO detcore: DETLOG [syscall][detcore, dtid 3] inbound syscall: futex(0x1b51910, 265, 4, NULL, NULL, -1) = ? DETLOG_RECORD={"schema":1,"event":{"kind":"syscall"}}
2026-09-10T03:16:10.551687Z  INFO detcore: DETLOG [syscall][detcore, dtid 3] finish syscall #54: futex(0x1b51910, 265, 4, NULL, NULL, -1) = Ok(0) DETLOG_RECORD={"schema":1,"event":{"kind":"syscall_result","finished_syscall_number":54}}
2026-09-10T03:16:10.551712Z  INFO detcore: DETLOG [syscall][detcore, dtid 3] inbound syscall: futex(0x1b51910, 265, 4, NULL, NULL, -1) = ? DETLOG_RECORD={"schema":1,"event":{"kind":"syscall"}}
2026-09-10T03:16:10.551729Z  INFO detcore: DETLOG [syscall][detcore, dtid 3] finish syscall #55: futex(0x1b51910, 265, 4, NULL, NULL, -1) = Ok(0) DETLOG_RECORD={"schema":1,"event":{"kind":"syscall_result","finished_syscall_number":55}}
2026-09-10T03:16:10.551753Z  INFO detcore: DETLOG [syscall][detcore, dtid 3] inbound syscall: futex(0x1b51910, 265, 4, NULL, NULL, -1) = ? DETLOG_RECORD={"schema":1,"event":{"kind":"syscall"}}
2026-09-10T03:16:10.551770Z  INFO detcore: DETLOG [syscall][detcore, dtid 3] finish syscall #56: futex(0x1b51910, 265, 4, NULL, NULL, -1) = Ok(0) DETLOG_RECORD={"schema":1,"event":{"kind":"syscall_result","finished_syscall_number":56}}
2026-09-10T03:16:10.551804Z  INFO detcore: DETLOG [syscall][detcore, dtid 3] inbound syscall: futex(0x1b51910, 265, 4, NULL, NULL, -1) = ? DETLOG_RECORD={"schema":1,"event":{"kind":"syscall"}}
2026-09-10T03:16:10.551821Z  INFO detcore: DETLOG [syscall][detcore, dtid 3] finish syscall #57: futex(0x1b51910, 265, 4, NULL, NULL, -1) = Ok(0) DETLOG_RECORD={"schema":1,"event":{"kind":"syscall_result","finished_syscall_number":57}}
2026-09-10T03:16:10.551845Z  INFO detcore: DETLOG [syscall][detcore, dtid 3] inbound syscall: futex(0x1b51910, 265, 4, NULL, NULL, -1) = ? DETLOG_RECORD={"schema":1,"event":{"kind":"syscall"}}
2026-09-10T03:16:10.551863Z  INFO detcore: DETLOG [syscall][detcore, dtid 3] finish syscall #58: futex(0x1b51910, 265, 4, NULL, NULL, -1) = Ok(0) DETLOG_RECORD={"schema":1,"event":{"kind":"syscall_result","finished_syscall_number":58}}
2026-09-10T03:16:10.551887Z  INFO detcore: DETLOG [syscall][detcore, dtid 3] inbound syscall: futex(0x1b51910, 265, 4, NULL, NULL, -1) = ? DETLOG_RECORD={"schema":1,"event":{"kind":"syscall"}}
2026-09-10T03:16:10.551904Z  INFO detcore: DETLOG [syscall][detcore, dtid 3] finish syscall #59: futex(0x1b51910, 265, 4, NULL, NULL, -1) = Ok(0) DETLOG_RECORD={"schema":1,"event":{"kind":"syscall_result","finished_syscall_number":59}}
2026-09-10T03:16:10.551928Z  INFO detcore: DETLOG [syscall][detcore, dtid 3] inbound syscall: futex(0x1b51910, 265, 4, NULL, NULL, -1) = ? DETLOG_RECORD={"schema":1,"event":{"kind":"syscall"}}
2026-09-10T03:16:10.551947Z  INFO detcore: DETLOG [syscall][detcore, dtid 3] finish syscall #60: futex(0x1b51910, 265, 4, NULL, NULL, -1) = Ok(0) DETLOG_RECORD={"schema":1,"event":{"kind":"syscall_result","finished_syscall_number":60}}
2026-09-10T03:16:10.551972Z  INFO detcore: DETLOG [syscall][detcore, dtid 3] inbound syscall: futex(0x1b51910, 265, 4, NULL, NULL, -1) = ? DETLOG_RECORD={"schema":1,"event":{"kind":"syscall"}}
2026-09-10T03:16:10.551990Z  INFO detcore: DETLOG [syscall][detcore, dtid 3] finish syscall #61: futex(0x1b51910, 265, 4, NULL, NULL, -1) = Ok(0) DETLOG_RECORD={"schema":1,"event":{"kind":"syscall_result","finished_syscall_number":61}}
2026-09-10T03:16:10.552014Z  INFO detcore: DETLOG [syscall][detcore, dtid 3] inbound syscall: futex(0x1b51910, 265, 4, NULL, NULL, -1) = ? DETLOG_RECORD={"schema":1,"event":{"kind":"syscall"}}
2026-09-10T03:16:10.552031Z  INFO detcore: DETLOG [syscall][detcore, dtid 3] finish syscall #62: futex(0x1b51910, 265, 4, NULL, NULL, -1) = Ok(0) DETLOG_RECORD={"schema":1,"event":{"kind":"syscall_result","finished_syscall_number":62}}
2026-09-10T03:16:10.552056Z  INFO detcore: DETLOG [syscall][detcore, dtid 3] inbound syscall: futex(0x1b51910, 265, 4, NULL, NULL, -1) = ? DETLOG_RECORD={"schema":1,"event":{"kind":"syscall"}}
2026-09-10T03:16:10.552073Z  INFO detcore: DETLOG [syscall][detcore, dtid 3] finish syscall #63: futex(0x1b51910, 265, 4, NULL, NULL, -1) = Ok(0) DETLOG_RECORD={"schema":1,"event":{"kind":"syscall_result","finished_syscall_number":63}}
2026-09-10T03:16:10.552098Z  INFO detcore: DETLOG [syscall][detcore, dtid 3] inbound syscall: futex(0x1b51910, 265, 4, NULL, NULL, -1) = ? DETLOG_RECORD={"schema":1,"event":{"kind":"syscall"}}
2026-09-10T03:16:10.552115Z  INFO detcore: DETLOG [syscall][detcore, dtid 3] finish syscall #64: futex(0x1b51910, 265, 4, NULL, NULL, -1) = Ok(0) DETLOG_RECORD={"schema":1,"event":{"kind":"syscall_result","finished_syscall_number":64}}
2026-09-10T03:16:10.552139Z  INFO detcore: DETLOG [syscall][detcore, dtid 3] inbound syscall: futex(0x1b51910, 265, 4, NULL, NULL, -1) = ? DETLOG_RECORD={"schema":1,"event":{"kind":"syscall"}}
2026-09-10T03:16:10.552156Z  INFO detcore: DETLOG [syscall][detcore, dtid 3] finish syscall #65: futex(0x1b51910, 265, 4, NULL, NULL, -1) = Ok(0) DETLOG_RECORD={"schema":1,"event":{"kind":"syscall_result","finished_syscall_number":65}}
2026-09-10T03:16:10.552181Z  INFO detcore: DETLOG [syscall][detcore, dtid 3] inbound syscall: futex(0x1b51910, 265, 4, NULL, NULL, -1) = ? DETLOG_RECORD={"schema":1,"event":{"kind":"syscall"}}
2026-09-10T03:16:10.552198Z  INFO detcore: DETLOG [syscall][detcore, dtid 3] finish syscall #66: futex(0x1b51910, 265, 4, NULL, NULL, -1) = Ok(0) DETLOG_RECORD={"schema":1,"event":{"kind":"syscall_result","finished_syscall_number":66}}
2026-09-10T03:16:10.552222Z  INFO detcore: DETLOG [syscall][detcore, dtid 3] inbound syscall: futex(0x1b51910, 265, 4, NULL, NULL, -1) = ? DETLOG_RECORD={"schema":1,"event":{"kind":"syscall"}}
2026-09-10T03:16:10.552239Z  INFO detcore: DETLOG [syscall][detcore, dtid 3] finish syscall #67: futex(0x1b51910, 265, 4, NULL, NULL, -1) = Ok(0) DETLOG_RECORD={"schema":1,"event":{"kind":"syscall_result","finished_syscall_number":67}}
2026-09-10T03:16:10.552264Z  INFO detcore: DETLOG [syscall][detcore, dtid 3] inbound syscall: futex(0x1b51910, 265, 4, NULL, NULL, -1) = ? DETLOG_RECORD={"schema":1,"event":{"kind":"syscall"}}
2026-09-10T03:16:10.552281Z  INFO detcore: DETLOG [syscall][detcore, dtid 3] finish syscall #68: futex(0x1b51910, 265, 4, NULL, NULL, -1) = Ok(0) DETLOG_RECORD={"schema":1,"event":{"kind":"syscall_result","finished_syscall_number":68}}
2026-09-10T03:16:10.552306Z  INFO detcore: DETLOG [syscall][detcore, dtid 3] inbound syscall: futex(0x1b51910, 265, 4, NULL, NULL, -1) = ? DETLOG_RECORD={"schema":1,"event":{"kind":"syscall"}}
2026-09-10T03:16:10.552323Z  INFO detcore: DETLOG [syscall][detcore, dtid 3] finish syscall #69: futex(0x1b51910, 265, 4, NULL, NULL, -1) = Ok(0) DETLOG_RECORD={"schema":1,"event":{"kind":"syscall_result","finished_syscall_number":69}}
2026-09-10T03:16:10.552349Z  INFO detcore: DETLOG [syscall][detcore, dtid 3] inbound syscall: futex(0x1b51910, 265, 4, NULL, NULL, -1) = ? DETLOG_RECORD={"schema":1,"event":{"kind":"syscall"}}
2026-09-10T03:16:10.552367Z  INFO detcore: DETLOG [syscall][detcore, dtid 3] finish syscall #70: futex(0x1b51910, 265, 4, NULL, NULL, -1) = Ok(0) DETLOG_RECORD={"schema":1,"event":{"kind":"syscall_result","finished_syscall_number":70}}
2026-09-10T03:16:10.552391Z  INFO detcore: DETLOG [syscall][detcore, dtid 3] inbound syscall: futex(0x1b51910, 265, 4, NULL, NULL, -1) = ? DETLOG_RECORD={"schema":1,"event":{"kind":"syscall"}}
2026-09-10T03:16:10.552408Z  INFO detcore: DETLOG [syscall][detcore, dtid 3] finish syscall #71: futex(0x1b51910, 265, 4, NULL, NULL, -1) = Ok(0) DETLOG_RECORD={"schema":1,"event":{"kind":"syscall_result","finished_syscall_number":71}}
2026-09-10T03:16:10.552433Z  INFO detcore: DETLOG [syscall][detcore, dtid 3] inbound syscall: futex(0x1b51910, 265, 4, NULL, NULL, -1) = ? DETLOG_RECORD={"schema":1,"event":{"kind":"syscall"}}
2026-09-10T03:16:10.552450Z  INFO detcore: DETLOG [syscall][detcore, dtid 3] finish syscall #72: futex(0x1b51910, 265, 4, NULL, NULL, -1) = Ok(0) DETLOG_RECORD={"schema":1,"event":{"kind":"syscall_result","finished_syscall_number":72}}
2026-09-10T03:16:10.552474Z  INFO detcore: DETLOG [syscall][detcore, dtid 3] inbound syscall: futex(0x1b51910, 265, 4, NULL, NULL, -1) = ? DETLOG_RECORD={"schema":1,"event":{"kind":"syscall"}}
2026-09-10T03:16:10.552491Z  INFO detcore: DETLOG [syscall][detcore, dtid 3] finish syscall #73: futex(0x1b51910, 265, 4, NULL, NULL, -1) = Ok(0) DETLOG_RECORD={"schema":1,"event":{"kind":"syscall_result","finished_syscall_number":73}}
2026-09-10T03:16:10.552516Z  INFO detcore: DETLOG [syscall][detcore, dtid 3] inbound syscall: futex(0x1b51910, 265, 4, NULL, NULL, -1) = ? DETLOG_RECORD={"schema":1,"event":{"kind":"syscall"}}
2026-09-10T03:16:10.552533Z  INFO detcore: DETLOG [syscall][detcore, dtid 3] finish syscall #74: futex(0x1b51910, 265, 4, NULL, NULL, -1) = Ok(0) DETLOG_RECORD={"schema":1,"event":{"kind":"syscall_result","finished_syscall_number":74}}
2026-09-10T03:16:10.552557Z  INFO detcore: DETLOG [syscall][detcore, dtid 3] inbound syscall: futex(0x1b51910, 265, 4, NULL, NULL, -1) = ? DETLOG_RECORD={"schema":1,"event":{"kind":"syscall"}}
2026-09-10T03:16:10.552574Z  INFO detcore: DETLOG [syscall][detcore, dtid 3] finish syscall #75: futex(0x1b51910, 265, 4, NULL, NULL, -1) = Ok(0) DETLOG_RECORD={"schema":1,"event":{"kind":"syscall_result","finished_syscall_number":75}}
2026-09-10T03:16:10.552599Z  INFO detcore: DETLOG [syscall][detcore, dtid 3] inbound syscall: futex(0x1b51910, 265, 4, NULL, NULL, -1) = ? DETLOG_RECORD={"schema":1,"event":{"kind":"syscall"}}
2026-09-10T03:16:10.552616Z  INFO detcore: DETLOG [syscall][detcore, dtid 3] finish syscall #76: futex(0x1b51910, 265, 4, NULL, NULL, -1) = Ok(0) DETLOG_RECORD={"schema":1,"event":{"kind":"syscall_result","finished_syscall_number":76}}
2026-09-10T03:16:10.552640Z  INFO detcore: DETLOG [syscall][detcore, dtid 3] inbound syscall: futex(0x1b51910, 265, 4, NULL, NULL, -1) = ? DETLOG_RECORD={"schema":1,"event":{"kind":"syscall"}}
2026-09-10T03:16:10.552657Z  INFO detcore: DETLOG [syscall][detcore, dtid 3] finish syscall #77: futex(0x1b51910, 265, 4, NULL, NULL, -1) = Ok(0) DETLOG_RECORD={"schema":1,"event":{"kind":"syscall_result","finished_syscall_number":77}}
2026-09-10T03:16:10.552681Z  INFO detcore: DETLOG [syscall][detcore, dtid 3] inbound syscall: futex(0x1b51910, 265, 4, NULL, NULL, -1) = ? DETLOG_RECORD={"schema":1,"event":{"kind":"syscall"}}
2026-09-10T03:16:10.552698Z  INFO detcore: DETLOG [syscall][detcore, dtid 3] finish syscall #78: futex(0x1b51910, 265, 4, NULL, NULL, -1) = Ok(0) DETLOG_RECORD={"schema":1,"event":{"kind":"syscall_result","finished_syscall_number":78}}
2026-09-10T03:16:10.552723Z  INFO detcore: DETLOG [syscall][detcore, dtid 3] inbound syscall: futex(0x1b51910, 265, 4, NULL, NULL, -1) = ? DETLOG_RECORD={"schema":1,"event":{"kind":"syscall"}}
2026-09-10T03:16:10.552740Z  INFO detcore: DETLOG [syscall][detcore, dtid 3] finish syscall #79: futex(0x1b51910, 265, 4, NULL, NULL, -1) = Ok(0) DETLOG_RECORD={"schema":1,"event":{"kind":"syscall_result","finished_syscall_number":79}}
2026-09-10T03:16:10.552766Z  INFO detcore: DETLOG [syscall][detcore, dtid 3] inbound syscall: futex(0x1b51910, 265, 4, NULL, NULL, -1) = ? DETLOG_RECORD={"schema":1,"event":{"kind":"syscall"}}
2026-09-10T03:16:10.552792Z  INFO detcore: DETLOG [syscall][detcore, dtid 3] finish syscall #80: futex(0x1b51910, 265, 4, NULL, NULL, -1) = Ok(0) DETLOG_RECORD={"schema":1,"event":{"kind":"syscall_result","finished_syscall_number":80}}
2026-09-10T03:16:10.552817Z  INFO detcore: DETLOG [syscall][detcore, dtid 3] inbound syscall: futex(0x1b51910, 265, 4, NULL, NULL, -1) = ? DETLOG_RECORD={"schema":1,"event":{"kind":"syscall"}}
2026-09-10T03:16:10.552834Z  INFO detcore: DETLOG [syscall][detcore, dtid 3] finish syscall #81: futex(0x1b51910, 265, 4, NULL, NULL, -1) = Ok(0) DETLOG_RECORD={"schema":1,"event":{"kind":"syscall_result","finished_syscall_number":81}}
2026-09-10T03:16:10.552858Z  INFO detcore: DETLOG [syscall][detcore, dtid 3] inbound syscall: futex(0x1b51910, 265, 4, NULL, NULL, -1) = ? DETLOG_RECORD={"schema":1,"event":{"kind":"syscall"}}
2026-09-10T03:16:10.552875Z  INFO detcore: DETLOG [syscall][detcore, dtid 3] finish syscall #82: futex(0x1b51910, 265, 4, NULL, NULL, -1) = Ok(0) DETLOG_RECORD={"schema":1,"event":{"kind":"syscall_result","finished_syscall_number":82}}
2026-09-10T03:16:10.552900Z  INFO detcore: DETLOG [syscall][detcore, dtid 3] inbound syscall: futex(0x1b51910, 265, 4, NULL, NULL, -1) = ? DETLOG_RECORD={"schema":1,"event":{"kind":"syscall"}}
2026-09-10T03:16:10.552917Z  INFO detcore: DETLOG [syscall][detcore, dtid 3] finish syscall #83: futex(0x1b51910, 265, 4, NULL, NULL, -1) = Ok(0) DETLOG_RECORD={"schema":1,"event":{"kind":"syscall_result","finished_syscall_number":83}}
2026-09-10T03:16:10.552941Z  INFO detcore: DETLOG [syscall][detcore, dtid 3] inbound syscall: futex(0x1b51910, 265, 4, NULL, NULL, -1) = ? DETLOG_RECORD={"schema":1,"event":{"kind":"syscall"}}
2026-09-10T03:16:10.552958Z  INFO detcore: DETLOG [syscall][detcore, dtid 3] finish syscall #84: futex(0x1b51910, 265, 4, NULL, NULL, -1) = Ok(0) DETLOG_RECORD={"schema":1,"event":{"kind":"syscall_result","finished_syscall_number":84}}
2026-09-10T03:16:10.552982Z  INFO detcore: DETLOG [syscall][detcore, dtid 3] inbound syscall: futex(0x1b51910, 265, 4, NULL, NULL, -1) = ? DETLOG_RECORD={"schema":1,"event":{"kind":"syscall"}}
2026-09-10T03:16:10.553000Z  INFO detcore: DETLOG [syscall][detcore, dtid 3] finish syscall #85: futex(0x1b51910, 265, 4, NULL, NULL, -1) = Ok(0) DETLOG_RECORD={"schema":1,"event":{"kind":"syscall_result","finished_syscall_number":85}}
2026-09-10T03:16:10.553024Z  INFO detcore: DETLOG [syscall][detcore, dtid 3] inbound syscall: futex(0x1b51910, 265, 4, NULL, NULL, -1) = ? DETLOG_RECORD={"schema":1,"event":{"kind":"syscall"}}
2026-09-10T03:16:10.553041Z  INFO detcore: DETLOG [syscall][detcore, dtid 3] finish syscall #86: futex(0x1b51910, 265, 4, NULL, NULL, -1) = Ok(0) DETLOG_RECORD={"schema":1,"event":{"kind":"syscall_result","finished_syscall_number":86}}
2026-09-10T03:16:10.553065Z  INFO detcore: DETLOG [syscall][detcore, dtid 3] inbound syscall: futex(0x1b51910, 265, 4, NULL, NULL, -1) = ? DETLOG_RECORD={"schema":1,"event":{"kind":"syscall"}}
2026-09-10T03:16:10.553082Z  INFO detcore: DETLOG [syscall][detcore, dtid 3] finish syscall #87: futex(0x1b51910, 265, 4, NULL, NULL, -1) = Ok(0) DETLOG_RECORD={"schema":1,"event":{"kind":"syscall_result","finished_syscall_number":87}}
2026-09-10T03:16:10.553107Z  INFO detcore: DETLOG [syscall][detcore, dtid 3] inbound syscall: futex(0x1b51910, 265, 4, NULL, NULL, -1) = ? DETLOG_RECORD={"schema":1,"event":{"kind":"syscall"}}
2026-09-10T03:16:10.553124Z  INFO detcore: DETLOG [syscall][detcore, dtid 3] finish syscall #88: futex(0x1b51910, 265, 4, NULL, NULL, -1) = Ok(0) DETLOG_RECORD={"schema":1,"event":{"kind":"syscall_result","finished_syscall_number":88}}
2026-09-10T03:16:10.553148Z  INFO detcore: DETLOG [syscall][detcore, dtid 3] inbound syscall: futex(0x1b51910, 265, 4, NULL, NULL, -1) = ? DETLOG_RECORD={"schema":1,"event":{"kind":"syscall"}}
2026-09-10T03:16:10.553169Z  INFO detcore: DETLOG [syscall][detcore, dtid 3] finish syscall #89: futex(0x1b51910, 265, 4, NULL, NULL, -1) = Ok(0) DETLOG_RECORD={"schema":1,"event":{"kind":"syscall_result","finished_syscall_number":89}}
2026-09-10T03:16:10.553195Z  INFO detcore: DETLOG [syscall][detcore, dtid 3] inbound syscall: futex(0x1b51910, 265, 4, NULL, NULL, -1) = ? DETLOG_RECORD={"schema":1,"event":{"kind":"syscall"}}
2026-09-10T03:16:10.553212Z  INFO detcore: DETLOG [syscall][detcore, dtid 3] finish syscall #90: futex(0x1b51910, 265, 4, NULL, NULL, -1) = Ok(0) DETLOG_RECORD={"schema":1,"event":{"kind":"syscall_result","finished_syscall_number":90}}
2026-09-10T03:16:10.553236Z  INFO detcore: DETLOG [syscall][detcore, dtid 3] inbound syscall: futex(0x1b51910, 265, 4, NULL, NULL, -1) = ? DETLOG_RECORD={"schema":1,"event":{"kind":"syscall"}}
2026-09-10T03:16:10.553253Z  INFO detcore: DETLOG [syscall][detcore, dtid 3] finish syscall #91: futex(0x1b51910, 265, 4, NULL, NULL, -1) = Ok(0) DETLOG_RECORD={"schema":1,"event":{"kind":"syscall_result","finished_syscall_number":91}}
2026-09-10T03:16:10.553278Z  INFO detcore: DETLOG [syscall][detcore, dtid 3] inbound syscall: futex(0x1b51910, 265, 4, NULL, NULL, -1) = ? DETLOG_RECORD={"schema":1,"event":{"kind":"syscall"}}
2026-09-10T03:16:10.553295Z  INFO detcore: DETLOG [syscall][detcore, dtid 3] finish syscall #92: futex(0x1b51910, 265, 4, NULL, NULL, -1) = Ok(0) DETLOG_RECORD={"schema":1,"event":{"kind":"syscall_result","finished_syscall_number":92}}
2026-09-10T03:16:10.553319Z  INFO detcore: DETLOG [syscall][detcore, dtid 3] inbound syscall: futex(0x1b51910, 265, 4, NULL, NULL, -1) = ? DETLOG_RECORD={"schema":1,"event":{"kind":"syscall"}}
2026-09-10T03:16:10.553336Z  INFO detcore: DETLOG [syscall][detcore, dtid 3] finish syscall #93: futex(0x1b51910, 265, 4, NULL, NULL, -1) = Ok(0) DETLOG_RECORD={"schema":1,"event":{"kind":"syscall_result","finished_syscall_number":93}}
2026-09-10T03:16:10.553360Z  INFO detcore: DETLOG [syscall][detcore, dtid 3] inbound syscall: futex(0x1b51910, 265, 4, NULL, NULL, -1) = ? DETLOG_RECORD={"schema":1,"event":{"kind":"syscall"}}
2026-09-10T03:16:10.553378Z  INFO detcore: DETLOG [syscall][detcore, dtid 3] finish syscall #94: futex(0x1b51910, 265, 4, NULL, NULL, -1) = Ok(0) DETLOG_RECORD={"schema":1,"event":{"kind":"syscall_result","finished_syscall_number":94}}
2026-09-10T03:16:10.553402Z  INFO detcore: DETLOG [syscall][detcore, dtid 3] inbound syscall: futex(0x1b51910, 265, 4, NULL, NULL, -1) = ? DETLOG_RECORD={"schema":1,"event":{"kind":"syscall"}}
2026-09-10T03:16:10.553419Z  INFO detcore: DETLOG [syscall][detcore, dtid 3] finish syscall #95: futex(0x1b51910, 265, 4, NULL, NULL, -1) = Ok(0) DETLOG_RECORD={"schema":1,"event":{"kind":"syscall_result","finished_syscall_number":95}}
2026-09-10T03:16:10.553443Z  INFO detcore: DETLOG [syscall][detcore, dtid 3] inbound syscall: futex(0x1b51910, 265, 4, NULL, NULL, -1) = ? DETLOG_RECORD={"schema":1,"event":{"kind":"syscall"}}
2026-09-10T03:16:10.553461Z  INFO detcore: DETLOG [syscall][detcore, dtid 3] finish syscall #96: futex(0x1b51910, 265, 4, NULL, NULL, -1) = Ok(0) DETLOG_RECORD={"schema":1,"event":{"kind":"syscall_result","finished_syscall_number":96}}
2026-09-10T03:16:10.553485Z  INFO detcore: DETLOG [syscall][detcore, dtid 3] inbound syscall: futex(0x1b51910, 265, 4, NULL, NULL, -1) = ? DETLOG_RECORD={"schema":1,"event":{"kind":"syscall"}}
2026-09-10T03:16:10.553502Z  INFO detcore: DETLOG [syscall][detcore, dtid 3] finish syscall #97: futex(0x1b51910, 265, 4, NULL, NULL, -1) = Ok(0) DETLOG_RECORD={"schema":1,"event":{"kind":"syscall_result","finished_syscall_number":97}}
2026-09-10T03:16:10.553526Z  INFO detcore: DETLOG [syscall][detcore, dtid 3] inbound syscall: futex(0x1b51910, 265, 4, NULL, NULL, -1) = ? DETLOG_RECORD={"schema":1,"event":{"kind":"syscall"}}
2026-09-10T03:16:10.553544Z  INFO detcore: DETLOG [syscall][detcore, dtid 3] finish syscall #98: futex(0x1b51910, 265, 4, NULL, NULL, -1) = Ok(0) DETLOG_RECORD={"schema":1,"event":{"kind":"syscall_result","finished_syscall_number":98}}
2026-09-10T03:16:10.553569Z  INFO detcore: DETLOG [syscall][detcore, dtid 3] inbound syscall: futex(0x1b51910, 265, 4, NULL, NULL, -1) = ? DETLOG_RECORD={"schema":1,"event":{"kind":"syscall"}}
2026-09-10T03:16:10.553587Z  INFO detcore: DETLOG [syscall][detcore, dtid 3] finish syscall #99: futex(0x1b51910, 265, 4, NULL, NULL, -1) = Ok(0) DETLOG_RECORD={"schema":1,"event":{"kind":"syscall_result","finished_syscall_number":99}}
2026-09-10T03:16:10.553611Z  INFO detcore: DETLOG [syscall][detcore, dtid 3] inbound syscall: futex(0x1b51910, 265, 4, NULL, NULL, -1) = ? DETLOG_RECORD={"schema":1,"event":{"kind":"syscall"}}
2026-09-10T03:16:10.553629Z  INFO detcore: DETLOG [syscall][detcore, dtid 3] finish syscall #100: futex(0x1b51910, 265, 4, NULL, NULL, -1) = Ok(0) DETLOG_RECORD={"schema":1,"event":{"kind":"syscall_result","finished_syscall_number":100}}
2026-09-10T03:16:10.553653Z  INFO detcore: DETLOG [syscall][detcore, dtid 3] inbound syscall: futex(0x1b51910, 265, 4, NULL, NULL, -1) = ? DETLOG_RECORD={"schema":1,"event":{"kind":"syscall"}}
2026-09-10T03:16:10.553670Z  INFO detcore: DETLOG [syscall][detcore, dtid 3] finish syscall #101: futex(0x1b51910, 265, 4, NULL, NULL, -1) = Ok(0) DETLOG_RECORD={"schema":1,"event":{"kind":"syscall_result","finished_syscall_number":101}}
2026-09-10T03:16:10.553694Z  INFO detcore: DETLOG [syscall][detcore, dtid 3] inbound syscall: futex(0x1b51910, 265, 4, NULL, NULL, -1) = ? DETLOG_RECORD={"schema":1,"event":{"kind":"syscall"}}
2026-09-10T03:16:10.553712Z  INFO detcore: DETLOG [syscall][detcore, dtid 3] finish syscall #102: futex(0x1b51910, 265, 4, NULL, NULL, -1) = Ok(0) DETLOG_RECORD={"schema":1,"event":{"kind":"syscall_result","finished_syscall_number":102}}
2026-09-10T03:16:10.553736Z  INFO detcore: DETLOG [syscall][detcore, dtid 3] inbound syscall: futex(0x1b51910, 265, 4, NULL, NULL, -1) = ? DETLOG_RECORD={"schema":1,"event":{"kind":"syscall"}}
2026-09-10T03:16:10.553753Z  INFO detcore: DETLOG [syscall][detcore, dtid 3] finish syscall #103: futex(0x1b51910, 265, 4, NULL, NULL, -1) = Ok(0) DETLOG_RECORD={"schema":1,"event":{"kind":"syscall_result","finished_syscall_number":103}}
2026-09-10T03:16:10.553784Z  INFO detcore: DETLOG [syscall][detcore, dtid 3] inbound syscall: futex(0x1b51910, 265, 4, NULL, NULL, -1) = ? DETLOG_RECORD={"schema":1,"event":{"kind":"syscall"}}
2026-09-10T03:16:10.553803Z  INFO detcore: DETLOG [syscall][detcore, dtid 3] finish syscall #104: futex(0x1b51910, 265, 4, NULL, NULL, -1) = Ok(0) DETLOG_RECORD={"schema":1,"event":{"kind":"syscall_result","finished_syscall_number":104}}
2026-09-10T03:16:10.554191Z  INFO detcore: DETLOG [syscall][detcore, dtid 3] inbound syscall: futex(0x1b51910, 265, 4, NULL, NULL, -1) = ? DETLOG_RECORD={"schema":1,"event":{"kind":"syscall"}}
2026-09-10T03:16:10.554210Z  INFO detcore::syscalls::threads: [detcore, dtid 3] Futex wait running immediately because it will fizzle (0 != 4).
2026-09-10T03:16:10.554220Z  INFO detcore: DETLOG [syscall][detcore, dtid 3] finish syscall #105: futex(0x1b51910, 265, 4, NULL, NULL, -1) = Err(Errno(EAGAIN)) DETLOG_RECORD={"schema":1,"event":{"kind":"syscall_result","finished_syscall_number":105}}
2026-09-10T03:16:10.554246Z  INFO detcore: DETLOG [syscall][detcore, dtid 3] inbound syscall: close(3) = ? DETLOG_RECORD={"schema":1,"event":{"kind":"syscall"}}
2026-09-10T03:16:10.554318Z  INFO detcore: DETLOG [syscall][detcore, dtid 3] finish syscall #106: close(3) = Ok(0) DETLOG_RECORD={"schema":1,"event":{"kind":"syscall_result","finished_syscall_number":106}}
2026-09-10T03:16:10.554340Z  INFO detcore: DETLOG [syscall][detcore, dtid 3] inbound syscall: close(4) = ? DETLOG_RECORD={"schema":1,"event":{"kind":"syscall"}}
2026-09-10T03:16:10.554363Z  INFO detcore: DETLOG [syscall][detcore, dtid 3] finish syscall #107: close(4) = Ok(0) DETLOG_RECORD={"schema":1,"event":{"kind":"syscall_result","finished_syscall_number":107}}
2026-09-10T03:16:10.554386Z  INFO detcore: DETLOG [syscall][detcore, dtid 3] inbound syscall: fstat(1, 0x3fffe3d0) = ? DETLOG_RECORD={"schema":1,"event":{"kind":"syscall"}}
2026-09-10T03:16:10.554437Z  INFO detcore: DETLOG [syscall][detcore, dtid 3] finish syscall #108: fstat(1, 0x3fffe3d0) = Ok(0) DETLOG_RECORD={"schema":1,"event":{"kind":"syscall_result","finished_syscall_number":108}}
2026-09-10T03:16:10.554467Z  INFO detcore: DETLOG [syscall][detcore, dtid 3] inbound syscall: socketpair(1, 1, 0, 0x3fffeb68) = ? DETLOG_RECORD={"schema":1,"event":{"kind":"syscall"}}
2026-09-10T03:16:10.554523Z  INFO detcore::syscalls::files: Injecting additional fstat to retrieve file metadata on fd 3.
2026-09-10T03:16:10.554549Z  INFO detcore::syscalls::files: Injecting additional fstat to retrieve file metadata on fd 4.
2026-09-10T03:16:10.554569Z  INFO detcore: DETLOG [syscall][detcore, dtid 3] finish syscall #109: socketpair(1, 1, 0, 0x3fffeb68) = Ok(0) DETLOG_RECORD={"schema":1,"event":{"kind":"syscall_result","finished_syscall_number":109}}
2026-09-10T03:16:10.554593Z  INFO detcore: DETLOG [syscall][detcore, dtid 3] inbound syscall: rt_sigprocmask(0, 0x12f7820, 0x3fffea60, 8) = ? DETLOG_RECORD={"schema":1,"event":{"kind":"syscall"}}
2026-09-10T03:16:10.554622Z  INFO detcore: DETLOG [syscall][detcore, dtid 3] finish syscall #110: rt_sigprocmask(0, 0x12f7820, 0x3fffea60, 8) = Ok(0) DETLOG_RECORD={"schema":1,"event":{"kind":"syscall_result","finished_syscall_number":110}}
2026-09-10T03:16:10.554659Z  INFO detcore: DETLOG [syscall][detcore, dtid 3] inbound syscall: clone3(0x3fffe920, 88) = ? DETLOG_RECORD={"schema":1,"event":{"kind":"syscall"}}
2026-09-10T03:16:10.555285Z  INFO detcore::tool_local: DETLOG RNG USER RAND seeding child User pedigree PC: [72, 70, 197, 255, 81, 226, 246, 42, 187, 131, 204, 189, 103, 200, 246, 221] from parent Mcg128Xsl64 {} DETLOG_RECORD={"schema":1,"event":{"kind":"other"}}
2026-09-10T03:16:10.555319Z  INFO detcore::tool_local: DETLOG RNG CHAOSRAND seeding child Chaos pedigree PC: [56, 24, 90, 132, 6, 85, 175, 72, 94, 58, 11, 5, 41, 213, 26, 244] from parent Mcg128Xsl64 {} DETLOG_RECORD={"schema":1,"event":{"kind":"other"}}
2026-09-10T03:16:10.555590Z  INFO detcore::scheduler: [sched-step5] >>>>>>>

 COMMIT turn 87, dettid 5 using resources {MemAddrSpace(DetPid(3)): RW}, on previously committed 1_767_225_600.026_182_000s DETLOG_RECORD={"schema":1,"event":{"kind":"scheduler_commit","scheduler_turn":87,"virtual_nanoseconds":1767225600026182000,"internal_io_poll":false,"runtime_maps_read":false}}
2026-09-10T03:16:10.555640Z  INFO detcore::tool_global: [detcore, dtid 5] New thread given go-ahead to proceed via <ivar Go(None)>
2026-09-10T03:16:10.555803Z  INFO detcore: DETLOG [syscall][detcore, dtid 5] inbound syscall: set_robust_list(0x1b51920, 24) = ? DETLOG_RECORD={"schema":1,"event":{"kind":"syscall"}}
2026-09-10T03:16:10.555861Z  INFO detcore: DETLOG [syscall][detcore, dtid 5] finish syscall #1: set_robust_list(0x1b51920, 24) = Ok(0) DETLOG_RECORD={"schema":1,"event":{"kind":"syscall_result","finished_syscall_number":1}}
2026-09-10T03:16:10.555891Z  INFO detcore: DETLOG [syscall][detcore, dtid 5] inbound syscall: rt_sigprocmask(2, 0x1b51f30, NULL, 8) = ? DETLOG_RECORD={"schema":1,"event":{"kind":"syscall"}}
2026-09-10T03:16:10.555926Z  INFO detcore: DETLOG [syscall][detcore, dtid 5] finish syscall #2: rt_sigprocmask(2, 0x1b51f30, NULL, 8) = Ok(0) DETLOG_RECORD={"schema":1,"event":{"kind":"syscall_result","finished_syscall_number":2}}
2026-09-10T03:16:10.555959Z  INFO detcore: DETLOG [syscall][detcore, dtid 5] inbound syscall: clock_nanosleep(CLOCK_REALTIME, 0, 0x1b50e40, 0x1b50e40) = ? DETLOG_RECORD={"schema":1,"event":{"kind":"syscall"}}
2026-09-10T03:16:10.556035Z  INFO detcore::scheduler: [sched-step5] >>>>>>>

 COMMIT turn 88, dettid 3 using resources {ParentContinue { parent: DetPid(3), child: DetPid(5) }: W}, on previously committed 1_767_225_600.028_220_000s DETLOG_RECORD={"schema":1,"event":{"kind":"scheduler_commit","scheduler_turn":88,"virtual_nanoseconds":1767225600028220000,"internal_io_poll":false,"runtime_maps_read":false}}
2026-09-10T03:16:10.556103Z  INFO detcore: DETLOG [syscall][detcore, dtid 3] finish syscall #111: clone3(0x3fffe920, 88) = Ok(5) DETLOG_RECORD={"schema":1,"event":{"kind":"syscall_result","finished_syscall_number":111}}
2026-09-10T03:16:10.556145Z  INFO detcore: DETLOG [syscall][detcore, dtid 3] inbound syscall: rt_sigprocmask(2, 0x3fffea60, NULL, 8) = ? DETLOG_RECORD={"schema":1,"event":{"kind":"syscall"}}
2026-09-10T03:16:10.556180Z  INFO detcore: DETLOG [syscall][detcore, dtid 3] finish syscall #112: rt_sigprocmask(2, 0x3fffea60, NULL, 8) = Ok(0) DETLOG_RECORD={"schema":1,"event":{"kind":"syscall_result","finished_syscall_number":112}}
2026-09-10T03:16:10.556201Z  INFO detcore: DETLOG [syscall][detcore, dtid 3] inbound syscall: readv(3, 0x3fffeb70, 2) = ? DETLOG_RECORD={"schema":1,"event":{"kind":"syscall"}}
2026-09-10T03:16:10.556333Z  INFO detcore::scheduler: [scheduler] >>>>>>>

 NONCOMMIT turn 89, SKIP dettid 5 which wanted resource SleepUntil(LogicalTime(1767225600047720000)) (blocking)
2026-09-10T03:16:10.556368Z  INFO detcore::scheduler: [scheduler] >>>>>>>

 NONCOMMIT turn 90, SKIP dettid 3 polling resource Resources { tid: DetPid(3), resources: {InternalIOPolling: W}, poll_attempt: 1, fyi: "readv", signal_interrupt_errno: 512 }
2026-09-10T03:16:10.556404Z  INFO detcore::scheduler: [sched-step5] >>>>>>>

 COMMIT turn 91, dettid 3 using resources {InternalIOPolling: W}, on previously committed 1_767_225_600.028_720_500s DETLOG_RECORD={"schema":1,"event":{"kind":"scheduler_commit","scheduler_turn":91,"virtual_nanoseconds":1767225600028720500,"internal_io_poll":true,"runtime_maps_read":false}}
2026-09-10T03:16:10.556480Z  INFO detcore::scheduler: [scheduler] >>>>>>>

 NONCOMMIT turn 92, SKIP dettid 3 polling resource Resources { tid: DetPid(3), resources: {InternalIOPolling: W}, poll_attempt: 2, fyi: "readv", signal_interrupt_errno: 512 }
2026-09-10T03:16:10.556510Z  INFO detcore::scheduler: [sched-step5] >>>>>>>

 COMMIT turn 93, dettid 3 using resources {InternalIOPolling: W}, on previously committed 1_767_225_600.029_220_500s DETLOG_RECORD={"schema":1,"event":{"kind":"scheduler_commit","scheduler_turn":93,"virtual_nanoseconds":1767225600029220500,"internal_io_poll":true,"runtime_maps_read":false}}
2026-09-10T03:16:10.556565Z  INFO detcore::scheduler: [scheduler] >>>>>>>

 NONCOMMIT turn 94, SKIP dettid 3 polling resource Resources { tid: DetPid(3), resources: {InternalIOPolling: W}, poll_attempt: 3, fyi: "readv", signal_interrupt_errno: 512 }
2026-09-10T03:16:10.556592Z  INFO detcore::scheduler: [sched-step5] >>>>>>>

 COMMIT turn 95, dettid 3 using resources {InternalIOPolling: W}, on previously committed 1_767_225_600.029_720_500s DETLOG_RECORD={"schema":1,"event":{"kind":"scheduler_commit","scheduler_turn":95,"virtual_nanoseconds":1767225600029720500,"internal_io_poll":true,"runtime_maps_read":false}}
2026-09-10T03:16:10.556640Z  INFO detcore::scheduler: [scheduler] >>>>>>>

 NONCOMMIT turn 96, SKIP dettid 3 polling resource Resources { tid: DetPid(3), resources: {InternalIOPolling: W}, poll_attempt: 4, fyi: "readv", signal_interrupt_errno: 512 }
2026-09-10T03:16:10.556666Z  INFO detcore::scheduler: [sched-step5] >>>>>>>

 COMMIT turn 97, dettid 3 using resources {InternalIOPolling: W}, on previously committed 1_767_225_600.030_220_500s DETLOG_RECORD={"schema":1,"event":{"kind":"scheduler_commit","scheduler_turn":97,"virtual_nanoseconds":1767225600030220500,"internal_io_poll":true,"runtime_maps_read":false}}
2026-09-10T03:16:10.556713Z  INFO detcore::scheduler: [scheduler] >>>>>>>

 NONCOMMIT turn 98, SKIP dettid 3 polling resource Resources { tid: DetPid(3), resources: {InternalIOPolling: W}, poll_attempt: 5, fyi: "readv", signal_interrupt_errno: 512 }
2026-09-10T03:16:10.556739Z  INFO detcore::scheduler: [sched-step5] >>>>>>>

 COMMIT turn 99, dettid 3 using resources {InternalIOPolling: W}, on previously committed 1_767_225_600.030_720_500s DETLOG_RECORD={"schema":1,"event":{"kind":"scheduler_commit","scheduler_turn":99,"virtual_nanoseconds":1767225600030720500,"internal_io_poll":true,"runtime_maps_read":false}}
2026-09-10T03:16:10.556803Z  INFO detcore::scheduler: [scheduler] >>>>>>>

 NONCOMMIT turn 100, SKIP dettid 3 polling resource Resources { tid: DetPid(3), resources: {InternalIOPolling: W}, poll_attempt: 6, fyi: "readv", signal_interrupt_errno: 512 }
2026-09-10T03:16:10.556834Z  INFO detcore::scheduler: [sched-step5] >>>>>>>

 COMMIT turn 101, dettid 3 using resources {InternalIOPolling: W}, on previously committed 1_767_225_600.031_220_500s DETLOG_RECORD={"schema":1,"event":{"kind":"scheduler_commit","scheduler_turn":101,"virtual_nanoseconds":1767225600031220500,"internal_io_poll":true,"runtime_maps_read":false}}
2026-09-10T03:16:10.556886Z  INFO detcore::scheduler: [scheduler] >>>>>>>

 NONCOMMIT turn 102, SKIP dettid 3 polling resource Resources { tid: DetPid(3), resources: {InternalIOPolling: W}, poll_attempt: 7, fyi: "readv", signal_interrupt_errno: 512 }
2026-09-10T03:16:10.556912Z  INFO detcore::scheduler: [sched-step5] >>>>>>>

 COMMIT turn 103, dettid 3 using resources {InternalIOPolling: W}, on previously committed 1_767_225_600.031_720_500s DETLOG_RECORD={"schema":1,"event":{"kind":"scheduler_commit","scheduler_turn":103,"virtual_nanoseconds":1767225600031720500,"internal_io_poll":true,"runtime_maps_read":false}}
2026-09-10T03:16:10.556960Z  INFO detcore::scheduler: [scheduler] >>>>>>>

 NONCOMMIT turn 104, SKIP dettid 3 polling resource Resources { tid: DetPid(3), resources: {InternalIOPolling: W}, poll_attempt: 8, fyi: "readv", signal_interrupt_errno: 512 }
2026-09-10T03:16:10.556987Z  INFO detcore::scheduler: [sched-step5] >>>>>>>

 COMMIT turn 105, dettid 3 using resources {InternalIOPolling: W}, on previously committed 1_767_225_600.032_220_500s DETLOG_RECORD={"schema":1,"event":{"kind":"scheduler_commit","scheduler_turn":105,"virtual_nanoseconds":1767225600032220500,"internal_io_poll":true,"runtime_maps_read":false}}
2026-09-10T03:16:10.557037Z  INFO detcore::scheduler: [scheduler] >>>>>>>

 NONCOMMIT turn 106, SKIP dettid 3 polling resource Resources { tid: DetPid(3), resources: {InternalIOPolling: W}, poll_attempt: 9, fyi: "readv", signal_interrupt_errno: 512 }
2026-09-10T03:16:10.557063Z  INFO detcore::scheduler: [sched-step5] >>>>>>>

 COMMIT turn 107, dettid 3 using resources {InternalIOPolling: W}, on previously committed 1_767_225_600.032_720_500s DETLOG_RECORD={"schema":1,"event":{"kind":"scheduler_commit","scheduler_turn":107,"virtual_nanoseconds":1767225600032720500,"internal_io_poll":true,"runtime_maps_read":false}}
2026-09-10T03:16:10.557110Z  INFO detcore::scheduler: [scheduler] >>>>>>>

 NONCOMMIT turn 108, SKIP dettid 3 polling resource Resources { tid: DetPid(3), resources: {InternalIOPolling: W}, poll_attempt: 10, fyi: "readv", signal_interrupt_errno: 512 }
2026-09-10T03:16:10.557136Z  INFO detcore::scheduler: [sched-step5] >>>>>>>

 COMMIT turn 109, dettid 3 using resources {InternalIOPolling: W}, on previously committed 1_767_225_600.033_220_500s DETLOG_RECORD={"schema":1,"event":{"kind":"scheduler_commit","scheduler_turn":109,"virtual_nanoseconds":1767225600033220500,"internal_io_poll":true,"runtime_maps_read":false}}
2026-09-10T03:16:10.557182Z  INFO detcore::scheduler: [scheduler] >>>>>>>

 NONCOMMIT turn 110, SKIP dettid 3 polling resource Resources { tid: DetPid(3), resources: {InternalIOPolling: W}, poll_attempt: 11, fyi: "readv", signal_interrupt_errno: 512 }
2026-09-10T03:16:10.557208Z  INFO detcore::scheduler: [sched-step5] >>>>>>>

 COMMIT turn 111, dettid 3 using resources {InternalIOPolling: W}, on previously committed 1_767_225_600.033_720_500s DETLOG_RECORD={"schema":1,"event":{"kind":"scheduler_commit","scheduler_turn":111,"virtual_nanoseconds":1767225600033720500,"internal_io_poll":true,"runtime_maps_read":false}}
2026-09-10T03:16:10.557255Z  INFO detcore::scheduler: [scheduler] >>>>>>>

 NONCOMMIT turn 112, SKIP dettid 3 polling resource Resources { tid: DetPid(3), resources: {InternalIOPolling: W}, poll_attempt: 12, fyi: "readv", signal_interrupt_errno: 512 }
2026-09-10T03:16:10.557281Z  INFO detcore::scheduler: [sched-step5] >>>>>>>

 COMMIT turn 113, dettid 3 using resources {InternalIOPolling: W}, on previously committed 1_767_225_600.034_220_500s DETLOG_RECORD={"schema":1,"event":{"kind":"scheduler_commit","scheduler_turn":113,"virtual_nanoseconds":1767225600034220500,"internal_io_poll":true,"runtime_maps_read":false}}
2026-09-10T03:16:10.557331Z  INFO detcore::scheduler: [scheduler] >>>>>>>

 NONCOMMIT turn 114, SKIP dettid 3 polling resource Resources { tid: DetPid(3), resources: {InternalIOPolling: W}, poll_attempt: 13, fyi: "readv", signal_interrupt_errno: 512 }
2026-09-10T03:16:10.557359Z  INFO detcore::scheduler: [sched-step5] >>>>>>>

 COMMIT turn 115, dettid 3 using resources {InternalIOPolling: W}, on previously committed 1_767_225_600.034_720_500s DETLOG_RECORD={"schema":1,"event":{"kind":"scheduler_commit","scheduler_turn":115,"virtual_nanoseconds":1767225600034720500,"internal_io_poll":true,"runtime_maps_read":false}}
2026-09-10T03:16:10.557407Z  INFO detcore::scheduler: [scheduler] >>>>>>>

 NONCOMMIT turn 116, SKIP dettid 3 polling resource Resources { tid: DetPid(3), resources: {InternalIOPolling: W}, poll_attempt: 14, fyi: "readv", signal_interrupt_errno: 512 }
2026-09-10T03:16:10.557433Z  INFO detcore::scheduler: [sched-step5] >>>>>>>

 COMMIT turn 117, dettid 3 using resources {InternalIOPolling: W}, on previously committed 1_767_225_600.035_220_500s DETLOG_RECORD={"schema":1,"event":{"kind":"scheduler_commit","scheduler_turn":117,"virtual_nanoseconds":1767225600035220500,"internal_io_poll":true,"runtime_maps_read":false}}
2026-09-10T03:16:10.557480Z  INFO detcore::scheduler: [scheduler] >>>>>>>

 NONCOMMIT turn 118, SKIP dettid 3 polling resource Resources { tid: DetPid(3), resources: {InternalIOPolling: W}, poll_attempt: 15, fyi: "readv", signal_interrupt_errno: 512 }
2026-09-10T03:16:10.557506Z  INFO detcore::scheduler: [sched-step5] >>>>>>>

 COMMIT turn 119, dettid 3 using resources {InternalIOPolling: W}, on previously committed 1_767_225_600.035_720_500s DETLOG_RECORD={"schema":1,"event":{"kind":"scheduler_commit","scheduler_turn":119,"virtual_nanoseconds":1767225600035720500,"internal_io_poll":true,"runtime_maps_read":false}}
2026-09-10T03:16:10.557553Z  INFO detcore::scheduler: [scheduler] >>>>>>>

 NONCOMMIT turn 120, SKIP dettid 3 polling resource Resources { tid: DetPid(3), resources: {InternalIOPolling: W}, poll_attempt: 16, fyi: "readv", signal_interrupt_errno: 512 }
2026-09-10T03:16:10.557578Z  INFO detcore::scheduler: [sched-step5] >>>>>>>

 COMMIT turn 121, dettid 3 using resources {InternalIOPolling: W}, on previously committed 1_767_225_600.036_220_500s DETLOG_RECORD={"schema":1,"event":{"kind":"scheduler_commit","scheduler_turn":121,"virtual_nanoseconds":1767225600036220500,"internal_io_poll":true,"runtime_maps_read":false}}
2026-09-10T03:16:10.557625Z  INFO detcore::scheduler: [scheduler] >>>>>>>

 NONCOMMIT turn 122, SKIP dettid 3 polling resource Resources { tid: DetPid(3), resources: {InternalIOPolling: W}, poll_attempt: 17, fyi: "readv", signal_interrupt_errno: 512 }
2026-09-10T03:16:10.557650Z  INFO detcore::scheduler: [sched-step5] >>>>>>>

 COMMIT turn 123, dettid 3 using resources {InternalIOPolling: W}, on previously committed 1_767_225_600.036_720_500s DETLOG_RECORD={"schema":1,"event":{"kind":"scheduler_commit","scheduler_turn":123,"virtual_nanoseconds":1767225600036720500,"internal_io_poll":true,"runtime_maps_read":false}}
2026-09-10T03:16:10.557703Z  INFO detcore::scheduler: [scheduler] >>>>>>>

 NONCOMMIT turn 124, SKIP dettid 3 polling resource Resources { tid: DetPid(3), resources: {InternalIOPolling: W}, poll_attempt: 18, fyi: "readv", signal_interrupt_errno: 512 }
2026-09-10T03:16:10.557729Z  INFO detcore::scheduler: [sched-step5] >>>>>>>

 COMMIT turn 125, dettid 3 using resources {InternalIOPolling: W}, on previously committed 1_767_225_600.037_220_500s DETLOG_RECORD={"schema":1,"event":{"kind":"scheduler_commit","scheduler_turn":125,"virtual_nanoseconds":1767225600037220500,"internal_io_poll":true,"runtime_maps_read":false}}
2026-09-10T03:16:10.557782Z  INFO detcore::scheduler: [scheduler] >>>>>>>

 NONCOMMIT turn 126, SKIP dettid 3 polling resource Resources { tid: DetPid(3), resources: {InternalIOPolling: W}, poll_attempt: 19, fyi: "readv", signal_interrupt_errno: 512 }
2026-09-10T03:16:10.557811Z  INFO detcore::scheduler: [sched-step5] >>>>>>>

 COMMIT turn 127, dettid 3 using resources {InternalIOPolling: W}, on previously committed 1_767_225_600.037_720_500s DETLOG_RECORD={"schema":1,"event":{"kind":"scheduler_commit","scheduler_turn":127,"virtual_nanoseconds":1767225600037720500,"internal_io_poll":true,"runtime_maps_read":false}}
2026-09-10T03:16:10.557862Z  INFO detcore::scheduler: [scheduler] >>>>>>>

 NONCOMMIT turn 128, SKIP dettid 3 polling resource Resources { tid: DetPid(3), resources: {InternalIOPolling: W}, poll_attempt: 20, fyi: "readv", signal_interrupt_errno: 512 }
2026-09-10T03:16:10.557888Z  INFO detcore::scheduler: [sched-step5] >>>>>>>

 COMMIT turn 129, dettid 3 using resources {InternalIOPolling: W}, on previously committed 1_767_225_600.038_220_500s DETLOG_RECORD={"schema":1,"event":{"kind":"scheduler_commit","scheduler_turn":129,"virtual_nanoseconds":1767225600038220500,"internal_io_poll":true,"runtime_maps_read":false}}
2026-09-10T03:16:10.557936Z  INFO detcore::scheduler: [scheduler] >>>>>>>

 NONCOMMIT turn 130, SKIP dettid 3 polling resource Resources { tid: DetPid(3), resources: {InternalIOPolling: W}, poll_attempt: 21, fyi: "readv", signal_interrupt_errno: 512 }
2026-09-10T03:16:10.557962Z  INFO detcore::scheduler: [sched-step5] >>>>>>>

 COMMIT turn 131, dettid 3 using resources {InternalIOPolling: W}, on previously committed 1_767_225_600.038_720_500s DETLOG_RECORD={"schema":1,"event":{"kind":"scheduler_commit","scheduler_turn":131,"virtual_nanoseconds":1767225600038720500,"internal_io_poll":true,"runtime_maps_read":false}}
2026-09-10T03:16:10.558008Z  INFO detcore::scheduler: [scheduler] >>>>>>>

 NONCOMMIT turn 132, SKIP dettid 3 polling resource Resources { tid: DetPid(3), resources: {InternalIOPolling: W}, poll_attempt: 22, fyi: "readv", signal_interrupt_errno: 512 }
2026-09-10T03:16:10.558034Z  INFO detcore::scheduler: [sched-step5] >>>>>>>

 COMMIT turn 133, dettid 3 using resources {InternalIOPolling: W}, on previously committed 1_767_225_600.039_220_500s DETLOG_RECORD={"schema":1,"event":{"kind":"scheduler_commit","scheduler_turn":133,"virtual_nanoseconds":1767225600039220500,"internal_io_poll":true,"runtime_maps_read":false}}
2026-09-10T03:16:10.558080Z  INFO detcore::scheduler: [scheduler] >>>>>>>

 NONCOMMIT turn 134, SKIP dettid 3 polling resource Resources { tid: DetPid(3), resources: {InternalIOPolling: W}, poll_attempt: 23, fyi: "readv", signal_interrupt_errno: 512 }
2026-09-10T03:16:10.558106Z  INFO detcore::scheduler: [sched-step5] >>>>>>>

 COMMIT turn 135, dettid 3 using resources {InternalIOPolling: W}, on previously committed 1_767_225_600.039_720_500s DETLOG_RECORD={"schema":1,"event":{"kind":"scheduler_commit","scheduler_turn":135,"virtual_nanoseconds":1767225600039720500,"internal_io_poll":true,"runtime_maps_read":false}}
2026-09-10T03:16:10.558152Z  INFO detcore::scheduler: [scheduler] >>>>>>>

 NONCOMMIT turn 136, SKIP dettid 3 polling resource Resources { tid: DetPid(3), resources: {InternalIOPolling: W}, poll_attempt: 24, fyi: "readv", signal_interrupt_errno: 512 }
2026-09-10T03:16:10.558178Z  INFO detcore::scheduler: [sched-step5] >>>>>>>

 COMMIT turn 137, dettid 3 using resources {InternalIOPolling: W}, on previously committed 1_767_225_600.040_220_500s DETLOG_RECORD={"schema":1,"event":{"kind":"scheduler_commit","scheduler_turn":137,"virtual_nanoseconds":1767225600040220500,"internal_io_poll":true,"runtime_maps_read":false}}
2026-09-10T03:16:10.558225Z  INFO detcore::scheduler: [scheduler] >>>>>>>

 NONCOMMIT turn 138, SKIP dettid 3 polling resource Resources { tid: DetPid(3), resources: {InternalIOPolling: W}, poll_attempt: 25, fyi: "readv", signal_interrupt_errno: 512 }
2026-09-10T03:16:10.558251Z  INFO detcore::scheduler: [sched-step5] >>>>>>>

 COMMIT turn 139, dettid 3 using resources {InternalIOPolling: W}, on previously committed 1_767_225_600.040_720_500s DETLOG_RECORD={"schema":1,"event":{"kind":"scheduler_commit","scheduler_turn":139,"virtual_nanoseconds":1767225600040720500,"internal_io_poll":true,"runtime_maps_read":false}}
2026-09-10T03:16:10.558300Z  INFO detcore::scheduler: [scheduler] >>>>>>>

 NONCOMMIT turn 140, SKIP dettid 3 polling resource Resources { tid: DetPid(3), resources: {InternalIOPolling: W}, poll_attempt: 26, fyi: "readv", signal_interrupt_errno: 512 }
2026-09-10T03:16:10.558328Z  INFO detcore::scheduler: [sched-step5] >>>>>>>

 COMMIT turn 141, dettid 3 using resources {InternalIOPolling: W}, on previously committed 1_767_225_600.041_220_500s DETLOG_RECORD={"schema":1,"event":{"kind":"scheduler_commit","scheduler_turn":141,"virtual_nanoseconds":1767225600041220500,"internal_io_poll":true,"runtime_maps_read":false}}
2026-09-10T03:16:10.558375Z  INFO detcore::scheduler: [scheduler] >>>>>>>

 NONCOMMIT turn 142, SKIP dettid 3 polling resource Resources { tid: DetPid(3), resources: {InternalIOPolling: W}, poll_attempt: 27, fyi: "readv", signal_interrupt_errno: 512 }
2026-09-10T03:16:10.558400Z  INFO detcore::scheduler: [sched-step5] >>>>>>>

 COMMIT turn 143, dettid 3 using resources {InternalIOPolling: W}, on previously committed 1_767_225_600.041_720_500s DETLOG_RECORD={"schema":1,"event":{"kind":"scheduler_commit","scheduler_turn":143,"virtual_nanoseconds":1767225600041720500,"internal_io_poll":true,"runtime_maps_read":false}}
2026-09-10T03:16:10.558447Z  INFO detcore::scheduler: [scheduler] >>>>>>>

 NONCOMMIT turn 144, SKIP dettid 3 polling resource Resources { tid: DetPid(3), resources: {InternalIOPolling: W}, poll_attempt: 28, fyi: "readv", signal_interrupt_errno: 512 }
2026-09-10T03:16:10.558479Z  INFO detcore::scheduler: [sched-step5] >>>>>>>

 COMMIT turn 145, dettid 3 using resources {InternalIOPolling: W}, on previously committed 1_767_225_600.042_220_500s DETLOG_RECORD={"schema":1,"event":{"kind":"scheduler_commit","scheduler_turn":145,"virtual_nanoseconds":1767225600042220500,"internal_io_poll":true,"runtime_maps_read":false}}
2026-09-10T03:16:10.558527Z  INFO detcore::scheduler: [scheduler] >>>>>>>

 NONCOMMIT turn 146, SKIP dettid 3 polling resource Resources { tid: DetPid(3), resources: {InternalIOPolling: W}, poll_attempt: 29, fyi: "readv", signal_interrupt_errno: 512 }
2026-09-10T03:16:10.558553Z  INFO detcore::scheduler: [sched-step5] >>>>>>>

 COMMIT turn 147, dettid 3 using resources {InternalIOPolling: W}, on previously committed 1_767_225_600.042_720_500s DETLOG_RECORD={"schema":1,"event":{"kind":"scheduler_commit","scheduler_turn":147,"virtual_nanoseconds":1767225600042720500,"internal_io_poll":true,"runtime_maps_read":false}}
2026-09-10T03:16:10.558600Z  INFO detcore::scheduler: [scheduler] >>>>>>>

 NONCOMMIT turn 148, SKIP dettid 3 polling resource Resources { tid: DetPid(3), resources: {InternalIOPolling: W}, poll_attempt: 30, fyi: "readv", signal_interrupt_errno: 512 }
2026-09-10T03:16:10.558626Z  INFO detcore::scheduler: [sched-step5] >>>>>>>

 COMMIT turn 149, dettid 3 using resources {InternalIOPolling: W}, on previously committed 1_767_225_600.043_220_500s DETLOG_RECORD={"schema":1,"event":{"kind":"scheduler_commit","scheduler_turn":149,"virtual_nanoseconds":1767225600043220500,"internal_io_poll":true,"runtime_maps_read":false}}
2026-09-10T03:16:10.558672Z  INFO detcore::scheduler: [scheduler] >>>>>>>

 NONCOMMIT turn 150, SKIP dettid 3 polling resource Resources { tid: DetPid(3), resources: {InternalIOPolling: W}, poll_attempt: 31, fyi: "readv", signal_interrupt_errno: 512 }
2026-09-10T03:16:10.558697Z  INFO detcore::scheduler: [sched-step5] >>>>>>>

 COMMIT turn 151, dettid 3 using resources {InternalIOPolling: W}, on previously committed 1_767_225_600.043_720_500s DETLOG_RECORD={"schema":1,"event":{"kind":"scheduler_commit","scheduler_turn":151,"virtual_nanoseconds":1767225600043720500,"internal_io_poll":true,"runtime_maps_read":false}}
2026-09-10T03:16:10.558749Z  INFO detcore::scheduler: [scheduler] >>>>>>>

 NONCOMMIT turn 152, SKIP dettid 3 polling resource Resources { tid: DetPid(3), resources: {InternalIOPolling: W}, poll_attempt: 32, fyi: "readv", signal_interrupt_errno: 512 }
2026-09-10T03:16:10.558781Z  INFO detcore::scheduler: [sched-step5] >>>>>>>

 COMMIT turn 153, dettid 3 using resources {InternalIOPolling: W}, on previously committed 1_767_225_600.044_220_500s DETLOG_RECORD={"schema":1,"event":{"kind":"scheduler_commit","scheduler_turn":153,"virtual_nanoseconds":1767225600044220500,"internal_io_poll":true,"runtime_maps_read":false}}
2026-09-10T03:16:10.558832Z  INFO detcore::scheduler: [scheduler] >>>>>>>

 NONCOMMIT turn 154, SKIP dettid 3 polling resource Resources { tid: DetPid(3), resources: {InternalIOPolling: W}, poll_attempt: 33, fyi: "readv", signal_interrupt_errno: 512 }
2026-09-10T03:16:10.558858Z  INFO detcore::scheduler: [sched-step5] >>>>>>>

 COMMIT turn 155, dettid 3 using resources {InternalIOPolling: W}, on previously committed 1_767_225_600.044_720_500s DETLOG_RECORD={"schema":1,"event":{"kind":"scheduler_commit","scheduler_turn":155,"virtual_nanoseconds":1767225600044720500,"internal_io_poll":true,"runtime_maps_read":false}}
2026-09-10T03:16:10.558905Z  INFO detcore::scheduler: [scheduler] >>>>>>>

 NONCOMMIT turn 156, SKIP dettid 3 polling resource Resources { tid: DetPid(3), resources: {InternalIOPolling: W}, poll_attempt: 34, fyi: "readv", signal_interrupt_errno: 512 }
2026-09-10T03:16:10.558931Z  INFO detcore::scheduler: [sched-step5] >>>>>>>

 COMMIT turn 157, dettid 3 using resources {InternalIOPolling: W}, on previously committed 1_767_225_600.045_220_500s DETLOG_RECORD={"schema":1,"event":{"kind":"scheduler_commit","scheduler_turn":157,"virtual_nanoseconds":1767225600045220500,"internal_io_poll":true,"runtime_maps_read":false}}
2026-09-10T03:16:10.558977Z  INFO detcore::scheduler: [scheduler] >>>>>>>

 NONCOMMIT turn 158, SKIP dettid 3 polling resource Resources { tid: DetPid(3), resources: {InternalIOPolling: W}, poll_attempt: 35, fyi: "readv", signal_interrupt_errno: 512 }
2026-09-10T03:16:10.559002Z  INFO detcore::scheduler: [sched-step5] >>>>>>>

 COMMIT turn 159, dettid 3 using resources {InternalIOPolling: W}, on previously committed 1_767_225_600.045_720_500s DETLOG_RECORD={"schema":1,"event":{"kind":"scheduler_commit","scheduler_turn":159,"virtual_nanoseconds":1767225600045720500,"internal_io_poll":true,"runtime_maps_read":false}}
2026-09-10T03:16:10.559049Z  INFO detcore::scheduler: [scheduler] >>>>>>>

 NONCOMMIT turn 160, SKIP dettid 3 polling resource Resources { tid: DetPid(3), resources: {InternalIOPolling: W}, poll_attempt: 36, fyi: "readv", signal_interrupt_errno: 512 }
2026-09-10T03:16:10.559074Z  INFO detcore::scheduler: [sched-step5] >>>>>>>

 COMMIT turn 161, dettid 3 using resources {InternalIOPolling: W}, on previously committed 1_767_225_600.046_220_500s DETLOG_RECORD={"schema":1,"event":{"kind":"scheduler_commit","scheduler_turn":161,"virtual_nanoseconds":1767225600046220500,"internal_io_poll":true,"runtime_maps_read":false}}
2026-09-10T03:16:10.559121Z  INFO detcore::scheduler: [scheduler] >>>>>>>

 NONCOMMIT turn 162, SKIP dettid 3 polling resource Resources { tid: DetPid(3), resources: {InternalIOPolling: W}, poll_attempt: 37, fyi: "readv", signal_interrupt_errno: 512 }
2026-09-10T03:16:10.559146Z  INFO detcore::scheduler: [sched-step5] >>>>>>>

 COMMIT turn 163, dettid 3 using resources {InternalIOPolling: W}, on previously committed 1_767_225_600.046_720_500s DETLOG_RECORD={"schema":1,"event":{"kind":"scheduler_commit","scheduler_turn":163,"virtual_nanoseconds":1767225600046720500,"internal_io_poll":true,"runtime_maps_read":false}}
2026-09-10T03:16:10.559193Z  INFO detcore::scheduler: [scheduler] >>>>>>>

 NONCOMMIT turn 164, SKIP dettid 3 polling resource Resources { tid: DetPid(3), resources: {InternalIOPolling: W}, poll_attempt: 38, fyi: "readv", signal_interrupt_errno: 512 }
2026-09-10T03:16:10.559218Z  INFO detcore::scheduler: [sched-step5] >>>>>>>

 COMMIT turn 165, dettid 3 using resources {InternalIOPolling: W}, on previously committed 1_767_225_600.047_220_500s DETLOG_RECORD={"schema":1,"event":{"kind":"scheduler_commit","scheduler_turn":165,"virtual_nanoseconds":1767225600047220500,"internal_io_poll":true,"runtime_maps_read":false}}
2026-09-10T03:16:10.559285Z  INFO detcore::scheduler: [sched-step5] >>>>>>>

 COMMIT turn 166, dettid 5 using resources {SleepUntil(LogicalTime(1767225600047720000)): W}, on previously committed 1_767_225_600.047_720_500s DETLOG_RECORD={"schema":1,"event":{"kind":"scheduler_commit","scheduler_turn":166,"virtual_nanoseconds":1767225600047720500,"internal_io_poll":false,"runtime_maps_read":false}}
2026-09-10T03:16:10.559331Z  INFO detcore: DETLOG [syscall][detcore, dtid 5] finish syscall #3: clock_nanosleep(CLOCK_REALTIME, 0, 0x1b50e40, 0x1b50e40) = Ok(0) DETLOG_RECORD={"schema":1,"event":{"kind":"syscall_result","finished_syscall_number":3}}
2026-09-10T03:16:10.559381Z  INFO detcore: DETLOG [syscall][detcore, dtid 5] inbound syscall: write(4, 0x4047ec, 2) = ? DETLOG_RECORD={"schema":1,"event":{"kind":"syscall"}}
2026-09-10T03:16:10.559494Z  INFO detcore::scheduler: [scheduler] >>>>>>>

 NONCOMMIT turn 167, SKIP dettid 3 polling resource Resources { tid: DetPid(3), resources: {InternalIOPolling: W}, poll_attempt: 39, fyi: "readv", signal_interrupt_errno: 512 }
2026-09-10T03:16:10.559529Z  INFO detcore::scheduler: [sched-step5] >>>>>>>

 COMMIT turn 168, dettid 5 using resources {InternalIOPolling: W}, on previously committed 1_767_225_600.048_230_500s DETLOG_RECORD={"schema":1,"event":{"kind":"scheduler_commit","scheduler_turn":168,"virtual_nanoseconds":1767225600048230500,"internal_io_poll":true,"runtime_maps_read":false}}
2026-09-10T03:16:10.559603Z  INFO detcore: DETLOG [syscall][detcore, dtid 5] finish syscall #4: write(4, 0x4047ec, 2) = Ok(2) DETLOG_RECORD={"schema":1,"event":{"kind":"syscall_result","finished_syscall_number":4}}
2026-09-10T03:16:10.559631Z  INFO detcore::io_buffers: DETLOG [iobuf][dtid 5] write out fd=4 0x4047ec+2->38164fbd17603d73f696b8b4d72664d735bb6a7c88577687fd2ae33fd6964153 DETLOG_RECORD={"schema":1,"event":{"kind":"other"}}
2026-09-10T03:16:10.559665Z  INFO detcore: DETLOG [syscall][detcore, dtid 5] inbound syscall: rt_sigprocmask(0, 0x1b51f30, NULL, 8) = ? DETLOG_RECORD={"schema":1,"event":{"kind":"syscall"}}
2026-09-10T03:16:10.559697Z  INFO detcore: DETLOG [syscall][detcore, dtid 5] finish syscall #5: rt_sigprocmask(0, 0x1b51f30, NULL, 8) = Ok(0) DETLOG_RECORD={"schema":1,"event":{"kind":"syscall_result","finished_syscall_number":5}}
2026-09-10T03:16:10.559718Z  INFO detcore: DETLOG [syscall][detcore, dtid 5] inbound syscall: madvise(0x1351000, 8368128, 4) = ? DETLOG_RECORD={"schema":1,"event":{"kind":"syscall"}}
2026-09-10T03:16:10.559734Z  INFO detcore::syscalls::memory: DETLOG [dtid 5] madvise advice 4 is unsupported by this backend DETLOG_RECORD={"schema":1,"event":{"kind":"other"}}
2026-09-10T03:16:10.559744Z  INFO detcore: DETLOG [syscall][detcore, dtid 5] finish syscall #6: madvise(0x1351000, 8368128, 4) = Err(Errno(ENOSYS)) DETLOG_RECORD={"schema":1,"event":{"kind":"syscall_result","finished_syscall_number":6}}
2026-09-10T03:16:10.559766Z  INFO detcore: DETLOG [syscall][detcore, dtid 5] inbound syscall: exit(0) = ? DETLOG_RECORD={"schema":1,"event":{"kind":"syscall"}}
2026-09-10T03:16:10.559834Z  INFO detcore::scheduler: [sched-step5] >>>>>>>

 COMMIT turn 169, dettid 5 using resources {Exit { group: false, process: DetPid(3), mm: MmId { creator: DetPid(3), generation: 1 } }: RW}, on previously committed 1_767_225_600.048_990_750s DETLOG_RECORD={"schema":1,"event":{"kind":"scheduler_commit","scheduler_turn":169,"virtual_nanoseconds":1767225600048990750,"internal_io_poll":false,"runtime_maps_read":false}}
2026-09-10T03:16:10.559938Z  INFO detcore::scheduler: logically_kill: Scheduler removing all knowledge of [det]tid 5 in pid 3..
2026-09-10T03:16:10.560002Z  INFO detcore::scheduler: [sched-step5] >>>>>>>

 COMMIT turn 170, dettid 3 using resources {InternalIOPolling: W}, on previously committed 1_767_225_600.049_490_750s DETLOG_RECORD={"schema":1,"event":{"kind":"scheduler_commit","scheduler_turn":170,"virtual_nanoseconds":1767225600049490750,"internal_io_poll":true,"runtime_maps_read":false}}
2026-09-10T03:16:10.560109Z  INFO detcore: DETLOG [syscall][detcore, dtid 3] finish syscall #113: readv(3, 0x3fffeb70, 2) = Ok(2) DETLOG_RECORD={"schema":1,"event":{"kind":"syscall_result","finished_syscall_number":113}}
2026-09-10T03:16:10.560140Z  INFO detcore::io_buffers: DETLOG [iobuf][dtid 3] readv in fd=3 0x3fffeb54+1->559aead08264d5795d3909718cdd05abd49572e84fe55590eef31a88a08fdffd DETLOG_RECORD={"schema":1,"event":{"kind":"other"}}
2026-09-10T03:16:10.560155Z  INFO detcore::io_buffers: DETLOG [iobuf][dtid 3] readv in fd=3 0x3fffeb58+1->df7e70e5021544f4834bbee64a9e3789febc4be81470df629cad6ddb03320a5c DETLOG_RECORD={"schema":1,"event":{"kind":"other"}}
2026-09-10T03:16:10.560205Z  INFO detcore: DETLOG [syscall][detcore, dtid 3] inbound syscall: futex(0x1b51910, 265, 5, NULL, NULL, -1) = ? DETLOG_RECORD={"schema":1,"event":{"kind":"syscall"}}
2026-09-10T03:16:10.560240Z  INFO detcore: DETLOG [syscall][detcore, dtid 3] finish syscall #114: futex(0x1b51910, 265, 5, NULL, NULL, -1) = Ok(0) DETLOG_RECORD={"schema":1,"event":{"kind":"syscall_result","finished_syscall_number":114}}
2026-09-10T03:16:10.560268Z  INFO detcore: DETLOG [syscall][detcore, dtid 3] inbound syscall: futex(0x1b51910, 265, 5, NULL, NULL, -1) = ? DETLOG_RECORD={"schema":1,"event":{"kind":"syscall"}}
2026-09-10T03:16:10.560287Z  INFO detcore: DETLOG [syscall][detcore, dtid 3] finish syscall #115: futex(0x1b51910, 265, 5, NULL, NULL, -1) = Ok(0) DETLOG_RECORD={"schema":1,"event":{"kind":"syscall_result","finished_syscall_number":115}}
2026-09-10T03:16:10.560312Z  INFO detcore: DETLOG [syscall][detcore, dtid 3] inbound syscall: futex(0x1b51910, 265, 5, NULL, NULL, -1) = ? DETLOG_RECORD={"schema":1,"event":{"kind":"syscall"}}
2026-09-10T03:16:10.560329Z  INFO detcore: DETLOG [syscall][detcore, dtid 3] finish syscall #116: futex(0x1b51910, 265, 5, NULL, NULL, -1) = Ok(0) DETLOG_RECORD={"schema":1,"event":{"kind":"syscall_result","finished_syscall_number":116}}
2026-09-10T03:16:10.560354Z  INFO detcore: DETLOG [syscall][detcore, dtid 3] inbound syscall: futex(0x1b51910, 265, 5, NULL, NULL, -1) = ? DETLOG_RECORD={"schema":1,"event":{"kind":"syscall"}}
2026-09-10T03:16:10.560371Z  INFO detcore: DETLOG [syscall][detcore, dtid 3] finish syscall #117: futex(0x1b51910, 265, 5, NULL, NULL, -1) = Ok(0) DETLOG_RECORD={"schema":1,"event":{"kind":"syscall_result","finished_syscall_number":117}}
2026-09-10T03:16:10.560396Z  INFO detcore: DETLOG [syscall][detcore, dtid 3] inbound syscall: futex(0x1b51910, 265, 5, NULL, NULL, -1) = ? DETLOG_RECORD={"schema":1,"event":{"kind":"syscall"}}
2026-09-10T03:16:10.560413Z  INFO detcore: DETLOG [syscall][detcore, dtid 3] finish syscall #118: futex(0x1b51910, 265, 5, NULL, NULL, -1) = Ok(0) DETLOG_RECORD={"schema":1,"event":{"kind":"syscall_result","finished_syscall_number":118}}
2026-09-10T03:16:10.560437Z  INFO detcore: DETLOG [syscall][detcore, dtid 3] inbound syscall: futex(0x1b51910, 265, 5, NULL, NULL, -1) = ? DETLOG_RECORD={"schema":1,"event":{"kind":"syscall"}}
2026-09-10T03:16:10.560455Z  INFO detcore: DETLOG [syscall][detcore, dtid 3] finish syscall #119: futex(0x1b51910, 265, 5, NULL, NULL, -1) = Ok(0) DETLOG_RECORD={"schema":1,"event":{"kind":"syscall_result","finished_syscall_number":119}}
2026-09-10T03:16:10.560479Z  INFO detcore: DETLOG [syscall][detcore, dtid 3] inbound syscall: futex(0x1b51910, 265, 5, NULL, NULL, -1) = ? DETLOG_RECORD={"schema":1,"event":{"kind":"syscall"}}
2026-09-10T03:16:10.560497Z  INFO detcore: DETLOG [syscall][detcore, dtid 3] finish syscall #120: futex(0x1b51910, 265, 5, NULL, NULL, -1) = Ok(0) DETLOG_RECORD={"schema":1,"event":{"kind":"syscall_result","finished_syscall_number":120}}
2026-09-10T03:16:10.560521Z  INFO detcore: DETLOG [syscall][detcore, dtid 3] inbound syscall: futex(0x1b51910, 265, 5, NULL, NULL, -1) = ? DETLOG_RECORD={"schema":1,"event":{"kind":"syscall"}}
2026-09-10T03:16:10.560538Z  INFO detcore: DETLOG [syscall][detcore, dtid 3] finish syscall #121: futex(0x1b51910, 265, 5, NULL, NULL, -1) = Ok(0) DETLOG_RECORD={"schema":1,"event":{"kind":"syscall_result","finished_syscall_number":121}}
2026-09-10T03:16:10.560565Z  INFO detcore: DETLOG [syscall][detcore, dtid 3] inbound syscall: futex(0x1b51910, 265, 5, NULL, NULL, -1) = ? DETLOG_RECORD={"schema":1,"event":{"kind":"syscall"}}
2026-09-10T03:16:10.560584Z  INFO detcore: DETLOG [syscall][detcore, dtid 3] finish syscall #122: futex(0x1b51910, 265, 5, NULL, NULL, -1) = Ok(0) DETLOG_RECORD={"schema":1,"event":{"kind":"syscall_result","finished_syscall_number":122}}
2026-09-10T03:16:10.560608Z  INFO detcore: DETLOG [syscall][detcore, dtid 3] inbound syscall: futex(0x1b51910, 265, 5, NULL, NULL, -1) = ? DETLOG_RECORD={"schema":1,"event":{"kind":"syscall"}}
2026-09-10T03:16:10.560626Z  INFO detcore: DETLOG [syscall][detcore, dtid 3] finish syscall #123: futex(0x1b51910, 265, 5, NULL, NULL, -1) = Ok(0) DETLOG_RECORD={"schema":1,"event":{"kind":"syscall_result","finished_syscall_number":123}}
2026-09-10T03:16:10.560650Z  INFO detcore: DETLOG [syscall][detcore, dtid 3] inbound syscall: futex(0x1b51910, 265, 5, NULL, NULL, -1) = ? DETLOG_RECORD={"schema":1,"event":{"kind":"syscall"}}
2026-09-10T03:16:10.560667Z  INFO detcore: DETLOG [syscall][detcore, dtid 3] finish syscall #124: futex(0x1b51910, 265, 5, NULL, NULL, -1) = Ok(0) DETLOG_RECORD={"schema":1,"event":{"kind":"syscall_result","finished_syscall_number":124}}
2026-09-10T03:16:10.560691Z  INFO detcore: DETLOG [syscall][detcore, dtid 3] inbound syscall: futex(0x1b51910, 265, 5, NULL, NULL, -1) = ? DETLOG_RECORD={"schema":1,"event":{"kind":"syscall"}}
2026-09-10T03:16:10.560709Z  INFO detcore: DETLOG [syscall][detcore, dtid 3] finish syscall #125: futex(0x1b51910, 265, 5, NULL, NULL, -1) = Ok(0) DETLOG_RECORD={"schema":1,"event":{"kind":"syscall_result","finished_syscall_number":125}}
2026-09-10T03:16:10.560733Z  INFO detcore: DETLOG [syscall][detcore, dtid 3] inbound syscall: futex(0x1b51910, 265, 5, NULL, NULL, -1) = ? DETLOG_RECORD={"schema":1,"event":{"kind":"syscall"}}
2026-09-10T03:16:10.560750Z  INFO detcore: DETLOG [syscall][detcore, dtid 3] finish syscall #126: futex(0x1b51910, 265, 5, NULL, NULL, -1) = Ok(0) DETLOG_RECORD={"schema":1,"event":{"kind":"syscall_result","finished_syscall_number":126}}
2026-09-10T03:16:10.560780Z  INFO detcore: DETLOG [syscall][detcore, dtid 3] inbound syscall: futex(0x1b51910, 265, 5, NULL, NULL, -1) = ? DETLOG_RECORD={"schema":1,"event":{"kind":"syscall"}}
2026-09-10T03:16:10.560799Z  INFO detcore: DETLOG [syscall][detcore, dtid 3] finish syscall #127: futex(0x1b51910, 265, 5, NULL, NULL, -1) = Ok(0) DETLOG_RECORD={"schema":1,"event":{"kind":"syscall_result","finished_syscall_number":127}}
2026-09-10T03:16:10.560824Z  INFO detcore: DETLOG [syscall][detcore, dtid 3] inbound syscall: futex(0x1b51910, 265, 5, NULL, NULL, -1) = ? DETLOG_RECORD={"schema":1,"event":{"kind":"syscall"}}
2026-09-10T03:16:10.560841Z  INFO detcore: DETLOG [syscall][detcore, dtid 3] finish syscall #128: futex(0x1b51910, 265, 5, NULL, NULL, -1) = Ok(0) DETLOG_RECORD={"schema":1,"event":{"kind":"syscall_result","finished_syscall_number":128}}
2026-09-10T03:16:10.560865Z  INFO detcore: DETLOG [syscall][detcore, dtid 3] inbound syscall: futex(0x1b51910, 265, 5, NULL, NULL, -1) = ? DETLOG_RECORD={"schema":1,"event":{"kind":"syscall"}}
2026-09-10T03:16:10.560882Z  INFO detcore: DETLOG [syscall][detcore, dtid 3] finish syscall #129: futex(0x1b51910, 265, 5, NULL, NULL, -1) = Ok(0) DETLOG_RECORD={"schema":1,"event":{"kind":"syscall_result","finished_syscall_number":129}}
2026-09-10T03:16:10.560906Z  INFO detcore: DETLOG [syscall][detcore, dtid 3] inbound syscall: futex(0x1b51910, 265, 5, NULL, NULL, -1) = ? DETLOG_RECORD={"schema":1,"event":{"kind":"syscall"}}
2026-09-10T03:16:10.560923Z  INFO detcore: DETLOG [syscall][detcore, dtid 3] finish syscall #130: futex(0x1b51910, 265, 5, NULL, NULL, -1) = Ok(0) DETLOG_RECORD={"schema":1,"event":{"kind":"syscall_result","finished_syscall_number":130}}
2026-09-10T03:16:10.560948Z  INFO detcore: DETLOG [syscall][detcore, dtid 3] inbound syscall: futex(0x1b51910, 265, 5, NULL, NULL, -1) = ? DETLOG_RECORD={"schema":1,"event":{"kind":"syscall"}}
2026-09-10T03:16:10.560965Z  INFO detcore: DETLOG [syscall][detcore, dtid 3] finish syscall #131: futex(0x1b51910, 265, 5, NULL, NULL, -1) = Ok(0) DETLOG_RECORD={"schema":1,"event":{"kind":"syscall_result","finished_syscall_number":131}}
2026-09-10T03:16:10.560990Z  INFO detcore: DETLOG [syscall][detcore, dtid 3] inbound syscall: futex(0x1b51910, 265, 5, NULL, NULL, -1) = ? DETLOG_RECORD={"schema":1,"event":{"kind":"syscall"}}
2026-09-10T03:16:10.561009Z  INFO detcore: DETLOG [syscall][detcore, dtid 3] finish syscall #132: futex(0x1b51910, 265, 5, NULL, NULL, -1) = Ok(0) DETLOG_RECORD={"schema":1,"event":{"kind":"syscall_result","finished_syscall_number":132}}
2026-09-10T03:16:10.561033Z  INFO detcore: DETLOG [syscall][detcore, dtid 3] inbound syscall: futex(0x1b51910, 265, 5, NULL, NULL, -1) = ? DETLOG_RECORD={"schema":1,"event":{"kind":"syscall"}}
2026-09-10T03:16:10.561050Z  INFO detcore: DETLOG [syscall][detcore, dtid 3] finish syscall #133: futex(0x1b51910, 265, 5, NULL, NULL, -1) = Ok(0) DETLOG_RECORD={"schema":1,"event":{"kind":"syscall_result","finished_syscall_number":133}}
2026-09-10T03:16:10.561074Z  INFO detcore: DETLOG [syscall][detcore, dtid 3] inbound syscall: futex(0x1b51910, 265, 5, NULL, NULL, -1) = ? DETLOG_RECORD={"schema":1,"event":{"kind":"syscall"}}
2026-09-10T03:16:10.561092Z  INFO detcore: DETLOG [syscall][detcore, dtid 3] finish syscall #134: futex(0x1b51910, 265, 5, NULL, NULL, -1) = Ok(0) DETLOG_RECORD={"schema":1,"event":{"kind":"syscall_result","finished_syscall_number":134}}
2026-09-10T03:16:10.561116Z  INFO detcore: DETLOG [syscall][detcore, dtid 3] inbound syscall: futex(0x1b51910, 265, 5, NULL, NULL, -1) = ? DETLOG_RECORD={"schema":1,"event":{"kind":"syscall"}}
2026-09-10T03:16:10.561133Z  INFO detcore: DETLOG [syscall][detcore, dtid 3] finish syscall #135: futex(0x1b51910, 265, 5, NULL, NULL, -1) = Ok(0) DETLOG_RECORD={"schema":1,"event":{"kind":"syscall_result","finished_syscall_number":135}}
2026-09-10T03:16:10.561157Z  INFO detcore: DETLOG [syscall][detcore, dtid 3] inbound syscall: futex(0x1b51910, 265, 5, NULL, NULL, -1) = ? DETLOG_RECORD={"schema":1,"event":{"kind":"syscall"}}
2026-09-10T03:16:10.561174Z  INFO detcore: DETLOG [syscall][detcore, dtid 3] finish syscall #136: futex(0x1b51910, 265, 5, NULL, NULL, -1) = Ok(0) DETLOG_RECORD={"schema":1,"event":{"kind":"syscall_result","finished_syscall_number":136}}
2026-09-10T03:16:10.561198Z  INFO detcore: DETLOG [syscall][detcore, dtid 3] inbound syscall: futex(0x1b51910, 265, 5, NULL, NULL, -1) = ? DETLOG_RECORD={"schema":1,"event":{"kind":"syscall"}}
2026-09-10T03:16:10.561216Z  INFO detcore: DETLOG [syscall][detcore, dtid 3] finish syscall #137: futex(0x1b51910, 265, 5, NULL, NULL, -1) = Ok(0) DETLOG_RECORD={"schema":1,"event":{"kind":"syscall_result","finished_syscall_number":137}}
2026-09-10T03:16:10.561240Z  INFO detcore: DETLOG [syscall][detcore, dtid 3] inbound syscall: futex(0x1b51910, 265, 5, NULL, NULL, -1) = ? DETLOG_RECORD={"schema":1,"event":{"kind":"syscall"}}
2026-09-10T03:16:10.561257Z  INFO detcore: DETLOG [syscall][detcore, dtid 3] finish syscall #138: futex(0x1b51910, 265, 5, NULL, NULL, -1) = Ok(0) DETLOG_RECORD={"schema":1,"event":{"kind":"syscall_result","finished_syscall_number":138}}
2026-09-10T03:16:10.561281Z  INFO detcore: DETLOG [syscall][detcore, dtid 3] inbound syscall: futex(0x1b51910, 265, 5, NULL, NULL, -1) = ? DETLOG_RECORD={"schema":1,"event":{"kind":"syscall"}}
2026-09-10T03:16:10.561299Z  INFO detcore: DETLOG [syscall][detcore, dtid 3] finish syscall #139: futex(0x1b51910, 265, 5, NULL, NULL, -1) = Ok(0) DETLOG_RECORD={"schema":1,"event":{"kind":"syscall_result","finished_syscall_number":139}}
2026-09-10T03:16:10.561323Z  INFO detcore: DETLOG [syscall][detcore, dtid 3] inbound syscall: futex(0x1b51910, 265, 5, NULL, NULL, -1) = ? DETLOG_RECORD={"schema":1,"event":{"kind":"syscall"}}
2026-09-10T03:16:10.561340Z  INFO detcore: DETLOG [syscall][detcore, dtid 3] finish syscall #140: futex(0x1b51910, 265, 5, NULL, NULL, -1) = Ok(0) DETLOG_RECORD={"schema":1,"event":{"kind":"syscall_result","finished_syscall_number":140}}
2026-09-10T03:16:10.561365Z  INFO detcore: DETLOG [syscall][detcore, dtid 3] inbound syscall: futex(0x1b51910, 265, 5, NULL, NULL, -1) = ? DETLOG_RECORD={"schema":1,"event":{"kind":"syscall"}}
2026-09-10T03:16:10.561383Z  INFO detcore: DETLOG [syscall][detcore, dtid 3] finish syscall #141: futex(0x1b51910, 265, 5, NULL, NULL, -1) = Ok(0) DETLOG_RECORD={"schema":1,"event":{"kind":"syscall_result","finished_syscall_number":141}}
2026-09-10T03:16:10.561408Z  INFO detcore: DETLOG [syscall][detcore, dtid 3] inbound syscall: futex(0x1b51910, 265, 5, NULL, NULL, -1) = ? DETLOG_RECORD={"schema":1,"event":{"kind":"syscall"}}
2026-09-10T03:16:10.561425Z  INFO detcore: DETLOG [syscall][detcore, dtid 3] finish syscall #142: futex(0x1b51910, 265, 5, NULL, NULL, -1) = Ok(0) DETLOG_RECORD={"schema":1,"event":{"kind":"syscall_result","finished_syscall_number":142}}
2026-09-10T03:16:10.561449Z  INFO detcore: DETLOG [syscall][detcore, dtid 3] inbound syscall: futex(0x1b51910, 265, 5, NULL, NULL, -1) = ? DETLOG_RECORD={"schema":1,"event":{"kind":"syscall"}}
2026-09-10T03:16:10.561466Z  INFO detcore: DETLOG [syscall][detcore, dtid 3] finish syscall #143: futex(0x1b51910, 265, 5, NULL, NULL, -1) = Ok(0) DETLOG_RECORD={"schema":1,"event":{"kind":"syscall_result","finished_syscall_number":143}}
2026-09-10T03:16:10.561491Z  INFO detcore: DETLOG [syscall][detcore, dtid 3] inbound syscall: futex(0x1b51910, 265, 5, NULL, NULL, -1) = ? DETLOG_RECORD={"schema":1,"event":{"kind":"syscall"}}
2026-09-10T03:16:10.561508Z  INFO detcore: DETLOG [syscall][detcore, dtid 3] finish syscall #144: futex(0x1b51910, 265, 5, NULL, NULL, -1) = Ok(0) DETLOG_RECORD={"schema":1,"event":{"kind":"syscall_result","finished_syscall_number":144}}
2026-09-10T03:16:10.561533Z  INFO detcore: DETLOG [syscall][detcore, dtid 3] inbound syscall: futex(0x1b51910, 265, 5, NULL, NULL, -1) = ? DETLOG_RECORD={"schema":1,"event":{"kind":"syscall"}}
2026-09-10T03:16:10.561550Z  INFO detcore: DETLOG [syscall][detcore, dtid 3] finish syscall #145: futex(0x1b51910, 265, 5, NULL, NULL, -1) = Ok(0) DETLOG_RECORD={"schema":1,"event":{"kind":"syscall_result","finished_syscall_number":145}}
2026-09-10T03:16:10.561575Z  INFO detcore: DETLOG [syscall][detcore, dtid 3] inbound syscall: futex(0x1b51910, 265, 5, NULL, NULL, -1) = ? DETLOG_RECORD={"schema":1,"event":{"kind":"syscall"}}
2026-09-10T03:16:10.561592Z  INFO detcore: DETLOG [syscall][detcore, dtid 3] finish syscall #146: futex(0x1b51910, 265, 5, NULL, NULL, -1) = Ok(0) DETLOG_RECORD={"schema":1,"event":{"kind":"syscall_result","finished_syscall_number":146}}
2026-09-10T03:16:10.561616Z  INFO detcore: DETLOG [syscall][detcore, dtid 3] inbound syscall: futex(0x1b51910, 265, 5, NULL, NULL, -1) = ? DETLOG_RECORD={"schema":1,"event":{"kind":"syscall"}}
2026-09-10T03:16:10.561633Z  INFO detcore: DETLOG [syscall][detcore, dtid 3] finish syscall #147: futex(0x1b51910, 265, 5, NULL, NULL, -1) = Ok(0) DETLOG_RECORD={"schema":1,"event":{"kind":"syscall_result","finished_syscall_number":147}}
2026-09-10T03:16:10.561657Z  INFO detcore: DETLOG [syscall][detcore, dtid 3] inbound syscall: futex(0x1b51910, 265, 5, NULL, NULL, -1) = ? DETLOG_RECORD={"schema":1,"event":{"kind":"syscall"}}
2026-09-10T03:16:10.561674Z  INFO detcore: DETLOG [syscall][detcore, dtid 3] finish syscall #148: futex(0x1b51910, 265, 5, NULL, NULL, -1) = Ok(0) DETLOG_RECORD={"schema":1,"event":{"kind":"syscall_result","finished_syscall_number":148}}
2026-09-10T03:16:10.561699Z  INFO detcore: DETLOG [syscall][detcore, dtid 3] inbound syscall: futex(0x1b51910, 265, 5, NULL, NULL, -1) = ? DETLOG_RECORD={"schema":1,"event":{"kind":"syscall"}}
2026-09-10T03:16:10.561716Z  INFO detcore: DETLOG [syscall][detcore, dtid 3] finish syscall #149: futex(0x1b51910, 265, 5, NULL, NULL, -1) = Ok(0) DETLOG_RECORD={"schema":1,"event":{"kind":"syscall_result","finished_syscall_number":149}}
2026-09-10T03:16:10.561740Z  INFO detcore: DETLOG [syscall][detcore, dtid 3] inbound syscall: futex(0x1b51910, 265, 5, NULL, NULL, -1) = ? DETLOG_RECORD={"schema":1,"event":{"kind":"syscall"}}
2026-09-10T03:16:10.561757Z  INFO detcore: DETLOG [syscall][detcore, dtid 3] finish syscall #150: futex(0x1b51910, 265, 5, NULL, NULL, -1) = Ok(0) DETLOG_RECORD={"schema":1,"event":{"kind":"syscall_result","finished_syscall_number":150}}
2026-09-10T03:16:10.561788Z  INFO detcore: DETLOG [syscall][detcore, dtid 3] inbound syscall: futex(0x1b51910, 265, 5, NULL, NULL, -1) = ? DETLOG_RECORD={"schema":1,"event":{"kind":"syscall"}}
2026-09-10T03:16:10.561807Z  INFO detcore: DETLOG [syscall][detcore, dtid 3] finish syscall #151: futex(0x1b51910, 265, 5, NULL, NULL, -1) = Ok(0) DETLOG_RECORD={"schema":1,"event":{"kind":"syscall_result","finished_syscall_number":151}}
2026-09-10T03:16:10.561832Z  INFO detcore: DETLOG [syscall][detcore, dtid 3] inbound syscall: futex(0x1b51910, 265, 5, NULL, NULL, -1) = ? DETLOG_RECORD={"schema":1,"event":{"kind":"syscall"}}
2026-09-10T03:16:10.561849Z  INFO detcore: DETLOG [syscall][detcore, dtid 3] finish syscall #152: futex(0x1b51910, 265, 5, NULL, NULL, -1) = Ok(0) DETLOG_RECORD={"schema":1,"event":{"kind":"syscall_result","finished_syscall_number":152}}
2026-09-10T03:16:10.561874Z  INFO detcore: DETLOG [syscall][detcore, dtid 3] inbound syscall: futex(0x1b51910, 265, 5, NULL, NULL, -1) = ? DETLOG_RECORD={"schema":1,"event":{"kind":"syscall"}}
2026-09-10T03:16:10.561891Z  INFO detcore: DETLOG [syscall][detcore, dtid 3] finish syscall #153: futex(0x1b51910, 265, 5, NULL, NULL, -1) = Ok(0) DETLOG_RECORD={"schema":1,"event":{"kind":"syscall_result","finished_syscall_number":153}}
2026-09-10T03:16:10.561915Z  INFO detcore: DETLOG [syscall][detcore, dtid 3] inbound syscall: futex(0x1b51910, 265, 5, NULL, NULL, -1) = ? DETLOG_RECORD={"schema":1,"event":{"kind":"syscall"}}
2026-09-10T03:16:10.561932Z  INFO detcore: DETLOG [syscall][detcore, dtid 3] finish syscall #154: futex(0x1b51910, 265, 5, NULL, NULL, -1) = Ok(0) DETLOG_RECORD={"schema":1,"event":{"kind":"syscall_result","finished_syscall_number":154}}
2026-09-10T03:16:10.561957Z  INFO detcore: DETLOG [syscall][detcore, dtid 3] inbound syscall: futex(0x1b51910, 265, 5, NULL, NULL, -1) = ? DETLOG_RECORD={"schema":1,"event":{"kind":"syscall"}}
2026-09-10T03:16:10.561974Z  INFO detcore: DETLOG [syscall][detcore, dtid 3] finish syscall #155: futex(0x1b51910, 265, 5, NULL, NULL, -1) = Ok(0) DETLOG_RECORD={"schema":1,"event":{"kind":"syscall_result","finished_syscall_number":155}}
2026-09-10T03:16:10.561998Z  INFO detcore: DETLOG [syscall][detcore, dtid 3] inbound syscall: futex(0x1b51910, 265, 5, NULL, NULL, -1) = ? DETLOG_RECORD={"schema":1,"event":{"kind":"syscall"}}
2026-09-10T03:16:10.562015Z  INFO detcore: DETLOG [syscall][detcore, dtid 3] finish syscall #156: futex(0x1b51910, 265, 5, NULL, NULL, -1) = Ok(0) DETLOG_RECORD={"schema":1,"event":{"kind":"syscall_result","finished_syscall_number":156}}
2026-09-10T03:16:10.562039Z  INFO detcore: DETLOG [syscall][detcore, dtid 3] inbound syscall: futex(0x1b51910, 265, 5, NULL, NULL, -1) = ? DETLOG_RECORD={"schema":1,"event":{"kind":"syscall"}}
2026-09-10T03:16:10.562056Z  INFO detcore: DETLOG [syscall][detcore, dtid 3] finish syscall #157: futex(0x1b51910, 265, 5, NULL, NULL, -1) = Ok(0) DETLOG_RECORD={"schema":1,"event":{"kind":"syscall_result","finished_syscall_number":157}}
2026-09-10T03:16:10.562081Z  INFO detcore: DETLOG [syscall][detcore, dtid 3] inbound syscall: futex(0x1b51910, 265, 5, NULL, NULL, -1) = ? DETLOG_RECORD={"schema":1,"event":{"kind":"syscall"}}
2026-09-10T03:16:10.562098Z  INFO detcore: DETLOG [syscall][detcore, dtid 3] finish syscall #158: futex(0x1b51910, 265, 5, NULL, NULL, -1) = Ok(0) DETLOG_RECORD={"schema":1,"event":{"kind":"syscall_result","finished_syscall_number":158}}
2026-09-10T03:16:10.562122Z  INFO detcore: DETLOG [syscall][detcore, dtid 3] inbound syscall: futex(0x1b51910, 265, 5, NULL, NULL, -1) = ? DETLOG_RECORD={"schema":1,"event":{"kind":"syscall"}}
2026-09-10T03:16:10.562139Z  INFO detcore: DETLOG [syscall][detcore, dtid 3] finish syscall #159: futex(0x1b51910, 265, 5, NULL, NULL, -1) = Ok(0) DETLOG_RECORD={"schema":1,"event":{"kind":"syscall_result","finished_syscall_number":159}}
2026-09-10T03:16:10.562165Z  INFO detcore: DETLOG [syscall][detcore, dtid 3] inbound syscall: futex(0x1b51910, 265, 5, NULL, NULL, -1) = ? DETLOG_RECORD={"schema":1,"event":{"kind":"syscall"}}
2026-09-10T03:16:10.562183Z  INFO detcore: DETLOG [syscall][detcore, dtid 3] finish syscall #160: futex(0x1b51910, 265, 5, NULL, NULL, -1) = Ok(0) DETLOG_RECORD={"schema":1,"event":{"kind":"syscall_result","finished_syscall_number":160}}
2026-09-10T03:16:10.562207Z  INFO detcore: DETLOG [syscall][detcore, dtid 3] inbound syscall: futex(0x1b51910, 265, 5, NULL, NULL, -1) = ? DETLOG_RECORD={"schema":1,"event":{"kind":"syscall"}}
2026-09-10T03:16:10.562224Z  INFO detcore: DETLOG [syscall][detcore, dtid 3] finish syscall #161: futex(0x1b51910, 265, 5, NULL, NULL, -1) = Ok(0) DETLOG_RECORD={"schema":1,"event":{"kind":"syscall_result","finished_syscall_number":161}}
2026-09-10T03:16:10.562249Z  INFO detcore: DETLOG [syscall][detcore, dtid 3] inbound syscall: futex(0x1b51910, 265, 5, NULL, NULL, -1) = ? DETLOG_RECORD={"schema":1,"event":{"kind":"syscall"}}
2026-09-10T03:16:10.562266Z  INFO detcore: DETLOG [syscall][detcore, dtid 3] finish syscall #162: futex(0x1b51910, 265, 5, NULL, NULL, -1) = Ok(0) DETLOG_RECORD={"schema":1,"event":{"kind":"syscall_result","finished_syscall_number":162}}
2026-09-10T03:16:10.562290Z  INFO detcore: DETLOG [syscall][detcore, dtid 3] inbound syscall: futex(0x1b51910, 265, 5, NULL, NULL, -1) = ? DETLOG_RECORD={"schema":1,"event":{"kind":"syscall"}}
2026-09-10T03:16:10.562307Z  INFO detcore: DETLOG [syscall][detcore, dtid 3] finish syscall #163: futex(0x1b51910, 265, 5, NULL, NULL, -1) = Ok(0) DETLOG_RECORD={"schema":1,"event":{"kind":"syscall_result","finished_syscall_number":163}}
2026-09-10T03:16:10.562332Z  INFO detcore: DETLOG [syscall][detcore, dtid 3] inbound syscall: futex(0x1b51910, 265, 5, NULL, NULL, -1) = ? DETLOG_RECORD={"schema":1,"event":{"kind":"syscall"}}
2026-09-10T03:16:10.562349Z  INFO detcore: DETLOG [syscall][detcore, dtid 3] finish syscall #164: futex(0x1b51910, 265, 5, NULL, NULL, -1) = Ok(0) DETLOG_RECORD={"schema":1,"event":{"kind":"syscall_result","finished_syscall_number":164}}
2026-09-10T03:16:10.562373Z  INFO detcore: DETLOG [syscall][detcore, dtid 3] inbound syscall: futex(0x1b51910, 265, 5, NULL, NULL, -1) = ? DETLOG_RECORD={"schema":1,"event":{"kind":"syscall"}}
2026-09-10T03:16:10.562390Z  INFO detcore: DETLOG [syscall][detcore, dtid 3] finish syscall #165: futex(0x1b51910, 265, 5, NULL, NULL, -1) = Ok(0) DETLOG_RECORD={"schema":1,"event":{"kind":"syscall_result","finished_syscall_number":165}}
2026-09-10T03:16:10.562414Z  INFO detcore: DETLOG [syscall][detcore, dtid 3] inbound syscall: futex(0x1b51910, 265, 5, NULL, NULL, -1) = ? DETLOG_RECORD={"schema":1,"event":{"kind":"syscall"}}
2026-09-10T03:16:10.562431Z  INFO detcore: DETLOG [syscall][detcore, dtid 3] finish syscall #166: futex(0x1b51910, 265, 5, NULL, NULL, -1) = Ok(0) DETLOG_RECORD={"schema":1,"event":{"kind":"syscall_result","finished_syscall_number":166}}
2026-09-10T03:16:10.562456Z  INFO detcore: DETLOG [syscall][detcore, dtid 3] inbound syscall: futex(0x1b51910, 265, 5, NULL, NULL, -1) = ? DETLOG_RECORD={"schema":1,"event":{"kind":"syscall"}}
2026-09-10T03:16:10.562473Z  INFO detcore: DETLOG [syscall][detcore, dtid 3] finish syscall #167: futex(0x1b51910, 265, 5, NULL, NULL, -1) = Ok(0) DETLOG_RECORD={"schema":1,"event":{"kind":"syscall_result","finished_syscall_number":167}}
2026-09-10T03:16:10.562497Z  INFO detcore: DETLOG [syscall][detcore, dtid 3] inbound syscall: futex(0x1b51910, 265, 5, NULL, NULL, -1) = ? DETLOG_RECORD={"schema":1,"event":{"kind":"syscall"}}
2026-09-10T03:16:10.562514Z  INFO detcore: DETLOG [syscall][detcore, dtid 3] finish syscall #168: futex(0x1b51910, 265, 5, NULL, NULL, -1) = Ok(0) DETLOG_RECORD={"schema":1,"event":{"kind":"syscall_result","finished_syscall_number":168}}
2026-09-10T03:16:10.562538Z  INFO detcore: DETLOG [syscall][detcore, dtid 3] inbound syscall: futex(0x1b51910, 265, 5, NULL, NULL, -1) = ? DETLOG_RECORD={"schema":1,"event":{"kind":"syscall"}}
2026-09-10T03:16:10.562556Z  INFO detcore: DETLOG [syscall][detcore, dtid 3] finish syscall #169: futex(0x1b51910, 265, 5, NULL, NULL, -1) = Ok(0) DETLOG_RECORD={"schema":1,"event":{"kind":"syscall_result","finished_syscall_number":169}}
2026-09-10T03:16:10.562581Z  INFO detcore: DETLOG [syscall][detcore, dtid 3] inbound syscall: futex(0x1b51910, 265, 5, NULL, NULL, -1) = ? DETLOG_RECORD={"schema":1,"event":{"kind":"syscall"}}
2026-09-10T03:16:10.562599Z  INFO detcore: DETLOG [syscall][detcore, dtid 3] finish syscall #170: futex(0x1b51910, 265, 5, NULL, NULL, -1) = Ok(0) DETLOG_RECORD={"schema":1,"event":{"kind":"syscall_result","finished_syscall_number":170}}
2026-09-10T03:16:10.562624Z  INFO detcore: DETLOG [syscall][detcore, dtid 3] inbound syscall: futex(0x1b51910, 265, 5, NULL, NULL, -1) = ? DETLOG_RECORD={"schema":1,"event":{"kind":"syscall"}}
2026-09-10T03:16:10.562641Z  INFO detcore: DETLOG [syscall][detcore, dtid 3] finish syscall #171: futex(0x1b51910, 265, 5, NULL, NULL, -1) = Ok(0) DETLOG_RECORD={"schema":1,"event":{"kind":"syscall_result","finished_syscall_number":171}}
2026-09-10T03:16:10.562665Z  INFO detcore: DETLOG [syscall][detcore, dtid 3] inbound syscall: futex(0x1b51910, 265, 5, NULL, NULL, -1) = ? DETLOG_RECORD={"schema":1,"event":{"kind":"syscall"}}
2026-09-10T03:16:10.562683Z  INFO detcore: DETLOG [syscall][detcore, dtid 3] finish syscall #172: futex(0x1b51910, 265, 5, NULL, NULL, -1) = Ok(0) DETLOG_RECORD={"schema":1,"event":{"kind":"syscall_result","finished_syscall_number":172}}
2026-09-10T03:16:10.562707Z  INFO detcore: DETLOG [syscall][detcore, dtid 3] inbound syscall: futex(0x1b51910, 265, 5, NULL, NULL, -1) = ? DETLOG_RECORD={"schema":1,"event":{"kind":"syscall"}}
2026-09-10T03:16:10.562724Z  INFO detcore: DETLOG [syscall][detcore, dtid 3] finish syscall #173: futex(0x1b51910, 265, 5, NULL, NULL, -1) = Ok(0) DETLOG_RECORD={"schema":1,"event":{"kind":"syscall_result","finished_syscall_number":173}}
2026-09-10T03:16:10.562748Z  INFO detcore: DETLOG [syscall][detcore, dtid 3] inbound syscall: futex(0x1b51910, 265, 5, NULL, NULL, -1) = ? DETLOG_RECORD={"schema":1,"event":{"kind":"syscall"}}
2026-09-10T03:16:10.562765Z  INFO detcore: DETLOG [syscall][detcore, dtid 3] finish syscall #174: futex(0x1b51910, 265, 5, NULL, NULL, -1) = Ok(0) DETLOG_RECORD={"schema":1,"event":{"kind":"syscall_result","finished_syscall_number":174}}
2026-09-10T03:16:10.563109Z  INFO detcore: DETLOG [syscall][detcore, dtid 3] inbound syscall: futex(0x1b51910, 265, 5, NULL, NULL, -1) = ? DETLOG_RECORD={"schema":1,"event":{"kind":"syscall"}}
2026-09-10T03:16:10.563126Z  INFO detcore::syscalls::threads: [detcore, dtid 3] Futex wait running immediately because it will fizzle (0 != 5).
2026-09-10T03:16:10.563136Z  INFO detcore: DETLOG [syscall][detcore, dtid 3] finish syscall #175: futex(0x1b51910, 265, 5, NULL, NULL, -1) = Err(Errno(EAGAIN)) DETLOG_RECORD={"schema":1,"event":{"kind":"syscall_result","finished_syscall_number":175}}
2026-09-10T03:16:10.563164Z  INFO detcore: DETLOG [syscall][detcore, dtid 3] inbound syscall: close(3) = ? DETLOG_RECORD={"schema":1,"event":{"kind":"syscall"}}
2026-09-10T03:16:10.563223Z  INFO detcore: DETLOG [syscall][detcore, dtid 3] finish syscall #176: close(3) = Ok(0) DETLOG_RECORD={"schema":1,"event":{"kind":"syscall_result","finished_syscall_number":176}}
2026-09-10T03:16:10.563245Z  INFO detcore: DETLOG [syscall][detcore, dtid 3] inbound syscall: close(4) = ? DETLOG_RECORD={"schema":1,"event":{"kind":"syscall"}}
2026-09-10T03:16:10.563268Z  INFO detcore: DETLOG [syscall][detcore, dtid 3] finish syscall #177: close(4) = Ok(0) DETLOG_RECORD={"schema":1,"event":{"kind":"syscall_result","finished_syscall_number":177}}
2026-09-10T03:16:10.563304Z  INFO detcore: DETLOG [syscall][detcore, dtid 3] inbound syscall: eventfd2(0, EfdFlags(0x0)) = ? DETLOG_RECORD={"schema":1,"event":{"kind":"syscall"}}
2026-09-10T03:16:10.563346Z  INFO detcore::syscalls::files: Injecting additional fstat to retrieve file metadata on fd 3.
2026-09-10T03:16:10.563379Z  INFO detcore: DETLOG [syscall][detcore, dtid 3] finish syscall #178: eventfd2(0, EfdFlags(0x0)) = Ok(3) DETLOG_RECORD={"schema":1,"event":{"kind":"syscall_result","finished_syscall_number":178}}
2026-09-10T03:16:10.563407Z  INFO detcore: DETLOG [syscall][detcore, dtid 3] inbound syscall: rt_sigprocmask(0, 0x12f7820, 0x3fffea60, 8) = ? DETLOG_RECORD={"schema":1,"event":{"kind":"syscall"}}
2026-09-10T03:16:10.563437Z  INFO detcore: DETLOG [syscall][detcore, dtid 3] finish syscall #179: rt_sigprocmask(0, 0x12f7820, 0x3fffea60, 8) = Ok(0) DETLOG_RECORD={"schema":1,"event":{"kind":"syscall_result","finished_syscall_number":179}}
2026-09-10T03:16:10.563471Z  INFO detcore: DETLOG [syscall][detcore, dtid 3] inbound syscall: clone3(0x3fffe920, 88) = ? DETLOG_RECORD={"schema":1,"event":{"kind":"syscall"}}
2026-09-10T03:16:10.563939Z  INFO detcore::tool_local: DETLOG RNG USER RAND seeding child User pedigree PPC: [157, 214, 223, 185, 49, 166, 229, 87, 243, 114, 213, 36, 192, 169, 237, 74] from parent Mcg128Xsl64 {} DETLOG_RECORD={"schema":1,"event":{"kind":"other"}}
2026-09-10T03:16:10.563970Z  INFO detcore::tool_local: DETLOG RNG CHAOSRAND seeding child Chaos pedigree PPC: [213, 128, 86, 208, 94, 35, 245, 235, 89, 247, 219, 223, 138, 92, 224, 110] from parent Mcg128Xsl64 {} DETLOG_RECORD={"schema":1,"event":{"kind":"other"}}
2026-09-10T03:16:10.564244Z  INFO detcore::scheduler: [sched-step5] >>>>>>>

 COMMIT turn 171, dettid 6 using resources {MemAddrSpace(DetPid(3)): RW}, on previously committed 1_767_225_600.050_626_000s DETLOG_RECORD={"schema":1,"event":{"kind":"scheduler_commit","scheduler_turn":171,"virtual_nanoseconds":1767225600050626000,"internal_io_poll":false,"runtime_maps_read":false}}
2026-09-10T03:16:10.564296Z  INFO detcore::tool_global: [detcore, dtid 6] New thread given go-ahead to proceed via <ivar Go(None)>
2026-09-10T03:16:10.564452Z  INFO detcore: DETLOG [syscall][detcore, dtid 6] inbound syscall: set_robust_list(0x1b51920, 24) = ? DETLOG_RECORD={"schema":1,"event":{"kind":"syscall"}}
2026-09-10T03:16:10.564506Z  INFO detcore: DETLOG [syscall][detcore, dtid 6] finish syscall #1: set_robust_list(0x1b51920, 24) = Ok(0) DETLOG_RECORD={"schema":1,"event":{"kind":"syscall_result","finished_syscall_number":1}}
2026-09-10T03:16:10.564537Z  INFO detcore: DETLOG [syscall][detcore, dtid 6] inbound syscall: rt_sigprocmask(2, 0x1b51f30, NULL, 8) = ? DETLOG_RECORD={"schema":1,"event":{"kind":"syscall"}}
2026-09-10T03:16:10.564571Z  INFO detcore: DETLOG [syscall][detcore, dtid 6] finish syscall #2: rt_sigprocmask(2, 0x1b51f30, NULL, 8) = Ok(0) DETLOG_RECORD={"schema":1,"event":{"kind":"syscall_result","finished_syscall_number":2}}
2026-09-10T03:16:10.564604Z  INFO detcore: DETLOG [syscall][detcore, dtid 6] inbound syscall: clock_nanosleep(CLOCK_REALTIME, 0, 0x1b50e40, 0x1b50e40) = ? DETLOG_RECORD={"schema":1,"event":{"kind":"syscall"}}
2026-09-10T03:16:10.564673Z  INFO detcore::scheduler: [sched-step5] >>>>>>>

 COMMIT turn 172, dettid 3 using resources {ParentContinue { parent: DetPid(3), child: DetPid(6) }: W}, on previously committed 1_767_225_600.053_299_750s DETLOG_RECORD={"schema":1,"event":{"kind":"scheduler_commit","scheduler_turn":172,"virtual_nanoseconds":1767225600053299750,"internal_io_poll":false,"runtime_maps_read":false}}
2026-09-10T03:16:10.564734Z  INFO detcore: DETLOG [syscall][detcore, dtid 3] finish syscall #180: clone3(0x3fffe920, 88) = Ok(6) DETLOG_RECORD={"schema":1,"event":{"kind":"syscall_result","finished_syscall_number":180}}
2026-09-10T03:16:10.564778Z  INFO detcore: DETLOG [syscall][detcore, dtid 3] inbound syscall: rt_sigprocmask(2, 0x3fffea60, NULL, 8) = ? DETLOG_RECORD={"schema":1,"event":{"kind":"syscall"}}
2026-09-10T03:16:10.564811Z  INFO detcore: DETLOG [syscall][detcore, dtid 3] finish syscall #181: rt_sigprocmask(2, 0x3fffea60, NULL, 8) = Ok(0) DETLOG_RECORD={"schema":1,"event":{"kind":"syscall_result","finished_syscall_number":181}}
2026-09-10T03:16:10.564832Z  INFO detcore: DETLOG [syscall][detcore, dtid 3] inbound syscall: readv(3, 0x3fffeb70, 2) = ? DETLOG_RECORD={"schema":1,"event":{"kind":"syscall"}}
2026-09-10T03:16:10.564954Z  INFO detcore::scheduler: [scheduler] >>>>>>>

 NONCOMMIT turn 173, SKIP dettid 6 which wanted resource SleepUntil(LogicalTime(1767225600072799750)) (blocking)
2026-09-10T03:16:10.564992Z  INFO detcore::scheduler: [scheduler] >>>>>>>

 NONCOMMIT turn 174, SKIP dettid 3 polling resource Resources { tid: DetPid(3), resources: {InternalIOPolling: W}, poll_attempt: 1, fyi: "readv", signal_interrupt_errno: 512 }
2026-09-10T03:16:10.565030Z  INFO detcore::scheduler: [sched-step5] >>>>>>>

 COMMIT turn 175, dettid 3 using resources {InternalIOPolling: W}, on previously committed 1_767_225_600.053_800_250s DETLOG_RECORD={"schema":1,"event":{"kind":"scheduler_commit","scheduler_turn":175,"virtual_nanoseconds":1767225600053800250,"internal_io_poll":true,"runtime_maps_read":false}}
2026-09-10T03:16:10.565105Z  INFO detcore::scheduler: [scheduler] >>>>>>>

 NONCOMMIT turn 176, SKIP dettid 3 polling resource Resources { tid: DetPid(3), resources: {InternalIOPolling: W}, poll_attempt: 2, fyi: "readv", signal_interrupt_errno: 512 }
2026-09-10T03:16:10.565135Z  INFO detcore::scheduler: [sched-step5] >>>>>>>

 COMMIT turn 177, dettid 3 using resources {InternalIOPolling: W}, on previously committed 1_767_225_600.054_300_250s DETLOG_RECORD={"schema":1,"event":{"kind":"scheduler_commit","scheduler_turn":177,"virtual_nanoseconds":1767225600054300250,"internal_io_poll":true,"runtime_maps_read":false}}
2026-09-10T03:16:10.565185Z  INFO detcore::scheduler: [scheduler] >>>>>>>

 NONCOMMIT turn 178, SKIP dettid 3 polling resource Resources { tid: DetPid(3), resources: {InternalIOPolling: W}, poll_attempt: 3, fyi: "readv", signal_interrupt_errno: 512 }
2026-09-10T03:16:10.565211Z  INFO detcore::scheduler: [sched-step5] >>>>>>>

 COMMIT turn 179, dettid 3 using resources {InternalIOPolling: W}, on previously committed 1_767_225_600.054_800_250s DETLOG_RECORD={"schema":1,"event":{"kind":"scheduler_commit","scheduler_turn":179,"virtual_nanoseconds":1767225600054800250,"internal_io_poll":true,"runtime_maps_read":false}}
2026-09-10T03:16:10.565258Z  INFO detcore::scheduler: [scheduler] >>>>>>>

 NONCOMMIT turn 180, SKIP dettid 3 polling resource Resources { tid: DetPid(3), resources: {InternalIOPolling: W}, poll_attempt: 4, fyi: "readv", signal_interrupt_errno: 512 }
2026-09-10T03:16:10.565284Z  INFO detcore::scheduler: [sched-step5] >>>>>>>

 COMMIT turn 181, dettid 3 using resources {InternalIOPolling: W}, on previously committed 1_767_225_600.055_300_250s DETLOG_RECORD={"schema":1,"event":{"kind":"scheduler_commit","scheduler_turn":181,"virtual_nanoseconds":1767225600055300250,"internal_io_poll":true,"runtime_maps_read":false}}
2026-09-10T03:16:10.565331Z  INFO detcore::scheduler: [scheduler] >>>>>>>

 NONCOMMIT turn 182, SKIP dettid 3 polling resource Resources { tid: DetPid(3), resources: {InternalIOPolling: W}, poll_attempt: 5, fyi: "readv", signal_interrupt_errno: 512 }
2026-09-10T03:16:10.565357Z  INFO detcore::scheduler: [sched-step5] >>>>>>>

 COMMIT turn 183, dettid 3 using resources {InternalIOPolling: W}, on previously committed 1_767_225_600.055_800_250s DETLOG_RECORD={"schema":1,"event":{"kind":"scheduler_commit","scheduler_turn":183,"virtual_nanoseconds":1767225600055800250,"internal_io_poll":true,"runtime_maps_read":false}}
2026-09-10T03:16:10.565408Z  INFO detcore::scheduler: [scheduler] >>>>>>>

 NONCOMMIT turn 184, SKIP dettid 3 polling resource Resources { tid: DetPid(3), resources: {InternalIOPolling: W}, poll_attempt: 6, fyi: "readv", signal_interrupt_errno: 512 }
2026-09-10T03:16:10.565435Z  INFO detcore::scheduler: [sched-step5] >>>>>>>

 COMMIT turn 185, dettid 3 using resources {InternalIOPolling: W}, on previously committed 1_767_225_600.056_300_250s DETLOG_RECORD={"schema":1,"event":{"kind":"scheduler_commit","scheduler_turn":185,"virtual_nanoseconds":1767225600056300250,"internal_io_poll":true,"runtime_maps_read":false}}
2026-09-10T03:16:10.565481Z  INFO detcore::scheduler: [scheduler] >>>>>>>

 NONCOMMIT turn 186, SKIP dettid 3 polling resource Resources { tid: DetPid(3), resources: {InternalIOPolling: W}, poll_attempt: 7, fyi: "readv", signal_interrupt_errno: 512 }
2026-09-10T03:16:10.565509Z  INFO detcore::scheduler: [sched-step5] >>>>>>>

 COMMIT turn 187, dettid 3 using resources {InternalIOPolling: W}, on previously committed 1_767_225_600.056_800_250s DETLOG_RECORD={"schema":1,"event":{"kind":"scheduler_commit","scheduler_turn":187,"virtual_nanoseconds":1767225600056800250,"internal_io_poll":true,"runtime_maps_read":false}}
2026-09-10T03:16:10.565558Z  INFO detcore::scheduler: [scheduler] >>>>>>>

 NONCOMMIT turn 188, SKIP dettid 3 polling resource Resources { tid: DetPid(3), resources: {InternalIOPolling: W}, poll_attempt: 8, fyi: "readv", signal_interrupt_errno: 512 }
2026-09-10T03:16:10.565584Z  INFO detcore::scheduler: [sched-step5] >>>>>>>

 COMMIT turn 189, dettid 3 using resources {InternalIOPolling: W}, on previously committed 1_767_225_600.057_300_250s DETLOG_RECORD={"schema":1,"event":{"kind":"scheduler_commit","scheduler_turn":189,"virtual_nanoseconds":1767225600057300250,"internal_io_poll":true,"runtime_maps_read":false}}
2026-09-10T03:16:10.565629Z  INFO detcore::scheduler: [scheduler] >>>>>>>

 NONCOMMIT turn 190, SKIP dettid 3 polling resource Resources { tid: DetPid(3), resources: {InternalIOPolling: W}, poll_attempt: 9, fyi: "readv", signal_interrupt_errno: 512 }
2026-09-10T03:16:10.565654Z  INFO detcore::scheduler: [sched-step5] >>>>>>>

 COMMIT turn 191, dettid 3 using resources {InternalIOPolling: W}, on previously committed 1_767_225_600.057_800_250s DETLOG_RECORD={"schema":1,"event":{"kind":"scheduler_commit","scheduler_turn":191,"virtual_nanoseconds":1767225600057800250,"internal_io_poll":true,"runtime_maps_read":false}}
2026-09-10T03:16:10.565699Z  INFO detcore::scheduler: [scheduler] >>>>>>>

 NONCOMMIT turn 192, SKIP dettid 3 polling resource Resources { tid: DetPid(3), resources: {InternalIOPolling: W}, poll_attempt: 10, fyi: "readv", signal_interrupt_errno: 512 }
2026-09-10T03:16:10.565725Z  INFO detcore::scheduler: [sched-step5] >>>>>>>

 COMMIT turn 193, dettid 3 using resources {InternalIOPolling: W}, on previously committed 1_767_225_600.058_300_250s DETLOG_RECORD={"schema":1,"event":{"kind":"scheduler_commit","scheduler_turn":193,"virtual_nanoseconds":1767225600058300250,"internal_io_poll":true,"runtime_maps_read":false}}
2026-09-10T03:16:10.565770Z  INFO detcore::scheduler: [scheduler] >>>>>>>

 NONCOMMIT turn 194, SKIP dettid 3 polling resource Resources { tid: DetPid(3), resources: {InternalIOPolling: W}, poll_attempt: 11, fyi: "readv", signal_interrupt_errno: 512 }
2026-09-10T03:16:10.565803Z  INFO detcore::scheduler: [sched-step5] >>>>>>>

 COMMIT turn 195, dettid 3 using resources {InternalIOPolling: W}, on previously committed 1_767_225_600.058_800_250s DETLOG_RECORD={"schema":1,"event":{"kind":"scheduler_commit","scheduler_turn":195,"virtual_nanoseconds":1767225600058800250,"internal_io_poll":true,"runtime_maps_read":false}}
2026-09-10T03:16:10.565850Z  INFO detcore::scheduler: [scheduler] >>>>>>>

 NONCOMMIT turn 196, SKIP dettid 3 polling resource Resources { tid: DetPid(3), resources: {InternalIOPolling: W}, poll_attempt: 12, fyi: "readv", signal_interrupt_errno: 512 }
2026-09-10T03:16:10.565882Z  INFO detcore::scheduler: [sched-step5] >>>>>>>

 COMMIT turn 197, dettid 3 using resources {InternalIOPolling: W}, on previously committed 1_767_225_600.059_300_250s DETLOG_RECORD={"schema":1,"event":{"kind":"scheduler_commit","scheduler_turn":197,"virtual_nanoseconds":1767225600059300250,"internal_io_poll":true,"runtime_maps_read":false}}
2026-09-10T03:16:10.565929Z  INFO detcore::scheduler: [scheduler] >>>>>>>

 NONCOMMIT turn 198, SKIP dettid 3 polling resource Resources { tid: DetPid(3), resources: {InternalIOPolling: W}, poll_attempt: 13, fyi: "readv", signal_interrupt_errno: 512 }
2026-09-10T03:16:10.565955Z  INFO detcore::scheduler: [sched-step5] >>>>>>>

 COMMIT turn 199, dettid 3 using resources {InternalIOPolling: W}, on previously committed 1_767_225_600.059_800_250s DETLOG_RECORD={"schema":1,"event":{"kind":"scheduler_commit","scheduler_turn":199,"virtual_nanoseconds":1767225600059800250,"internal_io_poll":true,"runtime_maps_read":false}}
2026-09-10T03:16:10.566004Z  INFO detcore::scheduler: [scheduler] >>>>>>>

 NONCOMMIT turn 200, SKIP dettid 3 polling resource Resources { tid: DetPid(3), resources: {InternalIOPolling: W}, poll_attempt: 14, fyi: "readv", signal_interrupt_errno: 512 }
2026-09-10T03:16:10.566032Z  INFO detcore::scheduler: [sched-step5] >>>>>>>

 COMMIT turn 201, dettid 3 using resources {InternalIOPolling: W}, on previously committed 1_767_225_600.060_300_250s DETLOG_RECORD={"schema":1,"event":{"kind":"scheduler_commit","scheduler_turn":201,"virtual_nanoseconds":1767225600060300250,"internal_io_poll":true,"runtime_maps_read":false}}
2026-09-10T03:16:10.566079Z  INFO detcore::scheduler: [scheduler] >>>>>>>

 NONCOMMIT turn 202, SKIP dettid 3 polling resource Resources { tid: DetPid(3), resources: {InternalIOPolling: W}, poll_attempt: 15, fyi: "readv", signal_interrupt_errno: 512 }
2026-09-10T03:16:10.566104Z  INFO detcore::scheduler: [sched-step5] >>>>>>>

 COMMIT turn 203, dettid 3 using resources {InternalIOPolling: W}, on previously committed 1_767_225_600.060_800_250s DETLOG_RECORD={"schema":1,"event":{"kind":"scheduler_commit","scheduler_turn":203,"virtual_nanoseconds":1767225600060800250,"internal_io_poll":true,"runtime_maps_read":false}}
2026-09-10T03:16:10.566151Z  INFO detcore::scheduler: [scheduler] >>>>>>>

 NONCOMMIT turn 204, SKIP dettid 3 polling resource Resources { tid: DetPid(3), resources: {InternalIOPolling: W}, poll_attempt: 16, fyi: "readv", signal_interrupt_errno: 512 }
2026-09-10T03:16:10.566177Z  INFO detcore::scheduler: [sched-step5] >>>>>>>

 COMMIT turn 205, dettid 3 using resources {InternalIOPolling: W}, on previously committed 1_767_225_600.061_300_250s DETLOG_RECORD={"schema":1,"event":{"kind":"scheduler_commit","scheduler_turn":205,"virtual_nanoseconds":1767225600061300250,"internal_io_poll":true,"runtime_maps_read":false}}
2026-09-10T03:16:10.566223Z  INFO detcore::scheduler: [scheduler] >>>>>>>

 NONCOMMIT turn 206, SKIP dettid 3 polling resource Resources { tid: DetPid(3), resources: {InternalIOPolling: W}, poll_attempt: 17, fyi: "readv", signal_interrupt_errno: 512 }
2026-09-10T03:16:10.566248Z  INFO detcore::scheduler: [sched-step5] >>>>>>>

 COMMIT turn 207, dettid 3 using resources {InternalIOPolling: W}, on previously committed 1_767_225_600.061_800_250s DETLOG_RECORD={"schema":1,"event":{"kind":"scheduler_commit","scheduler_turn":207,"virtual_nanoseconds":1767225600061800250,"internal_io_poll":true,"runtime_maps_read":false}}
2026-09-10T03:16:10.566294Z  INFO detcore::scheduler: [scheduler] >>>>>>>

 NONCOMMIT turn 208, SKIP dettid 3 polling resource Resources { tid: DetPid(3), resources: {InternalIOPolling: W}, poll_attempt: 18, fyi: "readv", signal_interrupt_errno: 512 }
2026-09-10T03:16:10.566320Z  INFO detcore::scheduler: [sched-step5] >>>>>>>

 COMMIT turn 209, dettid 3 using resources {InternalIOPolling: W}, on previously committed 1_767_225_600.062_300_250s DETLOG_RECORD={"schema":1,"event":{"kind":"scheduler_commit","scheduler_turn":209,"virtual_nanoseconds":1767225600062300250,"internal_io_poll":true,"runtime_maps_read":false}}
2026-09-10T03:16:10.566366Z  INFO detcore::scheduler: [scheduler] >>>>>>>

 NONCOMMIT turn 210, SKIP dettid 3 polling resource Resources { tid: DetPid(3), resources: {InternalIOPolling: W}, poll_attempt: 19, fyi: "readv", signal_interrupt_errno: 512 }
2026-09-10T03:16:10.566392Z  INFO detcore::scheduler: [sched-step5] >>>>>>>

 COMMIT turn 211, dettid 3 using resources {InternalIOPolling: W}, on previously committed 1_767_225_600.062_800_250s DETLOG_RECORD={"schema":1,"event":{"kind":"scheduler_commit","scheduler_turn":211,"virtual_nanoseconds":1767225600062800250,"internal_io_poll":true,"runtime_maps_read":false}}
2026-09-10T03:16:10.566438Z  INFO detcore::scheduler: [scheduler] >>>>>>>

 NONCOMMIT turn 212, SKIP dettid 3 polling resource Resources { tid: DetPid(3), resources: {InternalIOPolling: W}, poll_attempt: 20, fyi: "readv", signal_interrupt_errno: 512 }
2026-09-10T03:16:10.566464Z  INFO detcore::scheduler: [sched-step5] >>>>>>>

 COMMIT turn 213, dettid 3 using resources {InternalIOPolling: W}, on previously committed 1_767_225_600.063_300_250s DETLOG_RECORD={"schema":1,"event":{"kind":"scheduler_commit","scheduler_turn":213,"virtual_nanoseconds":1767225600063300250,"internal_io_poll":true,"runtime_maps_read":false}}
2026-09-10T03:16:10.566515Z  INFO detcore::scheduler: [scheduler] >>>>>>>

 NONCOMMIT turn 214, SKIP dettid 3 polling resource Resources { tid: DetPid(3), resources: {InternalIOPolling: W}, poll_attempt: 21, fyi: "readv", signal_interrupt_errno: 512 }
2026-09-10T03:16:10.566543Z  INFO detcore::scheduler: [sched-step5] >>>>>>>

 COMMIT turn 215, dettid 3 using resources {InternalIOPolling: W}, on previously committed 1_767_225_600.063_800_250s DETLOG_RECORD={"schema":1,"event":{"kind":"scheduler_commit","scheduler_turn":215,"virtual_nanoseconds":1767225600063800250,"internal_io_poll":true,"runtime_maps_read":false}}
2026-09-10T03:16:10.566589Z  INFO detcore::scheduler: [scheduler] >>>>>>>

 NONCOMMIT turn 216, SKIP dettid 3 polling resource Resources { tid: DetPid(3), resources: {InternalIOPolling: W}, poll_attempt: 22, fyi: "readv", signal_interrupt_errno: 512 }
2026-09-10T03:16:10.566614Z  INFO detcore::scheduler: [sched-step5] >>>>>>>

 COMMIT turn 217, dettid 3 using resources {InternalIOPolling: W}, on previously committed 1_767_225_600.064_300_250s DETLOG_RECORD={"schema":1,"event":{"kind":"scheduler_commit","scheduler_turn":217,"virtual_nanoseconds":1767225600064300250,"internal_io_poll":true,"runtime_maps_read":false}}
2026-09-10T03:16:10.566660Z  INFO detcore::scheduler: [scheduler] >>>>>>>

 NONCOMMIT turn 218, SKIP dettid 3 polling resource Resources { tid: DetPid(3), resources: {InternalIOPolling: W}, poll_attempt: 23, fyi: "readv", signal_interrupt_errno: 512 }
2026-09-10T03:16:10.566686Z  INFO detcore::scheduler: [sched-step5] >>>>>>>

 COMMIT turn 219, dettid 3 using resources {InternalIOPolling: W}, on previously committed 1_767_225_600.064_800_250s DETLOG_RECORD={"schema":1,"event":{"kind":"scheduler_commit","scheduler_turn":219,"virtual_nanoseconds":1767225600064800250,"internal_io_poll":true,"runtime_maps_read":false}}
2026-09-10T03:16:10.566732Z  INFO detcore::scheduler: [scheduler] >>>>>>>

 NONCOMMIT turn 220, SKIP dettid 3 polling resource Resources { tid: DetPid(3), resources: {InternalIOPolling: W}, poll_attempt: 24, fyi: "readv", signal_interrupt_errno: 512 }
2026-09-10T03:16:10.566757Z  INFO detcore::scheduler: [sched-step5] >>>>>>>

 COMMIT turn 221, dettid 3 using resources {InternalIOPolling: W}, on previously committed 1_767_225_600.065_300_250s DETLOG_RECORD={"schema":1,"event":{"kind":"scheduler_commit","scheduler_turn":221,"virtual_nanoseconds":1767225600065300250,"internal_io_poll":true,"runtime_maps_read":false}}
2026-09-10T03:16:10.566808Z  INFO detcore::scheduler: [scheduler] >>>>>>>

 NONCOMMIT turn 222, SKIP dettid 3 polling resource Resources { tid: DetPid(3), resources: {InternalIOPolling: W}, poll_attempt: 25, fyi: "readv", signal_interrupt_errno: 512 }
2026-09-10T03:16:10.566835Z  INFO detcore::scheduler: [sched-step5] >>>>>>>

 COMMIT turn 223, dettid 3 using resources {InternalIOPolling: W}, on previously committed 1_767_225_600.065_800_250s DETLOG_RECORD={"schema":1,"event":{"kind":"scheduler_commit","scheduler_turn":223,"virtual_nanoseconds":1767225600065800250,"internal_io_poll":true,"runtime_maps_read":false}}
2026-09-10T03:16:10.566880Z  INFO detcore::scheduler: [scheduler] >>>>>>>

 NONCOMMIT turn 224, SKIP dettid 3 polling resource Resources { tid: DetPid(3), resources: {InternalIOPolling: W}, poll_attempt: 26, fyi: "readv", signal_interrupt_errno: 512 }
2026-09-10T03:16:10.566906Z  INFO detcore::scheduler: [sched-step5] >>>>>>>

 COMMIT turn 225, dettid 3 using resources {InternalIOPolling: W}, on previously committed 1_767_225_600.066_300_250s DETLOG_RECORD={"schema":1,"event":{"kind":"scheduler_commit","scheduler_turn":225,"virtual_nanoseconds":1767225600066300250,"internal_io_poll":true,"runtime_maps_read":false}}
2026-09-10T03:16:10.566952Z  INFO detcore::scheduler: [scheduler] >>>>>>>

 NONCOMMIT turn 226, SKIP dettid 3 polling resource Resources { tid: DetPid(3), resources: {InternalIOPolling: W}, poll_attempt: 27, fyi: "readv", signal_interrupt_errno: 512 }
2026-09-10T03:16:10.566980Z  INFO detcore::scheduler: [sched-step5] >>>>>>>

 COMMIT turn 227, dettid 3 using resources {InternalIOPolling: W}, on previously committed 1_767_225_600.066_800_250s DETLOG_RECORD={"schema":1,"event":{"kind":"scheduler_commit","scheduler_turn":227,"virtual_nanoseconds":1767225600066800250,"internal_io_poll":true,"runtime_maps_read":false}}
2026-09-10T03:16:10.567028Z  INFO detcore::scheduler: [scheduler] >>>>>>>

 NONCOMMIT turn 228, SKIP dettid 3 polling resource Resources { tid: DetPid(3), resources: {InternalIOPolling: W}, poll_attempt: 28, fyi: "readv", signal_interrupt_errno: 512 }
2026-09-10T03:16:10.567055Z  INFO detcore::scheduler: [sched-step5] >>>>>>>

 COMMIT turn 229, dettid 3 using resources {InternalIOPolling: W}, on previously committed 1_767_225_600.067_300_250s DETLOG_RECORD={"schema":1,"event":{"kind":"scheduler_commit","scheduler_turn":229,"virtual_nanoseconds":1767225600067300250,"internal_io_poll":true,"runtime_maps_read":false}}
2026-09-10T03:16:10.567101Z  INFO detcore::scheduler: [scheduler] >>>>>>>

 NONCOMMIT turn 230, SKIP dettid 3 polling resource Resources { tid: DetPid(3), resources: {InternalIOPolling: W}, poll_attempt: 29, fyi: "readv", signal_interrupt_errno: 512 }
2026-09-10T03:16:10.567132Z  INFO detcore::scheduler: [sched-step5] >>>>>>>

 COMMIT turn 231, dettid 3 using resources {InternalIOPolling: W}, on previously committed 1_767_225_600.067_800_250s DETLOG_RECORD={"schema":1,"event":{"kind":"scheduler_commit","scheduler_turn":231,"virtual_nanoseconds":1767225600067800250,"internal_io_poll":true,"runtime_maps_read":false}}
2026-09-10T03:16:10.567179Z  INFO detcore::scheduler: [scheduler] >>>>>>>

 NONCOMMIT turn 232, SKIP dettid 3 polling resource Resources { tid: DetPid(3), resources: {InternalIOPolling: W}, poll_attempt: 30, fyi: "readv", signal_interrupt_errno: 512 }
2026-09-10T03:16:10.567205Z  INFO detcore::scheduler: [sched-step5] >>>>>>>

 COMMIT turn 233, dettid 3 using resources {InternalIOPolling: W}, on previously committed 1_767_225_600.068_300_250s DETLOG_RECORD={"schema":1,"event":{"kind":"scheduler_commit","scheduler_turn":233,"virtual_nanoseconds":1767225600068300250,"internal_io_poll":true,"runtime_maps_read":false}}
2026-09-10T03:16:10.567250Z  INFO detcore::scheduler: [scheduler] >>>>>>>

 NONCOMMIT turn 234, SKIP dettid 3 polling resource Resources { tid: DetPid(3), resources: {InternalIOPolling: W}, poll_attempt: 31, fyi: "readv", signal_interrupt_errno: 512 }
2026-09-10T03:16:10.567276Z  INFO detcore::scheduler: [sched-step5] >>>>>>>

 COMMIT turn 235, dettid 3 using resources {InternalIOPolling: W}, on previously committed 1_767_225_600.068_800_250s DETLOG_RECORD={"schema":1,"event":{"kind":"scheduler_commit","scheduler_turn":235,"virtual_nanoseconds":1767225600068800250,"internal_io_poll":true,"runtime_maps_read":false}}
2026-09-10T03:16:10.567321Z  INFO detcore::scheduler: [scheduler] >>>>>>>

 NONCOMMIT turn 236, SKIP dettid 3 polling resource Resources { tid: DetPid(3), resources: {InternalIOPolling: W}, poll_attempt: 32, fyi: "readv", signal_interrupt_errno: 512 }
2026-09-10T03:16:10.567347Z  INFO detcore::scheduler: [sched-step5] >>>>>>>

 COMMIT turn 237, dettid 3 using resources {InternalIOPolling: W}, on previously committed 1_767_225_600.069_300_250s DETLOG_RECORD={"schema":1,"event":{"kind":"scheduler_commit","scheduler_turn":237,"virtual_nanoseconds":1767225600069300250,"internal_io_poll":true,"runtime_maps_read":false}}
2026-09-10T03:16:10.567393Z  INFO detcore::scheduler: [scheduler] >>>>>>>

 NONCOMMIT turn 238, SKIP dettid 3 polling resource Resources { tid: DetPid(3), resources: {InternalIOPolling: W}, poll_attempt: 33, fyi: "readv", signal_interrupt_errno: 512 }
2026-09-10T03:16:10.567418Z  INFO detcore::scheduler: [sched-step5] >>>>>>>

 COMMIT turn 239, dettid 3 using resources {InternalIOPolling: W}, on previously committed 1_767_225_600.069_800_250s DETLOG_RECORD={"schema":1,"event":{"kind":"scheduler_commit","scheduler_turn":239,"virtual_nanoseconds":1767225600069800250,"internal_io_poll":true,"runtime_maps_read":false}}
2026-09-10T03:16:10.567467Z  INFO detcore::scheduler: [scheduler] >>>>>>>

 NONCOMMIT turn 240, SKIP dettid 3 polling resource Resources { tid: DetPid(3), resources: {InternalIOPolling: W}, poll_attempt: 34, fyi: "readv", signal_interrupt_errno: 512 }
2026-09-10T03:16:10.567495Z  INFO detcore::scheduler: [sched-step5] >>>>>>>

 COMMIT turn 241, dettid 3 using resources {InternalIOPolling: W}, on previously committed 1_767_225_600.070_300_250s DETLOG_RECORD={"schema":1,"event":{"kind":"scheduler_commit","scheduler_turn":241,"virtual_nanoseconds":1767225600070300250,"internal_io_poll":true,"runtime_maps_read":false}}
2026-09-10T03:16:10.567544Z  INFO detcore::scheduler: [scheduler] >>>>>>>

 NONCOMMIT turn 242, SKIP dettid 3 polling resource Resources { tid: DetPid(3), resources: {InternalIOPolling: W}, poll_attempt: 35, fyi: "readv", signal_interrupt_errno: 512 }
2026-09-10T03:16:10.567570Z  INFO detcore::scheduler: [sched-step5] >>>>>>>

 COMMIT turn 243, dettid 3 using resources {InternalIOPolling: W}, on previously committed 1_767_225_600.070_800_250s DETLOG_RECORD={"schema":1,"event":{"kind":"scheduler_commit","scheduler_turn":243,"virtual_nanoseconds":1767225600070800250,"internal_io_poll":true,"runtime_maps_read":false}}
2026-09-10T03:16:10.567615Z  INFO detcore::scheduler: [scheduler] >>>>>>>

 NONCOMMIT turn 244, SKIP dettid 3 polling resource Resources { tid: DetPid(3), resources: {InternalIOPolling: W}, poll_attempt: 36, fyi: "readv", signal_interrupt_errno: 512 }
2026-09-10T03:16:10.567641Z  INFO detcore::scheduler: [sched-step5] >>>>>>>

 COMMIT turn 245, dettid 3 using resources {InternalIOPolling: W}, on previously committed 1_767_225_600.071_300_250s DETLOG_RECORD={"schema":1,"event":{"kind":"scheduler_commit","scheduler_turn":245,"virtual_nanoseconds":1767225600071300250,"internal_io_poll":true,"runtime_maps_read":false}}
2026-09-10T03:16:10.567687Z  INFO detcore::scheduler: [scheduler] >>>>>>>

 NONCOMMIT turn 246, SKIP dettid 3 polling resource Resources { tid: DetPid(3), resources: {InternalIOPolling: W}, poll_attempt: 37, fyi: "readv", signal_interrupt_errno: 512 }
2026-09-10T03:16:10.567713Z  INFO detcore::scheduler: [sched-step5] >>>>>>>

 COMMIT turn 247, dettid 3 using resources {InternalIOPolling: W}, on previously committed 1_767_225_600.071_800_250s DETLOG_RECORD={"schema":1,"event":{"kind":"scheduler_commit","scheduler_turn":247,"virtual_nanoseconds":1767225600071800250,"internal_io_poll":true,"runtime_maps_read":false}}
2026-09-10T03:16:10.567760Z  INFO detcore::scheduler: [scheduler] >>>>>>>

 NONCOMMIT turn 248, SKIP dettid 3 polling resource Resources { tid: DetPid(3), resources: {InternalIOPolling: W}, poll_attempt: 38, fyi: "readv", signal_interrupt_errno: 512 }
2026-09-10T03:16:10.567791Z  INFO detcore::scheduler: [sched-step5] >>>>>>>

 COMMIT turn 249, dettid 3 using resources {InternalIOPolling: W}, on previously committed 1_767_225_600.072_300_250s DETLOG_RECORD={"schema":1,"event":{"kind":"scheduler_commit","scheduler_turn":249,"virtual_nanoseconds":1767225600072300250,"internal_io_poll":true,"runtime_maps_read":false}}
2026-09-10T03:16:10.567854Z  INFO detcore::scheduler: [sched-step5] >>>>>>>

 COMMIT turn 250, dettid 6 using resources {SleepUntil(LogicalTime(1767225600072799750)): W}, on previously committed 1_767_225_600.072_800_250s DETLOG_RECORD={"schema":1,"event":{"kind":"scheduler_commit","scheduler_turn":250,"virtual_nanoseconds":1767225600072800250,"internal_io_poll":false,"runtime_maps_read":false}}
2026-09-10T03:16:10.567897Z  INFO detcore: DETLOG [syscall][detcore, dtid 6] finish syscall #3: clock_nanosleep(CLOCK_REALTIME, 0, 0x1b50e40, 0x1b50e40) = Ok(0) DETLOG_RECORD={"schema":1,"event":{"kind":"syscall_result","finished_syscall_number":3}}
2026-09-10T03:16:10.567947Z  INFO detcore: DETLOG [syscall][detcore, dtid 6] inbound syscall: write(3, 0x1b50e38, 8) = ? DETLOG_RECORD={"schema":1,"event":{"kind":"syscall"}}
2026-09-10T03:16:10.568034Z  INFO detcore::scheduler: [scheduler] >>>>>>>

 NONCOMMIT turn 251, SKIP dettid 3 polling resource Resources { tid: DetPid(3), resources: {InternalIOPolling: W}, poll_attempt: 39, fyi: "readv", signal_interrupt_errno: 512 }
2026-09-10T03:16:10.568071Z  INFO detcore::scheduler: [sched-step5] >>>>>>>

 COMMIT turn 252, dettid 6 using resources {InternalIOPolling: W}, on previously committed 1_767_225_600.073_310_250s DETLOG_RECORD={"schema":1,"event":{"kind":"scheduler_commit","scheduler_turn":252,"virtual_nanoseconds":1767225600073310250,"internal_io_poll":true,"runtime_maps_read":false}}
2026-09-10T03:16:10.568131Z  INFO detcore: DETLOG [syscall][detcore, dtid 6] finish syscall #4: write(3, 0x1b50e38, 8) = Ok(8) DETLOG_RECORD={"schema":1,"event":{"kind":"syscall_result","finished_syscall_number":4}}
2026-09-10T03:16:10.568157Z  INFO detcore::io_buffers: DETLOG [iobuf][dtid 6] write out fd=3 0x1b50e38+8->7c9fa136d4413fa6173637e883b6998d32e1d675f88cddff9dcbcf331820f4b8 DETLOG_RECORD={"schema":1,"event":{"kind":"other"}}
2026-09-10T03:16:10.568191Z  INFO detcore: DETLOG [syscall][detcore, dtid 6] inbound syscall: rt_sigprocmask(0, 0x1b51f30, NULL, 8) = ? DETLOG_RECORD={"schema":1,"event":{"kind":"syscall"}}
2026-09-10T03:16:10.568221Z  INFO detcore: DETLOG [syscall][detcore, dtid 6] finish syscall #5: rt_sigprocmask(0, 0x1b51f30, NULL, 8) = Ok(0) DETLOG_RECORD={"schema":1,"event":{"kind":"syscall_result","finished_syscall_number":5}}
2026-09-10T03:16:10.568242Z  INFO detcore: DETLOG [syscall][detcore, dtid 6] inbound syscall: madvise(0x1351000, 8368128, 4) = ? DETLOG_RECORD={"schema":1,"event":{"kind":"syscall"}}
2026-09-10T03:16:10.568257Z  INFO detcore::syscalls::memory: DETLOG [dtid 6] madvise advice 4 is unsupported by this backend DETLOG_RECORD={"schema":1,"event":{"kind":"other"}}
2026-09-10T03:16:10.568267Z  INFO detcore: DETLOG [syscall][detcore, dtid 6] finish syscall #6: madvise(0x1351000, 8368128, 4) = Err(Errno(ENOSYS)) DETLOG_RECORD={"schema":1,"event":{"kind":"syscall_result","finished_syscall_number":6}}
2026-09-10T03:16:10.568289Z  INFO detcore: DETLOG [syscall][detcore, dtid 6] inbound syscall: exit(0) = ? DETLOG_RECORD={"schema":1,"event":{"kind":"syscall"}}
2026-09-10T03:16:10.568348Z  INFO detcore::scheduler: [sched-step5] >>>>>>>

 COMMIT turn 253, dettid 6 using resources {Exit { group: false, process: DetPid(3), mm: MmId { creator: DetPid(3), generation: 1 } }: RW}, on previously committed 1_767_225_600.074_070_500s DETLOG_RECORD={"schema":1,"event":{"kind":"scheduler_commit","scheduler_turn":253,"virtual_nanoseconds":1767225600074070500,"internal_io_poll":false,"runtime_maps_read":false}}
2026-09-10T03:16:10.568444Z  INFO detcore::scheduler: logically_kill: Scheduler removing all knowledge of [det]tid 6 in pid 3..
2026-09-10T03:16:10.568507Z  INFO detcore::scheduler: [sched-step5] >>>>>>>

 COMMIT turn 254, dettid 3 using resources {InternalIOPolling: W}, on previously committed 1_767_225_600.074_570_500s DETLOG_RECORD={"schema":1,"event":{"kind":"scheduler_commit","scheduler_turn":254,"virtual_nanoseconds":1767225600074570500,"internal_io_poll":true,"runtime_maps_read":false}}
2026-09-10T03:16:10.568606Z  INFO detcore: DETLOG [syscall][detcore, dtid 3] finish syscall #182: readv(3, 0x3fffeb70, 2) = Ok(8) DETLOG_RECORD={"schema":1,"event":{"kind":"syscall_result","finished_syscall_number":182}}
2026-09-10T03:16:10.568633Z  INFO detcore::io_buffers: DETLOG [iobuf][dtid 3] readv in fd=3 0x3fffeb54+4->67abdd721024f0ff4e0b3f4c2fc13bc5bad42d0b7851d456d88d203d15aaa450 DETLOG_RECORD={"schema":1,"event":{"kind":"other"}}
2026-09-10T03:16:10.568648Z  INFO detcore::io_buffers: DETLOG [iobuf][dtid 3] readv in fd=3 0x3fffeb58+4->df3f619804a92fdb4057192dc43dd748ea778adc52bc498ce80524c014b81119 DETLOG_RECORD={"schema":1,"event":{"kind":"other"}}
2026-09-10T03:16:10.568696Z  INFO detcore: DETLOG [syscall][detcore, dtid 3] inbound syscall: futex(0x1b51910, 265, 6, NULL, NULL, -1) = ? DETLOG_RECORD={"schema":1,"event":{"kind":"syscall"}}
2026-09-10T03:16:10.568733Z  INFO detcore: DETLOG [syscall][detcore, dtid 3] finish syscall #183: futex(0x1b51910, 265, 6, NULL, NULL, -1) = Ok(0) DETLOG_RECORD={"schema":1,"event":{"kind":"syscall_result","finished_syscall_number":183}}
2026-09-10T03:16:10.568765Z  INFO detcore: DETLOG [syscall][detcore, dtid 3] inbound syscall: futex(0x1b51910, 265, 6, NULL, NULL, -1) = ? DETLOG_RECORD={"schema":1,"event":{"kind":"syscall"}}
2026-09-10T03:16:10.568791Z  INFO detcore: DETLOG [syscall][detcore, dtid 3] finish syscall #184: futex(0x1b51910, 265, 6, NULL, NULL, -1) = Ok(0) DETLOG_RECORD={"schema":1,"event":{"kind":"syscall_result","finished_syscall_number":184}}
2026-09-10T03:16:10.568816Z  INFO detcore: DETLOG [syscall][detcore, dtid 3] inbound syscall: futex(0x1b51910, 265, 6, NULL, NULL, -1) = ? DETLOG_RECORD={"schema":1,"event":{"kind":"syscall"}}
2026-09-10T03:16:10.568834Z  INFO detcore: DETLOG [syscall][detcore, dtid 3] finish syscall #185: futex(0x1b51910, 265, 6, NULL, NULL, -1) = Ok(0) DETLOG_RECORD={"schema":1,"event":{"kind":"syscall_result","finished_syscall_number":185}}
2026-09-10T03:16:10.568859Z  INFO detcore: DETLOG [syscall][detcore, dtid 3] inbound syscall: futex(0x1b51910, 265, 6, NULL, NULL, -1) = ? DETLOG_RECORD={"schema":1,"event":{"kind":"syscall"}}
2026-09-10T03:16:10.568876Z  INFO detcore: DETLOG [syscall][detcore, dtid 3] finish syscall #186: futex(0x1b51910, 265, 6, NULL, NULL, -1) = Ok(0) DETLOG_RECORD={"schema":1,"event":{"kind":"syscall_result","finished_syscall_number":186}}
2026-09-10T03:16:10.568900Z  INFO detcore: DETLOG [syscall][detcore, dtid 3] inbound syscall: futex(0x1b51910, 265, 6, NULL, NULL, -1) = ? DETLOG_RECORD={"schema":1,"event":{"kind":"syscall"}}
2026-09-10T03:16:10.568918Z  INFO detcore: DETLOG [syscall][detcore, dtid 3] finish syscall #187: futex(0x1b51910, 265, 6, NULL, NULL, -1) = Ok(0) DETLOG_RECORD={"schema":1,"event":{"kind":"syscall_result","finished_syscall_number":187}}
2026-09-10T03:16:10.568942Z  INFO detcore: DETLOG [syscall][detcore, dtid 3] inbound syscall: futex(0x1b51910, 265, 6, NULL, NULL, -1) = ? DETLOG_RECORD={"schema":1,"event":{"kind":"syscall"}}
2026-09-10T03:16:10.568959Z  INFO detcore: DETLOG [syscall][detcore, dtid 3] finish syscall #188: futex(0x1b51910, 265, 6, NULL, NULL, -1) = Ok(0) DETLOG_RECORD={"schema":1,"event":{"kind":"syscall_result","finished_syscall_number":188}}
2026-09-10T03:16:10.568984Z  INFO detcore: DETLOG [syscall][detcore, dtid 3] inbound syscall: futex(0x1b51910, 265, 6, NULL, NULL, -1) = ? DETLOG_RECORD={"schema":1,"event":{"kind":"syscall"}}
2026-09-10T03:16:10.569001Z  INFO detcore: DETLOG [syscall][detcore, dtid 3] finish syscall #189: futex(0x1b51910, 265, 6, NULL, NULL, -1) = Ok(0) DETLOG_RECORD={"schema":1,"event":{"kind":"syscall_result","finished_syscall_number":189}}
2026-09-10T03:16:10.569025Z  INFO detcore: DETLOG [syscall][detcore, dtid 3] inbound syscall: futex(0x1b51910, 265, 6, NULL, NULL, -1) = ? DETLOG_RECORD={"schema":1,"event":{"kind":"syscall"}}
2026-09-10T03:16:10.569043Z  INFO detcore: DETLOG [syscall][detcore, dtid 3] finish syscall #190: futex(0x1b51910, 265, 6, NULL, NULL, -1) = Ok(0) DETLOG_RECORD={"schema":1,"event":{"kind":"syscall_result","finished_syscall_number":190}}
2026-09-10T03:16:10.569067Z  INFO detcore: DETLOG [syscall][detcore, dtid 3] inbound syscall: futex(0x1b51910, 265, 6, NULL, NULL, -1) = ? DETLOG_RECORD={"schema":1,"event":{"kind":"syscall"}}
2026-09-10T03:16:10.569084Z  INFO detcore: DETLOG [syscall][detcore, dtid 3] finish syscall #191: futex(0x1b51910, 265, 6, NULL, NULL, -1) = Ok(0) DETLOG_RECORD={"schema":1,"event":{"kind":"syscall_result","finished_syscall_number":191}}
2026-09-10T03:16:10.569108Z  INFO detcore: DETLOG [syscall][detcore, dtid 3] inbound syscall: futex(0x1b51910, 265, 6, NULL, NULL, -1) = ? DETLOG_RECORD={"schema":1,"event":{"kind":"syscall"}}
2026-09-10T03:16:10.569126Z  INFO detcore: DETLOG [syscall][detcore, dtid 3] finish syscall #192: futex(0x1b51910, 265, 6, NULL, NULL, -1) = Ok(0) DETLOG_RECORD={"schema":1,"event":{"kind":"syscall_result","finished_syscall_number":192}}
2026-09-10T03:16:10.569151Z  INFO detcore: DETLOG [syscall][detcore, dtid 3] inbound syscall: futex(0x1b51910, 265, 6, NULL, NULL, -1) = ? DETLOG_RECORD={"schema":1,"event":{"kind":"syscall"}}
2026-09-10T03:16:10.569170Z  INFO detcore: DETLOG [syscall][detcore, dtid 3] finish syscall #193: futex(0x1b51910, 265, 6, NULL, NULL, -1) = Ok(0) DETLOG_RECORD={"schema":1,"event":{"kind":"syscall_result","finished_syscall_number":193}}
2026-09-10T03:16:10.569194Z  INFO detcore: DETLOG [syscall][detcore, dtid 3] inbound syscall: futex(0x1b51910, 265, 6, NULL, NULL, -1) = ? DETLOG_RECORD={"schema":1,"event":{"kind":"syscall"}}
2026-09-10T03:16:10.569211Z  INFO detcore: DETLOG [syscall][detcore, dtid 3] finish syscall #194: futex(0x1b51910, 265, 6, NULL, NULL, -1) = Ok(0) DETLOG_RECORD={"schema":1,"event":{"kind":"syscall_result","finished_syscall_number":194}}
2026-09-10T03:16:10.569236Z  INFO detcore: DETLOG [syscall][detcore, dtid 3] inbound syscall: futex(0x1b51910, 265, 6, NULL, NULL, -1) = ? DETLOG_RECORD={"schema":1,"event":{"kind":"syscall"}}
2026-09-10T03:16:10.569253Z  INFO detcore: DETLOG [syscall][detcore, dtid 3] finish syscall #195: futex(0x1b51910, 265, 6, NULL, NULL, -1) = Ok(0) DETLOG_RECORD={"schema":1,"event":{"kind":"syscall_result","finished_syscall_number":195}}
2026-09-10T03:16:10.569278Z  INFO detcore: DETLOG [syscall][detcore, dtid 3] inbound syscall: futex(0x1b51910, 265, 6, NULL, NULL, -1) = ? DETLOG_RECORD={"schema":1,"event":{"kind":"syscall"}}
2026-09-10T03:16:10.569295Z  INFO detcore: DETLOG [syscall][detcore, dtid 3] finish syscall #196: futex(0x1b51910, 265, 6, NULL, NULL, -1) = Ok(0) DETLOG_RECORD={"schema":1,"event":{"kind":"syscall_result","finished_syscall_number":196}}
2026-09-10T03:16:10.569319Z  INFO detcore: DETLOG [syscall][detcore, dtid 3] inbound syscall: futex(0x1b51910, 265, 6, NULL, NULL, -1) = ? DETLOG_RECORD={"schema":1,"event":{"kind":"syscall"}}
2026-09-10T03:16:10.569336Z  INFO detcore: DETLOG [syscall][detcore, dtid 3] finish syscall #197: futex(0x1b51910, 265, 6, NULL, NULL, -1) = Ok(0) DETLOG_RECORD={"schema":1,"event":{"kind":"syscall_result","finished_syscall_number":197}}
2026-09-10T03:16:10.569361Z  INFO detcore: DETLOG [syscall][detcore, dtid 3] inbound syscall: futex(0x1b51910, 265, 6, NULL, NULL, -1) = ? DETLOG_RECORD={"schema":1,"event":{"kind":"syscall"}}
2026-09-10T03:16:10.569378Z  INFO detcore: DETLOG [syscall][detcore, dtid 3] finish syscall #198: futex(0x1b51910, 265, 6, NULL, NULL, -1) = Ok(0) DETLOG_RECORD={"schema":1,"event":{"kind":"syscall_result","finished_syscall_number":198}}
2026-09-10T03:16:10.569402Z  INFO detcore: DETLOG [syscall][detcore, dtid 3] inbound syscall: futex(0x1b51910, 265, 6, NULL, NULL, -1) = ? DETLOG_RECORD={"schema":1,"event":{"kind":"syscall"}}
2026-09-10T03:16:10.569419Z  INFO detcore: DETLOG [syscall][detcore, dtid 3] finish syscall #199: futex(0x1b51910, 265, 6, NULL, NULL, -1) = Ok(0) DETLOG_RECORD={"schema":1,"event":{"kind":"syscall_result","finished_syscall_number":199}}
2026-09-10T03:16:10.569443Z  INFO detcore: DETLOG [syscall][detcore, dtid 3] inbound syscall: futex(0x1b51910, 265, 6, NULL, NULL, -1) = ? DETLOG_RECORD={"schema":1,"event":{"kind":"syscall"}}
2026-09-10T03:16:10.569460Z  INFO detcore: DETLOG [syscall][detcore, dtid 3] finish syscall #200: futex(0x1b51910, 265, 6, NULL, NULL, -1) = Ok(0) DETLOG_RECORD={"schema":1,"event":{"kind":"syscall_result","finished_syscall_number":200}}
2026-09-10T03:16:10.569484Z  INFO detcore: DETLOG [syscall][detcore, dtid 3] inbound syscall: futex(0x1b51910, 265, 6, NULL, NULL, -1) = ? DETLOG_RECORD={"schema":1,"event":{"kind":"syscall"}}
2026-09-10T03:16:10.569501Z  INFO detcore: DETLOG [syscall][detcore, dtid 3] finish syscall #201: futex(0x1b51910, 265, 6, NULL, NULL, -1) = Ok(0) DETLOG_RECORD={"schema":1,"event":{"kind":"syscall_result","finished_syscall_number":201}}
2026-09-10T03:16:10.569526Z  INFO detcore: DETLOG [syscall][detcore, dtid 3] inbound syscall: futex(0x1b51910, 265, 6, NULL, NULL, -1) = ? DETLOG_RECORD={"schema":1,"event":{"kind":"syscall"}}
2026-09-10T03:16:10.569544Z  INFO detcore: DETLOG [syscall][detcore, dtid 3] finish syscall #202: futex(0x1b51910, 265, 6, NULL, NULL, -1) = Ok(0) DETLOG_RECORD={"schema":1,"event":{"kind":"syscall_result","finished_syscall_number":202}}
2026-09-10T03:16:10.569569Z  INFO detcore: DETLOG [syscall][detcore, dtid 3] inbound syscall: futex(0x1b51910, 265, 6, NULL, NULL, -1) = ? DETLOG_RECORD={"schema":1,"event":{"kind":"syscall"}}
2026-09-10T03:16:10.569586Z  INFO detcore: DETLOG [syscall][detcore, dtid 3] finish syscall #203: futex(0x1b51910, 265, 6, NULL, NULL, -1) = Ok(0) DETLOG_RECORD={"schema":1,"event":{"kind":"syscall_result","finished_syscall_number":203}}
2026-09-10T03:16:10.569611Z  INFO detcore: DETLOG [syscall][detcore, dtid 3] inbound syscall: futex(0x1b51910, 265, 6, NULL, NULL, -1) = ? DETLOG_RECORD={"schema":1,"event":{"kind":"syscall"}}
2026-09-10T03:16:10.569627Z  INFO detcore: DETLOG [syscall][detcore, dtid 3] finish syscall #204: futex(0x1b51910, 265, 6, NULL, NULL, -1) = Ok(0) DETLOG_RECORD={"schema":1,"event":{"kind":"syscall_result","finished_syscall_number":204}}
2026-09-10T03:16:10.569652Z  INFO detcore: DETLOG [syscall][detcore, dtid 3] inbound syscall: futex(0x1b51910, 265, 6, NULL, NULL, -1) = ? DETLOG_RECORD={"schema":1,"event":{"kind":"syscall"}}
2026-09-10T03:16:10.569669Z  INFO detcore: DETLOG [syscall][detcore, dtid 3] finish syscall #205: futex(0x1b51910, 265, 6, NULL, NULL, -1) = Ok(0) DETLOG_RECORD={"schema":1,"event":{"kind":"syscall_result","finished_syscall_number":205}}
2026-09-10T03:16:10.569693Z  INFO detcore: DETLOG [syscall][detcore, dtid 3] inbound syscall: futex(0x1b51910, 265, 6, NULL, NULL, -1) = ? DETLOG_RECORD={"schema":1,"event":{"kind":"syscall"}}
2026-09-10T03:16:10.569710Z  INFO detcore: DETLOG [syscall][detcore, dtid 3] finish syscall #206: futex(0x1b51910, 265, 6, NULL, NULL, -1) = Ok(0) DETLOG_RECORD={"schema":1,"event":{"kind":"syscall_result","finished_syscall_number":206}}
2026-09-10T03:16:10.569734Z  INFO detcore: DETLOG [syscall][detcore, dtid 3] inbound syscall: futex(0x1b51910, 265, 6, NULL, NULL, -1) = ? DETLOG_RECORD={"schema":1,"event":{"kind":"syscall"}}
2026-09-10T03:16:10.569751Z  INFO detcore: DETLOG [syscall][detcore, dtid 3] finish syscall #207: futex(0x1b51910, 265, 6, NULL, NULL, -1) = Ok(0) DETLOG_RECORD={"schema":1,"event":{"kind":"syscall_result","finished_syscall_number":207}}
2026-09-10T03:16:10.569780Z  INFO detcore: DETLOG [syscall][detcore, dtid 3] inbound syscall: futex(0x1b51910, 265, 6, NULL, NULL, -1) = ? DETLOG_RECORD={"schema":1,"event":{"kind":"syscall"}}
2026-09-10T03:16:10.569798Z  INFO detcore: DETLOG [syscall][detcore, dtid 3] finish syscall #208: futex(0x1b51910, 265, 6, NULL, NULL, -1) = Ok(0) DETLOG_RECORD={"schema":1,"event":{"kind":"syscall_result","finished_syscall_number":208}}
2026-09-10T03:16:10.569822Z  INFO detcore: DETLOG [syscall][detcore, dtid 3] inbound syscall: futex(0x1b51910, 265, 6, NULL, NULL, -1) = ? DETLOG_RECORD={"schema":1,"event":{"kind":"syscall"}}
2026-09-10T03:16:10.569839Z  INFO detcore: DETLOG [syscall][detcore, dtid 3] finish syscall #209: futex(0x1b51910, 265, 6, NULL, NULL, -1) = Ok(0) DETLOG_RECORD={"schema":1,"event":{"kind":"syscall_result","finished_syscall_number":209}}
2026-09-10T03:16:10.569864Z  INFO detcore: DETLOG [syscall][detcore, dtid 3] inbound syscall: futex(0x1b51910, 265, 6, NULL, NULL, -1) = ? DETLOG_RECORD={"schema":1,"event":{"kind":"syscall"}}
2026-09-10T03:16:10.569881Z  INFO detcore: DETLOG [syscall][detcore, dtid 3] finish syscall #210: futex(0x1b51910, 265, 6, NULL, NULL, -1) = Ok(0) DETLOG_RECORD={"schema":1,"event":{"kind":"syscall_result","finished_syscall_number":210}}
2026-09-10T03:16:10.569905Z  INFO detcore: DETLOG [syscall][detcore, dtid 3] inbound syscall: futex(0x1b51910, 265, 6, NULL, NULL, -1) = ? DETLOG_RECORD={"schema":1,"event":{"kind":"syscall"}}
2026-09-10T03:16:10.569923Z  INFO detcore: DETLOG [syscall][detcore, dtid 3] finish syscall #211: futex(0x1b51910, 265, 6, NULL, NULL, -1) = Ok(0) DETLOG_RECORD={"schema":1,"event":{"kind":"syscall_result","finished_syscall_number":211}}
2026-09-10T03:16:10.569948Z  INFO detcore: DETLOG [syscall][detcore, dtid 3] inbound syscall: futex(0x1b51910, 265, 6, NULL, NULL, -1) = ? DETLOG_RECORD={"schema":1,"event":{"kind":"syscall"}}
2026-09-10T03:16:10.569966Z  INFO detcore: DETLOG [syscall][detcore, dtid 3] finish syscall #212: futex(0x1b51910, 265, 6, NULL, NULL, -1) = Ok(0) DETLOG_RECORD={"schema":1,"event":{"kind":"syscall_result","finished_syscall_number":212}}
2026-09-10T03:16:10.569991Z  INFO detcore: DETLOG [syscall][detcore, dtid 3] inbound syscall: futex(0x1b51910, 265, 6, NULL, NULL, -1) = ? DETLOG_RECORD={"schema":1,"event":{"kind":"syscall"}}
2026-09-10T03:16:10.570008Z  INFO detcore: DETLOG [syscall][detcore, dtid 3] finish syscall #213: futex(0x1b51910, 265, 6, NULL, NULL, -1) = Ok(0) DETLOG_RECORD={"schema":1,"event":{"kind":"syscall_result","finished_syscall_number":213}}
2026-09-10T03:16:10.570032Z  INFO detcore: DETLOG [syscall][detcore, dtid 3] inbound syscall: futex(0x1b51910, 265, 6, NULL, NULL, -1) = ? DETLOG_RECORD={"schema":1,"event":{"kind":"syscall"}}
2026-09-10T03:16:10.570049Z  INFO detcore: DETLOG [syscall][detcore, dtid 3] finish syscall #214: futex(0x1b51910, 265, 6, NULL, NULL, -1) = Ok(0) DETLOG_RECORD={"schema":1,"event":{"kind":"syscall_result","finished_syscall_number":214}}
2026-09-10T03:16:10.570073Z  INFO detcore: DETLOG [syscall][detcore, dtid 3] inbound syscall: futex(0x1b51910, 265, 6, NULL, NULL, -1) = ? DETLOG_RECORD={"schema":1,"event":{"kind":"syscall"}}
2026-09-10T03:16:10.570090Z  INFO detcore: DETLOG [syscall][detcore, dtid 3] finish syscall #215: futex(0x1b51910, 265, 6, NULL, NULL, -1) = Ok(0) DETLOG_RECORD={"schema":1,"event":{"kind":"syscall_result","finished_syscall_number":215}}
2026-09-10T03:16:10.570114Z  INFO detcore: DETLOG [syscall][detcore, dtid 3] inbound syscall: futex(0x1b51910, 265, 6, NULL, NULL, -1) = ? DETLOG_RECORD={"schema":1,"event":{"kind":"syscall"}}
2026-09-10T03:16:10.570132Z  INFO detcore: DETLOG [syscall][detcore, dtid 3] finish syscall #216: futex(0x1b51910, 265, 6, NULL, NULL, -1) = Ok(0) DETLOG_RECORD={"schema":1,"event":{"kind":"syscall_result","finished_syscall_number":216}}
2026-09-10T03:16:10.570156Z  INFO detcore: DETLOG [syscall][detcore, dtid 3] inbound syscall: futex(0x1b51910, 265, 6, NULL, NULL, -1) = ? DETLOG_RECORD={"schema":1,"event":{"kind":"syscall"}}
2026-09-10T03:16:10.570173Z  INFO detcore: DETLOG [syscall][detcore, dtid 3] finish syscall #217: futex(0x1b51910, 265, 6, NULL, NULL, -1) = Ok(0) DETLOG_RECORD={"schema":1,"event":{"kind":"syscall_result","finished_syscall_number":217}}
2026-09-10T03:16:10.570197Z  INFO detcore: DETLOG [syscall][detcore, dtid 3] inbound syscall: futex(0x1b51910, 265, 6, NULL, NULL, -1) = ? DETLOG_RECORD={"schema":1,"event":{"kind":"syscall"}}
2026-09-10T03:16:10.570214Z  INFO detcore: DETLOG [syscall][detcore, dtid 3] finish syscall #218: futex(0x1b51910, 265, 6, NULL, NULL, -1) = Ok(0) DETLOG_RECORD={"schema":1,"event":{"kind":"syscall_result","finished_syscall_number":218}}
2026-09-10T03:16:10.570238Z  INFO detcore: DETLOG [syscall][detcore, dtid 3] inbound syscall: futex(0x1b51910, 265, 6, NULL, NULL, -1) = ? DETLOG_RECORD={"schema":1,"event":{"kind":"syscall"}}
2026-09-10T03:16:10.570255Z  INFO detcore: DETLOG [syscall][detcore, dtid 3] finish syscall #219: futex(0x1b51910, 265, 6, NULL, NULL, -1) = Ok(0) DETLOG_RECORD={"schema":1,"event":{"kind":"syscall_result","finished_syscall_number":219}}
2026-09-10T03:16:10.570280Z  INFO detcore: DETLOG [syscall][detcore, dtid 3] inbound syscall: futex(0x1b51910, 265, 6, NULL, NULL, -1) = ? DETLOG_RECORD={"schema":1,"event":{"kind":"syscall"}}
2026-09-10T03:16:10.570297Z  INFO detcore: DETLOG [syscall][detcore, dtid 3] finish syscall #220: futex(0x1b51910, 265, 6, NULL, NULL, -1) = Ok(0) DETLOG_RECORD={"schema":1,"event":{"kind":"syscall_result","finished_syscall_number":220}}
2026-09-10T03:16:10.570321Z  INFO detcore: DETLOG [syscall][detcore, dtid 3] inbound syscall: futex(0x1b51910, 265, 6, NULL, NULL, -1) = ? DETLOG_RECORD={"schema":1,"event":{"kind":"syscall"}}
2026-09-10T03:16:10.570339Z  INFO detcore: DETLOG [syscall][detcore, dtid 3] finish syscall #221: futex(0x1b51910, 265, 6, NULL, NULL, -1) = Ok(0) DETLOG_RECORD={"schema":1,"event":{"kind":"syscall_result","finished_syscall_number":221}}
2026-09-10T03:16:10.570365Z  INFO detcore: DETLOG [syscall][detcore, dtid 3] inbound syscall: futex(0x1b51910, 265, 6, NULL, NULL, -1) = ? DETLOG_RECORD={"schema":1,"event":{"kind":"syscall"}}
2026-09-10T03:16:10.570382Z  INFO detcore: DETLOG [syscall][detcore, dtid 3] finish syscall #222: futex(0x1b51910, 265, 6, NULL, NULL, -1) = Ok(0) DETLOG_RECORD={"schema":1,"event":{"kind":"syscall_result","finished_syscall_number":222}}
2026-09-10T03:16:10.570406Z  INFO detcore: DETLOG [syscall][detcore, dtid 3] inbound syscall: futex(0x1b51910, 265, 6, NULL, NULL, -1) = ? DETLOG_RECORD={"schema":1,"event":{"kind":"syscall"}}
2026-09-10T03:16:10.570424Z  INFO detcore: DETLOG [syscall][detcore, dtid 3] finish syscall #223: futex(0x1b51910, 265, 6, NULL, NULL, -1) = Ok(0) DETLOG_RECORD={"schema":1,"event":{"kind":"syscall_result","finished_syscall_number":223}}
2026-09-10T03:16:10.570448Z  INFO detcore: DETLOG [syscall][detcore, dtid 3] inbound syscall: futex(0x1b51910, 265, 6, NULL, NULL, -1) = ? DETLOG_RECORD={"schema":1,"event":{"kind":"syscall"}}
2026-09-10T03:16:10.570465Z  INFO detcore: DETLOG [syscall][detcore, dtid 3] finish syscall #224: futex(0x1b51910, 265, 6, NULL, NULL, -1) = Ok(0) DETLOG_RECORD={"schema":1,"event":{"kind":"syscall_result","finished_syscall_number":224}}
2026-09-10T03:16:10.570489Z  INFO detcore: DETLOG [syscall][detcore, dtid 3] inbound syscall: futex(0x1b51910, 265, 6, NULL, NULL, -1) = ? DETLOG_RECORD={"schema":1,"event":{"kind":"syscall"}}
2026-09-10T03:16:10.570506Z  INFO detcore: DETLOG [syscall][detcore, dtid 3] finish syscall #225: futex(0x1b51910, 265, 6, NULL, NULL, -1) = Ok(0) DETLOG_RECORD={"schema":1,"event":{"kind":"syscall_result","finished_syscall_number":225}}
2026-09-10T03:16:10.570530Z  INFO detcore: DETLOG [syscall][detcore, dtid 3] inbound syscall: futex(0x1b51910, 265, 6, NULL, NULL, -1) = ? DETLOG_RECORD={"schema":1,"event":{"kind":"syscall"}}
2026-09-10T03:16:10.570547Z  INFO detcore: DETLOG [syscall][detcore, dtid 3] finish syscall #226: futex(0x1b51910, 265, 6, NULL, NULL, -1) = Ok(0) DETLOG_RECORD={"schema":1,"event":{"kind":"syscall_result","finished_syscall_number":226}}
2026-09-10T03:16:10.570572Z  INFO detcore: DETLOG [syscall][detcore, dtid 3] inbound syscall: futex(0x1b51910, 265, 6, NULL, NULL, -1) = ? DETLOG_RECORD={"schema":1,"event":{"kind":"syscall"}}
2026-09-10T03:16:10.570589Z  INFO detcore: DETLOG [syscall][detcore, dtid 3] finish syscall #227: futex(0x1b51910, 265, 6, NULL, NULL, -1) = Ok(0) DETLOG_RECORD={"schema":1,"event":{"kind":"syscall_result","finished_syscall_number":227}}
2026-09-10T03:16:10.570613Z  INFO detcore: DETLOG [syscall][detcore, dtid 3] inbound syscall: futex(0x1b51910, 265, 6, NULL, NULL, -1) = ? DETLOG_RECORD={"schema":1,"event":{"kind":"syscall"}}
2026-09-10T03:16:10.570631Z  INFO detcore: DETLOG [syscall][detcore, dtid 3] finish syscall #228: futex(0x1b51910, 265, 6, NULL, NULL, -1) = Ok(0) DETLOG_RECORD={"schema":1,"event":{"kind":"syscall_result","finished_syscall_number":228}}
2026-09-10T03:16:10.570655Z  INFO detcore: DETLOG [syscall][detcore, dtid 3] inbound syscall: futex(0x1b51910, 265, 6, NULL, NULL, -1) = ? DETLOG_RECORD={"schema":1,"event":{"kind":"syscall"}}
2026-09-10T03:16:10.570672Z  INFO detcore: DETLOG [syscall][detcore, dtid 3] finish syscall #229: futex(0x1b51910, 265, 6, NULL, NULL, -1) = Ok(0) DETLOG_RECORD={"schema":1,"event":{"kind":"syscall_result","finished_syscall_number":229}}
2026-09-10T03:16:10.570696Z  INFO detcore: DETLOG [syscall][detcore, dtid 3] inbound syscall: futex(0x1b51910, 265, 6, NULL, NULL, -1) = ? DETLOG_RECORD={"schema":1,"event":{"kind":"syscall"}}
2026-09-10T03:16:10.570713Z  INFO detcore: DETLOG [syscall][detcore, dtid 3] finish syscall #230: futex(0x1b51910, 265, 6, NULL, NULL, -1) = Ok(0) DETLOG_RECORD={"schema":1,"event":{"kind":"syscall_result","finished_syscall_number":230}}
2026-09-10T03:16:10.570739Z  INFO detcore: DETLOG [syscall][detcore, dtid 3] inbound syscall: futex(0x1b51910, 265, 6, NULL, NULL, -1) = ? DETLOG_RECORD={"schema":1,"event":{"kind":"syscall"}}
2026-09-10T03:16:10.570757Z  INFO detcore: DETLOG [syscall][detcore, dtid 3] finish syscall #231: futex(0x1b51910, 265, 6, NULL, NULL, -1) = Ok(0) DETLOG_RECORD={"schema":1,"event":{"kind":"syscall_result","finished_syscall_number":231}}
2026-09-10T03:16:10.570789Z  INFO detcore: DETLOG [syscall][detcore, dtid 3] inbound syscall: futex(0x1b51910, 265, 6, NULL, NULL, -1) = ? DETLOG_RECORD={"schema":1,"event":{"kind":"syscall"}}
2026-09-10T03:16:10.570806Z  INFO detcore: DETLOG [syscall][detcore, dtid 3] finish syscall #232: futex(0x1b51910, 265, 6, NULL, NULL, -1) = Ok(0) DETLOG_RECORD={"schema":1,"event":{"kind":"syscall_result","finished_syscall_number":232}}
2026-09-10T03:16:10.570831Z  INFO detcore: DETLOG [syscall][detcore, dtid 3] inbound syscall: futex(0x1b51910, 265, 6, NULL, NULL, -1) = ? DETLOG_RECORD={"schema":1,"event":{"kind":"syscall"}}
2026-09-10T03:16:10.570848Z  INFO detcore: DETLOG [syscall][detcore, dtid 3] finish syscall #233: futex(0x1b51910, 265, 6, NULL, NULL, -1) = Ok(0) DETLOG_RECORD={"schema":1,"event":{"kind":"syscall_result","finished_syscall_number":233}}
2026-09-10T03:16:10.570873Z  INFO detcore: DETLOG [syscall][detcore, dtid 3] inbound syscall: futex(0x1b51910, 265, 6, NULL, NULL, -1) = ? DETLOG_RECORD={"schema":1,"event":{"kind":"syscall"}}
2026-09-10T03:16:10.570890Z  INFO detcore: DETLOG [syscall][detcore, dtid 3] finish syscall #234: futex(0x1b51910, 265, 6, NULL, NULL, -1) = Ok(0) DETLOG_RECORD={"schema":1,"event":{"kind":"syscall_result","finished_syscall_number":234}}
2026-09-10T03:16:10.570914Z  INFO detcore: DETLOG [syscall][detcore, dtid 3] inbound syscall: futex(0x1b51910, 265, 6, NULL, NULL, -1) = ? DETLOG_RECORD={"schema":1,"event":{"kind":"syscall"}}
2026-09-10T03:16:10.570932Z  INFO detcore: DETLOG [syscall][detcore, dtid 3] finish syscall #235: futex(0x1b51910, 265, 6, NULL, NULL, -1) = Ok(0) DETLOG_RECORD={"schema":1,"event":{"kind":"syscall_result","finished_syscall_number":235}}
2026-09-10T03:16:10.570956Z  INFO detcore: DETLOG [syscall][detcore, dtid 3] inbound syscall: futex(0x1b51910, 265, 6, NULL, NULL, -1) = ? DETLOG_RECORD={"schema":1,"event":{"kind":"syscall"}}
2026-09-10T03:16:10.570973Z  INFO detcore: DETLOG [syscall][detcore, dtid 3] finish syscall #236: futex(0x1b51910, 265, 6, NULL, NULL, -1) = Ok(0) DETLOG_RECORD={"schema":1,"event":{"kind":"syscall_result","finished_syscall_number":236}}
2026-09-10T03:16:10.570997Z  INFO detcore: DETLOG [syscall][detcore, dtid 3] inbound syscall: futex(0x1b51910, 265, 6, NULL, NULL, -1) = ? DETLOG_RECORD={"schema":1,"event":{"kind":"syscall"}}
2026-09-10T03:16:10.571014Z  INFO detcore: DETLOG [syscall][detcore, dtid 3] finish syscall #237: futex(0x1b51910, 265, 6, NULL, NULL, -1) = Ok(0) DETLOG_RECORD={"schema":1,"event":{"kind":"syscall_result","finished_syscall_number":237}}
2026-09-10T03:16:10.571039Z  INFO detcore: DETLOG [syscall][detcore, dtid 3] inbound syscall: futex(0x1b51910, 265, 6, NULL, NULL, -1) = ? DETLOG_RECORD={"schema":1,"event":{"kind":"syscall"}}
2026-09-10T03:16:10.571056Z  INFO detcore: DETLOG [syscall][detcore, dtid 3] finish syscall #238: futex(0x1b51910, 265, 6, NULL, NULL, -1) = Ok(0) DETLOG_RECORD={"schema":1,"event":{"kind":"syscall_result","finished_syscall_number":238}}
2026-09-10T03:16:10.571081Z  INFO detcore: DETLOG [syscall][detcore, dtid 3] inbound syscall: futex(0x1b51910, 265, 6, NULL, NULL, -1) = ? DETLOG_RECORD={"schema":1,"event":{"kind":"syscall"}}
2026-09-10T03:16:10.571098Z  INFO detcore: DETLOG [syscall][detcore, dtid 3] finish syscall #239: futex(0x1b51910, 265, 6, NULL, NULL, -1) = Ok(0) DETLOG_RECORD={"schema":1,"event":{"kind":"syscall_result","finished_syscall_number":239}}
2026-09-10T03:16:10.571122Z  INFO detcore: DETLOG [syscall][detcore, dtid 3] inbound syscall: futex(0x1b51910, 265, 6, NULL, NULL, -1) = ? DETLOG_RECORD={"schema":1,"event":{"kind":"syscall"}}
2026-09-10T03:16:10.571141Z  INFO detcore: DETLOG [syscall][detcore, dtid 3] finish syscall #240: futex(0x1b51910, 265, 6, NULL, NULL, -1) = Ok(0) DETLOG_RECORD={"schema":1,"event":{"kind":"syscall_result","finished_syscall_number":240}}
2026-09-10T03:16:10.571166Z  INFO detcore: DETLOG [syscall][detcore, dtid 3] inbound syscall: futex(0x1b51910, 265, 6, NULL, NULL, -1) = ? DETLOG_RECORD={"schema":1,"event":{"kind":"syscall"}}
2026-09-10T03:16:10.571183Z  INFO detcore: DETLOG [syscall][detcore, dtid 3] finish syscall #241: futex(0x1b51910, 265, 6, NULL, NULL, -1) = Ok(0) DETLOG_RECORD={"schema":1,"event":{"kind":"syscall_result","finished_syscall_number":241}}
2026-09-10T03:16:10.571208Z  INFO detcore: DETLOG [syscall][detcore, dtid 3] inbound syscall: futex(0x1b51910, 265, 6, NULL, NULL, -1) = ? DETLOG_RECORD={"schema":1,"event":{"kind":"syscall"}}
2026-09-10T03:16:10.571225Z  INFO detcore: DETLOG [syscall][detcore, dtid 3] finish syscall #242: futex(0x1b51910, 265, 6, NULL, NULL, -1) = Ok(0) DETLOG_RECORD={"schema":1,"event":{"kind":"syscall_result","finished_syscall_number":242}}
2026-09-10T03:16:10.571249Z  INFO detcore: DETLOG [syscall][detcore, dtid 3] inbound syscall: futex(0x1b51910, 265, 6, NULL, NULL, -1) = ? DETLOG_RECORD={"schema":1,"event":{"kind":"syscall"}}
2026-09-10T03:16:10.571266Z  INFO detcore: DETLOG [syscall][detcore, dtid 3] finish syscall #243: futex(0x1b51910, 265, 6, NULL, NULL, -1) = Ok(0) DETLOG_RECORD={"schema":1,"event":{"kind":"syscall_result","finished_syscall_number":243}}
2026-09-10T03:16:10.571290Z  INFO detcore: DETLOG [syscall][detcore, dtid 3] inbound syscall: futex(0x1b51910, 265, 6, NULL, NULL, -1) = ? DETLOG_RECORD={"schema":1,"event":{"kind":"syscall"}}
2026-09-10T03:16:10.571608Z  INFO detcore::syscalls::threads: [detcore, dtid 3] Futex wait running immediately because it will fizzle (0 != 6).
2026-09-10T03:16:10.571622Z  INFO detcore: DETLOG [syscall][detcore, dtid 3] finish syscall #244: futex(0x1b51910, 265, 6, NULL, NULL, -1) = Err(Errno(EAGAIN)) DETLOG_RECORD={"schema":1,"event":{"kind":"syscall_result","finished_syscall_number":244}}
2026-09-10T03:16:10.571650Z  INFO detcore: DETLOG [syscall][detcore, dtid 3] inbound syscall: close(3) = ? DETLOG_RECORD={"schema":1,"event":{"kind":"syscall"}}
2026-09-10T03:16:10.571704Z  INFO detcore: DETLOG [syscall][detcore, dtid 3] finish syscall #245: close(3) = Ok(0) DETLOG_RECORD={"schema":1,"event":{"kind":"syscall_result","finished_syscall_number":245}}
2026-09-10T03:16:10.571731Z  INFO detcore: DETLOG [syscall][detcore, dtid 3] inbound syscall: socketpair(1, 1, 0, 0x3fffeb68) = ? DETLOG_RECORD={"schema":1,"event":{"kind":"syscall"}}
2026-09-10T03:16:10.571791Z  INFO detcore::syscalls::files: Injecting additional fstat to retrieve file metadata on fd 3.
2026-09-10T03:16:10.571818Z  INFO detcore::syscalls::files: Injecting additional fstat to retrieve file metadata on fd 4.
2026-09-10T03:16:10.571838Z  INFO detcore: DETLOG [syscall][detcore, dtid 3] finish syscall #246: socketpair(1, 1, 0, 0x3fffeb68) = Ok(0) DETLOG_RECORD={"schema":1,"event":{"kind":"syscall_result","finished_syscall_number":246}}
2026-09-10T03:16:10.571863Z  INFO detcore: DETLOG [syscall][detcore, dtid 3] inbound syscall: rt_sigprocmask(0, 0x12f7820, 0x3fffea60, 8) = ? DETLOG_RECORD={"schema":1,"event":{"kind":"syscall"}}
2026-09-10T03:16:10.571891Z  INFO detcore: DETLOG [syscall][detcore, dtid 3] finish syscall #247: rt_sigprocmask(0, 0x12f7820, 0x3fffea60, 8) = Ok(0) DETLOG_RECORD={"schema":1,"event":{"kind":"syscall_result","finished_syscall_number":247}}
2026-09-10T03:16:10.571927Z  INFO detcore: DETLOG [syscall][detcore, dtid 3] inbound syscall: clone3(0x3fffe920, 88) = ? DETLOG_RECORD={"schema":1,"event":{"kind":"syscall"}}
2026-09-10T03:16:10.572381Z  INFO detcore::tool_local: DETLOG RNG USER RAND seeding child User pedigree PPPC: [204, 114, 124, 215, 78, 124, 61, 251, 186, 10, 164, 22, 55, 41, 69, 86] from parent Mcg128Xsl64 {} DETLOG_RECORD={"schema":1,"event":{"kind":"other"}}
2026-09-10T03:16:10.572414Z  INFO detcore::tool_local: DETLOG RNG CHAOSRAND seeding child Chaos pedigree PPPC: [205, 215, 58, 118, 90, 171, 249, 113, 202, 0, 63, 53, 121, 72, 208, 63] from parent Mcg128Xsl64 {} DETLOG_RECORD={"schema":1,"event":{"kind":"other"}}
2026-09-10T03:16:10.572675Z  INFO detcore::scheduler: [sched-step5] >>>>>>>

 COMMIT turn 255, dettid 7 using resources {MemAddrSpace(DetPid(3)): RW}, on previously committed 1_767_225_600.075_705_750s DETLOG_RECORD={"schema":1,"event":{"kind":"scheduler_commit","scheduler_turn":255,"virtual_nanoseconds":1767225600075705750,"internal_io_poll":false,"runtime_maps_read":false}}
2026-09-10T03:16:10.572729Z  INFO detcore::tool_global: [detcore, dtid 7] New thread given go-ahead to proceed via <ivar Go(None)>
2026-09-10T03:16:10.572897Z  INFO detcore: DETLOG [syscall][detcore, dtid 7] inbound syscall: set_robust_list(0x1b51920, 24) = ? DETLOG_RECORD={"schema":1,"event":{"kind":"syscall"}}
2026-09-10T03:16:10.572952Z  INFO detcore: DETLOG [syscall][detcore, dtid 7] finish syscall #1: set_robust_list(0x1b51920, 24) = Ok(0) DETLOG_RECORD={"schema":1,"event":{"kind":"syscall_result","finished_syscall_number":1}}
2026-09-10T03:16:10.572984Z  INFO detcore: DETLOG [syscall][detcore, dtid 7] inbound syscall: rt_sigprocmask(2, 0x1b51f30, NULL, 8) = ? DETLOG_RECORD={"schema":1,"event":{"kind":"syscall"}}
2026-09-10T03:16:10.573018Z  INFO detcore: DETLOG [syscall][detcore, dtid 7] finish syscall #2: rt_sigprocmask(2, 0x1b51f30, NULL, 8) = Ok(0) DETLOG_RECORD={"schema":1,"event":{"kind":"syscall_result","finished_syscall_number":2}}
2026-09-10T03:16:10.573050Z  INFO detcore: DETLOG [syscall][detcore, dtid 7] inbound syscall: clock_nanosleep(CLOCK_REALTIME, 0, 0x1b50e40, 0x1b50e40) = ? DETLOG_RECORD={"schema":1,"event":{"kind":"syscall"}}
2026-09-10T03:16:10.573119Z  INFO detcore::scheduler: [sched-step5] >>>>>>>

 COMMIT turn 256, dettid 3 using resources {ParentContinue { parent: DetPid(3), child: DetPid(7) }: W}, on previously committed 1_767_225_600.079_015_250s DETLOG_RECORD={"schema":1,"event":{"kind":"scheduler_commit","scheduler_turn":256,"virtual_nanoseconds":1767225600079015250,"internal_io_poll":false,"runtime_maps_read":false}}
2026-09-10T03:16:10.573180Z  INFO detcore: DETLOG [syscall][detcore, dtid 3] finish syscall #248: clone3(0x3fffe920, 88) = Ok(7) DETLOG_RECORD={"schema":1,"event":{"kind":"syscall_result","finished_syscall_number":248}}
2026-09-10T03:16:10.573217Z  INFO detcore: DETLOG [syscall][detcore, dtid 3] inbound syscall: rt_sigprocmask(2, 0x3fffea60, NULL, 8) = ? DETLOG_RECORD={"schema":1,"event":{"kind":"syscall"}}
2026-09-10T03:16:10.573250Z  INFO detcore: DETLOG [syscall][detcore, dtid 3] finish syscall #249: rt_sigprocmask(2, 0x3fffea60, NULL, 8) = Ok(0) DETLOG_RECORD={"schema":1,"event":{"kind":"syscall_result","finished_syscall_number":249}}
2026-09-10T03:16:10.573288Z  INFO detcore: DETLOG [syscall][detcore, dtid 3] inbound syscall: preadv2(3, 0x3fffeb70, 2, 18446744073709551615, 0, 0) = ? DETLOG_RECORD={"schema":1,"event":{"kind":"syscall"}}
2026-09-10T03:16:10.573422Z  INFO detcore::scheduler: [scheduler] >>>>>>>

 NONCOMMIT turn 257, SKIP dettid 7 which wanted resource SleepUntil(LogicalTime(1767225600098515250)) (blocking)
2026-09-10T03:16:10.573457Z  INFO detcore::scheduler: [scheduler] >>>>>>>

 NONCOMMIT turn 258, SKIP dettid 3 polling resource Resources { tid: DetPid(3), resources: {InternalIOPolling: W}, poll_attempt: 1, fyi: "preadv2", signal_interrupt_errno: 512 }
2026-09-10T03:16:10.573492Z  INFO detcore::scheduler: [sched-step5] >>>>>>>

 COMMIT turn 259, dettid 3 using resources {InternalIOPolling: W}, on previously committed 1_767_225_600.079_515_750s DETLOG_RECORD={"schema":1,"event":{"kind":"scheduler_commit","scheduler_turn":259,"virtual_nanoseconds":1767225600079515750,"internal_io_poll":true,"runtime_maps_read":false}}
2026-09-10T03:16:10.573567Z  INFO detcore::scheduler: [scheduler] >>>>>>>

 NONCOMMIT turn 260, SKIP dettid 3 polling resource Resources { tid: DetPid(3), resources: {InternalIOPolling: W}, poll_attempt: 2, fyi: "preadv2", signal_interrupt_errno: 512 }
2026-09-10T03:16:10.573596Z  INFO detcore::scheduler: [sched-step5] >>>>>>>

 COMMIT turn 261, dettid 3 using resources {InternalIOPolling: W}, on previously committed 1_767_225_600.080_015_750s DETLOG_RECORD={"schema":1,"event":{"kind":"scheduler_commit","scheduler_turn":261,"virtual_nanoseconds":1767225600080015750,"internal_io_poll":true,"runtime_maps_read":false}}
2026-09-10T03:16:10.573673Z  INFO detcore::scheduler: [scheduler] >>>>>>>

 NONCOMMIT turn 262, SKIP dettid 3 polling resource Resources { tid: DetPid(3), resources: {InternalIOPolling: W}, poll_attempt: 3, fyi: "preadv2", signal_interrupt_errno: 512 }
2026-09-10T03:16:10.573704Z  INFO detcore::scheduler: [sched-step5] >>>>>>>

 COMMIT turn 263, dettid 3 using resources {InternalIOPolling: W}, on previously committed 1_767_225_600.080_515_750s DETLOG_RECORD={"schema":1,"event":{"kind":"scheduler_commit","scheduler_turn":263,"virtual_nanoseconds":1767225600080515750,"internal_io_poll":true,"runtime_maps_read":false}}
2026-09-10T03:16:10.573755Z  INFO detcore::scheduler: [scheduler] >>>>>>>

 NONCOMMIT turn 264, SKIP dettid 3 polling resource Resources { tid: DetPid(3), resources: {InternalIOPolling: W}, poll_attempt: 4, fyi: "preadv2", signal_interrupt_errno: 512 }
2026-09-10T03:16:10.573788Z  INFO detcore::scheduler: [sched-step5] >>>>>>>

 COMMIT turn 265, dettid 3 using resources {InternalIOPolling: W}, on previously committed 1_767_225_600.081_015_750s DETLOG_RECORD={"schema":1,"event":{"kind":"scheduler_commit","scheduler_turn":265,"virtual_nanoseconds":1767225600081015750,"internal_io_poll":true,"runtime_maps_read":false}}
2026-09-10T03:16:10.573839Z  INFO detcore::scheduler: [scheduler] >>>>>>>

 NONCOMMIT turn 266, SKIP dettid 3 polling resource Resources { tid: DetPid(3), resources: {InternalIOPolling: W}, poll_attempt: 5, fyi: "preadv2", signal_interrupt_errno: 512 }
2026-09-10T03:16:10.573865Z  INFO detcore::scheduler: [sched-step5] >>>>>>>

 COMMIT turn 267, dettid 3 using resources {InternalIOPolling: W}, on previously committed 1_767_225_600.081_515_750s DETLOG_RECORD={"schema":1,"event":{"kind":"scheduler_commit","scheduler_turn":267,"virtual_nanoseconds":1767225600081515750,"internal_io_poll":true,"runtime_maps_read":false}}
2026-09-10T03:16:10.573913Z  INFO detcore::scheduler: [scheduler] >>>>>>>

 NONCOMMIT turn 268, SKIP dettid 3 polling resource Resources { tid: DetPid(3), resources: {InternalIOPolling: W}, poll_attempt: 6, fyi: "preadv2", signal_interrupt_errno: 512 }
2026-09-10T03:16:10.573939Z  INFO detcore::scheduler: [sched-step5] >>>>>>>

 COMMIT turn 269, dettid 3 using resources {InternalIOPolling: W}, on previously committed 1_767_225_600.082_015_750s DETLOG_RECORD={"schema":1,"event":{"kind":"scheduler_commit","scheduler_turn":269,"virtual_nanoseconds":1767225600082015750,"internal_io_poll":true,"runtime_maps_read":false}}
2026-09-10T03:16:10.573987Z  INFO detcore::scheduler: [scheduler] >>>>>>>

 NONCOMMIT turn 270, SKIP dettid 3 polling resource Resources { tid: DetPid(3), resources: {InternalIOPolling: W}, poll_attempt: 7, fyi: "preadv2", signal_interrupt_errno: 512 }
2026-09-10T03:16:10.574013Z  INFO detcore::scheduler: [sched-step5] >>>>>>>

 COMMIT turn 271, dettid 3 using resources {InternalIOPolling: W}, on previously committed 1_767_225_600.082_515_750s DETLOG_RECORD={"schema":1,"event":{"kind":"scheduler_commit","scheduler_turn":271,"virtual_nanoseconds":1767225600082515750,"internal_io_poll":true,"runtime_maps_read":false}}
2026-09-10T03:16:10.574065Z  INFO detcore::scheduler: [scheduler] >>>>>>>

 NONCOMMIT turn 272, SKIP dettid 3 polling resource Resources { tid: DetPid(3), resources: {InternalIOPolling: W}, poll_attempt: 8, fyi: "preadv2", signal_interrupt_errno: 512 }
2026-09-10T03:16:10.574091Z  INFO detcore::scheduler: [sched-step5] >>>>>>>

 COMMIT turn 273, dettid 3 using resources {InternalIOPolling: W}, on previously committed 1_767_225_600.083_015_750s DETLOG_RECORD={"schema":1,"event":{"kind":"scheduler_commit","scheduler_turn":273,"virtual_nanoseconds":1767225600083015750,"internal_io_poll":true,"runtime_maps_read":false}}
2026-09-10T03:16:10.574139Z  INFO detcore::scheduler: [scheduler] >>>>>>>

 NONCOMMIT turn 274, SKIP dettid 3 polling resource Resources { tid: DetPid(3), resources: {InternalIOPolling: W}, poll_attempt: 9, fyi: "preadv2", signal_interrupt_errno: 512 }
2026-09-10T03:16:10.574167Z  INFO detcore::scheduler: [sched-step5] >>>>>>>

 COMMIT turn 275, dettid 3 using resources {InternalIOPolling: W}, on previously committed 1_767_225_600.083_515_750s DETLOG_RECORD={"schema":1,"event":{"kind":"scheduler_commit","scheduler_turn":275,"virtual_nanoseconds":1767225600083515750,"internal_io_poll":true,"runtime_maps_read":false}}
2026-09-10T03:16:10.574218Z  INFO detcore::scheduler: [scheduler] >>>>>>>

 NONCOMMIT turn 276, SKIP dettid 3 polling resource Resources { tid: DetPid(3), resources: {InternalIOPolling: W}, poll_attempt: 10, fyi: "preadv2", signal_interrupt_errno: 512 }
2026-09-10T03:16:10.574244Z  INFO detcore::scheduler: [sched-step5] >>>>>>>

 COMMIT turn 277, dettid 3 using resources {InternalIOPolling: W}, on previously committed 1_767_225_600.084_015_750s DETLOG_RECORD={"schema":1,"event":{"kind":"scheduler_commit","scheduler_turn":277,"virtual_nanoseconds":1767225600084015750,"internal_io_poll":true,"runtime_maps_read":false}}
2026-09-10T03:16:10.574301Z  INFO detcore::scheduler: [scheduler] >>>>>>>

 NONCOMMIT turn 278, SKIP dettid 3 polling resource Resources { tid: DetPid(3), resources: {InternalIOPolling: W}, poll_attempt: 11, fyi: "preadv2", signal_interrupt_errno: 512 }
2026-09-10T03:16:10.574327Z  INFO detcore::scheduler: [sched-step5] >>>>>>>

 COMMIT turn 279, dettid 3 using resources {InternalIOPolling: W}, on previously committed 1_767_225_600.084_515_750s DETLOG_RECORD={"schema":1,"event":{"kind":"scheduler_commit","scheduler_turn":279,"virtual_nanoseconds":1767225600084515750,"internal_io_poll":true,"runtime_maps_read":false}}
2026-09-10T03:16:10.574374Z  INFO detcore::scheduler: [scheduler] >>>>>>>

 NONCOMMIT turn 280, SKIP dettid 3 polling resource Resources { tid: DetPid(3), resources: {InternalIOPolling: W}, poll_attempt: 12, fyi: "preadv2", signal_interrupt_errno: 512 }
2026-09-10T03:16:10.574400Z  INFO detcore::scheduler: [sched-step5] >>>>>>>

 COMMIT turn 281, dettid 3 using resources {InternalIOPolling: W}, on previously committed 1_767_225_600.085_015_750s DETLOG_RECORD={"schema":1,"event":{"kind":"scheduler_commit","scheduler_turn":281,"virtual_nanoseconds":1767225600085015750,"internal_io_poll":true,"runtime_maps_read":false}}
2026-09-10T03:16:10.574447Z  INFO detcore::scheduler: [scheduler] >>>>>>>

 NONCOMMIT turn 282, SKIP dettid 3 polling resource Resources { tid: DetPid(3), resources: {InternalIOPolling: W}, poll_attempt: 13, fyi: "preadv2", signal_interrupt_errno: 512 }
2026-09-10T03:16:10.574473Z  INFO detcore::scheduler: [sched-step5] >>>>>>>

 COMMIT turn 283, dettid 3 using resources {InternalIOPolling: W}, on previously committed 1_767_225_600.085_515_750s DETLOG_RECORD={"schema":1,"event":{"kind":"scheduler_commit","scheduler_turn":283,"virtual_nanoseconds":1767225600085515750,"internal_io_poll":true,"runtime_maps_read":false}}
2026-09-10T03:16:10.574520Z  INFO detcore::scheduler: [scheduler] >>>>>>>

 NONCOMMIT turn 284, SKIP dettid 3 polling resource Resources { tid: DetPid(3), resources: {InternalIOPolling: W}, poll_attempt: 14, fyi: "preadv2", signal_interrupt_errno: 512 }
2026-09-10T03:16:10.574546Z  INFO detcore::scheduler: [sched-step5] >>>>>>>

 COMMIT turn 285, dettid 3 using resources {InternalIOPolling: W}, on previously committed 1_767_225_600.086_015_750s DETLOG_RECORD={"schema":1,"event":{"kind":"scheduler_commit","scheduler_turn":285,"virtual_nanoseconds":1767225600086015750,"internal_io_poll":true,"runtime_maps_read":false}}
2026-09-10T03:16:10.574593Z  INFO detcore::scheduler: [scheduler] >>>>>>>

 NONCOMMIT turn 286, SKIP dettid 3 polling resource Resources { tid: DetPid(3), resources: {InternalIOPolling: W}, poll_attempt: 15, fyi: "preadv2", signal_interrupt_errno: 512 }
2026-09-10T03:16:10.574619Z  INFO detcore::scheduler: [sched-step5] >>>>>>>

 COMMIT turn 287, dettid 3 using resources {InternalIOPolling: W}, on previously committed 1_767_225_600.086_515_750s DETLOG_RECORD={"schema":1,"event":{"kind":"scheduler_commit","scheduler_turn":287,"virtual_nanoseconds":1767225600086515750,"internal_io_poll":true,"runtime_maps_read":false}}
2026-09-10T03:16:10.574669Z  INFO detcore::scheduler: [scheduler] >>>>>>>

 NONCOMMIT turn 288, SKIP dettid 3 polling resource Resources { tid: DetPid(3), resources: {InternalIOPolling: W}, poll_attempt: 16, fyi: "preadv2", signal_interrupt_errno: 512 }
2026-09-10T03:16:10.574697Z  INFO detcore::scheduler: [sched-step5] >>>>>>>

 COMMIT turn 289, dettid 3 using resources {InternalIOPolling: W}, on previously committed 1_767_225_600.087_015_750s DETLOG_RECORD={"schema":1,"event":{"kind":"scheduler_commit","scheduler_turn":289,"virtual_nanoseconds":1767225600087015750,"internal_io_poll":true,"runtime_maps_read":false}}
2026-09-10T03:16:10.574745Z  INFO detcore::scheduler: [scheduler] >>>>>>>

 NONCOMMIT turn 290, SKIP dettid 3 polling resource Resources { tid: DetPid(3), resources: {InternalIOPolling: W}, poll_attempt: 17, fyi: "preadv2", signal_interrupt_errno: 512 }
2026-09-10T03:16:10.574777Z  INFO detcore::scheduler: [sched-step5] >>>>>>>

 COMMIT turn 291, dettid 3 using resources {InternalIOPolling: W}, on previously committed 1_767_225_600.087_515_750s DETLOG_RECORD={"schema":1,"event":{"kind":"scheduler_commit","scheduler_turn":291,"virtual_nanoseconds":1767225600087515750,"internal_io_poll":true,"runtime_maps_read":false}}
2026-09-10T03:16:10.574826Z  INFO detcore::scheduler: [scheduler] >>>>>>>

 NONCOMMIT turn 292, SKIP dettid 3 polling resource Resources { tid: DetPid(3), resources: {InternalIOPolling: W}, poll_attempt: 18, fyi: "preadv2", signal_interrupt_errno: 512 }
2026-09-10T03:16:10.574852Z  INFO detcore::scheduler: [sched-step5] >>>>>>>

 COMMIT turn 293, dettid 3 using resources {InternalIOPolling: W}, on previously committed 1_767_225_600.088_015_750s DETLOG_RECORD={"schema":1,"event":{"kind":"scheduler_commit","scheduler_turn":293,"virtual_nanoseconds":1767225600088015750,"internal_io_poll":true,"runtime_maps_read":false}}
2026-09-10T03:16:10.574900Z  INFO detcore::scheduler: [scheduler] >>>>>>>

 NONCOMMIT turn 294, SKIP dettid 3 polling resource Resources { tid: DetPid(3), resources: {InternalIOPolling: W}, poll_attempt: 19, fyi: "preadv2", signal_interrupt_errno: 512 }
2026-09-10T03:16:10.574926Z  INFO detcore::scheduler: [sched-step5] >>>>>>>

 COMMIT turn 295, dettid 3 using resources {InternalIOPolling: W}, on previously committed 1_767_225_600.088_515_750s DETLOG_RECORD={"schema":1,"event":{"kind":"scheduler_commit","scheduler_turn":295,"virtual_nanoseconds":1767225600088515750,"internal_io_poll":true,"runtime_maps_read":false}}
2026-09-10T03:16:10.574973Z  INFO detcore::scheduler: [scheduler] >>>>>>>

 NONCOMMIT turn 296, SKIP dettid 3 polling resource Resources { tid: DetPid(3), resources: {InternalIOPolling: W}, poll_attempt: 20, fyi: "preadv2", signal_interrupt_errno: 512 }
2026-09-10T03:16:10.574999Z  INFO detcore::scheduler: [sched-step5] >>>>>>>

 COMMIT turn 297, dettid 3 using resources {InternalIOPolling: W}, on previously committed 1_767_225_600.089_015_750s DETLOG_RECORD={"schema":1,"event":{"kind":"scheduler_commit","scheduler_turn":297,"virtual_nanoseconds":1767225600089015750,"internal_io_poll":true,"runtime_maps_read":false}}
2026-09-10T03:16:10.575046Z  INFO detcore::scheduler: [scheduler] >>>>>>>

 NONCOMMIT turn 298, SKIP dettid 3 polling resource Resources { tid: DetPid(3), resources: {InternalIOPolling: W}, poll_attempt: 21, fyi: "preadv2", signal_interrupt_errno: 512 }
2026-09-10T03:16:10.575072Z  INFO detcore::scheduler: [sched-step5] >>>>>>>

 COMMIT turn 299, dettid 3 using resources {InternalIOPolling: W}, on previously committed 1_767_225_600.089_515_750s DETLOG_RECORD={"schema":1,"event":{"kind":"scheduler_commit","scheduler_turn":299,"virtual_nanoseconds":1767225600089515750,"internal_io_poll":true,"runtime_maps_read":false}}
2026-09-10T03:16:10.575119Z  INFO detcore::scheduler: [scheduler] >>>>>>>

 NONCOMMIT turn 300, SKIP dettid 3 polling resource Resources { tid: DetPid(3), resources: {InternalIOPolling: W}, poll_attempt: 22, fyi: "preadv2", signal_interrupt_errno: 512 }
2026-09-10T03:16:10.575150Z  INFO detcore::scheduler: [sched-step5] >>>>>>>

 COMMIT turn 301, dettid 3 using resources {InternalIOPolling: W}, on previously committed 1_767_225_600.090_015_750s DETLOG_RECORD={"schema":1,"event":{"kind":"scheduler_commit","scheduler_turn":301,"virtual_nanoseconds":1767225600090015750,"internal_io_poll":true,"runtime_maps_read":false}}
2026-09-10T03:16:10.575200Z  INFO detcore::scheduler: [scheduler] >>>>>>>

 NONCOMMIT turn 302, SKIP dettid 3 polling resource Resources { tid: DetPid(3), resources: {InternalIOPolling: W}, poll_attempt: 23, fyi: "preadv2", signal_interrupt_errno: 512 }
2026-09-10T03:16:10.575227Z  INFO detcore::scheduler: [sched-step5] >>>>>>>

 COMMIT turn 303, dettid 3 using resources {InternalIOPolling: W}, on previously committed 1_767_225_600.090_515_750s DETLOG_RECORD={"schema":1,"event":{"kind":"scheduler_commit","scheduler_turn":303,"virtual_nanoseconds":1767225600090515750,"internal_io_poll":true,"runtime_maps_read":false}}
2026-09-10T03:16:10.575273Z  INFO detcore::scheduler: [scheduler] >>>>>>>

 NONCOMMIT turn 304, SKIP dettid 3 polling resource Resources { tid: DetPid(3), resources: {InternalIOPolling: W}, poll_attempt: 24, fyi: "preadv2", signal_interrupt_errno: 512 }
2026-09-10T03:16:10.575299Z  INFO detcore::scheduler: [sched-step5] >>>>>>>

 COMMIT turn 305, dettid 3 using resources {InternalIOPolling: W}, on previously committed 1_767_225_600.091_015_750s DETLOG_RECORD={"schema":1,"event":{"kind":"scheduler_commit","scheduler_turn":305,"virtual_nanoseconds":1767225600091015750,"internal_io_poll":true,"runtime_maps_read":false}}
2026-09-10T03:16:10.575347Z  INFO detcore::scheduler: [scheduler] >>>>>>>

 NONCOMMIT turn 306, SKIP dettid 3 polling resource Resources { tid: DetPid(3), resources: {InternalIOPolling: W}, poll_attempt: 25, fyi: "preadv2", signal_interrupt_errno: 512 }
2026-09-10T03:16:10.575373Z  INFO detcore::scheduler: [sched-step5] >>>>>>>

 COMMIT turn 307, dettid 3 using resources {InternalIOPolling: W}, on previously committed 1_767_225_600.091_515_750s DETLOG_RECORD={"schema":1,"event":{"kind":"scheduler_commit","scheduler_turn":307,"virtual_nanoseconds":1767225600091515750,"internal_io_poll":true,"runtime_maps_read":false}}
2026-09-10T03:16:10.575420Z  INFO detcore::scheduler: [scheduler] >>>>>>>

 NONCOMMIT turn 308, SKIP dettid 3 polling resource Resources { tid: DetPid(3), resources: {InternalIOPolling: W}, poll_attempt: 26, fyi: "preadv2", signal_interrupt_errno: 512 }
2026-09-10T03:16:10.575446Z  INFO detcore::scheduler: [sched-step5] >>>>>>>

 COMMIT turn 309, dettid 3 using resources {InternalIOPolling: W}, on previously committed 1_767_225_600.092_015_750s DETLOG_RECORD={"schema":1,"event":{"kind":"scheduler_commit","scheduler_turn":309,"virtual_nanoseconds":1767225600092015750,"internal_io_poll":true,"runtime_maps_read":false}}
2026-09-10T03:16:10.575492Z  INFO detcore::scheduler: [scheduler] >>>>>>>

 NONCOMMIT turn 310, SKIP dettid 3 polling resource Resources { tid: DetPid(3), resources: {InternalIOPolling: W}, poll_attempt: 27, fyi: "preadv2", signal_interrupt_errno: 512 }
2026-09-10T03:16:10.575518Z  INFO detcore::scheduler: [sched-step5] >>>>>>>

 COMMIT turn 311, dettid 3 using resources {InternalIOPolling: W}, on previously committed 1_767_225_600.092_515_750s DETLOG_RECORD={"schema":1,"event":{"kind":"scheduler_commit","scheduler_turn":311,"virtual_nanoseconds":1767225600092515750,"internal_io_poll":true,"runtime_maps_read":false}}
2026-09-10T03:16:10.575570Z  INFO detcore::scheduler: [scheduler] >>>>>>>

 NONCOMMIT turn 312, SKIP dettid 3 polling resource Resources { tid: DetPid(3), resources: {InternalIOPolling: W}, poll_attempt: 28, fyi: "preadv2", signal_interrupt_errno: 512 }
2026-09-10T03:16:10.575597Z  INFO detcore::scheduler: [sched-step5] >>>>>>>

 COMMIT turn 313, dettid 3 using resources {InternalIOPolling: W}, on previously committed 1_767_225_600.093_015_750s DETLOG_RECORD={"schema":1,"event":{"kind":"scheduler_commit","scheduler_turn":313,"virtual_nanoseconds":1767225600093015750,"internal_io_poll":true,"runtime_maps_read":false}}
2026-09-10T03:16:10.575647Z  INFO detcore::scheduler: [scheduler] >>>>>>>

 NONCOMMIT turn 314, SKIP dettid 3 polling resource Resources { tid: DetPid(3), resources: {InternalIOPolling: W}, poll_attempt: 29, fyi: "preadv2", signal_interrupt_errno: 512 }
2026-09-10T03:16:10.575676Z  INFO detcore::scheduler: [sched-step5] >>>>>>>

 COMMIT turn 315, dettid 3 using resources {InternalIOPolling: W}, on previously committed 1_767_225_600.093_515_750s DETLOG_RECORD={"schema":1,"event":{"kind":"scheduler_commit","scheduler_turn":315,"virtual_nanoseconds":1767225600093515750,"internal_io_poll":true,"runtime_maps_read":false}}
2026-09-10T03:16:10.575723Z  INFO detcore::scheduler: [scheduler] >>>>>>>

 NONCOMMIT turn 316, SKIP dettid 3 polling resource Resources { tid: DetPid(3), resources: {InternalIOPolling: W}, poll_attempt: 30, fyi: "preadv2", signal_interrupt_errno: 512 }
2026-09-10T03:16:10.575749Z  INFO detcore::scheduler: [sched-step5] >>>>>>>

 COMMIT turn 317, dettid 3 using resources {InternalIOPolling: W}, on previously committed 1_767_225_600.094_015_750s DETLOG_RECORD={"schema":1,"event":{"kind":"scheduler_commit","scheduler_turn":317,"virtual_nanoseconds":1767225600094015750,"internal_io_poll":true,"runtime_maps_read":false}}
2026-09-10T03:16:10.575803Z  INFO detcore::scheduler: [scheduler] >>>>>>>

 NONCOMMIT turn 318, SKIP dettid 3 polling resource Resources { tid: DetPid(3), resources: {InternalIOPolling: W}, poll_attempt: 31, fyi: "preadv2", signal_interrupt_errno: 512 }
2026-09-10T03:16:10.575830Z  INFO detcore::scheduler: [sched-step5] >>>>>>>

 COMMIT turn 319, dettid 3 using resources {InternalIOPolling: W}, on previously committed 1_767_225_600.094_515_750s DETLOG_RECORD={"schema":1,"event":{"kind":"scheduler_commit","scheduler_turn":319,"virtual_nanoseconds":1767225600094515750,"internal_io_poll":true,"runtime_maps_read":false}}
2026-09-10T03:16:10.575878Z  INFO detcore::scheduler: [scheduler] >>>>>>>

 NONCOMMIT turn 320, SKIP dettid 3 polling resource Resources { tid: DetPid(3), resources: {InternalIOPolling: W}, poll_attempt: 32, fyi: "preadv2", signal_interrupt_errno: 512 }
2026-09-10T03:16:10.575904Z  INFO detcore::scheduler: [sched-step5] >>>>>>>

 COMMIT turn 321, dettid 3 using resources {InternalIOPolling: W}, on previously committed 1_767_225_600.095_015_750s DETLOG_RECORD={"schema":1,"event":{"kind":"scheduler_commit","scheduler_turn":321,"virtual_nanoseconds":1767225600095015750,"internal_io_poll":true,"runtime_maps_read":false}}
2026-09-10T03:16:10.575952Z  INFO detcore::scheduler: [scheduler] >>>>>>>

 NONCOMMIT turn 322, SKIP dettid 3 polling resource Resources { tid: DetPid(3), resources: {InternalIOPolling: W}, poll_attempt: 33, fyi: "preadv2", signal_interrupt_errno: 512 }
2026-09-10T03:16:10.575978Z  INFO detcore::scheduler: [sched-step5] >>>>>>>

 COMMIT turn 323, dettid 3 using resources {InternalIOPolling: W}, on previously committed 1_767_225_600.095_515_750s DETLOG_RECORD={"schema":1,"event":{"kind":"scheduler_commit","scheduler_turn":323,"virtual_nanoseconds":1767225600095515750,"internal_io_poll":true,"runtime_maps_read":false}}
2026-09-10T03:16:10.576024Z  INFO detcore::scheduler: [scheduler] >>>>>>>

 NONCOMMIT turn 324, SKIP dettid 3 polling resource Resources { tid: DetPid(3), resources: {InternalIOPolling: W}, poll_attempt: 34, fyi: "preadv2", signal_interrupt_errno: 512 }
2026-09-10T03:16:10.576050Z  INFO detcore::scheduler: [sched-step5] >>>>>>>

 COMMIT turn 325, dettid 3 using resources {InternalIOPolling: W}, on previously committed 1_767_225_600.096_015_750s DETLOG_RECORD={"schema":1,"event":{"kind":"scheduler_commit","scheduler_turn":325,"virtual_nanoseconds":1767225600096015750,"internal_io_poll":true,"runtime_maps_read":false}}
2026-09-10T03:16:10.576096Z  INFO detcore::scheduler: [scheduler] >>>>>>>

 NONCOMMIT turn 326, SKIP dettid 3 polling resource Resources { tid: DetPid(3), resources: {InternalIOPolling: W}, poll_attempt: 35, fyi: "preadv2", signal_interrupt_errno: 512 }
2026-09-10T03:16:10.576124Z  INFO detcore::scheduler: [sched-step5] >>>>>>>

 COMMIT turn 327, dettid 3 using resources {InternalIOPolling: W}, on previously committed 1_767_225_600.096_515_750s DETLOG_RECORD={"schema":1,"event":{"kind":"scheduler_commit","scheduler_turn":327,"virtual_nanoseconds":1767225600096515750,"internal_io_poll":true,"runtime_maps_read":false}}
2026-09-10T03:16:10.576175Z  INFO detcore::scheduler: [scheduler] >>>>>>>

 NONCOMMIT turn 328, SKIP dettid 3 polling resource Resources { tid: DetPid(3), resources: {InternalIOPolling: W}, poll_attempt: 36, fyi: "preadv2", signal_interrupt_errno: 512 }
2026-09-10T03:16:10.576201Z  INFO detcore::scheduler: [sched-step5] >>>>>>>

 COMMIT turn 329, dettid 3 using resources {InternalIOPolling: W}, on previously committed 1_767_225_600.097_015_750s DETLOG_RECORD={"schema":1,"event":{"kind":"scheduler_commit","scheduler_turn":329,"virtual_nanoseconds":1767225600097015750,"internal_io_poll":true,"runtime_maps_read":false}}
2026-09-10T03:16:10.576252Z  INFO detcore::scheduler: [scheduler] >>>>>>>

 NONCOMMIT turn 330, SKIP dettid 3 polling resource Resources { tid: DetPid(3), resources: {InternalIOPolling: W}, poll_attempt: 37, fyi: "preadv2", signal_interrupt_errno: 512 }
2026-09-10T03:16:10.576278Z  INFO detcore::scheduler: [sched-step5] >>>>>>>

 COMMIT turn 331, dettid 3 using resources {InternalIOPolling: W}, on previously committed 1_767_225_600.097_515_750s DETLOG_RECORD={"schema":1,"event":{"kind":"scheduler_commit","scheduler_turn":331,"virtual_nanoseconds":1767225600097515750,"internal_io_poll":true,"runtime_maps_read":false}}
2026-09-10T03:16:10.576325Z  INFO detcore::scheduler: [scheduler] >>>>>>>

 NONCOMMIT turn 332, SKIP dettid 3 polling resource Resources { tid: DetPid(3), resources: {InternalIOPolling: W}, poll_attempt: 38, fyi: "preadv2", signal_interrupt_errno: 512 }
2026-09-10T03:16:10.576351Z  INFO detcore::scheduler: [sched-step5] >>>>>>>

 COMMIT turn 333, dettid 3 using resources {InternalIOPolling: W}, on previously committed 1_767_225_600.098_015_750s DETLOG_RECORD={"schema":1,"event":{"kind":"scheduler_commit","scheduler_turn":333,"virtual_nanoseconds":1767225600098015750,"internal_io_poll":true,"runtime_maps_read":false}}
2026-09-10T03:16:10.576412Z  INFO detcore::scheduler: [sched-step5] >>>>>>>

 COMMIT turn 334, dettid 7 using resources {SleepUntil(LogicalTime(1767225600098515250)): W}, on previously committed 1_767_225_600.098_515_750s DETLOG_RECORD={"schema":1,"event":{"kind":"scheduler_commit","scheduler_turn":334,"virtual_nanoseconds":1767225600098515750,"internal_io_poll":false,"runtime_maps_read":false}}
2026-09-10T03:16:10.576456Z  INFO detcore: DETLOG [syscall][detcore, dtid 7] finish syscall #3: clock_nanosleep(CLOCK_REALTIME, 0, 0x1b50e40, 0x1b50e40) = Ok(0) DETLOG_RECORD={"schema":1,"event":{"kind":"syscall_result","finished_syscall_number":3}}
2026-09-10T03:16:10.576508Z  INFO detcore: DETLOG [syscall][detcore, dtid 7] inbound syscall: write(4, 0x4047ec, 2) = ? DETLOG_RECORD={"schema":1,"event":{"kind":"syscall"}}
2026-09-10T03:16:10.576595Z  INFO detcore::scheduler: [scheduler] >>>>>>>

 NONCOMMIT turn 335, SKIP dettid 3 polling resource Resources { tid: DetPid(3), resources: {InternalIOPolling: W}, poll_attempt: 39, fyi: "preadv2", signal_interrupt_errno: 512 }
2026-09-10T03:16:10.576629Z  INFO detcore::scheduler: [sched-step5] >>>>>>>

 COMMIT turn 336, dettid 7 using resources {InternalIOPolling: W}, on previously committed 1_767_225_600.099_025_750s DETLOG_RECORD={"schema":1,"event":{"kind":"scheduler_commit","scheduler_turn":336,"virtual_nanoseconds":1767225600099025750,"internal_io_poll":true,"runtime_maps_read":false}}
2026-09-10T03:16:10.576694Z  INFO detcore: DETLOG [syscall][detcore, dtid 7] finish syscall #4: write(4, 0x4047ec, 2) = Ok(2) DETLOG_RECORD={"schema":1,"event":{"kind":"syscall_result","finished_syscall_number":4}}
2026-09-10T03:16:10.576721Z  INFO detcore::io_buffers: DETLOG [iobuf][dtid 7] write out fd=4 0x4047ec+2->38164fbd17603d73f696b8b4d72664d735bb6a7c88577687fd2ae33fd6964153 DETLOG_RECORD={"schema":1,"event":{"kind":"other"}}
2026-09-10T03:16:10.576758Z  INFO detcore: DETLOG [syscall][detcore, dtid 7] inbound syscall: rt_sigprocmask(0, 0x1b51f30, NULL, 8) = ? DETLOG_RECORD={"schema":1,"event":{"kind":"syscall"}}
2026-09-10T03:16:10.576861Z  INFO detcore: DETLOG [syscall][detcore, dtid 7] finish syscall #5: rt_sigprocmask(0, 0x1b51f30, NULL, 8) = Ok(0) DETLOG_RECORD={"schema":1,"event":{"kind":"syscall_result","finished_syscall_number":5}}
2026-09-10T03:16:10.576885Z  INFO detcore: DETLOG [syscall][detcore, dtid 7] inbound syscall: madvise(0x1351000, 8368128, 4) = ? DETLOG_RECORD={"schema":1,"event":{"kind":"syscall"}}
2026-09-10T03:16:10.576901Z  INFO detcore::syscalls::memory: DETLOG [dtid 7] madvise advice 4 is unsupported by this backend DETLOG_RECORD={"schema":1,"event":{"kind":"other"}}
2026-09-10T03:16:10.576911Z  INFO detcore: DETLOG [syscall][detcore, dtid 7] finish syscall #6: madvise(0x1351000, 8368128, 4) = Err(Errno(ENOSYS)) DETLOG_RECORD={"schema":1,"event":{"kind":"syscall_result","finished_syscall_number":6}}
2026-09-10T03:16:10.576933Z  INFO detcore: DETLOG [syscall][detcore, dtid 7] inbound syscall: exit(0) = ? DETLOG_RECORD={"schema":1,"event":{"kind":"syscall"}}
2026-09-10T03:16:10.577000Z  INFO detcore::scheduler: [sched-step5] >>>>>>>

 COMMIT turn 337, dettid 7 using resources {Exit { group: false, process: DetPid(3), mm: MmId { creator: DetPid(3), generation: 1 } }: RW}, on previously committed 1_767_225_600.099_786_000s DETLOG_RECORD={"schema":1,"event":{"kind":"scheduler_commit","scheduler_turn":337,"virtual_nanoseconds":1767225600099786000,"internal_io_poll":false,"runtime_maps_read":false}}
2026-09-10T03:16:10.577102Z  INFO detcore::scheduler: logically_kill: Scheduler removing all knowledge of [det]tid 7 in pid 3..
2026-09-10T03:16:10.577166Z  INFO detcore::scheduler: [sched-step5] >>>>>>>

 COMMIT turn 338, dettid 3 using resources {InternalIOPolling: W}, on previously committed 1_767_225_600.100_286_000s DETLOG_RECORD={"schema":1,"event":{"kind":"scheduler_commit","scheduler_turn":338,"virtual_nanoseconds":1767225600100286000,"internal_io_poll":true,"runtime_maps_read":false}}
2026-09-10T03:16:10.577270Z  INFO detcore: DETLOG [syscall][detcore, dtid 3] finish syscall #250: preadv2(3, 0x3fffeb70, 2, 18446744073709551615, 0, 0) = Ok(2) DETLOG_RECORD={"schema":1,"event":{"kind":"syscall_result","finished_syscall_number":250}}
2026-09-10T03:16:10.577301Z  INFO detcore::io_buffers: DETLOG [iobuf][dtid 3] preadv2 in fd=3 0x3fffeb54+1->559aead08264d5795d3909718cdd05abd49572e84fe55590eef31a88a08fdffd DETLOG_RECORD={"schema":1,"event":{"kind":"other"}}
2026-09-10T03:16:10.577316Z  INFO detcore::io_buffers: DETLOG [iobuf][dtid 3] preadv2 in fd=3 0x3fffeb58+1->df7e70e5021544f4834bbee64a9e3789febc4be81470df629cad6ddb03320a5c DETLOG_RECORD={"schema":1,"event":{"kind":"other"}}
2026-09-10T03:16:10.577366Z  INFO detcore: DETLOG [syscall][detcore, dtid 3] inbound syscall: futex(0x1b51910, 265, 7, NULL, NULL, -1) = ? DETLOG_RECORD={"schema":1,"event":{"kind":"syscall"}}
2026-09-10T03:16:10.577399Z  INFO detcore: DETLOG [syscall][detcore, dtid 3] finish syscall #251: futex(0x1b51910, 265, 7, NULL, NULL, -1) = Ok(0) DETLOG_RECORD={"schema":1,"event":{"kind":"syscall_result","finished_syscall_number":251}}
2026-09-10T03:16:10.577428Z  INFO detcore: DETLOG [syscall][detcore, dtid 3] inbound syscall: futex(0x1b51910, 265, 7, NULL, NULL, -1) = ? DETLOG_RECORD={"schema":1,"event":{"kind":"syscall"}}
2026-09-10T03:16:10.577447Z  INFO detcore: DETLOG [syscall][detcore, dtid 3] finish syscall #252: futex(0x1b51910, 265, 7, NULL, NULL, -1) = Ok(0) DETLOG_RECORD={"schema":1,"event":{"kind":"syscall_result","finished_syscall_number":252}}
2026-09-10T03:16:10.577472Z  INFO detcore: DETLOG [syscall][detcore, dtid 3] inbound syscall: futex(0x1b51910, 265, 7, NULL, NULL, -1) = ? DETLOG_RECORD={"schema":1,"event":{"kind":"syscall"}}
2026-09-10T03:16:10.577489Z  INFO detcore: DETLOG [syscall][detcore, dtid 3] finish syscall #253: futex(0x1b51910, 265, 7, NULL, NULL, -1) = Ok(0) DETLOG_RECORD={"schema":1,"event":{"kind":"syscall_result","finished_syscall_number":253}}
2026-09-10T03:16:10.577517Z  INFO detcore: DETLOG [syscall][detcore, dtid 3] inbound syscall: futex(0x1b51910, 265, 7, NULL, NULL, -1) = ? DETLOG_RECORD={"schema":1,"event":{"kind":"syscall"}}
2026-09-10T03:16:10.577538Z  INFO detcore: DETLOG [syscall][detcore, dtid 3] finish syscall #254: futex(0x1b51910, 265, 7, NULL, NULL, -1) = Ok(0) DETLOG_RECORD={"schema":1,"event":{"kind":"syscall_result","finished_syscall_number":254}}
2026-09-10T03:16:10.577562Z  INFO detcore: DETLOG [syscall][detcore, dtid 3] inbound syscall: futex(0x1b51910, 265, 7, NULL, NULL, -1) = ? DETLOG_RECORD={"schema":1,"event":{"kind":"syscall"}}
2026-09-10T03:16:10.577580Z  INFO detcore: DETLOG [syscall][detcore, dtid 3] finish syscall #255: futex(0x1b51910, 265, 7, NULL, NULL, -1) = Ok(0) DETLOG_RECORD={"schema":1,"event":{"kind":"syscall_result","finished_syscall_number":255}}
2026-09-10T03:16:10.577605Z  INFO detcore: DETLOG [syscall][detcore, dtid 3] inbound syscall: futex(0x1b51910, 265, 7, NULL, NULL, -1) = ? DETLOG_RECORD={"schema":1,"event":{"kind":"syscall"}}
2026-09-10T03:16:10.577622Z  INFO detcore: DETLOG [syscall][detcore, dtid 3] finish syscall #256: futex(0x1b51910, 265, 7, NULL, NULL, -1) = Ok(0) DETLOG_RECORD={"schema":1,"event":{"kind":"syscall_result","finished_syscall_number":256}}
2026-09-10T03:16:10.577646Z  INFO detcore: DETLOG [syscall][detcore, dtid 3] inbound syscall: futex(0x1b51910, 265, 7, NULL, NULL, -1) = ? DETLOG_RECORD={"schema":1,"event":{"kind":"syscall"}}
2026-09-10T03:16:10.577663Z  INFO detcore: DETLOG [syscall][detcore, dtid 3] finish syscall #257: futex(0x1b51910, 265, 7, NULL, NULL, -1) = Ok(0) DETLOG_RECORD={"schema":1,"event":{"kind":"syscall_result","finished_syscall_number":257}}
2026-09-10T03:16:10.577688Z  INFO detcore: DETLOG [syscall][detcore, dtid 3] inbound syscall: futex(0x1b51910, 265, 7, NULL, NULL, -1) = ? DETLOG_RECORD={"schema":1,"event":{"kind":"syscall"}}
2026-09-10T03:16:10.577705Z  INFO detcore: DETLOG [syscall][detcore, dtid 3] finish syscall #258: futex(0x1b51910, 265, 7, NULL, NULL, -1) = Ok(0) DETLOG_RECORD={"schema":1,"event":{"kind":"syscall_result","finished_syscall_number":258}}
2026-09-10T03:16:10.577730Z  INFO detcore: DETLOG [syscall][detcore, dtid 3] inbound syscall: futex(0x1b51910, 265, 7, NULL, NULL, -1) = ? DETLOG_RECORD={"schema":1,"event":{"kind":"syscall"}}
2026-09-10T03:16:10.577747Z  INFO detcore: DETLOG [syscall][detcore, dtid 3] finish syscall #259: futex(0x1b51910, 265, 7, NULL, NULL, -1) = Ok(0) DETLOG_RECORD={"schema":1,"event":{"kind":"syscall_result","finished_syscall_number":259}}
2026-09-10T03:16:10.577778Z  INFO detcore: DETLOG [syscall][detcore, dtid 3] inbound syscall: futex(0x1b51910, 265, 7, NULL, NULL, -1) = ? DETLOG_RECORD={"schema":1,"event":{"kind":"syscall"}}
2026-09-10T03:16:10.577796Z  INFO detcore: DETLOG [syscall][detcore, dtid 3] finish syscall #260: futex(0x1b51910, 265, 7, NULL, NULL, -1) = Ok(0) DETLOG_RECORD={"schema":1,"event":{"kind":"syscall_result","finished_syscall_number":260}}
2026-09-10T03:16:10.577820Z  INFO detcore: DETLOG [syscall][detcore, dtid 3] inbound syscall: futex(0x1b51910, 265, 7, NULL, NULL, -1) = ? DETLOG_RECORD={"schema":1,"event":{"kind":"syscall"}}
2026-09-10T03:16:10.577838Z  INFO detcore: DETLOG [syscall][detcore, dtid 3] finish syscall #261: futex(0x1b51910, 265, 7, NULL, NULL, -1) = Ok(0) DETLOG_RECORD={"schema":1,"event":{"kind":"syscall_result","finished_syscall_number":261}}
2026-09-10T03:16:10.577863Z  INFO detcore: DETLOG [syscall][detcore, dtid 3] inbound syscall: futex(0x1b51910, 265, 7, NULL, NULL, -1) = ? DETLOG_RECORD={"schema":1,"event":{"kind":"syscall"}}
2026-09-10T03:16:10.577880Z  INFO detcore: DETLOG [syscall][detcore, dtid 3] finish syscall #262: futex(0x1b51910, 265, 7, NULL, NULL, -1) = Ok(0) DETLOG_RECORD={"schema":1,"event":{"kind":"syscall_result","finished_syscall_number":262}}
2026-09-10T03:16:10.577905Z  INFO detcore: DETLOG [syscall][detcore, dtid 3] inbound syscall: futex(0x1b51910, 265, 7, NULL, NULL, -1) = ? DETLOG_RECORD={"schema":1,"event":{"kind":"syscall"}}
2026-09-10T03:16:10.577923Z  INFO detcore: DETLOG [syscall][detcore, dtid 3] finish syscall #263: futex(0x1b51910, 265, 7, NULL, NULL, -1) = Ok(0) DETLOG_RECORD={"schema":1,"event":{"kind":"syscall_result","finished_syscall_number":263}}
2026-09-10T03:16:10.577949Z  INFO detcore: DETLOG [syscall][detcore, dtid 3] inbound syscall: futex(0x1b51910, 265, 7, NULL, NULL, -1) = ? DETLOG_RECORD={"schema":1,"event":{"kind":"syscall"}}
2026-09-10T03:16:10.577966Z  INFO detcore: DETLOG [syscall][detcore, dtid 3] finish syscall #264: futex(0x1b51910, 265, 7, NULL, NULL, -1) = Ok(0) DETLOG_RECORD={"schema":1,"event":{"kind":"syscall_result","finished_syscall_number":264}}
2026-09-10T03:16:10.577991Z  INFO detcore: DETLOG [syscall][detcore, dtid 3] inbound syscall: futex(0x1b51910, 265, 7, NULL, NULL, -1) = ? DETLOG_RECORD={"schema":1,"event":{"kind":"syscall"}}
2026-09-10T03:16:10.578008Z  INFO detcore: DETLOG [syscall][detcore, dtid 3] finish syscall #265: futex(0x1b51910, 265, 7, NULL, NULL, -1) = Ok(0) DETLOG_RECORD={"schema":1,"event":{"kind":"syscall_result","finished_syscall_number":265}}
2026-09-10T03:16:10.578032Z  INFO detcore: DETLOG [syscall][detcore, dtid 3] inbound syscall: futex(0x1b51910, 265, 7, NULL, NULL, -1) = ? DETLOG_RECORD={"schema":1,"event":{"kind":"syscall"}}
2026-09-10T03:16:10.578050Z  INFO detcore: DETLOG [syscall][detcore, dtid 3] finish syscall #266: futex(0x1b51910, 265, 7, NULL, NULL, -1) = Ok(0) DETLOG_RECORD={"schema":1,"event":{"kind":"syscall_result","finished_syscall_number":266}}
2026-09-10T03:16:10.578074Z  INFO detcore: DETLOG [syscall][detcore, dtid 3] inbound syscall: futex(0x1b51910, 265, 7, NULL, NULL, -1) = ? DETLOG_RECORD={"schema":1,"event":{"kind":"syscall"}}
2026-09-10T03:16:10.578092Z  INFO detcore: DETLOG [syscall][detcore, dtid 3] finish syscall #267: futex(0x1b51910, 265, 7, NULL, NULL, -1) = Ok(0) DETLOG_RECORD={"schema":1,"event":{"kind":"syscall_result","finished_syscall_number":267}}
2026-09-10T03:16:10.578116Z  INFO detcore: DETLOG [syscall][detcore, dtid 3] inbound syscall: futex(0x1b51910, 265, 7, NULL, NULL, -1) = ? DETLOG_RECORD={"schema":1,"event":{"kind":"syscall"}}
2026-09-10T03:16:10.578134Z  INFO detcore: DETLOG [syscall][detcore, dtid 3] finish syscall #268: futex(0x1b51910, 265, 7, NULL, NULL, -1) = Ok(0) DETLOG_RECORD={"schema":1,"event":{"kind":"syscall_result","finished_syscall_number":268}}
2026-09-10T03:16:10.578158Z  INFO detcore: DETLOG [syscall][detcore, dtid 3] inbound syscall: futex(0x1b51910, 265, 7, NULL, NULL, -1) = ? DETLOG_RECORD={"schema":1,"event":{"kind":"syscall"}}
2026-09-10T03:16:10.578175Z  INFO detcore: DETLOG [syscall][detcore, dtid 3] finish syscall #269: futex(0x1b51910, 265, 7, NULL, NULL, -1) = Ok(0) DETLOG_RECORD={"schema":1,"event":{"kind":"syscall_result","finished_syscall_number":269}}
2026-09-10T03:16:10.578200Z  INFO detcore: DETLOG [syscall][detcore, dtid 3] inbound syscall: futex(0x1b51910, 265, 7, NULL, NULL, -1) = ? DETLOG_RECORD={"schema":1,"event":{"kind":"syscall"}}
2026-09-10T03:16:10.578217Z  INFO detcore: DETLOG [syscall][detcore, dtid 3] finish syscall #270: futex(0x1b51910, 265, 7, NULL, NULL, -1) = Ok(0) DETLOG_RECORD={"schema":1,"event":{"kind":"syscall_result","finished_syscall_number":270}}
2026-09-10T03:16:10.578242Z  INFO detcore: DETLOG [syscall][detcore, dtid 3] inbound syscall: futex(0x1b51910, 265, 7, NULL, NULL, -1) = ? DETLOG_RECORD={"schema":1,"event":{"kind":"syscall"}}
2026-09-10T03:16:10.578259Z  INFO detcore: DETLOG [syscall][detcore, dtid 3] finish syscall #271: futex(0x1b51910, 265, 7, NULL, NULL, -1) = Ok(0) DETLOG_RECORD={"schema":1,"event":{"kind":"syscall_result","finished_syscall_number":271}}
2026-09-10T03:16:10.578283Z  INFO detcore: DETLOG [syscall][detcore, dtid 3] inbound syscall: futex(0x1b51910, 265, 7, NULL, NULL, -1) = ? DETLOG_RECORD={"schema":1,"event":{"kind":"syscall"}}
2026-09-10T03:16:10.578301Z  INFO detcore: DETLOG [syscall][detcore, dtid 3] finish syscall #272: futex(0x1b51910, 265, 7, NULL, NULL, -1) = Ok(0) DETLOG_RECORD={"schema":1,"event":{"kind":"syscall_result","finished_syscall_number":272}}
2026-09-10T03:16:10.578327Z  INFO detcore: DETLOG [syscall][detcore, dtid 3] inbound syscall: futex(0x1b51910, 265, 7, NULL, NULL, -1) = ? DETLOG_RECORD={"schema":1,"event":{"kind":"syscall"}}
2026-09-10T03:16:10.578345Z  INFO detcore: DETLOG [syscall][detcore, dtid 3] finish syscall #273: futex(0x1b51910, 265, 7, NULL, NULL, -1) = Ok(0) DETLOG_RECORD={"schema":1,"event":{"kind":"syscall_result","finished_syscall_number":273}}
2026-09-10T03:16:10.578370Z  INFO detcore: DETLOG [syscall][detcore, dtid 3] inbound syscall: futex(0x1b51910, 265, 7, NULL, NULL, -1) = ? DETLOG_RECORD={"schema":1,"event":{"kind":"syscall"}}
2026-09-10T03:16:10.578387Z  INFO detcore: DETLOG [syscall][detcore, dtid 3] finish syscall #274: futex(0x1b51910, 265, 7, NULL, NULL, -1) = Ok(0) DETLOG_RECORD={"schema":1,"event":{"kind":"syscall_result","finished_syscall_number":274}}
2026-09-10T03:16:10.578412Z  INFO detcore: DETLOG [syscall][detcore, dtid 3] inbound syscall: futex(0x1b51910, 265, 7, NULL, NULL, -1) = ? DETLOG_RECORD={"schema":1,"event":{"kind":"syscall"}}
2026-09-10T03:16:10.578429Z  INFO detcore: DETLOG [syscall][detcore, dtid 3] finish syscall #275: futex(0x1b51910, 265, 7, NULL, NULL, -1) = Ok(0) DETLOG_RECORD={"schema":1,"event":{"kind":"syscall_result","finished_syscall_number":275}}
2026-09-10T03:16:10.578453Z  INFO detcore: DETLOG [syscall][detcore, dtid 3] inbound syscall: futex(0x1b51910, 265, 7, NULL, NULL, -1) = ? DETLOG_RECORD={"schema":1,"event":{"kind":"syscall"}}
2026-09-10T03:16:10.578471Z  INFO detcore: DETLOG [syscall][detcore, dtid 3] finish syscall #276: futex(0x1b51910, 265, 7, NULL, NULL, -1) = Ok(0) DETLOG_RECORD={"schema":1,"event":{"kind":"syscall_result","finished_syscall_number":276}}
2026-09-10T03:16:10.578495Z  INFO detcore: DETLOG [syscall][detcore, dtid 3] inbound syscall: futex(0x1b51910, 265, 7, NULL, NULL, -1) = ? DETLOG_RECORD={"schema":1,"event":{"kind":"syscall"}}
2026-09-10T03:16:10.578512Z  INFO detcore: DETLOG [syscall][detcore, dtid 3] finish syscall #277: futex(0x1b51910, 265, 7, NULL, NULL, -1) = Ok(0) DETLOG_RECORD={"schema":1,"event":{"kind":"syscall_result","finished_syscall_number":277}}
2026-09-10T03:16:10.578537Z  INFO detcore: DETLOG [syscall][detcore, dtid 3] inbound syscall: futex(0x1b51910, 265, 7, NULL, NULL, -1) = ? DETLOG_RECORD={"schema":1,"event":{"kind":"syscall"}}
2026-09-10T03:16:10.578554Z  INFO detcore: DETLOG [syscall][detcore, dtid 3] finish syscall #278: futex(0x1b51910, 265, 7, NULL, NULL, -1) = Ok(0) DETLOG_RECORD={"schema":1,"event":{"kind":"syscall_result","finished_syscall_number":278}}
2026-09-10T03:16:10.578579Z  INFO detcore: DETLOG [syscall][detcore, dtid 3] inbound syscall: futex(0x1b51910, 265, 7, NULL, NULL, -1) = ? DETLOG_RECORD={"schema":1,"event":{"kind":"syscall"}}
2026-09-10T03:16:10.578596Z  INFO detcore: DETLOG [syscall][detcore, dtid 3] finish syscall #279: futex(0x1b51910, 265, 7, NULL, NULL, -1) = Ok(0) DETLOG_RECORD={"schema":1,"event":{"kind":"syscall_result","finished_syscall_number":279}}
2026-09-10T03:16:10.578620Z  INFO detcore: DETLOG [syscall][detcore, dtid 3] inbound syscall: futex(0x1b51910, 265, 7, NULL, NULL, -1) = ? DETLOG_RECORD={"schema":1,"event":{"kind":"syscall"}}
2026-09-10T03:16:10.578637Z  INFO detcore: DETLOG [syscall][detcore, dtid 3] finish syscall #280: futex(0x1b51910, 265, 7, NULL, NULL, -1) = Ok(0) DETLOG_RECORD={"schema":1,"event":{"kind":"syscall_result","finished_syscall_number":280}}
2026-09-10T03:16:10.578662Z  INFO detcore: DETLOG [syscall][detcore, dtid 3] inbound syscall: futex(0x1b51910, 265, 7, NULL, NULL, -1) = ? DETLOG_RECORD={"schema":1,"event":{"kind":"syscall"}}
2026-09-10T03:16:10.578679Z  INFO detcore: DETLOG [syscall][detcore, dtid 3] finish syscall #281: futex(0x1b51910, 265, 7, NULL, NULL, -1) = Ok(0) DETLOG_RECORD={"schema":1,"event":{"kind":"syscall_result","finished_syscall_number":281}}
2026-09-10T03:16:10.578703Z  INFO detcore: DETLOG [syscall][detcore, dtid 3] inbound syscall: futex(0x1b51910, 265, 7, NULL, NULL, -1) = ? DETLOG_RECORD={"schema":1,"event":{"kind":"syscall"}}
2026-09-10T03:16:10.578722Z  INFO detcore: DETLOG [syscall][detcore, dtid 3] finish syscall #282: futex(0x1b51910, 265, 7, NULL, NULL, -1) = Ok(0) DETLOG_RECORD={"schema":1,"event":{"kind":"syscall_result","finished_syscall_number":282}}
2026-09-10T03:16:10.578748Z  INFO detcore: DETLOG [syscall][detcore, dtid 3] inbound syscall: futex(0x1b51910, 265, 7, NULL, NULL, -1) = ? DETLOG_RECORD={"schema":1,"event":{"kind":"syscall"}}
2026-09-10T03:16:10.578765Z  INFO detcore: DETLOG [syscall][detcore, dtid 3] finish syscall #283: futex(0x1b51910, 265, 7, NULL, NULL, -1) = Ok(0) DETLOG_RECORD={"schema":1,"event":{"kind":"syscall_result","finished_syscall_number":283}}
2026-09-10T03:16:10.578794Z  INFO detcore: DETLOG [syscall][detcore, dtid 3] inbound syscall: futex(0x1b51910, 265, 7, NULL, NULL, -1) = ? DETLOG_RECORD={"schema":1,"event":{"kind":"syscall"}}
2026-09-10T03:16:10.578812Z  INFO detcore: DETLOG [syscall][detcore, dtid 3] finish syscall #284: futex(0x1b51910, 265, 7, NULL, NULL, -1) = Ok(0) DETLOG_RECORD={"schema":1,"event":{"kind":"syscall_result","finished_syscall_number":284}}
2026-09-10T03:16:10.578836Z  INFO detcore: DETLOG [syscall][detcore, dtid 3] inbound syscall: futex(0x1b51910, 265, 7, NULL, NULL, -1) = ? DETLOG_RECORD={"schema":1,"event":{"kind":"syscall"}}
2026-09-10T03:16:10.578854Z  INFO detcore: DETLOG [syscall][detcore, dtid 3] finish syscall #285: futex(0x1b51910, 265, 7, NULL, NULL, -1) = Ok(0) DETLOG_RECORD={"schema":1,"event":{"kind":"syscall_result","finished_syscall_number":285}}
2026-09-10T03:16:10.578879Z  INFO detcore: DETLOG [syscall][detcore, dtid 3] inbound syscall: futex(0x1b51910, 265, 7, NULL, NULL, -1) = ? DETLOG_RECORD={"schema":1,"event":{"kind":"syscall"}}
2026-09-10T03:16:10.578896Z  INFO detcore: DETLOG [syscall][detcore, dtid 3] finish syscall #286: futex(0x1b51910, 265, 7, NULL, NULL, -1) = Ok(0) DETLOG_RECORD={"schema":1,"event":{"kind":"syscall_result","finished_syscall_number":286}}
2026-09-10T03:16:10.578921Z  INFO detcore: DETLOG [syscall][detcore, dtid 3] inbound syscall: futex(0x1b51910, 265, 7, NULL, NULL, -1) = ? DETLOG_RECORD={"schema":1,"event":{"kind":"syscall"}}
2026-09-10T03:16:10.578938Z  INFO detcore: DETLOG [syscall][detcore, dtid 3] finish syscall #287: futex(0x1b51910, 265, 7, NULL, NULL, -1) = Ok(0) DETLOG_RECORD={"schema":1,"event":{"kind":"syscall_result","finished_syscall_number":287}}
2026-09-10T03:16:10.578962Z  INFO detcore: DETLOG [syscall][detcore, dtid 3] inbound syscall: futex(0x1b51910, 265, 7, NULL, NULL, -1) = ? DETLOG_RECORD={"schema":1,"event":{"kind":"syscall"}}
2026-09-10T03:16:10.578979Z  INFO detcore: DETLOG [syscall][detcore, dtid 3] finish syscall #288: futex(0x1b51910, 265, 7, NULL, NULL, -1) = Ok(0) DETLOG_RECORD={"schema":1,"event":{"kind":"syscall_result","finished_syscall_number":288}}
2026-09-10T03:16:10.579004Z  INFO detcore: DETLOG [syscall][detcore, dtid 3] inbound syscall: futex(0x1b51910, 265, 7, NULL, NULL, -1) = ? DETLOG_RECORD={"schema":1,"event":{"kind":"syscall"}}
2026-09-10T03:16:10.579021Z  INFO detcore: DETLOG [syscall][detcore, dtid 3] finish syscall #289: futex(0x1b51910, 265, 7, NULL, NULL, -1) = Ok(0) DETLOG_RECORD={"schema":1,"event":{"kind":"syscall_result","finished_syscall_number":289}}
2026-09-10T03:16:10.579045Z  INFO detcore: DETLOG [syscall][detcore, dtid 3] inbound syscall: futex(0x1b51910, 265, 7, NULL, NULL, -1) = ? DETLOG_RECORD={"schema":1,"event":{"kind":"syscall"}}
2026-09-10T03:16:10.579062Z  INFO detcore: DETLOG [syscall][detcore, dtid 3] finish syscall #290: futex(0x1b51910, 265, 7, NULL, NULL, -1) = Ok(0) DETLOG_RECORD={"schema":1,"event":{"kind":"syscall_result","finished_syscall_number":290}}
2026-09-10T03:16:10.579087Z  INFO detcore: DETLOG [syscall][detcore, dtid 3] inbound syscall: futex(0x1b51910, 265, 7, NULL, NULL, -1) = ? DETLOG_RECORD={"schema":1,"event":{"kind":"syscall"}}
2026-09-10T03:16:10.579104Z  INFO detcore: DETLOG [syscall][detcore, dtid 3] finish syscall #291: futex(0x1b51910, 265, 7, NULL, NULL, -1) = Ok(0) DETLOG_RECORD={"schema":1,"event":{"kind":"syscall_result","finished_syscall_number":291}}
2026-09-10T03:16:10.579130Z  INFO detcore: DETLOG [syscall][detcore, dtid 3] inbound syscall: futex(0x1b51910, 265, 7, NULL, NULL, -1) = ? DETLOG_RECORD={"schema":1,"event":{"kind":"syscall"}}
2026-09-10T03:16:10.579148Z  INFO detcore: DETLOG [syscall][detcore, dtid 3] finish syscall #292: futex(0x1b51910, 265, 7, NULL, NULL, -1) = Ok(0) DETLOG_RECORD={"schema":1,"event":{"kind":"syscall_result","finished_syscall_number":292}}
2026-09-10T03:16:10.579173Z  INFO detcore: DETLOG [syscall][detcore, dtid 3] inbound syscall: futex(0x1b51910, 265, 7, NULL, NULL, -1) = ? DETLOG_RECORD={"schema":1,"event":{"kind":"syscall"}}
2026-09-10T03:16:10.579190Z  INFO detcore: DETLOG [syscall][detcore, dtid 3] finish syscall #293: futex(0x1b51910, 265, 7, NULL, NULL, -1) = Ok(0) DETLOG_RECORD={"schema":1,"event":{"kind":"syscall_result","finished_syscall_number":293}}
2026-09-10T03:16:10.579214Z  INFO detcore: DETLOG [syscall][detcore, dtid 3] inbound syscall: futex(0x1b51910, 265, 7, NULL, NULL, -1) = ? DETLOG_RECORD={"schema":1,"event":{"kind":"syscall"}}
2026-09-10T03:16:10.579232Z  INFO detcore: DETLOG [syscall][detcore, dtid 3] finish syscall #294: futex(0x1b51910, 265, 7, NULL, NULL, -1) = Ok(0) DETLOG_RECORD={"schema":1,"event":{"kind":"syscall_result","finished_syscall_number":294}}
2026-09-10T03:16:10.579256Z  INFO detcore: DETLOG [syscall][detcore, dtid 3] inbound syscall: futex(0x1b51910, 265, 7, NULL, NULL, -1) = ? DETLOG_RECORD={"schema":1,"event":{"kind":"syscall"}}
2026-09-10T03:16:10.579273Z  INFO detcore: DETLOG [syscall][detcore, dtid 3] finish syscall #295: futex(0x1b51910, 265, 7, NULL, NULL, -1) = Ok(0) DETLOG_RECORD={"schema":1,"event":{"kind":"syscall_result","finished_syscall_number":295}}
2026-09-10T03:16:10.579298Z  INFO detcore: DETLOG [syscall][detcore, dtid 3] inbound syscall: futex(0x1b51910, 265, 7, NULL, NULL, -1) = ? DETLOG_RECORD={"schema":1,"event":{"kind":"syscall"}}
2026-09-10T03:16:10.579315Z  INFO detcore: DETLOG [syscall][detcore, dtid 3] finish syscall #296: futex(0x1b51910, 265, 7, NULL, NULL, -1) = Ok(0) DETLOG_RECORD={"schema":1,"event":{"kind":"syscall_result","finished_syscall_number":296}}
2026-09-10T03:16:10.579339Z  INFO detcore: DETLOG [syscall][detcore, dtid 3] inbound syscall: futex(0x1b51910, 265, 7, NULL, NULL, -1) = ? DETLOG_RECORD={"schema":1,"event":{"kind":"syscall"}}
2026-09-10T03:16:10.579357Z  INFO detcore: DETLOG [syscall][detcore, dtid 3] finish syscall #297: futex(0x1b51910, 265, 7, NULL, NULL, -1) = Ok(0) DETLOG_RECORD={"schema":1,"event":{"kind":"syscall_result","finished_syscall_number":297}}
2026-09-10T03:16:10.579381Z  INFO detcore: DETLOG [syscall][detcore, dtid 3] inbound syscall: futex(0x1b51910, 265, 7, NULL, NULL, -1) = ? DETLOG_RECORD={"schema":1,"event":{"kind":"syscall"}}
2026-09-10T03:16:10.579398Z  INFO detcore: DETLOG [syscall][detcore, dtid 3] finish syscall #298: futex(0x1b51910, 265, 7, NULL, NULL, -1) = Ok(0) DETLOG_RECORD={"schema":1,"event":{"kind":"syscall_result","finished_syscall_number":298}}
2026-09-10T03:16:10.579422Z  INFO detcore: DETLOG [syscall][detcore, dtid 3] inbound syscall: futex(0x1b51910, 265, 7, NULL, NULL, -1) = ? DETLOG_RECORD={"schema":1,"event":{"kind":"syscall"}}
2026-09-10T03:16:10.579439Z  INFO detcore: DETLOG [syscall][detcore, dtid 3] finish syscall #299: futex(0x1b51910, 265, 7, NULL, NULL, -1) = Ok(0) DETLOG_RECORD={"schema":1,"event":{"kind":"syscall_result","finished_syscall_number":299}}
2026-09-10T03:16:10.579464Z  INFO detcore: DETLOG [syscall][detcore, dtid 3] inbound syscall: futex(0x1b51910, 265, 7, NULL, NULL, -1) = ? DETLOG_RECORD={"schema":1,"event":{"kind":"syscall"}}
2026-09-10T03:16:10.579481Z  INFO detcore: DETLOG [syscall][detcore, dtid 3] finish syscall #300: futex(0x1b51910, 265, 7, NULL, NULL, -1) = Ok(0) DETLOG_RECORD={"schema":1,"event":{"kind":"syscall_result","finished_syscall_number":300}}
2026-09-10T03:16:10.579505Z  INFO detcore: DETLOG [syscall][detcore, dtid 3] inbound syscall: futex(0x1b51910, 265, 7, NULL, NULL, -1) = ? DETLOG_RECORD={"schema":1,"event":{"kind":"syscall"}}
2026-09-10T03:16:10.579524Z  INFO detcore: DETLOG [syscall][detcore, dtid 3] finish syscall #301: futex(0x1b51910, 265, 7, NULL, NULL, -1) = Ok(0) DETLOG_RECORD={"schema":1,"event":{"kind":"syscall_result","finished_syscall_number":301}}
2026-09-10T03:16:10.579550Z  INFO detcore: DETLOG [syscall][detcore, dtid 3] inbound syscall: futex(0x1b51910, 265, 7, NULL, NULL, -1) = ? DETLOG_RECORD={"schema":1,"event":{"kind":"syscall"}}
2026-09-10T03:16:10.579567Z  INFO detcore: DETLOG [syscall][detcore, dtid 3] finish syscall #302: futex(0x1b51910, 265, 7, NULL, NULL, -1) = Ok(0) DETLOG_RECORD={"schema":1,"event":{"kind":"syscall_result","finished_syscall_number":302}}
2026-09-10T03:16:10.579592Z  INFO detcore: DETLOG [syscall][detcore, dtid 3] inbound syscall: futex(0x1b51910, 265, 7, NULL, NULL, -1) = ? DETLOG_RECORD={"schema":1,"event":{"kind":"syscall"}}
2026-09-10T03:16:10.579609Z  INFO detcore: DETLOG [syscall][detcore, dtid 3] finish syscall #303: futex(0x1b51910, 265, 7, NULL, NULL, -1) = Ok(0) DETLOG_RECORD={"schema":1,"event":{"kind":"syscall_result","finished_syscall_number":303}}
2026-09-10T03:16:10.579633Z  INFO detcore: DETLOG [syscall][detcore, dtid 3] inbound syscall: futex(0x1b51910, 265, 7, NULL, NULL, -1) = ? DETLOG_RECORD={"schema":1,"event":{"kind":"syscall"}}
2026-09-10T03:16:10.579650Z  INFO detcore: DETLOG [syscall][detcore, dtid 3] finish syscall #304: futex(0x1b51910, 265, 7, NULL, NULL, -1) = Ok(0) DETLOG_RECORD={"schema":1,"event":{"kind":"syscall_result","finished_syscall_number":304}}
2026-09-10T03:16:10.579675Z  INFO detcore: DETLOG [syscall][detcore, dtid 3] inbound syscall: futex(0x1b51910, 265, 7, NULL, NULL, -1) = ? DETLOG_RECORD={"schema":1,"event":{"kind":"syscall"}}
2026-09-10T03:16:10.579692Z  INFO detcore: DETLOG [syscall][detcore, dtid 3] finish syscall #305: futex(0x1b51910, 265, 7, NULL, NULL, -1) = Ok(0) DETLOG_RECORD={"schema":1,"event":{"kind":"syscall_result","finished_syscall_number":305}}
2026-09-10T03:16:10.579717Z  INFO detcore: DETLOG [syscall][detcore, dtid 3] inbound syscall: futex(0x1b51910, 265, 7, NULL, NULL, -1) = ? DETLOG_RECORD={"schema":1,"event":{"kind":"syscall"}}
2026-09-10T03:16:10.579734Z  INFO detcore: DETLOG [syscall][detcore, dtid 3] finish syscall #306: futex(0x1b51910, 265, 7, NULL, NULL, -1) = Ok(0) DETLOG_RECORD={"schema":1,"event":{"kind":"syscall_result","finished_syscall_number":306}}
2026-09-10T03:16:10.579758Z  INFO detcore: DETLOG [syscall][detcore, dtid 3] inbound syscall: futex(0x1b51910, 265, 7, NULL, NULL, -1) = ? DETLOG_RECORD={"schema":1,"event":{"kind":"syscall"}}
2026-09-10T03:16:10.579778Z  INFO detcore: DETLOG [syscall][detcore, dtid 3] finish syscall #307: futex(0x1b51910, 265, 7, NULL, NULL, -1) = Ok(0) DETLOG_RECORD={"schema":1,"event":{"kind":"syscall_result","finished_syscall_number":307}}
2026-09-10T03:16:10.579804Z  INFO detcore: DETLOG [syscall][detcore, dtid 3] inbound syscall: futex(0x1b51910, 265, 7, NULL, NULL, -1) = ? DETLOG_RECORD={"schema":1,"event":{"kind":"syscall"}}
2026-09-10T03:16:10.579821Z  INFO detcore: DETLOG [syscall][detcore, dtid 3] finish syscall #308: futex(0x1b51910, 265, 7, NULL, NULL, -1) = Ok(0) DETLOG_RECORD={"schema":1,"event":{"kind":"syscall_result","finished_syscall_number":308}}
2026-09-10T03:16:10.579845Z  INFO detcore: DETLOG [syscall][detcore, dtid 3] inbound syscall: futex(0x1b51910, 265, 7, NULL, NULL, -1) = ? DETLOG_RECORD={"schema":1,"event":{"kind":"syscall"}}
2026-09-10T03:16:10.579863Z  INFO detcore: DETLOG [syscall][detcore, dtid 3] finish syscall #309: futex(0x1b51910, 265, 7, NULL, NULL, -1) = Ok(0) DETLOG_RECORD={"schema":1,"event":{"kind":"syscall_result","finished_syscall_number":309}}
2026-09-10T03:16:10.579887Z  INFO detcore: DETLOG [syscall][detcore, dtid 3] inbound syscall: futex(0x1b51910, 265, 7, NULL, NULL, -1) = ? DETLOG_RECORD={"schema":1,"event":{"kind":"syscall"}}
2026-09-10T03:16:10.579904Z  INFO detcore: DETLOG [syscall][detcore, dtid 3] finish syscall #310: futex(0x1b51910, 265, 7, NULL, NULL, -1) = Ok(0) DETLOG_RECORD={"schema":1,"event":{"kind":"syscall_result","finished_syscall_number":310}}
2026-09-10T03:16:10.579932Z  INFO detcore: DETLOG [syscall][detcore, dtid 3] inbound syscall: futex(0x1b51910, 265, 7, NULL, NULL, -1) = ? DETLOG_RECORD={"schema":1,"event":{"kind":"syscall"}}
2026-09-10T03:16:10.579950Z  INFO detcore: DETLOG [syscall][detcore, dtid 3] finish syscall #311: futex(0x1b51910, 265, 7, NULL, NULL, -1) = Ok(0) DETLOG_RECORD={"schema":1,"event":{"kind":"syscall_result","finished_syscall_number":311}}
2026-09-10T03:16:10.580293Z  INFO detcore: DETLOG [syscall][detcore, dtid 3] inbound syscall: close(3) = ? DETLOG_RECORD={"schema":1,"event":{"kind":"syscall"}}
2026-09-10T03:16:10.580356Z  INFO detcore: DETLOG [syscall][detcore, dtid 3] finish syscall #312: close(3) = Ok(0) DETLOG_RECORD={"schema":1,"event":{"kind":"syscall_result","finished_syscall_number":312}}
2026-09-10T03:16:10.580378Z  INFO detcore: DETLOG [syscall][detcore, dtid 3] inbound syscall: close(4) = ? DETLOG_RECORD={"schema":1,"event":{"kind":"syscall"}}
2026-09-10T03:16:10.580401Z  INFO detcore: DETLOG [syscall][detcore, dtid 3] finish syscall #313: close(4) = Ok(0) DETLOG_RECORD={"schema":1,"event":{"kind":"syscall_result","finished_syscall_number":313}}
2026-09-10T03:16:10.580436Z  INFO detcore: DETLOG [syscall][detcore, dtid 3] inbound syscall: eventfd2(0, EfdFlags(0x0)) = ? DETLOG_RECORD={"schema":1,"event":{"kind":"syscall"}}
2026-09-10T03:16:10.580471Z  INFO detcore::syscalls::files: Injecting additional fstat to retrieve file metadata on fd 3.
2026-09-10T03:16:10.580505Z  INFO detcore: DETLOG [syscall][detcore, dtid 3] finish syscall #314: eventfd2(0, EfdFlags(0x0)) = Ok(3) DETLOG_RECORD={"schema":1,"event":{"kind":"syscall_result","finished_syscall_number":314}}
2026-09-10T03:16:10.580528Z  INFO detcore: DETLOG [syscall][detcore, dtid 3] inbound syscall: rt_sigprocmask(0, 0x12f7820, 0x3fffea60, 8) = ? DETLOG_RECORD={"schema":1,"event":{"kind":"syscall"}}
2026-09-10T03:16:10.580556Z  INFO detcore: DETLOG [syscall][detcore, dtid 3] finish syscall #315: rt_sigprocmask(0, 0x12f7820, 0x3fffea60, 8) = Ok(0) DETLOG_RECORD={"schema":1,"event":{"kind":"syscall_result","finished_syscall_number":315}}
2026-09-10T03:16:10.580589Z  INFO detcore: DETLOG [syscall][detcore, dtid 3] inbound syscall: clone3(0x3fffe920, 88) = ? DETLOG_RECORD={"schema":1,"event":{"kind":"syscall"}}
2026-09-10T03:16:10.581028Z  INFO detcore::tool_local: DETLOG RNG USER RAND seeding child User pedigree PPPPC: [71, 29, 139, 255, 39, 177, 97, 140, 173, 44, 136, 206, 92, 156, 159, 26] from parent Mcg128Xsl64 {} DETLOG_RECORD={"schema":1,"event":{"kind":"other"}}
2026-09-10T03:16:10.581060Z  INFO detcore::tool_local: DETLOG RNG CHAOSRAND seeding child Chaos pedigree PPPPC: [58, 0, 156, 6, 78, 163, 106, 136, 201, 1, 236, 177, 111, 54, 171, 80] from parent Mcg128Xsl64 {} DETLOG_RECORD={"schema":1,"event":{"kind":"other"}}
2026-09-10T03:16:10.581340Z  INFO detcore::scheduler: [sched-step5] >>>>>>>

 COMMIT turn 339, dettid 8 using resources {MemAddrSpace(DetPid(3)): RW}, on previously committed 1_767_225_600.101_416_250s DETLOG_RECORD={"schema":1,"event":{"kind":"scheduler_commit","scheduler_turn":339,"virtual_nanoseconds":1767225600101416250,"internal_io_poll":false,"runtime_maps_read":false}}
2026-09-10T03:16:10.581388Z  INFO detcore::tool_global: [detcore, dtid 8] New thread given go-ahead to proceed via <ivar Go(None)>
2026-09-10T03:16:10.581540Z  INFO detcore: DETLOG [syscall][detcore, dtid 8] inbound syscall: set_robust_list(0x1b51920, 24) = ? DETLOG_RECORD={"schema":1,"event":{"kind":"syscall"}}
2026-09-10T03:16:10.581607Z  INFO detcore: DETLOG [syscall][detcore, dtid 8] finish syscall #1: set_robust_list(0x1b51920, 24) = Ok(0) DETLOG_RECORD={"schema":1,"event":{"kind":"syscall_result","finished_syscall_number":1}}
2026-09-10T03:16:10.581638Z  INFO detcore: DETLOG [syscall][detcore, dtid 8] inbound syscall: rt_sigprocmask(2, 0x1b51f30, NULL, 8) = ? DETLOG_RECORD={"schema":1,"event":{"kind":"syscall"}}
2026-09-10T03:16:10.581672Z  INFO detcore: DETLOG [syscall][detcore, dtid 8] finish syscall #2: rt_sigprocmask(2, 0x1b51f30, NULL, 8) = Ok(0) DETLOG_RECORD={"schema":1,"event":{"kind":"syscall_result","finished_syscall_number":2}}
2026-09-10T03:16:10.581709Z  INFO detcore: DETLOG [syscall][detcore, dtid 8] inbound syscall: clock_nanosleep(CLOCK_REALTIME, 0, 0x1b50e40, 0x1b50e40) = ? DETLOG_RECORD={"schema":1,"event":{"kind":"syscall"}}
2026-09-10T03:16:10.581785Z  INFO detcore::scheduler: [sched-step5] >>>>>>>

 COMMIT turn 340, dettid 3 using resources {ParentContinue { parent: DetPid(3), child: DetPid(8) }: W}, on previously committed 1_767_225_600.105_356_500s DETLOG_RECORD={"schema":1,"event":{"kind":"scheduler_commit","scheduler_turn":340,"virtual_nanoseconds":1767225600105356500,"internal_io_poll":false,"runtime_maps_read":false}}
2026-09-10T03:16:10.581848Z  INFO detcore: DETLOG [syscall][detcore, dtid 3] finish syscall #316: clone3(0x3fffe920, 88) = Ok(8) DETLOG_RECORD={"schema":1,"event":{"kind":"syscall_result","finished_syscall_number":316}}
2026-09-10T03:16:10.581885Z  INFO detcore: DETLOG [syscall][detcore, dtid 3] inbound syscall: rt_sigprocmask(2, 0x3fffea60, NULL, 8) = ? DETLOG_RECORD={"schema":1,"event":{"kind":"syscall"}}
2026-09-10T03:16:10.581918Z  INFO detcore: DETLOG [syscall][detcore, dtid 3] finish syscall #317: rt_sigprocmask(2, 0x3fffea60, NULL, 8) = Ok(0) DETLOG_RECORD={"schema":1,"event":{"kind":"syscall_result","finished_syscall_number":317}}
2026-09-10T03:16:10.581954Z  INFO detcore: DETLOG [syscall][detcore, dtid 3] inbound syscall: preadv2(3, 0x3fffeb70, 2, 18446744073709551615, 0, 0) = ? DETLOG_RECORD={"schema":1,"event":{"kind":"syscall"}}
2026-09-10T03:16:10.582078Z  INFO detcore::scheduler: [scheduler] >>>>>>>

 NONCOMMIT turn 341, SKIP dettid 8 which wanted resource SleepUntil(LogicalTime(1767225600124856500)) (blocking)
2026-09-10T03:16:10.582111Z  INFO detcore::scheduler: [scheduler] >>>>>>>

 NONCOMMIT turn 342, SKIP dettid 3 polling resource Resources { tid: DetPid(3), resources: {InternalIOPolling: W}, poll_attempt: 1, fyi: "preadv2", signal_interrupt_errno: 512 }
2026-09-10T03:16:10.582145Z  INFO detcore::scheduler: [sched-step5] >>>>>>>

 COMMIT turn 343, dettid 3 using resources {InternalIOPolling: W}, on previously committed 1_767_225_600.105_857_000s DETLOG_RECORD={"schema":1,"event":{"kind":"scheduler_commit","scheduler_turn":343,"virtual_nanoseconds":1767225600105857000,"internal_io_poll":true,"runtime_maps_read":false}}
2026-09-10T03:16:10.582218Z  INFO detcore::scheduler: [scheduler] >>>>>>>

 NONCOMMIT turn 344, SKIP dettid 3 polling resource Resources { tid: DetPid(3), resources: {InternalIOPolling: W}, poll_attempt: 2, fyi: "preadv2", signal_interrupt_errno: 512 }
2026-09-10T03:16:10.582247Z  INFO detcore::scheduler: [sched-step5] >>>>>>>

 COMMIT turn 345, dettid 3 using resources {InternalIOPolling: W}, on previously committed 1_767_225_600.106_357_000s DETLOG_RECORD={"schema":1,"event":{"kind":"scheduler_commit","scheduler_turn":345,"virtual_nanoseconds":1767225600106357000,"internal_io_poll":true,"runtime_maps_read":false}}
2026-09-10T03:16:10.582298Z  INFO detcore::scheduler: [scheduler] >>>>>>>

 NONCOMMIT turn 346, SKIP dettid 3 polling resource Resources { tid: DetPid(3), resources: {InternalIOPolling: W}, poll_attempt: 3, fyi: "preadv2", signal_interrupt_errno: 512 }
2026-09-10T03:16:10.582324Z  INFO detcore::scheduler: [sched-step5] >>>>>>>

 COMMIT turn 347, dettid 3 using resources {InternalIOPolling: W}, on previously committed 1_767_225_600.106_857_000s DETLOG_RECORD={"schema":1,"event":{"kind":"scheduler_commit","scheduler_turn":347,"virtual_nanoseconds":1767225600106857000,"internal_io_poll":true,"runtime_maps_read":false}}
2026-09-10T03:16:10.582372Z  INFO detcore::scheduler: [scheduler] >>>>>>>

 NONCOMMIT turn 348, SKIP dettid 3 polling resource Resources { tid: DetPid(3), resources: {InternalIOPolling: W}, poll_attempt: 4, fyi: "preadv2", signal_interrupt_errno: 512 }
2026-09-10T03:16:10.582399Z  INFO detcore::scheduler: [sched-step5] >>>>>>>

 COMMIT turn 349, dettid 3 using resources {InternalIOPolling: W}, on previously committed 1_767_225_600.107_357_000s DETLOG_RECORD={"schema":1,"event":{"kind":"scheduler_commit","scheduler_turn":349,"virtual_nanoseconds":1767225600107357000,"internal_io_poll":true,"runtime_maps_read":false}}
2026-09-10T03:16:10.582451Z  INFO detcore::scheduler: [scheduler] >>>>>>>

 NONCOMMIT turn 350, SKIP dettid 3 polling resource Resources { tid: DetPid(3), resources: {InternalIOPolling: W}, poll_attempt: 5, fyi: "preadv2", signal_interrupt_errno: 512 }
2026-09-10T03:16:10.582480Z  INFO detcore::scheduler: [sched-step5] >>>>>>>

 COMMIT turn 351, dettid 3 using resources {InternalIOPolling: W}, on previously committed 1_767_225_600.107_857_000s DETLOG_RECORD={"schema":1,"event":{"kind":"scheduler_commit","scheduler_turn":351,"virtual_nanoseconds":1767225600107857000,"internal_io_poll":true,"runtime_maps_read":false}}
2026-09-10T03:16:10.582528Z  INFO detcore::scheduler: [scheduler] >>>>>>>

 NONCOMMIT turn 352, SKIP dettid 3 polling resource Resources { tid: DetPid(3), resources: {InternalIOPolling: W}, poll_attempt: 6, fyi: "preadv2", signal_interrupt_errno: 512 }
2026-09-10T03:16:10.582554Z  INFO detcore::scheduler: [sched-step5] >>>>>>>

 COMMIT turn 353, dettid 3 using resources {InternalIOPolling: W}, on previously committed 1_767_225_600.108_357_000s DETLOG_RECORD={"schema":1,"event":{"kind":"scheduler_commit","scheduler_turn":353,"virtual_nanoseconds":1767225600108357000,"internal_io_poll":true,"runtime_maps_read":false}}
2026-09-10T03:16:10.582601Z  INFO detcore::scheduler: [scheduler] >>>>>>>

 NONCOMMIT turn 354, SKIP dettid 3 polling resource Resources { tid: DetPid(3), resources: {InternalIOPolling: W}, poll_attempt: 7, fyi: "preadv2", signal_interrupt_errno: 512 }
2026-09-10T03:16:10.582627Z  INFO detcore::scheduler: [sched-step5] >>>>>>>

 COMMIT turn 355, dettid 3 using resources {InternalIOPolling: W}, on previously committed 1_767_225_600.108_857_000s DETLOG_RECORD={"schema":1,"event":{"kind":"scheduler_commit","scheduler_turn":355,"virtual_nanoseconds":1767225600108857000,"internal_io_poll":true,"runtime_maps_read":false}}
2026-09-10T03:16:10.582674Z  INFO detcore::scheduler: [scheduler] >>>>>>>

 NONCOMMIT turn 356, SKIP dettid 3 polling resource Resources { tid: DetPid(3), resources: {InternalIOPolling: W}, poll_attempt: 8, fyi: "preadv2", signal_interrupt_errno: 512 }
2026-09-10T03:16:10.582700Z  INFO detcore::scheduler: [sched-step5] >>>>>>>

 COMMIT turn 357, dettid 3 using resources {InternalIOPolling: W}, on previously committed 1_767_225_600.109_357_000s DETLOG_RECORD={"schema":1,"event":{"kind":"scheduler_commit","scheduler_turn":357,"virtual_nanoseconds":1767225600109357000,"internal_io_poll":true,"runtime_maps_read":false}}
2026-09-10T03:16:10.582746Z  INFO detcore::scheduler: [scheduler] >>>>>>>

 NONCOMMIT turn 358, SKIP dettid 3 polling resource Resources { tid: DetPid(3), resources: {InternalIOPolling: W}, poll_attempt: 9, fyi: "preadv2", signal_interrupt_errno: 512 }
2026-09-10T03:16:10.582778Z  INFO detcore::scheduler: [sched-step5] >>>>>>>

 COMMIT turn 359, dettid 3 using resources {InternalIOPolling: W}, on previously committed 1_767_225_600.109_857_000s DETLOG_RECORD={"schema":1,"event":{"kind":"scheduler_commit","scheduler_turn":359,"virtual_nanoseconds":1767225600109857000,"internal_io_poll":true,"runtime_maps_read":false}}
2026-09-10T03:16:10.582833Z  INFO detcore::scheduler: [scheduler] >>>>>>>

 NONCOMMIT turn 360, SKIP dettid 3 polling resource Resources { tid: DetPid(3), resources: {InternalIOPolling: W}, poll_attempt: 10, fyi: "preadv2", signal_interrupt_errno: 512 }
2026-09-10T03:16:10.582859Z  INFO detcore::scheduler: [sched-step5] >>>>>>>

 COMMIT turn 361, dettid 3 using resources {InternalIOPolling: W}, on previously committed 1_767_225_600.110_357_000s DETLOG_RECORD={"schema":1,"event":{"kind":"scheduler_commit","scheduler_turn":361,"virtual_nanoseconds":1767225600110357000,"internal_io_poll":true,"runtime_maps_read":false}}
2026-09-10T03:16:10.582906Z  INFO detcore::scheduler: [scheduler] >>>>>>>

 NONCOMMIT turn 362, SKIP dettid 3 polling resource Resources { tid: DetPid(3), resources: {InternalIOPolling: W}, poll_attempt: 11, fyi: "preadv2", signal_interrupt_errno: 512 }
2026-09-10T03:16:10.582934Z  INFO detcore::scheduler: [sched-step5] >>>>>>>

 COMMIT turn 363, dettid 3 using resources {InternalIOPolling: W}, on previously committed 1_767_225_600.110_857_000s DETLOG_RECORD={"schema":1,"event":{"kind":"scheduler_commit","scheduler_turn":363,"virtual_nanoseconds":1767225600110857000,"internal_io_poll":true,"runtime_maps_read":false}}
2026-09-10T03:16:10.582983Z  INFO detcore::scheduler: [scheduler] >>>>>>>

 NONCOMMIT turn 364, SKIP dettid 3 polling resource Resources { tid: DetPid(3), resources: {InternalIOPolling: W}, poll_attempt: 12, fyi: "preadv2", signal_interrupt_errno: 512 }
2026-09-10T03:16:10.583009Z  INFO detcore::scheduler: [sched-step5] >>>>>>>

 COMMIT turn 365, dettid 3 using resources {InternalIOPolling: W}, on previously committed 1_767_225_600.111_357_000s DETLOG_RECORD={"schema":1,"event":{"kind":"scheduler_commit","scheduler_turn":365,"virtual_nanoseconds":1767225600111357000,"internal_io_poll":true,"runtime_maps_read":false}}
2026-09-10T03:16:10.583057Z  INFO detcore::scheduler: [scheduler] >>>>>>>

 NONCOMMIT turn 366, SKIP dettid 3 polling resource Resources { tid: DetPid(3), resources: {InternalIOPolling: W}, poll_attempt: 13, fyi: "preadv2", signal_interrupt_errno: 512 }
2026-09-10T03:16:10.583083Z  INFO detcore::scheduler: [sched-step5] >>>>>>>

 COMMIT turn 367, dettid 3 using resources {InternalIOPolling: W}, on previously committed 1_767_225_600.111_857_000s DETLOG_RECORD={"schema":1,"event":{"kind":"scheduler_commit","scheduler_turn":367,"virtual_nanoseconds":1767225600111857000,"internal_io_poll":true,"runtime_maps_read":false}}
2026-09-10T03:16:10.583129Z  INFO detcore::scheduler: [scheduler] >>>>>>>

 NONCOMMIT turn 368, SKIP dettid 3 polling resource Resources { tid: DetPid(3), resources: {InternalIOPolling: W}, poll_attempt: 14, fyi: "preadv2", signal_interrupt_errno: 512 }
2026-09-10T03:16:10.583155Z  INFO detcore::scheduler: [sched-step5] >>>>>>>

 COMMIT turn 369, dettid 3 using resources {InternalIOPolling: W}, on previously committed 1_767_225_600.112_357_000s DETLOG_RECORD={"schema":1,"event":{"kind":"scheduler_commit","scheduler_turn":369,"virtual_nanoseconds":1767225600112357000,"internal_io_poll":true,"runtime_maps_read":false}}
2026-09-10T03:16:10.583201Z  INFO detcore::scheduler: [scheduler] >>>>>>>

 NONCOMMIT turn 370, SKIP dettid 3 polling resource Resources { tid: DetPid(3), resources: {InternalIOPolling: W}, poll_attempt: 15, fyi: "preadv2", signal_interrupt_errno: 512 }
2026-09-10T03:16:10.583227Z  INFO detcore::scheduler: [sched-step5] >>>>>>>

 COMMIT turn 371, dettid 3 using resources {InternalIOPolling: W}, on previously committed 1_767_225_600.112_857_000s DETLOG_RECORD={"schema":1,"event":{"kind":"scheduler_commit","scheduler_turn":371,"virtual_nanoseconds":1767225600112857000,"internal_io_poll":true,"runtime_maps_read":false}}
2026-09-10T03:16:10.583273Z  INFO detcore::scheduler: [scheduler] >>>>>>>

 NONCOMMIT turn 372, SKIP dettid 3 polling resource Resources { tid: DetPid(3), resources: {InternalIOPolling: W}, poll_attempt: 16, fyi: "preadv2", signal_interrupt_errno: 512 }
2026-09-10T03:16:10.583298Z  INFO detcore::scheduler: [sched-step5] >>>>>>>

 COMMIT turn 373, dettid 3 using resources {InternalIOPolling: W}, on previously committed 1_767_225_600.113_357_000s DETLOG_RECORD={"schema":1,"event":{"kind":"scheduler_commit","scheduler_turn":373,"virtual_nanoseconds":1767225600113357000,"internal_io_poll":true,"runtime_maps_read":false}}
2026-09-10T03:16:10.583345Z  INFO detcore::scheduler: [scheduler] >>>>>>>

 NONCOMMIT turn 374, SKIP dettid 3 polling resource Resources { tid: DetPid(3), resources: {InternalIOPolling: W}, poll_attempt: 17, fyi: "preadv2", signal_interrupt_errno: 512 }
2026-09-10T03:16:10.583371Z  INFO detcore::scheduler: [sched-step5] >>>>>>>

 COMMIT turn 375, dettid 3 using resources {InternalIOPolling: W}, on previously committed 1_767_225_600.113_857_000s DETLOG_RECORD={"schema":1,"event":{"kind":"scheduler_commit","scheduler_turn":375,"virtual_nanoseconds":1767225600113857000,"internal_io_poll":true,"runtime_maps_read":false}}
2026-09-10T03:16:10.583419Z  INFO detcore::scheduler: [scheduler] >>>>>>>

 NONCOMMIT turn 376, SKIP dettid 3 polling resource Resources { tid: DetPid(3), resources: {InternalIOPolling: W}, poll_attempt: 18, fyi: "preadv2", signal_interrupt_errno: 512 }
2026-09-10T03:16:10.583447Z  INFO detcore::scheduler: [sched-step5] >>>>>>>

 COMMIT turn 377, dettid 3 using resources {InternalIOPolling: W}, on previously committed 1_767_225_600.114_357_000s DETLOG_RECORD={"schema":1,"event":{"kind":"scheduler_commit","scheduler_turn":377,"virtual_nanoseconds":1767225600114357000,"internal_io_poll":true,"runtime_maps_read":false}}
2026-09-10T03:16:10.583493Z  INFO detcore::scheduler: [scheduler] >>>>>>>

 NONCOMMIT turn 378, SKIP dettid 3 polling resource Resources { tid: DetPid(3), resources: {InternalIOPolling: W}, poll_attempt: 19, fyi: "preadv2", signal_interrupt_errno: 512 }
2026-09-10T03:16:10.583519Z  INFO detcore::scheduler: [sched-step5] >>>>>>>

 COMMIT turn 379, dettid 3 using resources {InternalIOPolling: W}, on previously committed 1_767_225_600.114_857_000s DETLOG_RECORD={"schema":1,"event":{"kind":"scheduler_commit","scheduler_turn":379,"virtual_nanoseconds":1767225600114857000,"internal_io_poll":true,"runtime_maps_read":false}}
2026-09-10T03:16:10.583565Z  INFO detcore::scheduler: [scheduler] >>>>>>>

 NONCOMMIT turn 380, SKIP dettid 3 polling resource Resources { tid: DetPid(3), resources: {InternalIOPolling: W}, poll_attempt: 20, fyi: "preadv2", signal_interrupt_errno: 512 }
2026-09-10T03:16:10.583591Z  INFO detcore::scheduler: [sched-step5] >>>>>>>

 COMMIT turn 381, dettid 3 using resources {InternalIOPolling: W}, on previously committed 1_767_225_600.115_357_000s DETLOG_RECORD={"schema":1,"event":{"kind":"scheduler_commit","scheduler_turn":381,"virtual_nanoseconds":1767225600115357000,"internal_io_poll":true,"runtime_maps_read":false}}
2026-09-10T03:16:10.583637Z  INFO detcore::scheduler: [scheduler] >>>>>>>

 NONCOMMIT turn 382, SKIP dettid 3 polling resource Resources { tid: DetPid(3), resources: {InternalIOPolling: W}, poll_attempt: 21, fyi: "preadv2", signal_interrupt_errno: 512 }
2026-09-10T03:16:10.583663Z  INFO detcore::scheduler: [sched-step5] >>>>>>>

 COMMIT turn 383, dettid 3 using resources {InternalIOPolling: W}, on previously committed 1_767_225_600.115_857_000s DETLOG_RECORD={"schema":1,"event":{"kind":"scheduler_commit","scheduler_turn":383,"virtual_nanoseconds":1767225600115857000,"internal_io_poll":true,"runtime_maps_read":false}}
2026-09-10T03:16:10.583709Z  INFO detcore::scheduler: [scheduler] >>>>>>>

 NONCOMMIT turn 384, SKIP dettid 3 polling resource Resources { tid: DetPid(3), resources: {InternalIOPolling: W}, poll_attempt: 22, fyi: "preadv2", signal_interrupt_errno: 512 }
2026-09-10T03:16:10.583735Z  INFO detcore::scheduler: [sched-step5] >>>>>>>

 COMMIT turn 385, dettid 3 using resources {InternalIOPolling: W}, on previously committed 1_767_225_600.116_357_000s DETLOG_RECORD={"schema":1,"event":{"kind":"scheduler_commit","scheduler_turn":385,"virtual_nanoseconds":1767225600116357000,"internal_io_poll":true,"runtime_maps_read":false}}
2026-09-10T03:16:10.583786Z  INFO detcore::scheduler: [scheduler] >>>>>>>

 NONCOMMIT turn 386, SKIP dettid 3 polling resource Resources { tid: DetPid(3), resources: {InternalIOPolling: W}, poll_attempt: 23, fyi: "preadv2", signal_interrupt_errno: 512 }
2026-09-10T03:16:10.583813Z  INFO detcore::scheduler: [sched-step5] >>>>>>>

 COMMIT turn 387, dettid 3 using resources {InternalIOPolling: W}, on previously committed 1_767_225_600.116_857_000s DETLOG_RECORD={"schema":1,"event":{"kind":"scheduler_commit","scheduler_turn":387,"virtual_nanoseconds":1767225600116857000,"internal_io_poll":true,"runtime_maps_read":false}}
2026-09-10T03:16:10.583859Z  INFO detcore::scheduler: [scheduler] >>>>>>>

 NONCOMMIT turn 388, SKIP dettid 3 polling resource Resources { tid: DetPid(3), resources: {InternalIOPolling: W}, poll_attempt: 24, fyi: "preadv2", signal_interrupt_errno: 512 }
2026-09-10T03:16:10.583891Z  INFO detcore::scheduler: [sched-step5] >>>>>>>

 COMMIT turn 389, dettid 3 using resources {InternalIOPolling: W}, on previously committed 1_767_225_600.117_357_000s DETLOG_RECORD={"schema":1,"event":{"kind":"scheduler_commit","scheduler_turn":389,"virtual_nanoseconds":1767225600117357000,"internal_io_poll":true,"runtime_maps_read":false}}
2026-09-10T03:16:10.583940Z  INFO detcore::scheduler: [scheduler] >>>>>>>

 NONCOMMIT turn 390, SKIP dettid 3 polling resource Resources { tid: DetPid(3), resources: {InternalIOPolling: W}, poll_attempt: 25, fyi: "preadv2", signal_interrupt_errno: 512 }
2026-09-10T03:16:10.583967Z  INFO detcore::scheduler: [sched-step5] >>>>>>>

 COMMIT turn 391, dettid 3 using resources {InternalIOPolling: W}, on previously committed 1_767_225_600.117_857_000s DETLOG_RECORD={"schema":1,"event":{"kind":"scheduler_commit","scheduler_turn":391,"virtual_nanoseconds":1767225600117857000,"internal_io_poll":true,"runtime_maps_read":false}}
2026-09-10T03:16:10.584013Z  INFO detcore::scheduler: [scheduler] >>>>>>>

 NONCOMMIT turn 392, SKIP dettid 3 polling resource Resources { tid: DetPid(3), resources: {InternalIOPolling: W}, poll_attempt: 26, fyi: "preadv2", signal_interrupt_errno: 512 }
2026-09-10T03:16:10.584039Z  INFO detcore::scheduler: [sched-step5] >>>>>>>

 COMMIT turn 393, dettid 3 using resources {InternalIOPolling: W}, on previously committed 1_767_225_600.118_357_000s DETLOG_RECORD={"schema":1,"event":{"kind":"scheduler_commit","scheduler_turn":393,"virtual_nanoseconds":1767225600118357000,"internal_io_poll":true,"runtime_maps_read":false}}
2026-09-10T03:16:10.584085Z  INFO detcore::scheduler: [scheduler] >>>>>>>

 NONCOMMIT turn 394, SKIP dettid 3 polling resource Resources { tid: DetPid(3), resources: {InternalIOPolling: W}, poll_attempt: 27, fyi: "preadv2", signal_interrupt_errno: 512 }
2026-09-10T03:16:10.584116Z  INFO detcore::scheduler: [sched-step5] >>>>>>>

 COMMIT turn 395, dettid 3 using resources {InternalIOPolling: W}, on previously committed 1_767_225_600.118_857_000s DETLOG_RECORD={"schema":1,"event":{"kind":"scheduler_commit","scheduler_turn":395,"virtual_nanoseconds":1767225600118857000,"internal_io_poll":true,"runtime_maps_read":false}}
2026-09-10T03:16:10.584163Z  INFO detcore::scheduler: [scheduler] >>>>>>>

 NONCOMMIT turn 396, SKIP dettid 3 polling resource Resources { tid: DetPid(3), resources: {InternalIOPolling: W}, poll_attempt: 28, fyi: "preadv2", signal_interrupt_errno: 512 }
2026-09-10T03:16:10.584189Z  INFO detcore::scheduler: [sched-step5] >>>>>>>

 COMMIT turn 397, dettid 3 using resources {InternalIOPolling: W}, on previously committed 1_767_225_600.119_357_000s DETLOG_RECORD={"schema":1,"event":{"kind":"scheduler_commit","scheduler_turn":397,"virtual_nanoseconds":1767225600119357000,"internal_io_poll":true,"runtime_maps_read":false}}
2026-09-10T03:16:10.584242Z  INFO detcore::scheduler: [scheduler] >>>>>>>

 NONCOMMIT turn 398, SKIP dettid 3 polling resource Resources { tid: DetPid(3), resources: {InternalIOPolling: W}, poll_attempt: 29, fyi: "preadv2", signal_interrupt_errno: 512 }
2026-09-10T03:16:10.584268Z  INFO detcore::scheduler: [sched-step5] >>>>>>>

 COMMIT turn 399, dettid 3 using resources {InternalIOPolling: W}, on previously committed 1_767_225_600.119_857_000s DETLOG_RECORD={"schema":1,"event":{"kind":"scheduler_commit","scheduler_turn":399,"virtual_nanoseconds":1767225600119857000,"internal_io_poll":true,"runtime_maps_read":false}}
2026-09-10T03:16:10.584315Z  INFO detcore::scheduler: [scheduler] >>>>>>>

 NONCOMMIT turn 400, SKIP dettid 3 polling resource Resources { tid: DetPid(3), resources: {InternalIOPolling: W}, poll_attempt: 30, fyi: "preadv2", signal_interrupt_errno: 512 }
2026-09-10T03:16:10.584341Z  INFO detcore::scheduler: [sched-step5] >>>>>>>

 COMMIT turn 401, dettid 3 using resources {InternalIOPolling: W}, on previously committed 1_767_225_600.120_357_000s DETLOG_RECORD={"schema":1,"event":{"kind":"scheduler_commit","scheduler_turn":401,"virtual_nanoseconds":1767225600120357000,"internal_io_poll":true,"runtime_maps_read":false}}
2026-09-10T03:16:10.584389Z  INFO detcore::scheduler: [scheduler] >>>>>>>

 NONCOMMIT turn 402, SKIP dettid 3 polling resource Resources { tid: DetPid(3), resources: {InternalIOPolling: W}, poll_attempt: 31, fyi: "preadv2", signal_interrupt_errno: 512 }
2026-09-10T03:16:10.584416Z  INFO detcore::scheduler: [sched-step5] >>>>>>>

 COMMIT turn 403, dettid 3 using resources {InternalIOPolling: W}, on previously committed 1_767_225_600.120_857_000s DETLOG_RECORD={"schema":1,"event":{"kind":"scheduler_commit","scheduler_turn":403,"virtual_nanoseconds":1767225600120857000,"internal_io_poll":true,"runtime_maps_read":false}}
2026-09-10T03:16:10.584465Z  INFO detcore::scheduler: [scheduler] >>>>>>>

 NONCOMMIT turn 404, SKIP dettid 3 polling resource Resources { tid: DetPid(3), resources: {InternalIOPolling: W}, poll_attempt: 32, fyi: "preadv2", signal_interrupt_errno: 512 }
2026-09-10T03:16:10.584490Z  INFO detcore::scheduler: [sched-step5] >>>>>>>

 COMMIT turn 405, dettid 3 using resources {InternalIOPolling: W}, on previously committed 1_767_225_600.121_357_000s DETLOG_RECORD={"schema":1,"event":{"kind":"scheduler_commit","scheduler_turn":405,"virtual_nanoseconds":1767225600121357000,"internal_io_poll":true,"runtime_maps_read":false}}
2026-09-10T03:16:10.584536Z  INFO detcore::scheduler: [scheduler] >>>>>>>

 NONCOMMIT turn 406, SKIP dettid 3 polling resource Resources { tid: DetPid(3), resources: {InternalIOPolling: W}, poll_attempt: 33, fyi: "preadv2", signal_interrupt_errno: 512 }
2026-09-10T03:16:10.584562Z  INFO detcore::scheduler: [sched-step5] >>>>>>>

 COMMIT turn 407, dettid 3 using resources {InternalIOPolling: W}, on previously committed 1_767_225_600.121_857_000s DETLOG_RECORD={"schema":1,"event":{"kind":"scheduler_commit","scheduler_turn":407,"virtual_nanoseconds":1767225600121857000,"internal_io_poll":true,"runtime_maps_read":false}}
2026-09-10T03:16:10.584607Z  INFO detcore::scheduler: [scheduler] >>>>>>>

 NONCOMMIT turn 408, SKIP dettid 3 polling resource Resources { tid: DetPid(3), resources: {InternalIOPolling: W}, poll_attempt: 34, fyi: "preadv2", signal_interrupt_errno: 512 }
2026-09-10T03:16:10.584633Z  INFO detcore::scheduler: [sched-step5] >>>>>>>

 COMMIT turn 409, dettid 3 using resources {InternalIOPolling: W}, on previously committed 1_767_225_600.122_357_000s DETLOG_RECORD={"schema":1,"event":{"kind":"scheduler_commit","scheduler_turn":409,"virtual_nanoseconds":1767225600122357000,"internal_io_poll":true,"runtime_maps_read":false}}
2026-09-10T03:16:10.584679Z  INFO detcore::scheduler: [scheduler] >>>>>>>

 NONCOMMIT turn 410, SKIP dettid 3 polling resource Resources { tid: DetPid(3), resources: {InternalIOPolling: W}, poll_attempt: 35, fyi: "preadv2", signal_interrupt_errno: 512 }
2026-09-10T03:16:10.584705Z  INFO detcore::scheduler: [sched-step5] >>>>>>>

 COMMIT turn 411, dettid 3 using resources {InternalIOPolling: W}, on previously committed 1_767_225_600.122_857_000s DETLOG_RECORD={"schema":1,"event":{"kind":"scheduler_commit","scheduler_turn":411,"virtual_nanoseconds":1767225600122857000,"internal_io_poll":true,"runtime_maps_read":false}}
2026-09-10T03:16:10.584751Z  INFO detcore::scheduler: [scheduler] >>>>>>>

 NONCOMMIT turn 412, SKIP dettid 3 polling resource Resources { tid: DetPid(3), resources: {InternalIOPolling: W}, poll_attempt: 36, fyi: "preadv2", signal_interrupt_errno: 512 }
2026-09-10T03:16:10.584782Z  INFO detcore::scheduler: [sched-step5] >>>>>>>

 COMMIT turn 413, dettid 3 using resources {InternalIOPolling: W}, on previously committed 1_767_225_600.123_357_000s DETLOG_RECORD={"schema":1,"event":{"kind":"scheduler_commit","scheduler_turn":413,"virtual_nanoseconds":1767225600123357000,"internal_io_poll":true,"runtime_maps_read":false}}
2026-09-10T03:16:10.584830Z  INFO detcore::scheduler: [scheduler] >>>>>>>

 NONCOMMIT turn 414, SKIP dettid 3 polling resource Resources { tid: DetPid(3), resources: {InternalIOPolling: W}, poll_attempt: 37, fyi: "preadv2", signal_interrupt_errno: 512 }
2026-09-10T03:16:10.584857Z  INFO detcore::scheduler: [sched-step5] >>>>>>>

 COMMIT turn 415, dettid 3 using resources {InternalIOPolling: W}, on previously committed 1_767_225_600.123_857_000s DETLOG_RECORD={"schema":1,"event":{"kind":"scheduler_commit","scheduler_turn":415,"virtual_nanoseconds":1767225600123857000,"internal_io_poll":true,"runtime_maps_read":false}}
2026-09-10T03:16:10.584907Z  INFO detcore::scheduler: [scheduler] >>>>>>>

 NONCOMMIT turn 416, SKIP dettid 3 polling resource Resources { tid: DetPid(3), resources: {InternalIOPolling: W}, poll_attempt: 38, fyi: "preadv2", signal_interrupt_errno: 512 }
2026-09-10T03:16:10.584933Z  INFO detcore::scheduler: [sched-step5] >>>>>>>

 COMMIT turn 417, dettid 3 using resources {InternalIOPolling: W}, on previously committed 1_767_225_600.124_357_000s DETLOG_RECORD={"schema":1,"event":{"kind":"scheduler_commit","scheduler_turn":417,"virtual_nanoseconds":1767225600124357000,"internal_io_poll":true,"runtime_maps_read":false}}
2026-09-10T03:16:10.584998Z  INFO detcore::scheduler: [sched-step5] >>>>>>>

 COMMIT turn 418, dettid 8 using resources {SleepUntil(LogicalTime(1767225600124856500)): W}, on previously committed 1_767_225_600.124_857_000s DETLOG_RECORD={"schema":1,"event":{"kind":"scheduler_commit","scheduler_turn":418,"virtual_nanoseconds":1767225600124857000,"internal_io_poll":false,"runtime_maps_read":false}}
2026-09-10T03:16:10.585039Z  INFO detcore: DETLOG [syscall][detcore, dtid 8] finish syscall #3: clock_nanosleep(CLOCK_REALTIME, 0, 0x1b50e40, 0x1b50e40) = Ok(0) DETLOG_RECORD={"schema":1,"event":{"kind":"syscall_result","finished_syscall_number":3}}
2026-09-10T03:16:10.585087Z  INFO detcore: DETLOG [syscall][detcore, dtid 8] inbound syscall: write(3, 0x1b50e38, 8) = ? DETLOG_RECORD={"schema":1,"event":{"kind":"syscall"}}
2026-09-10T03:16:10.585169Z  INFO detcore::scheduler: [scheduler] >>>>>>>

 NONCOMMIT turn 419, SKIP dettid 3 polling resource Resources { tid: DetPid(3), resources: {InternalIOPolling: W}, poll_attempt: 39, fyi: "preadv2", signal_interrupt_errno: 512 }
2026-09-10T03:16:10.585203Z  INFO detcore::scheduler: [sched-step5] >>>>>>>

 COMMIT turn 420, dettid 8 using resources {InternalIOPolling: W}, on previously committed 1_767_225_600.125_367_000s DETLOG_RECORD={"schema":1,"event":{"kind":"scheduler_commit","scheduler_turn":420,"virtual_nanoseconds":1767225600125367000,"internal_io_poll":true,"runtime_maps_read":false}}
2026-09-10T03:16:10.585261Z  INFO detcore: DETLOG [syscall][detcore, dtid 8] finish syscall #4: write(3, 0x1b50e38, 8) = Ok(8) DETLOG_RECORD={"schema":1,"event":{"kind":"syscall_result","finished_syscall_number":4}}
2026-09-10T03:16:10.585287Z  INFO detcore::io_buffers: DETLOG [iobuf][dtid 8] write out fd=3 0x1b50e38+8->7c9fa136d4413fa6173637e883b6998d32e1d675f88cddff9dcbcf331820f4b8 DETLOG_RECORD={"schema":1,"event":{"kind":"other"}}
2026-09-10T03:16:10.585321Z  INFO detcore: DETLOG [syscall][detcore, dtid 8] inbound syscall: rt_sigprocmask(0, 0x1b51f30, NULL, 8) = ? DETLOG_RECORD={"schema":1,"event":{"kind":"syscall"}}
2026-09-10T03:16:10.585350Z  INFO detcore: DETLOG [syscall][detcore, dtid 8] finish syscall #5: rt_sigprocmask(0, 0x1b51f30, NULL, 8) = Ok(0) DETLOG_RECORD={"schema":1,"event":{"kind":"syscall_result","finished_syscall_number":5}}
2026-09-10T03:16:10.585371Z  INFO detcore: DETLOG [syscall][detcore, dtid 8] inbound syscall: madvise(0x1351000, 8368128, 4) = ? DETLOG_RECORD={"schema":1,"event":{"kind":"syscall"}}
2026-09-10T03:16:10.585386Z  INFO detcore::syscalls::memory: DETLOG [dtid 8] madvise advice 4 is unsupported by this backend DETLOG_RECORD={"schema":1,"event":{"kind":"other"}}
2026-09-10T03:16:10.585396Z  INFO detcore: DETLOG [syscall][detcore, dtid 8] finish syscall #6: madvise(0x1351000, 8368128, 4) = Err(Errno(ENOSYS)) DETLOG_RECORD={"schema":1,"event":{"kind":"syscall_result","finished_syscall_number":6}}
2026-09-10T03:16:10.585418Z  INFO detcore: DETLOG [syscall][detcore, dtid 8] inbound syscall: exit(0) = ? DETLOG_RECORD={"schema":1,"event":{"kind":"syscall"}}
2026-09-10T03:16:10.585481Z  INFO detcore::scheduler: [sched-step5] >>>>>>>

 COMMIT turn 421, dettid 8 using resources {Exit { group: false, process: DetPid(3), mm: MmId { creator: DetPid(3), generation: 1 } }: RW}, on previously committed 1_767_225_600.126_127_250s DETLOG_RECORD={"schema":1,"event":{"kind":"scheduler_commit","scheduler_turn":421,"virtual_nanoseconds":1767225600126127250,"internal_io_poll":false,"runtime_maps_read":false}}
2026-09-10T03:16:10.585579Z  INFO detcore::scheduler: logically_kill: Scheduler removing all knowledge of [det]tid 8 in pid 3..
2026-09-10T03:16:10.585642Z  INFO detcore::scheduler: [sched-step5] >>>>>>>

 COMMIT turn 422, dettid 3 using resources {InternalIOPolling: W}, on previously committed 1_767_225_600.126_627_250s DETLOG_RECORD={"schema":1,"event":{"kind":"scheduler_commit","scheduler_turn":422,"virtual_nanoseconds":1767225600126627250,"internal_io_poll":true,"runtime_maps_read":false}}
2026-09-10T03:16:10.585742Z  INFO detcore: DETLOG [syscall][detcore, dtid 3] finish syscall #318: preadv2(3, 0x3fffeb70, 2, 18446744073709551615, 0, 0) = Ok(8) DETLOG_RECORD={"schema":1,"event":{"kind":"syscall_result","finished_syscall_number":318}}
2026-09-10T03:16:10.585777Z  INFO detcore::io_buffers: DETLOG [iobuf][dtid 3] preadv2 in fd=3 0x3fffeb54+4->67abdd721024f0ff4e0b3f4c2fc13bc5bad42d0b7851d456d88d203d15aaa450 DETLOG_RECORD={"schema":1,"event":{"kind":"other"}}
2026-09-10T03:16:10.585793Z  INFO detcore::io_buffers: DETLOG [iobuf][dtid 3] preadv2 in fd=3 0x3fffeb58+4->df3f619804a92fdb4057192dc43dd748ea778adc52bc498ce80524c014b81119 DETLOG_RECORD={"schema":1,"event":{"kind":"other"}}
2026-09-10T03:16:10.585842Z  INFO detcore: DETLOG [syscall][detcore, dtid 3] inbound syscall: futex(0x1b51910, 265, 8, NULL, NULL, -1) = ? DETLOG_RECORD={"schema":1,"event":{"kind":"syscall"}}
2026-09-10T03:16:10.585876Z  INFO detcore: DETLOG [syscall][detcore, dtid 3] finish syscall #319: futex(0x1b51910, 265, 8, NULL, NULL, -1) = Ok(0) DETLOG_RECORD={"schema":1,"event":{"kind":"syscall_result","finished_syscall_number":319}}
2026-09-10T03:16:10.585906Z  INFO detcore: DETLOG [syscall][detcore, dtid 3] inbound syscall: futex(0x1b51910, 265, 8, NULL, NULL, -1) = ? DETLOG_RECORD={"schema":1,"event":{"kind":"syscall"}}
2026-09-10T03:16:10.585924Z  INFO detcore: DETLOG [syscall][detcore, dtid 3] finish syscall #320: futex(0x1b51910, 265, 8, NULL, NULL, -1) = Ok(0) DETLOG_RECORD={"schema":1,"event":{"kind":"syscall_result","finished_syscall_number":320}}
2026-09-10T03:16:10.585949Z  INFO detcore: DETLOG [syscall][detcore, dtid 3] inbound syscall: futex(0x1b51910, 265, 8, NULL, NULL, -1) = ? DETLOG_RECORD={"schema":1,"event":{"kind":"syscall"}}
2026-09-10T03:16:10.585967Z  INFO detcore: DETLOG [syscall][detcore, dtid 3] finish syscall #321: futex(0x1b51910, 265, 8, NULL, NULL, -1) = Ok(0) DETLOG_RECORD={"schema":1,"event":{"kind":"syscall_result","finished_syscall_number":321}}
2026-09-10T03:16:10.585992Z  INFO detcore: DETLOG [syscall][detcore, dtid 3] inbound syscall: futex(0x1b51910, 265, 8, NULL, NULL, -1) = ? DETLOG_RECORD={"schema":1,"event":{"kind":"syscall"}}
2026-09-10T03:16:10.586009Z  INFO detcore: DETLOG [syscall][detcore, dtid 3] finish syscall #322: futex(0x1b51910, 265, 8, NULL, NULL, -1) = Ok(0) DETLOG_RECORD={"schema":1,"event":{"kind":"syscall_result","finished_syscall_number":322}}
2026-09-10T03:16:10.586034Z  INFO detcore: DETLOG [syscall][detcore, dtid 3] inbound syscall: futex(0x1b51910, 265, 8, NULL, NULL, -1) = ? DETLOG_RECORD={"schema":1,"event":{"kind":"syscall"}}
2026-09-10T03:16:10.586051Z  INFO detcore: DETLOG [syscall][detcore, dtid 3] finish syscall #323: futex(0x1b51910, 265, 8, NULL, NULL, -1) = Ok(0) DETLOG_RECORD={"schema":1,"event":{"kind":"syscall_result","finished_syscall_number":323}}
2026-09-10T03:16:10.586076Z  INFO detcore: DETLOG [syscall][detcore, dtid 3] inbound syscall: futex(0x1b51910, 265, 8, NULL, NULL, -1) = ? DETLOG_RECORD={"schema":1,"event":{"kind":"syscall"}}
2026-09-10T03:16:10.586093Z  INFO detcore: DETLOG [syscall][detcore, dtid 3] finish syscall #324: futex(0x1b51910, 265, 8, NULL, NULL, -1) = Ok(0) DETLOG_RECORD={"schema":1,"event":{"kind":"syscall_result","finished_syscall_number":324}}
2026-09-10T03:16:10.586121Z  INFO detcore: DETLOG [syscall][detcore, dtid 3] inbound syscall: futex(0x1b51910, 265, 8, NULL, NULL, -1) = ? DETLOG_RECORD={"schema":1,"event":{"kind":"syscall"}}
2026-09-10T03:16:10.586142Z  INFO detcore: DETLOG [syscall][detcore, dtid 3] finish syscall #325: futex(0x1b51910, 265, 8, NULL, NULL, -1) = Ok(0) DETLOG_RECORD={"schema":1,"event":{"kind":"syscall_result","finished_syscall_number":325}}
2026-09-10T03:16:10.586167Z  INFO detcore: DETLOG [syscall][detcore, dtid 3] inbound syscall: futex(0x1b51910, 265, 8, NULL, NULL, -1) = ? DETLOG_RECORD={"schema":1,"event":{"kind":"syscall"}}
2026-09-10T03:16:10.586184Z  INFO detcore: DETLOG [syscall][detcore, dtid 3] finish syscall #326: futex(0x1b51910, 265, 8, NULL, NULL, -1) = Ok(0) DETLOG_RECORD={"schema":1,"event":{"kind":"syscall_result","finished_syscall_number":326}}
2026-09-10T03:16:10.586209Z  INFO detcore: DETLOG [syscall][detcore, dtid 3] inbound syscall: futex(0x1b51910, 265, 8, NULL, NULL, -1) = ? DETLOG_RECORD={"schema":1,"event":{"kind":"syscall"}}
2026-09-10T03:16:10.586226Z  INFO detcore: DETLOG [syscall][detcore, dtid 3] finish syscall #327: futex(0x1b51910, 265, 8, NULL, NULL, -1) = Ok(0) DETLOG_RECORD={"schema":1,"event":{"kind":"syscall_result","finished_syscall_number":327}}
2026-09-10T03:16:10.586251Z  INFO detcore: DETLOG [syscall][detcore, dtid 3] inbound syscall: futex(0x1b51910, 265, 8, NULL, NULL, -1) = ? DETLOG_RECORD={"schema":1,"event":{"kind":"syscall"}}
2026-09-10T03:16:10.586268Z  INFO detcore: DETLOG [syscall][detcore, dtid 3] finish syscall #328: futex(0x1b51910, 265, 8, NULL, NULL, -1) = Ok(0) DETLOG_RECORD={"schema":1,"event":{"kind":"syscall_result","finished_syscall_number":328}}
2026-09-10T03:16:10.586293Z  INFO detcore: DETLOG [syscall][detcore, dtid 3] inbound syscall: futex(0x1b51910, 265, 8, NULL, NULL, -1) = ? DETLOG_RECORD={"schema":1,"event":{"kind":"syscall"}}
2026-09-10T03:16:10.586310Z  INFO detcore: DETLOG [syscall][detcore, dtid 3] finish syscall #329: futex(0x1b51910, 265, 8, NULL, NULL, -1) = Ok(0) DETLOG_RECORD={"schema":1,"event":{"kind":"syscall_result","finished_syscall_number":329}}
2026-09-10T03:16:10.586335Z  INFO detcore: DETLOG [syscall][detcore, dtid 3] inbound syscall: futex(0x1b51910, 265, 8, NULL, NULL, -1) = ? DETLOG_RECORD={"schema":1,"event":{"kind":"syscall"}}
2026-09-10T03:16:10.586352Z  INFO detcore: DETLOG [syscall][detcore, dtid 3] finish syscall #330: futex(0x1b51910, 265, 8, NULL, NULL, -1) = Ok(0) DETLOG_RECORD={"schema":1,"event":{"kind":"syscall_result","finished_syscall_number":330}}
2026-09-10T03:16:10.586377Z  INFO detcore: DETLOG [syscall][detcore, dtid 3] inbound syscall: futex(0x1b51910, 265, 8, NULL, NULL, -1) = ? DETLOG_RECORD={"schema":1,"event":{"kind":"syscall"}}
2026-09-10T03:16:10.586394Z  INFO detcore: DETLOG [syscall][detcore, dtid 3] finish syscall #331: futex(0x1b51910, 265, 8, NULL, NULL, -1) = Ok(0) DETLOG_RECORD={"schema":1,"event":{"kind":"syscall_result","finished_syscall_number":331}}
2026-09-10T03:16:10.586419Z  INFO detcore: DETLOG [syscall][detcore, dtid 3] inbound syscall: futex(0x1b51910, 265, 8, NULL, NULL, -1) = ? DETLOG_RECORD={"schema":1,"event":{"kind":"syscall"}}
2026-09-10T03:16:10.586436Z  INFO detcore: DETLOG [syscall][detcore, dtid 3] finish syscall #332: futex(0x1b51910, 265, 8, NULL, NULL, -1) = Ok(0) DETLOG_RECORD={"schema":1,"event":{"kind":"syscall_result","finished_syscall_number":332}}
2026-09-10T03:16:10.586461Z  INFO detcore: DETLOG [syscall][detcore, dtid 3] inbound syscall: futex(0x1b51910, 265, 8, NULL, NULL, -1) = ? DETLOG_RECORD={"schema":1,"event":{"kind":"syscall"}}
2026-09-10T03:16:10.586478Z  INFO detcore: DETLOG [syscall][detcore, dtid 3] finish syscall #333: futex(0x1b51910, 265, 8, NULL, NULL, -1) = Ok(0) DETLOG_RECORD={"schema":1,"event":{"kind":"syscall_result","finished_syscall_number":333}}
2026-09-10T03:16:10.586503Z  INFO detcore: DETLOG [syscall][detcore, dtid 3] inbound syscall: futex(0x1b51910, 265, 8, NULL, NULL, -1) = ? DETLOG_RECORD={"schema":1,"event":{"kind":"syscall"}}
2026-09-10T03:16:10.586521Z  INFO detcore: DETLOG [syscall][detcore, dtid 3] finish syscall #334: futex(0x1b51910, 265, 8, NULL, NULL, -1) = Ok(0) DETLOG_RECORD={"schema":1,"event":{"kind":"syscall_result","finished_syscall_number":334}}
2026-09-10T03:16:10.586547Z  INFO detcore: DETLOG [syscall][detcore, dtid 3] inbound syscall: futex(0x1b51910, 265, 8, NULL, NULL, -1) = ? DETLOG_RECORD={"schema":1,"event":{"kind":"syscall"}}
2026-09-10T03:16:10.586564Z  INFO detcore: DETLOG [syscall][detcore, dtid 3] finish syscall #335: futex(0x1b51910, 265, 8, NULL, NULL, -1) = Ok(0) DETLOG_RECORD={"schema":1,"event":{"kind":"syscall_result","finished_syscall_number":335}}
2026-09-10T03:16:10.586589Z  INFO detcore: DETLOG [syscall][detcore, dtid 3] inbound syscall: futex(0x1b51910, 265, 8, NULL, NULL, -1) = ? DETLOG_RECORD={"schema":1,"event":{"kind":"syscall"}}
2026-09-10T03:16:10.586606Z  INFO detcore: DETLOG [syscall][detcore, dtid 3] finish syscall #336: futex(0x1b51910, 265, 8, NULL, NULL, -1) = Ok(0) DETLOG_RECORD={"schema":1,"event":{"kind":"syscall_result","finished_syscall_number":336}}
2026-09-10T03:16:10.586631Z  INFO detcore: DETLOG [syscall][detcore, dtid 3] inbound syscall: futex(0x1b51910, 265, 8, NULL, NULL, -1) = ? DETLOG_RECORD={"schema":1,"event":{"kind":"syscall"}}
2026-09-10T03:16:10.586648Z  INFO detcore: DETLOG [syscall][detcore, dtid 3] finish syscall #337: futex(0x1b51910, 265, 8, NULL, NULL, -1) = Ok(0) DETLOG_RECORD={"schema":1,"event":{"kind":"syscall_result","finished_syscall_number":337}}
2026-09-10T03:16:10.586673Z  INFO detcore: DETLOG [syscall][detcore, dtid 3] inbound syscall: futex(0x1b51910, 265, 8, NULL, NULL, -1) = ? DETLOG_RECORD={"schema":1,"event":{"kind":"syscall"}}
2026-09-10T03:16:10.586690Z  INFO detcore: DETLOG [syscall][detcore, dtid 3] finish syscall #338: futex(0x1b51910, 265, 8, NULL, NULL, -1) = Ok(0) DETLOG_RECORD={"schema":1,"event":{"kind":"syscall_result","finished_syscall_number":338}}
2026-09-10T03:16:10.586714Z  INFO detcore: DETLOG [syscall][detcore, dtid 3] inbound syscall: futex(0x1b51910, 265, 8, NULL, NULL, -1) = ? DETLOG_RECORD={"schema":1,"event":{"kind":"syscall"}}
2026-09-10T03:16:10.586732Z  INFO detcore: DETLOG [syscall][detcore, dtid 3] finish syscall #339: futex(0x1b51910, 265, 8, NULL, NULL, -1) = Ok(0) DETLOG_RECORD={"schema":1,"event":{"kind":"syscall_result","finished_syscall_number":339}}
2026-09-10T03:16:10.586756Z  INFO detcore: DETLOG [syscall][detcore, dtid 3] inbound syscall: futex(0x1b51910, 265, 8, NULL, NULL, -1) = ? DETLOG_RECORD={"schema":1,"event":{"kind":"syscall"}}
2026-09-10T03:16:10.587083Z  INFO detcore: DETLOG [syscall][detcore, dtid 3] finish syscall #340: futex(0x1b51910, 265, 8, NULL, NULL, -1) = Ok(0) DETLOG_RECORD={"schema":1,"event":{"kind":"syscall_result","finished_syscall_number":340}}
2026-09-10T03:16:10.587116Z  INFO detcore: DETLOG [syscall][detcore, dtid 3] inbound syscall: close(3) = ? DETLOG_RECORD={"schema":1,"event":{"kind":"syscall"}}
2026-09-10T03:16:10.587167Z  INFO detcore: DETLOG [syscall][detcore, dtid 3] finish syscall #341: close(3) = Ok(0) DETLOG_RECORD={"schema":1,"event":{"kind":"syscall_result","finished_syscall_number":341}}
2026-09-10T03:16:10.587191Z  INFO detcore: DETLOG [syscall][detcore, dtid 3] inbound syscall: pipe(0x3fffeb58) = ? DETLOG_RECORD={"schema":1,"event":{"kind":"syscall"}}
2026-09-10T03:16:10.587259Z  INFO detcore::syscalls::files: Injecting additional fstat to retrieve file metadata on fd 3.
2026-09-10T03:16:10.587284Z  INFO detcore::syscalls::files: Injecting additional fstat to retrieve file metadata on fd 4.
2026-09-10T03:16:10.587304Z  INFO detcore: DETLOG [syscall][detcore, dtid 3] finish syscall #342: pipe(0x3fffeb58) = Ok(0) DETLOG_RECORD={"schema":1,"event":{"kind":"syscall_result","finished_syscall_number":342}}
2026-09-10T03:16:10.587332Z  INFO detcore: DETLOG [syscall][detcore, dtid 3] inbound syscall: fcntl(4, F_GETPIPE_SZ) = ? DETLOG_RECORD={"schema":1,"event":{"kind":"syscall"}}
2026-09-10T03:16:10.587362Z  INFO detcore: DETLOG [syscall][detcore, dtid 3] finish syscall #343: fcntl(4, F_GETPIPE_SZ) = Ok(8192) DETLOG_RECORD={"schema":1,"event":{"kind":"syscall_result","finished_syscall_number":343}}
2026-09-10T03:16:10.587389Z  INFO detcore: DETLOG [syscall][detcore, dtid 3] inbound syscall: write(4, 0x42a3d0, 8192) = ? DETLOG_RECORD={"schema":1,"event":{"kind":"syscall"}}
2026-09-10T03:16:10.587466Z  INFO detcore: DETLOG [syscall][detcore, dtid 3] finish syscall #344: write(4, 0x42a3d0, 8192) = Ok(8192) DETLOG_RECORD={"schema":1,"event":{"kind":"syscall_result","finished_syscall_number":344}}
2026-09-10T03:16:10.587558Z  INFO detcore::io_buffers: DETLOG [iobuf][dtid 3] write out fd=4 0x42a3d0+8192->b7e6f61c25fcd4492f50e714bc7bd69abe64dfee1132ac60aa2da4119a06db4a chunks=1024:fa2a5e7b,fa2a5e7b,fa2a5e7b,fa2a5e7b,fa2a5e7b,fa2a5e7b,fa2a5e7b,fa2a5e7b DETLOG_RECORD={"schema":1,"event":{"kind":"other"}}
2026-09-10T03:16:10.587590Z  INFO detcore: DETLOG [syscall][detcore, dtid 3] inbound syscall: rt_sigprocmask(0, 0x12f7820, 0x3fffea30, 8) = ? DETLOG_RECORD={"schema":1,"event":{"kind":"syscall"}}
2026-09-10T03:16:10.587617Z  INFO detcore: DETLOG [syscall][detcore, dtid 3] finish syscall #345: rt_sigprocmask(0, 0x12f7820, 0x3fffea30, 8) = Ok(0) DETLOG_RECORD={"schema":1,"event":{"kind":"syscall_result","finished_syscall_number":345}}
2026-09-10T03:16:10.587655Z  INFO detcore: DETLOG [syscall][detcore, dtid 3] inbound syscall: clone3(0x3fffe8f0, 88) = ? DETLOG_RECORD={"schema":1,"event":{"kind":"syscall"}}
2026-09-10T03:16:10.588290Z  INFO detcore::tool_local: DETLOG RNG USER RAND seeding child User pedigree PPPPPC: [213, 48, 128, 187, 98, 244, 74, 141, 122, 14, 208, 246, 88, 250, 49, 94] from parent Mcg128Xsl64 {} DETLOG_RECORD={"schema":1,"event":{"kind":"other"}}
2026-09-10T03:16:10.588328Z  INFO detcore::tool_local: DETLOG RNG CHAOSRAND seeding child Chaos pedigree PPPPPC: [213, 212, 144, 104, 190, 3, 237, 17, 39, 58, 110, 212, 144, 43, 81, 15] from parent Mcg128Xsl64 {} DETLOG_RECORD={"schema":1,"event":{"kind":"other"}}
2026-09-10T03:16:10.588582Z  INFO detcore::scheduler: [sched-step5] >>>>>>>

 COMMIT turn 423, dettid 9 using resources {MemAddrSpace(DetPid(3)): RW}, on previously committed 1_767_225_600.127_557_500s DETLOG_RECORD={"schema":1,"event":{"kind":"scheduler_commit","scheduler_turn":423,"virtual_nanoseconds":1767225600127557500,"internal_io_poll":false,"runtime_maps_read":false}}
2026-09-10T03:16:10.588631Z  INFO detcore::tool_global: [detcore, dtid 9] New thread given go-ahead to proceed via <ivar Go(None)>
2026-09-10T03:16:10.588779Z  INFO detcore: DETLOG [syscall][detcore, dtid 9] inbound syscall: set_robust_list(0x1b51920, 24) = ? DETLOG_RECORD={"schema":1,"event":{"kind":"syscall"}}
2026-09-10T03:16:10.588835Z  INFO detcore: DETLOG [syscall][detcore, dtid 9] finish syscall #1: set_robust_list(0x1b51920, 24) = Ok(0) DETLOG_RECORD={"schema":1,"event":{"kind":"syscall_result","finished_syscall_number":1}}
2026-09-10T03:16:10.588866Z  INFO detcore: DETLOG [syscall][detcore, dtid 9] inbound syscall: rt_sigprocmask(2, 0x1b51f30, NULL, 8) = ? DETLOG_RECORD={"schema":1,"event":{"kind":"syscall"}}
2026-09-10T03:16:10.588902Z  INFO detcore: DETLOG [syscall][detcore, dtid 9] finish syscall #2: rt_sigprocmask(2, 0x1b51f30, NULL, 8) = Ok(0) DETLOG_RECORD={"schema":1,"event":{"kind":"syscall_result","finished_syscall_number":2}}
2026-09-10T03:16:10.588934Z  INFO detcore: DETLOG [syscall][detcore, dtid 9] inbound syscall: clock_nanosleep(CLOCK_REALTIME, 0, 0x1b50e30, 0x1b50e30) = ? DETLOG_RECORD={"schema":1,"event":{"kind":"syscall"}}
2026-09-10T03:16:10.589005Z  INFO detcore::scheduler: [sched-step5] >>>>>>>

 COMMIT turn 424, dettid 3 using resources {ParentContinue { parent: DetPid(3), child: DetPid(9) }: W}, on previously committed 1_767_225_600.131_928_500s DETLOG_RECORD={"schema":1,"event":{"kind":"scheduler_commit","scheduler_turn":424,"virtual_nanoseconds":1767225600131928500,"internal_io_poll":false,"runtime_maps_read":false}}
2026-09-10T03:16:10.589066Z  INFO detcore: DETLOG [syscall][detcore, dtid 3] finish syscall #346: clone3(0x3fffe8f0, 88) = Ok(9) DETLOG_RECORD={"schema":1,"event":{"kind":"syscall_result","finished_syscall_number":346}}
2026-09-10T03:16:10.589109Z  INFO detcore: DETLOG [syscall][detcore, dtid 3] inbound syscall: rt_sigprocmask(2, 0x3fffea30, NULL, 8) = ? DETLOG_RECORD={"schema":1,"event":{"kind":"syscall"}}
2026-09-10T03:16:10.589146Z  INFO detcore: DETLOG [syscall][detcore, dtid 3] finish syscall #347: rt_sigprocmask(2, 0x3fffea30, NULL, 8) = Ok(0) DETLOG_RECORD={"schema":1,"event":{"kind":"syscall_result","finished_syscall_number":347}}
2026-09-10T03:16:10.589170Z  INFO detcore: DETLOG [syscall][detcore, dtid 3] inbound syscall: writev(4, 0x3fffeb60, 2) = ? DETLOG_RECORD={"schema":1,"event":{"kind":"syscall"}}
2026-09-10T03:16:10.589298Z  INFO detcore::scheduler: [scheduler] >>>>>>>

 NONCOMMIT turn 425, SKIP dettid 9 which wanted resource SleepUntil(LogicalTime(1767225600151428500)) (blocking)
2026-09-10T03:16:10.589330Z  INFO detcore::scheduler: [scheduler] >>>>>>>

 NONCOMMIT turn 426, SKIP dettid 3 polling resource Resources { tid: DetPid(3), resources: {InternalIOPolling: W}, poll_attempt: 1, fyi: "writev", signal_interrupt_errno: 512 }
2026-09-10T03:16:10.589364Z  INFO detcore::scheduler: [sched-step5] >>>>>>>

 COMMIT turn 427, dettid 3 using resources {InternalIOPolling: W}, on previously committed 1_767_225_600.132_429_000s DETLOG_RECORD={"schema":1,"event":{"kind":"scheduler_commit","scheduler_turn":427,"virtual_nanoseconds":1767225600132429000,"internal_io_poll":true,"runtime_maps_read":false}}
2026-09-10T03:16:10.589441Z  INFO detcore::scheduler: [scheduler] >>>>>>>

 NONCOMMIT turn 428, SKIP dettid 3 polling resource Resources { tid: DetPid(3), resources: {InternalIOPolling: W}, poll_attempt: 2, fyi: "writev", signal_interrupt_errno: 512 }
2026-09-10T03:16:10.589470Z  INFO detcore::scheduler: [sched-step5] >>>>>>>

 COMMIT turn 429, dettid 3 using resources {InternalIOPolling: W}, on previously committed 1_767_225_600.132_929_000s DETLOG_RECORD={"schema":1,"event":{"kind":"scheduler_commit","scheduler_turn":429,"virtual_nanoseconds":1767225600132929000,"internal_io_poll":true,"runtime_maps_read":false}}
2026-09-10T03:16:10.589521Z  INFO detcore::scheduler: [scheduler] >>>>>>>

 NONCOMMIT turn 430, SKIP dettid 3 polling resource Resources { tid: DetPid(3), resources: {InternalIOPolling: W}, poll_attempt: 3, fyi: "writev", signal_interrupt_errno: 512 }
2026-09-10T03:16:10.589547Z  INFO detcore::scheduler: [sched-step5] >>>>>>>

 COMMIT turn 431, dettid 3 using resources {InternalIOPolling: W}, on previously committed 1_767_225_600.133_429_000s DETLOG_RECORD={"schema":1,"event":{"kind":"scheduler_commit","scheduler_turn":431,"virtual_nanoseconds":1767225600133429000,"internal_io_poll":true,"runtime_maps_read":false}}
2026-09-10T03:16:10.589597Z  INFO detcore::scheduler: [scheduler] >>>>>>>

 NONCOMMIT turn 432, SKIP dettid 3 polling resource Resources { tid: DetPid(3), resources: {InternalIOPolling: W}, poll_attempt: 4, fyi: "writev", signal_interrupt_errno: 512 }
2026-09-10T03:16:10.589623Z  INFO detcore::scheduler: [sched-step5] >>>>>>>

 COMMIT turn 433, dettid 3 using resources {InternalIOPolling: W}, on previously committed 1_767_225_600.133_929_000s DETLOG_RECORD={"schema":1,"event":{"kind":"scheduler_commit","scheduler_turn":433,"virtual_nanoseconds":1767225600133929000,"internal_io_poll":true,"runtime_maps_read":false}}
2026-09-10T03:16:10.589671Z  INFO detcore::scheduler: [scheduler] >>>>>>>

 NONCOMMIT turn 434, SKIP dettid 3 polling resource Resources { tid: DetPid(3), resources: {InternalIOPolling: W}, poll_attempt: 5, fyi: "writev", signal_interrupt_errno: 512 }
2026-09-10T03:16:10.589697Z  INFO detcore::scheduler: [sched-step5] >>>>>>>

 COMMIT turn 435, dettid 3 using resources {InternalIOPolling: W}, on previously committed 1_767_225_600.134_429_000s DETLOG_RECORD={"schema":1,"event":{"kind":"scheduler_commit","scheduler_turn":435,"virtual_nanoseconds":1767225600134429000,"internal_io_poll":true,"runtime_maps_read":false}}
2026-09-10T03:16:10.589744Z  INFO detcore::scheduler: [scheduler] >>>>>>>

 NONCOMMIT turn 436, SKIP dettid 3 polling resource Resources { tid: DetPid(3), resources: {InternalIOPolling: W}, poll_attempt: 6, fyi: "writev", signal_interrupt_errno: 512 }
2026-09-10T03:16:10.589779Z  INFO detcore::scheduler: [sched-step5] >>>>>>>

 COMMIT turn 437, dettid 3 using resources {InternalIOPolling: W}, on previously committed 1_767_225_600.134_929_000s DETLOG_RECORD={"schema":1,"event":{"kind":"scheduler_commit","scheduler_turn":437,"virtual_nanoseconds":1767225600134929000,"internal_io_poll":true,"runtime_maps_read":false}}
2026-09-10T03:16:10.589834Z  INFO detcore::scheduler: [scheduler] >>>>>>>

 NONCOMMIT turn 438, SKIP dettid 3 polling resource Resources { tid: DetPid(3), resources: {InternalIOPolling: W}, poll_attempt: 7, fyi: "writev", signal_interrupt_errno: 512 }
2026-09-10T03:16:10.589861Z  INFO detcore::scheduler: [sched-step5] >>>>>>>

 COMMIT turn 439, dettid 3 using resources {InternalIOPolling: W}, on previously committed 1_767_225_600.135_429_000s DETLOG_RECORD={"schema":1,"event":{"kind":"scheduler_commit","scheduler_turn":439,"virtual_nanoseconds":1767225600135429000,"internal_io_poll":true,"runtime_maps_read":false}}
2026-09-10T03:16:10.589910Z  INFO detcore::scheduler: [scheduler] >>>>>>>

 NONCOMMIT turn 440, SKIP dettid 3 polling resource Resources { tid: DetPid(3), resources: {InternalIOPolling: W}, poll_attempt: 8, fyi: "writev", signal_interrupt_errno: 512 }
2026-09-10T03:16:10.589935Z  INFO detcore::scheduler: [sched-step5] >>>>>>>

 COMMIT turn 441, dettid 3 using resources {InternalIOPolling: W}, on previously committed 1_767_225_600.135_929_000s DETLOG_RECORD={"schema":1,"event":{"kind":"scheduler_commit","scheduler_turn":441,"virtual_nanoseconds":1767225600135929000,"internal_io_poll":true,"runtime_maps_read":false}}
2026-09-10T03:16:10.589983Z  INFO detcore::scheduler: [scheduler] >>>>>>>

 NONCOMMIT turn 442, SKIP dettid 3 polling resource Resources { tid: DetPid(3), resources: {InternalIOPolling: W}, poll_attempt: 9, fyi: "writev", signal_interrupt_errno: 512 }
2026-09-10T03:16:10.590009Z  INFO detcore::scheduler: [sched-step5] >>>>>>>

 COMMIT turn 443, dettid 3 using resources {InternalIOPolling: W}, on previously committed 1_767_225_600.136_429_000s DETLOG_RECORD={"schema":1,"event":{"kind":"scheduler_commit","scheduler_turn":443,"virtual_nanoseconds":1767225600136429000,"internal_io_poll":true,"runtime_maps_read":false}}
2026-09-10T03:16:10.590057Z  INFO detcore::scheduler: [scheduler] >>>>>>>

 NONCOMMIT turn 444, SKIP dettid 3 polling resource Resources { tid: DetPid(3), resources: {InternalIOPolling: W}, poll_attempt: 10, fyi: "writev", signal_interrupt_errno: 512 }
2026-09-10T03:16:10.590082Z  INFO detcore::scheduler: [sched-step5] >>>>>>>

 COMMIT turn 445, dettid 3 using resources {InternalIOPolling: W}, on previously committed 1_767_225_600.136_929_000s DETLOG_RECORD={"schema":1,"event":{"kind":"scheduler_commit","scheduler_turn":445,"virtual_nanoseconds":1767225600136929000,"internal_io_poll":true,"runtime_maps_read":false}}
2026-09-10T03:16:10.590130Z  INFO detcore::scheduler: [scheduler] >>>>>>>

 NONCOMMIT turn 446, SKIP dettid 3 polling resource Resources { tid: DetPid(3), resources: {InternalIOPolling: W}, poll_attempt: 11, fyi: "writev", signal_interrupt_errno: 512 }
2026-09-10T03:16:10.590156Z  INFO detcore::scheduler: [sched-step5] >>>>>>>

 COMMIT turn 447, dettid 3 using resources {InternalIOPolling: W}, on previously committed 1_767_225_600.137_429_000s DETLOG_RECORD={"schema":1,"event":{"kind":"scheduler_commit","scheduler_turn":447,"virtual_nanoseconds":1767225600137429000,"internal_io_poll":true,"runtime_maps_read":false}}
2026-09-10T03:16:10.590204Z  INFO detcore::scheduler: [scheduler] >>>>>>>

 NONCOMMIT turn 448, SKIP dettid 3 polling resource Resources { tid: DetPid(3), resources: {InternalIOPolling: W}, poll_attempt: 12, fyi: "writev", signal_interrupt_errno: 512 }
2026-09-10T03:16:10.590230Z  INFO detcore::scheduler: [sched-step5] >>>>>>>

 COMMIT turn 449, dettid 3 using resources {InternalIOPolling: W}, on previously committed 1_767_225_600.137_929_000s DETLOG_RECORD={"schema":1,"event":{"kind":"scheduler_commit","scheduler_turn":449,"virtual_nanoseconds":1767225600137929000,"internal_io_poll":true,"runtime_maps_read":false}}
2026-09-10T03:16:10.590280Z  INFO detcore::scheduler: [scheduler] >>>>>>>

 NONCOMMIT turn 450, SKIP dettid 3 polling resource Resources { tid: DetPid(3), resources: {InternalIOPolling: W}, poll_attempt: 13, fyi: "writev", signal_interrupt_errno: 512 }
2026-09-10T03:16:10.590309Z  INFO detcore::scheduler: [sched-step5] >>>>>>>

 COMMIT turn 451, dettid 3 using resources {InternalIOPolling: W}, on previously committed 1_767_225_600.138_429_000s DETLOG_RECORD={"schema":1,"event":{"kind":"scheduler_commit","scheduler_turn":451,"virtual_nanoseconds":1767225600138429000,"internal_io_poll":true,"runtime_maps_read":false}}
2026-09-10T03:16:10.590360Z  INFO detcore::scheduler: [scheduler] >>>>>>>

 NONCOMMIT turn 452, SKIP dettid 3 polling resource Resources { tid: DetPid(3), resources: {InternalIOPolling: W}, poll_attempt: 14, fyi: "writev", signal_interrupt_errno: 512 }
2026-09-10T03:16:10.590389Z  INFO detcore::scheduler: [sched-step5] >>>>>>>

 COMMIT turn 453, dettid 3 using resources {InternalIOPolling: W}, on previously committed 1_767_225_600.138_929_000s DETLOG_RECORD={"schema":1,"event":{"kind":"scheduler_commit","scheduler_turn":453,"virtual_nanoseconds":1767225600138929000,"internal_io_poll":true,"runtime_maps_read":false}}
2026-09-10T03:16:10.590441Z  INFO detcore::scheduler: [scheduler] >>>>>>>

 NONCOMMIT turn 454, SKIP dettid 3 polling resource Resources { tid: DetPid(3), resources: {InternalIOPolling: W}, poll_attempt: 15, fyi: "writev", signal_interrupt_errno: 512 }
2026-09-10T03:16:10.590467Z  INFO detcore::scheduler: [sched-step5] >>>>>>>

 COMMIT turn 455, dettid 3 using resources {InternalIOPolling: W}, on previously committed 1_767_225_600.139_429_000s DETLOG_RECORD={"schema":1,"event":{"kind":"scheduler_commit","scheduler_turn":455,"virtual_nanoseconds":1767225600139429000,"internal_io_poll":true,"runtime_maps_read":false}}
2026-09-10T03:16:10.590514Z  INFO detcore::scheduler: [scheduler] >>>>>>>

 NONCOMMIT turn 456, SKIP dettid 3 polling resource Resources { tid: DetPid(3), resources: {InternalIOPolling: W}, poll_attempt: 16, fyi: "writev", signal_interrupt_errno: 512 }
2026-09-10T03:16:10.590540Z  INFO detcore::scheduler: [sched-step5] >>>>>>>

 COMMIT turn 457, dettid 3 using resources {InternalIOPolling: W}, on previously committed 1_767_225_600.139_929_000s DETLOG_RECORD={"schema":1,"event":{"kind":"scheduler_commit","scheduler_turn":457,"virtual_nanoseconds":1767225600139929000,"internal_io_poll":true,"runtime_maps_read":false}}
2026-09-10T03:16:10.590586Z  INFO detcore::scheduler: [scheduler] >>>>>>>

 NONCOMMIT turn 458, SKIP dettid 3 polling resource Resources { tid: DetPid(3), resources: {InternalIOPolling: W}, poll_attempt: 17, fyi: "writev", signal_interrupt_errno: 512 }
2026-09-10T03:16:10.590612Z  INFO detcore::scheduler: [sched-step5] >>>>>>>

 COMMIT turn 459, dettid 3 using resources {InternalIOPolling: W}, on previously committed 1_767_225_600.140_429_000s DETLOG_RECORD={"schema":1,"event":{"kind":"scheduler_commit","scheduler_turn":459,"virtual_nanoseconds":1767225600140429000,"internal_io_poll":true,"runtime_maps_read":false}}
2026-09-10T03:16:10.590658Z  INFO detcore::scheduler: [scheduler] >>>>>>>

 NONCOMMIT turn 460, SKIP dettid 3 polling resource Resources { tid: DetPid(3), resources: {InternalIOPolling: W}, poll_attempt: 18, fyi: "writev", signal_interrupt_errno: 512 }
2026-09-10T03:16:10.590683Z  INFO detcore::scheduler: [sched-step5] >>>>>>>

 COMMIT turn 461, dettid 3 using resources {InternalIOPolling: W}, on previously committed 1_767_225_600.140_929_000s DETLOG_RECORD={"schema":1,"event":{"kind":"scheduler_commit","scheduler_turn":461,"virtual_nanoseconds":1767225600140929000,"internal_io_poll":true,"runtime_maps_read":false}}
2026-09-10T03:16:10.590729Z  INFO detcore::scheduler: [scheduler] >>>>>>>

 NONCOMMIT turn 462, SKIP dettid 3 polling resource Resources { tid: DetPid(3), resources: {InternalIOPolling: W}, poll_attempt: 19, fyi: "writev", signal_interrupt_errno: 512 }
2026-09-10T03:16:10.590757Z  INFO detcore::scheduler: [sched-step5] >>>>>>>

 COMMIT turn 463, dettid 3 using resources {InternalIOPolling: W}, on previously committed 1_767_225_600.141_429_000s DETLOG_RECORD={"schema":1,"event":{"kind":"scheduler_commit","scheduler_turn":463,"virtual_nanoseconds":1767225600141429000,"internal_io_poll":true,"runtime_maps_read":false}}
2026-09-10T03:16:10.590813Z  INFO detcore::scheduler: [scheduler] >>>>>>>

 NONCOMMIT turn 464, SKIP dettid 3 polling resource Resources { tid: DetPid(3), resources: {InternalIOPolling: W}, poll_attempt: 20, fyi: "writev", signal_interrupt_errno: 512 }
2026-09-10T03:16:10.590839Z  INFO detcore::scheduler: [sched-step5] >>>>>>>

 COMMIT turn 465, dettid 3 using resources {InternalIOPolling: W}, on previously committed 1_767_225_600.141_929_000s DETLOG_RECORD={"schema":1,"event":{"kind":"scheduler_commit","scheduler_turn":465,"virtual_nanoseconds":1767225600141929000,"internal_io_poll":true,"runtime_maps_read":false}}
2026-09-10T03:16:10.590887Z  INFO detcore::scheduler: [scheduler] >>>>>>>

 NONCOMMIT turn 466, SKIP dettid 3 polling resource Resources { tid: DetPid(3), resources: {InternalIOPolling: W}, poll_attempt: 21, fyi: "writev", signal_interrupt_errno: 512 }
2026-09-10T03:16:10.590912Z  INFO detcore::scheduler: [sched-step5] >>>>>>>

 COMMIT turn 467, dettid 3 using resources {InternalIOPolling: W}, on previously committed 1_767_225_600.142_429_000s DETLOG_RECORD={"schema":1,"event":{"kind":"scheduler_commit","scheduler_turn":467,"virtual_nanoseconds":1767225600142429000,"internal_io_poll":true,"runtime_maps_read":false}}
2026-09-10T03:16:10.590959Z  INFO detcore::scheduler: [scheduler] >>>>>>>

 NONCOMMIT turn 468, SKIP dettid 3 polling resource Resources { tid: DetPid(3), resources: {InternalIOPolling: W}, poll_attempt: 22, fyi: "writev", signal_interrupt_errno: 512 }
2026-09-10T03:16:10.590985Z  INFO detcore::scheduler: [sched-step5] >>>>>>>

 COMMIT turn 469, dettid 3 using resources {InternalIOPolling: W}, on previously committed 1_767_225_600.142_929_000s DETLOG_RECORD={"schema":1,"event":{"kind":"scheduler_commit","scheduler_turn":469,"virtual_nanoseconds":1767225600142929000,"internal_io_poll":true,"runtime_maps_read":false}}
2026-09-10T03:16:10.591031Z  INFO detcore::scheduler: [scheduler] >>>>>>>

 NONCOMMIT turn 470, SKIP dettid 3 polling resource Resources { tid: DetPid(3), resources: {InternalIOPolling: W}, poll_attempt: 23, fyi: "writev", signal_interrupt_errno: 512 }
2026-09-10T03:16:10.591057Z  INFO detcore::scheduler: [sched-step5] >>>>>>>

 COMMIT turn 471, dettid 3 using resources {InternalIOPolling: W}, on previously committed 1_767_225_600.143_429_000s DETLOG_RECORD={"schema":1,"event":{"kind":"scheduler_commit","scheduler_turn":471,"virtual_nanoseconds":1767225600143429000,"internal_io_poll":true,"runtime_maps_read":false}}
2026-09-10T03:16:10.591104Z  INFO detcore::scheduler: [scheduler] >>>>>>>

 NONCOMMIT turn 472, SKIP dettid 3 polling resource Resources { tid: DetPid(3), resources: {InternalIOPolling: W}, poll_attempt: 24, fyi: "writev", signal_interrupt_errno: 512 }
2026-09-10T03:16:10.591129Z  INFO detcore::scheduler: [sched-step5] >>>>>>>

 COMMIT turn 473, dettid 3 using resources {InternalIOPolling: W}, on previously committed 1_767_225_600.143_929_000s DETLOG_RECORD={"schema":1,"event":{"kind":"scheduler_commit","scheduler_turn":473,"virtual_nanoseconds":1767225600143929000,"internal_io_poll":true,"runtime_maps_read":false}}
2026-09-10T03:16:10.591176Z  INFO detcore::scheduler: [scheduler] >>>>>>>

 NONCOMMIT turn 474, SKIP dettid 3 polling resource Resources { tid: DetPid(3), resources: {InternalIOPolling: W}, poll_attempt: 25, fyi: "writev", signal_interrupt_errno: 512 }
2026-09-10T03:16:10.591201Z  INFO detcore::scheduler: [sched-step5] >>>>>>>

 COMMIT turn 475, dettid 3 using resources {InternalIOPolling: W}, on previously committed 1_767_225_600.144_429_000s DETLOG_RECORD={"schema":1,"event":{"kind":"scheduler_commit","scheduler_turn":475,"virtual_nanoseconds":1767225600144429000,"internal_io_poll":true,"runtime_maps_read":false}}
2026-09-10T03:16:10.591250Z  INFO detcore::scheduler: [scheduler] >>>>>>>

 NONCOMMIT turn 476, SKIP dettid 3 polling resource Resources { tid: DetPid(3), resources: {InternalIOPolling: W}, poll_attempt: 26, fyi: "writev", signal_interrupt_errno: 512 }
2026-09-10T03:16:10.591278Z  INFO detcore::scheduler: [sched-step5] >>>>>>>

 COMMIT turn 477, dettid 3 using resources {InternalIOPolling: W}, on previously committed 1_767_225_600.144_929_000s DETLOG_RECORD={"schema":1,"event":{"kind":"scheduler_commit","scheduler_turn":477,"virtual_nanoseconds":1767225600144929000,"internal_io_poll":true,"runtime_maps_read":false}}
2026-09-10T03:16:10.591325Z  INFO detcore::scheduler: [scheduler] >>>>>>>

 NONCOMMIT turn 478, SKIP dettid 3 polling resource Resources { tid: DetPid(3), resources: {InternalIOPolling: W}, poll_attempt: 27, fyi: "writev", signal_interrupt_errno: 512 }
2026-09-10T03:16:10.591351Z  INFO detcore::scheduler: [sched-step5] >>>>>>>

 COMMIT turn 479, dettid 3 using resources {InternalIOPolling: W}, on previously committed 1_767_225_600.145_429_000s DETLOG_RECORD={"schema":1,"event":{"kind":"scheduler_commit","scheduler_turn":479,"virtual_nanoseconds":1767225600145429000,"internal_io_poll":true,"runtime_maps_read":false}}
2026-09-10T03:16:10.591398Z  INFO detcore::scheduler: [scheduler] >>>>>>>

 NONCOMMIT turn 480, SKIP dettid 3 polling resource Resources { tid: DetPid(3), resources: {InternalIOPolling: W}, poll_attempt: 28, fyi: "writev", signal_interrupt_errno: 512 }
2026-09-10T03:16:10.591424Z  INFO detcore::scheduler: [sched-step5] >>>>>>>

 COMMIT turn 481, dettid 3 using resources {InternalIOPolling: W}, on previously committed 1_767_225_600.145_929_000s DETLOG_RECORD={"schema":1,"event":{"kind":"scheduler_commit","scheduler_turn":481,"virtual_nanoseconds":1767225600145929000,"internal_io_poll":true,"runtime_maps_read":false}}
2026-09-10T03:16:10.591478Z  INFO detcore::scheduler: [scheduler] >>>>>>>

 NONCOMMIT turn 482, SKIP dettid 3 polling resource Resources { tid: DetPid(3), resources: {InternalIOPolling: W}, poll_attempt: 29, fyi: "writev", signal_interrupt_errno: 512 }
2026-09-10T03:16:10.591505Z  INFO detcore::scheduler: [sched-step5] >>>>>>>

 COMMIT turn 483, dettid 3 using resources {InternalIOPolling: W}, on previously committed 1_767_225_600.146_429_000s DETLOG_RECORD={"schema":1,"event":{"kind":"scheduler_commit","scheduler_turn":483,"virtual_nanoseconds":1767225600146429000,"internal_io_poll":true,"runtime_maps_read":false}}
2026-09-10T03:16:10.591554Z  INFO detcore::scheduler: [scheduler] >>>>>>>

 NONCOMMIT turn 484, SKIP dettid 3 polling resource Resources { tid: DetPid(3), resources: {InternalIOPolling: W}, poll_attempt: 30, fyi: "writev", signal_interrupt_errno: 512 }
2026-09-10T03:16:10.591581Z  INFO detcore::scheduler: [sched-step5] >>>>>>>

 COMMIT turn 485, dettid 3 using resources {InternalIOPolling: W}, on previously committed 1_767_225_600.146_929_000s DETLOG_RECORD={"schema":1,"event":{"kind":"scheduler_commit","scheduler_turn":485,"virtual_nanoseconds":1767225600146929000,"internal_io_poll":true,"runtime_maps_read":false}}
2026-09-10T03:16:10.591628Z  INFO detcore::scheduler: [scheduler] >>>>>>>

 NONCOMMIT turn 486, SKIP dettid 3 polling resource Resources { tid: DetPid(3), resources: {InternalIOPolling: W}, poll_attempt: 31, fyi: "writev", signal_interrupt_errno: 512 }
2026-09-10T03:16:10.591654Z  INFO detcore::scheduler: [sched-step5] >>>>>>>

 COMMIT turn 487, dettid 3 using resources {InternalIOPolling: W}, on previously committed 1_767_225_600.147_429_000s DETLOG_RECORD={"schema":1,"event":{"kind":"scheduler_commit","scheduler_turn":487,"virtual_nanoseconds":1767225600147429000,"internal_io_poll":true,"runtime_maps_read":false}}
2026-09-10T03:16:10.591700Z  INFO detcore::scheduler: [scheduler] >>>>>>>

 NONCOMMIT turn 488, SKIP dettid 3 polling resource Resources { tid: DetPid(3), resources: {InternalIOPolling: W}, poll_attempt: 32, fyi: "writev", signal_interrupt_errno: 512 }
2026-09-10T03:16:10.591728Z  INFO detcore::scheduler: [sched-step5] >>>>>>>

 COMMIT turn 489, dettid 3 using resources {InternalIOPolling: W}, on previously committed 1_767_225_600.147_929_000s DETLOG_RECORD={"schema":1,"event":{"kind":"scheduler_commit","scheduler_turn":489,"virtual_nanoseconds":1767225600147929000,"internal_io_poll":true,"runtime_maps_read":false}}
2026-09-10T03:16:10.591781Z  INFO detcore::scheduler: [scheduler] >>>>>>>

 NONCOMMIT turn 490, SKIP dettid 3 polling resource Resources { tid: DetPid(3), resources: {InternalIOPolling: W}, poll_attempt: 33, fyi: "writev", signal_interrupt_errno: 512 }
2026-09-10T03:16:10.591808Z  INFO detcore::scheduler: [sched-step5] >>>>>>>

 COMMIT turn 491, dettid 3 using resources {InternalIOPolling: W}, on previously committed 1_767_225_600.148_429_000s DETLOG_RECORD={"schema":1,"event":{"kind":"scheduler_commit","scheduler_turn":491,"virtual_nanoseconds":1767225600148429000,"internal_io_poll":true,"runtime_maps_read":false}}
2026-09-10T03:16:10.591855Z  INFO detcore::scheduler: [scheduler] >>>>>>>

 NONCOMMIT turn 492, SKIP dettid 3 polling resource Resources { tid: DetPid(3), resources: {InternalIOPolling: W}, poll_attempt: 34, fyi: "writev", signal_interrupt_errno: 512 }
2026-09-10T03:16:10.591881Z  INFO detcore::scheduler: [sched-step5] >>>>>>>

 COMMIT turn 493, dettid 3 using resources {InternalIOPolling: W}, on previously committed 1_767_225_600.148_929_000s DETLOG_RECORD={"schema":1,"event":{"kind":"scheduler_commit","scheduler_turn":493,"virtual_nanoseconds":1767225600148929000,"internal_io_poll":true,"runtime_maps_read":false}}
2026-09-10T03:16:10.591928Z  INFO detcore::scheduler: [scheduler] >>>>>>>

 NONCOMMIT turn 494, SKIP dettid 3 polling resource Resources { tid: DetPid(3), resources: {InternalIOPolling: W}, poll_attempt: 35, fyi: "writev", signal_interrupt_errno: 512 }
2026-09-10T03:16:10.591953Z  INFO detcore::scheduler: [sched-step5] >>>>>>>

 COMMIT turn 495, dettid 3 using resources {InternalIOPolling: W}, on previously committed 1_767_225_600.149_429_000s DETLOG_RECORD={"schema":1,"event":{"kind":"scheduler_commit","scheduler_turn":495,"virtual_nanoseconds":1767225600149429000,"internal_io_poll":true,"runtime_maps_read":false}}
2026-09-10T03:16:10.592000Z  INFO detcore::scheduler: [scheduler] >>>>>>>

 NONCOMMIT turn 496, SKIP dettid 3 polling resource Resources { tid: DetPid(3), resources: {InternalIOPolling: W}, poll_attempt: 36, fyi: "writev", signal_interrupt_errno: 512 }
2026-09-10T03:16:10.592026Z  INFO detcore::scheduler: [sched-step5] >>>>>>>

 COMMIT turn 497, dettid 3 using resources {InternalIOPolling: W}, on previously committed 1_767_225_600.149_929_000s DETLOG_RECORD={"schema":1,"event":{"kind":"scheduler_commit","scheduler_turn":497,"virtual_nanoseconds":1767225600149929000,"internal_io_poll":true,"runtime_maps_read":false}}
2026-09-10T03:16:10.592072Z  INFO detcore::scheduler: [scheduler] >>>>>>>

 NONCOMMIT turn 498, SKIP dettid 3 polling resource Resources { tid: DetPid(3), resources: {InternalIOPolling: W}, poll_attempt: 37, fyi: "writev", signal_interrupt_errno: 512 }
2026-09-10T03:16:10.592098Z  INFO detcore::scheduler: [sched-step5] >>>>>>>

 COMMIT turn 499, dettid 3 using resources {InternalIOPolling: W}, on previously committed 1_767_225_600.150_429_000s DETLOG_RECORD={"schema":1,"event":{"kind":"scheduler_commit","scheduler_turn":499,"virtual_nanoseconds":1767225600150429000,"internal_io_poll":true,"runtime_maps_read":false}}
2026-09-10T03:16:10.592144Z  INFO detcore::scheduler: [scheduler] >>>>>>>

 NONCOMMIT turn 500, SKIP dettid 3 polling resource Resources { tid: DetPid(3), resources: {InternalIOPolling: W}, poll_attempt: 38, fyi: "writev", signal_interrupt_errno: 512 }
2026-09-10T03:16:10.592170Z  INFO detcore::scheduler: [sched-step5] >>>>>>>

 COMMIT turn 501, dettid 3 using resources {InternalIOPolling: W}, on previously committed 1_767_225_600.150_929_000s DETLOG_RECORD={"schema":1,"event":{"kind":"scheduler_commit","scheduler_turn":501,"virtual_nanoseconds":1767225600150929000,"internal_io_poll":true,"runtime_maps_read":false}}
2026-09-10T03:16:10.592233Z  INFO detcore::scheduler: [sched-step5] >>>>>>>

 COMMIT turn 502, dettid 9 using resources {SleepUntil(LogicalTime(1767225600151428500)): W}, on previously committed 1_767_225_600.151_429_000s DETLOG_RECORD={"schema":1,"event":{"kind":"scheduler_commit","scheduler_turn":502,"virtual_nanoseconds":1767225600151429000,"internal_io_poll":false,"runtime_maps_read":false}}
2026-09-10T03:16:10.592277Z  INFO detcore: DETLOG [syscall][detcore, dtid 9] finish syscall #3: clock_nanosleep(CLOCK_REALTIME, 0, 0x1b50e30, 0x1b50e30) = Ok(0) DETLOG_RECORD={"schema":1,"event":{"kind":"syscall_result","finished_syscall_number":3}}
2026-09-10T03:16:10.592328Z  INFO detcore: DETLOG [syscall][detcore, dtid 9] inbound syscall: mmap(NULL, 134217728, ProtFlags(0x0), MapFlags(MAP_PRIVATE | MAP_ANON), -1, 0) = ? DETLOG_RECORD={"schema":1,"event":{"kind":"syscall"}}
2026-09-10T03:16:10.615882Z  INFO detcore: DETLOG [syscall][detcore, dtid 9] finish syscall #4: mmap(NULL, 134217728, ProtFlags(0x0), MapFlags(MAP_PRIVATE | MAP_ANON), -1, 0) = Ok(28647424) DETLOG_RECORD={"schema":1,"event":{"kind":"syscall_result","finished_syscall_number":4}}
2026-09-10T03:16:10.615996Z  INFO detcore: DETLOG [syscall][detcore, dtid 9] inbound syscall: munmap(0x1b52000, 38461440) = ? DETLOG_RECORD={"schema":1,"event":{"kind":"syscall"}}
2026-09-10T03:16:10.621780Z  INFO detcore: DETLOG [syscall][detcore, dtid 9] finish syscall #5: munmap(0x1b52000, 38461440) = Ok(0) DETLOG_RECORD={"schema":1,"event":{"kind":"syscall_result","finished_syscall_number":5}}
2026-09-10T03:16:10.621847Z  INFO detcore: DETLOG [syscall][detcore, dtid 9] inbound syscall: munmap(0x8000000, 28647424) = ? DETLOG_RECORD={"schema":1,"event":{"kind":"syscall"}}
2026-09-10T03:16:10.625691Z  INFO detcore: DETLOG [syscall][detcore, dtid 9] finish syscall #6: munmap(0x8000000, 28647424) = Ok(0) DETLOG_RECORD={"schema":1,"event":{"kind":"syscall_result","finished_syscall_number":6}}
2026-09-10T03:16:10.625728Z  INFO detcore: DETLOG [syscall][detcore, dtid 9] inbound syscall: mprotect(0x4000000, 135168, ProtFlags(PROT_READ | PROT_WRITE)) = ? DETLOG_RECORD={"schema":1,"event":{"kind":"syscall"}}
2026-09-10T03:16:10.625797Z  INFO detcore: DETLOG [syscall][detcore, dtid 9] finish syscall #7: mprotect(0x4000000, 135168, ProtFlags(PROT_READ | PROT_WRITE)) = Ok(0) DETLOG_RECORD={"schema":1,"event":{"kind":"syscall_result","finished_syscall_number":7}}
2026-09-10T03:16:10.625839Z  INFO detcore: DETLOG [syscall][detcore, dtid 9] inbound syscall: read(3, 0x4000b60, 8192) = ? DETLOG_RECORD={"schema":1,"event":{"kind":"syscall"}}
2026-09-10T03:16:10.626102Z  INFO detcore::scheduler: [scheduler] >>>>>>>

 NONCOMMIT turn 503, SKIP dettid 3 polling resource Resources { tid: DetPid(3), resources: {InternalIOPolling: W}, poll_attempt: 39, fyi: "writev", signal_interrupt_errno: 512 }
2026-09-10T03:16:10.626190Z  INFO detcore::scheduler: [sched-step5] >>>>>>>

 COMMIT turn 504, dettid 9 using resources {InternalIOPolling: W}, on previously committed 1_767_225_600.151_979_000s DETLOG_RECORD={"schema":1,"event":{"kind":"scheduler_commit","scheduler_turn":504,"virtual_nanoseconds":1767225600151979000,"internal_io_poll":true,"runtime_maps_read":false}}
2026-09-10T03:16:10.626311Z  INFO detcore: DETLOG [syscall][detcore, dtid 9] finish syscall #8: read(3, 0x4000b60, 8192) = Ok(8192) DETLOG_RECORD={"schema":1,"event":{"kind":"syscall_result","finished_syscall_number":8}}
2026-09-10T03:16:10.626434Z  INFO detcore::io_buffers: DETLOG [iobuf][dtid 9] read in fd=3 0x4000b60+8192->b7e6f61c25fcd4492f50e714bc7bd69abe64dfee1132ac60aa2da4119a06db4a chunks=1024:fa2a5e7b,fa2a5e7b,fa2a5e7b,fa2a5e7b,fa2a5e7b,fa2a5e7b,fa2a5e7b,fa2a5e7b DETLOG_RECORD={"schema":1,"event":{"kind":"other"}}
2026-09-10T03:16:10.626478Z  INFO detcore: DETLOG [syscall][detcore, dtid 9] inbound syscall: read(3, 0x1b50e28, 8) = ? DETLOG_RECORD={"schema":1,"event":{"kind":"syscall"}}
2026-09-10T03:16:10.626536Z  INFO detcore::scheduler: [sched-step5] >>>>>>>

 COMMIT turn 505, dettid 9 using resources {InternalIOPolling: W}, on previously committed 1_767_225_600.152_489_000s DETLOG_RECORD={"schema":1,"event":{"kind":"scheduler_commit","scheduler_turn":505,"virtual_nanoseconds":1767225600152489000,"internal_io_poll":true,"runtime_maps_read":false}}
2026-09-10T03:16:10.626639Z  INFO detcore::scheduler: [scheduler] >>>>>>>

 NONCOMMIT turn 506, SKIP dettid 9 polling resource Resources { tid: DetPid(9), resources: {InternalIOPolling: W}, poll_attempt: 1, fyi: "read" }
2026-09-10T03:16:10.626681Z  INFO detcore::scheduler: [sched-step5] >>>>>>>

 COMMIT turn 507, dettid 9 using resources {InternalIOPolling: W}, on previously committed 1_767_225_600.152_989_000s DETLOG_RECORD={"schema":1,"event":{"kind":"scheduler_commit","scheduler_turn":507,"virtual_nanoseconds":1767225600152989000,"internal_io_poll":true,"runtime_maps_read":false}}
2026-09-10T03:16:10.626728Z  INFO detcore::scheduler: [scheduler] >>>>>>>

 NONCOMMIT turn 508, SKIP dettid 9 polling resource Resources { tid: DetPid(9), resources: {InternalIOPolling: W}, poll_attempt: 2, fyi: "read" }
2026-09-10T03:16:10.626755Z  INFO detcore::scheduler: [sched-step5] >>>>>>>

 COMMIT turn 509, dettid 9 using resources {InternalIOPolling: W}, on previously committed 1_767_225_600.153_489_000s DETLOG_RECORD={"schema":1,"event":{"kind":"scheduler_commit","scheduler_turn":509,"virtual_nanoseconds":1767225600153489000,"internal_io_poll":true,"runtime_maps_read":false}}
2026-09-10T03:16:10.626808Z  INFO detcore::scheduler: [scheduler] >>>>>>>

 NONCOMMIT turn 510, SKIP dettid 9 polling resource Resources { tid: DetPid(9), resources: {InternalIOPolling: W}, poll_attempt: 3, fyi: "read" }
2026-09-10T03:16:10.626834Z  INFO detcore::scheduler: [sched-step5] >>>>>>>

 COMMIT turn 511, dettid 9 using resources {InternalIOPolling: W}, on previously committed 1_767_225_600.153_989_000s DETLOG_RECORD={"schema":1,"event":{"kind":"scheduler_commit","scheduler_turn":511,"virtual_nanoseconds":1767225600153989000,"internal_io_poll":true,"runtime_maps_read":false}}
2026-09-10T03:16:10.626879Z  INFO detcore::scheduler: [scheduler] >>>>>>>

 NONCOMMIT turn 512, SKIP dettid 9 polling resource Resources { tid: DetPid(9), resources: {InternalIOPolling: W}, poll_attempt: 4, fyi: "read" }
2026-09-10T03:16:10.626904Z  INFO detcore::scheduler: [sched-step5] >>>>>>>

 COMMIT turn 513, dettid 3 using resources {InternalIOPolling: W}, on previously committed 1_767_225_600.154_489_000s DETLOG_RECORD={"schema":1,"event":{"kind":"scheduler_commit","scheduler_turn":513,"virtual_nanoseconds":1767225600154489000,"internal_io_poll":true,"runtime_maps_read":false}}
2026-09-10T03:16:10.627072Z  INFO detcore: DETLOG [syscall][detcore, dtid 3] finish syscall #348: writev(4, 0x3fffeb60, 2) = Ok(8) DETLOG_RECORD={"schema":1,"event":{"kind":"syscall_result","finished_syscall_number":348}}
2026-09-10T03:16:10.627106Z  INFO detcore::io_buffers: DETLOG [iobuf][dtid 3] writev out fd=4 0x3fffeb2c+4->e12e115acf4552b2568b55e93cbd39394c4ef81c82447fafc997882a02d23677 DETLOG_RECORD={"schema":1,"event":{"kind":"other"}}
2026-09-10T03:16:10.627121Z  INFO detcore::io_buffers: DETLOG [iobuf][dtid 3] writev out fd=4 0x3fffeb30+4->e59e4dc24c482ed5ea574fb4f5367f340cb0c77d504bd5b1a982038e2d861954 DETLOG_RECORD={"schema":1,"event":{"kind":"other"}}
2026-09-10T03:16:10.627179Z  INFO detcore: DETLOG [syscall][detcore, dtid 3] inbound syscall: futex(0x1b51910, 265, 9, NULL, NULL, -1) = ? DETLOG_RECORD={"schema":1,"event":{"kind":"syscall"}}
2026-09-10T03:16:10.627262Z  INFO detcore::scheduler: [sched-step5] >>>>>>>

 COMMIT turn 514, dettid 9 using resources {InternalIOPolling: W}, on previously committed 1_767_225_600.154_994_000s DETLOG_RECORD={"schema":1,"event":{"kind":"scheduler_commit","scheduler_turn":514,"virtual_nanoseconds":1767225600154994000,"internal_io_poll":true,"runtime_maps_read":false}}
2026-09-10T03:16:10.627335Z  INFO detcore: DETLOG [syscall][detcore, dtid 9] finish syscall #9: read(3, 0x1b50e28, 8) = Ok(8) DETLOG_RECORD={"schema":1,"event":{"kind":"syscall_result","finished_syscall_number":9}}
2026-09-10T03:16:10.627359Z  INFO detcore::io_buffers: DETLOG [iobuf][dtid 9] read in fd=3 0x1b50e28+8->9ac2197d9258257b1ae8463e4214e4cd0a578bc1517f2415928b91be4283fc48 DETLOG_RECORD={"schema":1,"event":{"kind":"other"}}
2026-09-10T03:16:10.627400Z  INFO detcore: DETLOG [syscall][detcore, dtid 9] inbound syscall: rt_sigprocmask(0, 0x1b51f30, NULL, 8) = ? DETLOG_RECORD={"schema":1,"event":{"kind":"syscall"}}
2026-09-10T03:16:10.627444Z  INFO detcore: DETLOG [syscall][detcore, dtid 9] finish syscall #10: rt_sigprocmask(0, 0x1b51f30, NULL, 8) = Ok(0) DETLOG_RECORD={"schema":1,"event":{"kind":"syscall_result","finished_syscall_number":10}}
2026-09-10T03:16:10.627467Z  INFO detcore: DETLOG [syscall][detcore, dtid 9] inbound syscall: madvise(0x1351000, 8368128, 4) = ? DETLOG_RECORD={"schema":1,"event":{"kind":"syscall"}}
2026-09-10T03:16:10.627486Z  INFO detcore::syscalls::memory: DETLOG [dtid 9] madvise advice 4 is unsupported by this backend DETLOG_RECORD={"schema":1,"event":{"kind":"other"}}
2026-09-10T03:16:10.627496Z  INFO detcore: DETLOG [syscall][detcore, dtid 9] finish syscall #11: madvise(0x1351000, 8368128, 4) = Err(Errno(ENOSYS)) DETLOG_RECORD={"schema":1,"event":{"kind":"syscall_result","finished_syscall_number":11}}
2026-09-10T03:16:10.627520Z  INFO detcore: DETLOG [syscall][detcore, dtid 9] inbound syscall: exit(0) = ? DETLOG_RECORD={"schema":1,"event":{"kind":"syscall"}}
2026-09-10T03:16:10.627580Z  INFO detcore::scheduler: [sched-step5] >>>>>>>

 COMMIT turn 515, dettid 9 using resources {Exit { group: false, process: DetPid(3), mm: MmId { creator: DetPid(3), generation: 1 } }: RW}, on previously committed 1_767_225_600.155_754_250s DETLOG_RECORD={"schema":1,"event":{"kind":"scheduler_commit","scheduler_turn":515,"virtual_nanoseconds":1767225600155754250,"internal_io_poll":false,"runtime_maps_read":false}}
2026-09-10T03:16:10.627726Z  INFO detcore::scheduler: logically_kill: Scheduler removing all knowledge of [det]tid 9 in pid 3..
2026-09-10T03:16:10.628076Z  INFO detcore::scheduler: [sched-step5] >>>>>>>

 COMMIT turn 516, dettid 3 using resources {FutexWait: R}, on previously committed 1_767_225_600.156_254_250s DETLOG_RECORD={"schema":1,"event":{"kind":"scheduler_commit","scheduler_turn":516,"virtual_nanoseconds":1767225600156254250,"internal_io_poll":false,"runtime_maps_read":false}}
2026-09-10T03:16:10.628144Z  INFO detcore: DETLOG [syscall][detcore, dtid 3] finish syscall #349: futex(0x1b51910, 265, 9, NULL, NULL, -1) = Ok(0) DETLOG_RECORD={"schema":1,"event":{"kind":"syscall_result","finished_syscall_number":349}}
2026-09-10T03:16:10.628193Z  INFO detcore: DETLOG [syscall][detcore, dtid 3] inbound syscall: close(3) = ? DETLOG_RECORD={"schema":1,"event":{"kind":"syscall"}}
2026-09-10T03:16:10.628280Z  INFO detcore: DETLOG [syscall][detcore, dtid 3] finish syscall #350: close(3) = Ok(0) DETLOG_RECORD={"schema":1,"event":{"kind":"syscall_result","finished_syscall_number":350}}
2026-09-10T03:16:10.628304Z  INFO detcore: DETLOG [syscall][detcore, dtid 3] inbound syscall: close(4) = ? DETLOG_RECORD={"schema":1,"event":{"kind":"syscall"}}
2026-09-10T03:16:10.628327Z  INFO detcore: DETLOG [syscall][detcore, dtid 3] finish syscall #351: close(4) = Ok(0) DETLOG_RECORD={"schema":1,"event":{"kind":"syscall_result","finished_syscall_number":351}}
2026-09-10T03:16:10.628352Z  INFO detcore: DETLOG [syscall][detcore, dtid 3] inbound syscall: socketpair(1, 1, 0, 0x3fffeb58) = ? DETLOG_RECORD={"schema":1,"event":{"kind":"syscall"}}
2026-09-10T03:16:10.628414Z  INFO detcore::syscalls::files: Injecting additional fstat to retrieve file metadata on fd 3.
2026-09-10T03:16:10.628447Z  INFO detcore::syscalls::files: Injecting additional fstat to retrieve file metadata on fd 4.
2026-09-10T03:16:10.628468Z  INFO detcore: DETLOG [syscall][detcore, dtid 3] finish syscall #352: socketpair(1, 1, 0, 0x3fffeb58) = Ok(0) DETLOG_RECORD={"schema":1,"event":{"kind":"syscall_result","finished_syscall_number":352}}
2026-09-10T03:16:10.628495Z  INFO detcore: DETLOG [syscall][detcore, dtid 3] inbound syscall: fcntl(4, F_GETFL) = ? DETLOG_RECORD={"schema":1,"event":{"kind":"syscall"}}
2026-09-10T03:16:10.628529Z  INFO detcore: DETLOG [syscall][detcore, dtid 3] finish syscall #353: fcntl(4, F_GETFL) = Ok(2) DETLOG_RECORD={"schema":1,"event":{"kind":"syscall_result","finished_syscall_number":353}}
2026-09-10T03:16:10.628556Z  INFO detcore: DETLOG [syscall][detcore, dtid 3] inbound syscall: fcntl(4, F_SETFL, 2050) = ? DETLOG_RECORD={"schema":1,"event":{"kind":"syscall"}}
2026-09-10T03:16:10.628578Z  INFO detcore: DETLOG [syscall][detcore, dtid 3] finish syscall #354: fcntl(4, F_SETFL, 2050) = Ok(0) DETLOG_RECORD={"schema":1,"event":{"kind":"syscall_result","finished_syscall_number":354}}
2026-09-10T03:16:10.628596Z  INFO detcore: DETLOG [syscall][detcore, dtid 3] inbound syscall: write(4, 0x3fffdae0, 4096) = ? DETLOG_RECORD={"schema":1,"event":{"kind":"syscall"}}
2026-09-10T03:16:10.628669Z  INFO detcore: DETLOG [syscall][detcore, dtid 3] finish syscall #355: write(4, 0x3fffdae0, 4096) = Ok(4096) DETLOG_RECORD={"schema":1,"event":{"kind":"syscall_result","finished_syscall_number":355}}
2026-09-10T03:16:10.628749Z  INFO detcore::io_buffers: DETLOG [iobuf][dtid 3] write out fd=4 0x3fffdae0+4096->1797ecdc67b266d5d8e2cbaccde6ba94832bf9fd692130f814eab087cb45d26f chunks=512:be9da2c7,be9da2c7,be9da2c7,be9da2c7,be9da2c7,be9da2c7,be9da2c7,be9da2c7 DETLOG_RECORD={"schema":1,"event":{"kind":"other"}}
2026-09-10T03:16:10.628785Z  INFO detcore: DETLOG [syscall][detcore, dtid 3] inbound syscall: write(4, 0x3fffdae0, 4096) = ? DETLOG_RECORD={"schema":1,"event":{"kind":"syscall"}}
2026-09-10T03:16:10.628818Z  INFO detcore: DETLOG [syscall][detcore, dtid 3] finish syscall #356: write(4, 0x3fffdae0, 4096) = Ok(4096) DETLOG_RECORD={"schema":1,"event":{"kind":"syscall_result","finished_syscall_number":356}}
2026-09-10T03:16:10.628878Z  INFO detcore::io_buffers: DETLOG [iobuf][dtid 3] write out fd=4 0x3fffdae0+4096->1797ecdc67b266d5d8e2cbaccde6ba94832bf9fd692130f814eab087cb45d26f chunks=512:be9da2c7,be9da2c7,be9da2c7,be9da2c7,be9da2c7,be9da2c7,be9da2c7,be9da2c7 DETLOG_RECORD={"schema":1,"event":{"kind":"other"}}
2026-09-10T03:16:10.628901Z  INFO detcore: DETLOG [syscall][detcore, dtid 3] inbound syscall: write(4, 0x3fffdae0, 4096) = ? DETLOG_RECORD={"schema":1,"event":{"kind":"syscall"}}
2026-09-10T03:16:10.628928Z  INFO detcore: DETLOG [syscall][detcore, dtid 3] finish syscall #357: write(4, 0x3fffdae0, 4096) = Ok(4096) DETLOG_RECORD={"schema":1,"event":{"kind":"syscall_result","finished_syscall_number":357}}
2026-09-10T03:16:10.628986Z  INFO detcore::io_buffers: DETLOG [iobuf][dtid 3] write out fd=4 0x3fffdae0+4096->1797ecdc67b266d5d8e2cbaccde6ba94832bf9fd692130f814eab087cb45d26f chunks=512:be9da2c7,be9da2c7,be9da2c7,be9da2c7,be9da2c7,be9da2c7,be9da2c7,be9da2c7 DETLOG_RECORD={"schema":1,"event":{"kind":"other"}}
2026-09-10T03:16:10.629008Z  INFO detcore: DETLOG [syscall][detcore, dtid 3] inbound syscall: write(4, 0x3fffdae0, 4096) = ? DETLOG_RECORD={"schema":1,"event":{"kind":"syscall"}}
2026-09-10T03:16:10.629034Z  INFO detcore: DETLOG [syscall][detcore, dtid 3] finish syscall #358: write(4, 0x3fffdae0, 4096) = Ok(4096) DETLOG_RECORD={"schema":1,"event":{"kind":"syscall_result","finished_syscall_number":358}}
2026-09-10T03:16:10.629092Z  INFO detcore::io_buffers: DETLOG [iobuf][dtid 3] write out fd=4 0x3fffdae0+4096->1797ecdc67b266d5d8e2cbaccde6ba94832bf9fd692130f814eab087cb45d26f chunks=512:be9da2c7,be9da2c7,be9da2c7,be9da2c7,be9da2c7,be9da2c7,be9da2c7,be9da2c7 DETLOG_RECORD={"schema":1,"event":{"kind":"other"}}
2026-09-10T03:16:10.629113Z  INFO detcore: DETLOG [syscall][detcore, dtid 3] inbound syscall: write(4, 0x3fffdae0, 4096) = ? DETLOG_RECORD={"schema":1,"event":{"kind":"syscall"}}
2026-09-10T03:16:10.629140Z  INFO detcore: DETLOG [syscall][detcore, dtid 3] finish syscall #359: write(4, 0x3fffdae0, 4096) = Ok(4096) DETLOG_RECORD={"schema":1,"event":{"kind":"syscall_result","finished_syscall_number":359}}
2026-09-10T03:16:10.629197Z  INFO detcore::io_buffers: DETLOG [iobuf][dtid 3] write out fd=4 0x3fffdae0+4096->1797ecdc67b266d5d8e2cbaccde6ba94832bf9fd692130f814eab087cb45d26f chunks=512:be9da2c7,be9da2c7,be9da2c7,be9da2c7,be9da2c7,be9da2c7,be9da2c7,be9da2c7 DETLOG_RECORD={"schema":1,"event":{"kind":"other"}}
2026-09-10T03:16:10.629221Z  INFO detcore: DETLOG [syscall][detcore, dtid 3] inbound syscall: write(4, 0x3fffdae0, 4096) = ? DETLOG_RECORD={"schema":1,"event":{"kind":"syscall"}}
2026-09-10T03:16:10.629252Z  INFO detcore: DETLOG [syscall][detcore, dtid 3] finish syscall #360: write(4, 0x3fffdae0, 4096) = Ok(4096) DETLOG_RECORD={"schema":1,"event":{"kind":"syscall_result","finished_syscall_number":360}}
2026-09-10T03:16:10.629310Z  INFO detcore::io_buffers: DETLOG [iobuf][dtid 3] write out fd=4 0x3fffdae0+4096->1797ecdc67b266d5d8e2cbaccde6ba94832bf9fd692130f814eab087cb45d26f chunks=512:be9da2c7,be9da2c7,be9da2c7,be9da2c7,be9da2c7,be9da2c7,be9da2c7,be9da2c7 DETLOG_RECORD={"schema":1,"event":{"kind":"other"}}
2026-09-10T03:16:10.629331Z  INFO detcore: DETLOG [syscall][detcore, dtid 3] inbound syscall: write(4, 0x3fffdae0, 4096) = ? DETLOG_RECORD={"schema":1,"event":{"kind":"syscall"}}
2026-09-10T03:16:10.629358Z  INFO detcore: DETLOG [syscall][detcore, dtid 3] finish syscall #361: write(4, 0x3fffdae0, 4096) = Ok(4096) DETLOG_RECORD={"schema":1,"event":{"kind":"syscall_result","finished_syscall_number":361}}
2026-09-10T03:16:10.629415Z  INFO detcore::io_buffers: DETLOG [iobuf][dtid 3] write out fd=4 0x3fffdae0+4096->1797ecdc67b266d5d8e2cbaccde6ba94832bf9fd692130f814eab087cb45d26f chunks=512:be9da2c7,be9da2c7,be9da2c7,be9da2c7,be9da2c7,be9da2c7,be9da2c7,be9da2c7 DETLOG_RECORD={"schema":1,"event":{"kind":"other"}}
2026-09-10T03:16:10.629436Z  INFO detcore: DETLOG [syscall][detcore, dtid 3] inbound syscall: write(4, 0x3fffdae0, 4096) = ? DETLOG_RECORD={"schema":1,"event":{"kind":"syscall"}}
2026-09-10T03:16:10.629463Z  INFO detcore: DETLOG [syscall][detcore, dtid 3] finish syscall #362: write(4, 0x3fffdae0, 4096) = Ok(4096) DETLOG_RECORD={"schema":1,"event":{"kind":"syscall_result","finished_syscall_number":362}}
2026-09-10T03:16:10.629519Z  INFO detcore::io_buffers: DETLOG [iobuf][dtid 3] write out fd=4 0x3fffdae0+4096->1797ecdc67b266d5d8e2cbaccde6ba94832bf9fd692130f814eab087cb45d26f chunks=512:be9da2c7,be9da2c7,be9da2c7,be9da2c7,be9da2c7,be9da2c7,be9da2c7,be9da2c7 DETLOG_RECORD={"schema":1,"event":{"kind":"other"}}
2026-09-10T03:16:10.629541Z  INFO detcore: DETLOG [syscall][detcore, dtid 3] inbound syscall: write(4, 0x3fffdae0, 4096) = ? DETLOG_RECORD={"schema":1,"event":{"kind":"syscall"}}
2026-09-10T03:16:10.629567Z  INFO detcore: DETLOG [syscall][detcore, dtid 3] finish syscall #363: write(4, 0x3fffdae0, 4096) = Ok(4096) DETLOG_RECORD={"schema":1,"event":{"kind":"syscall_result","finished_syscall_number":363}}
2026-09-10T03:16:10.629624Z  INFO detcore::io_buffers: DETLOG [iobuf][dtid 3] write out fd=4 0x3fffdae0+4096->1797ecdc67b266d5d8e2cbaccde6ba94832bf9fd692130f814eab087cb45d26f chunks=512:be9da2c7,be9da2c7,be9da2c7,be9da2c7,be9da2c7,be9da2c7,be9da2c7,be9da2c7 DETLOG_RECORD={"schema":1,"event":{"kind":"other"}}
2026-09-10T03:16:10.629645Z  INFO detcore: DETLOG [syscall][detcore, dtid 3] inbound syscall: write(4, 0x3fffdae0, 4096) = ? DETLOG_RECORD={"schema":1,"event":{"kind":"syscall"}}
2026-09-10T03:16:10.629672Z  INFO detcore: DETLOG [syscall][detcore, dtid 3] finish syscall #364: write(4, 0x3fffdae0, 4096) = Ok(4096) DETLOG_RECORD={"schema":1,"event":{"kind":"syscall_result","finished_syscall_number":364}}
2026-09-10T03:16:10.629729Z  INFO detcore::io_buffers: DETLOG [iobuf][dtid 3] write out fd=4 0x3fffdae0+4096->1797ecdc67b266d5d8e2cbaccde6ba94832bf9fd692130f814eab087cb45d26f chunks=512:be9da2c7,be9da2c7,be9da2c7,be9da2c7,be9da2c7,be9da2c7,be9da2c7,be9da2c7 DETLOG_RECORD={"schema":1,"event":{"kind":"other"}}
2026-09-10T03:16:10.629750Z  INFO detcore: DETLOG [syscall][detcore, dtid 3] inbound syscall: write(4, 0x3fffdae0, 4096) = ? DETLOG_RECORD={"schema":1,"event":{"kind":"syscall"}}
2026-09-10T03:16:10.629781Z  INFO detcore: DETLOG [syscall][detcore, dtid 3] finish syscall #365: write(4, 0x3fffdae0, 4096) = Ok(4096) DETLOG_RECORD={"schema":1,"event":{"kind":"syscall_result","finished_syscall_number":365}}
2026-09-10T03:16:10.629840Z  INFO detcore::io_buffers: DETLOG [iobuf][dtid 3] write out fd=4 0x3fffdae0+4096->1797ecdc67b266d5d8e2cbaccde6ba94832bf9fd692130f814eab087cb45d26f chunks=512:be9da2c7,be9da2c7,be9da2c7,be9da2c7,be9da2c7,be9da2c7,be9da2c7,be9da2c7 DETLOG_RECORD={"schema":1,"event":{"kind":"other"}}
2026-09-10T03:16:10.629864Z  INFO detcore: DETLOG [syscall][detcore, dtid 3] inbound syscall: write(4, 0x3fffdae0, 4096) = ? DETLOG_RECORD={"schema":1,"event":{"kind":"syscall"}}
2026-09-10T03:16:10.629892Z  INFO detcore: DETLOG [syscall][detcore, dtid 3] finish syscall #366: write(4, 0x3fffdae0, 4096) = Ok(4096) DETLOG_RECORD={"schema":1,"event":{"kind":"syscall_result","finished_syscall_number":366}}
2026-09-10T03:16:10.629949Z  INFO detcore::io_buffers: DETLOG [iobuf][dtid 3] write out fd=4 0x3fffdae0+4096->1797ecdc67b266d5d8e2cbaccde6ba94832bf9fd692130f814eab087cb45d26f chunks=512:be9da2c7,be9da2c7,be9da2c7,be9da2c7,be9da2c7,be9da2c7,be9da2c7,be9da2c7 DETLOG_RECORD={"schema":1,"event":{"kind":"other"}}
2026-09-10T03:16:10.629971Z  INFO detcore: DETLOG [syscall][detcore, dtid 3] inbound syscall: write(4, 0x3fffdae0, 4096) = ? DETLOG_RECORD={"schema":1,"event":{"kind":"syscall"}}
2026-09-10T03:16:10.629997Z  INFO detcore: DETLOG [syscall][detcore, dtid 3] finish syscall #367: write(4, 0x3fffdae0, 4096) = Ok(4096) DETLOG_RECORD={"schema":1,"event":{"kind":"syscall_result","finished_syscall_number":367}}
2026-09-10T03:16:10.630054Z  INFO detcore::io_buffers: DETLOG [iobuf][dtid 3] write out fd=4 0x3fffdae0+4096->1797ecdc67b266d5d8e2cbaccde6ba94832bf9fd692130f814eab087cb45d26f chunks=512:be9da2c7,be9da2c7,be9da2c7,be9da2c7,be9da2c7,be9da2c7,be9da2c7,be9da2c7 DETLOG_RECORD={"schema":1,"event":{"kind":"other"}}
2026-09-10T03:16:10.630075Z  INFO detcore: DETLOG [syscall][detcore, dtid 3] inbound syscall: write(4, 0x3fffdae0, 4096) = ? DETLOG_RECORD={"schema":1,"event":{"kind":"syscall"}}
2026-09-10T03:16:10.630102Z  INFO detcore: DETLOG [syscall][detcore, dtid 3] finish syscall #368: write(4, 0x3fffdae0, 4096) = Ok(4096) DETLOG_RECORD={"schema":1,"event":{"kind":"syscall_result","finished_syscall_number":368}}
2026-09-10T03:16:10.630158Z  INFO detcore::io_buffers: DETLOG [iobuf][dtid 3] write out fd=4 0x3fffdae0+4096->1797ecdc67b266d5d8e2cbaccde6ba94832bf9fd692130f814eab087cb45d26f chunks=512:be9da2c7,be9da2c7,be9da2c7,be9da2c7,be9da2c7,be9da2c7,be9da2c7,be9da2c7 DETLOG_RECORD={"schema":1,"event":{"kind":"other"}}
2026-09-10T03:16:10.630180Z  INFO detcore: DETLOG [syscall][detcore, dtid 3] inbound syscall: write(4, 0x3fffdae0, 4096) = ? DETLOG_RECORD={"schema":1,"event":{"kind":"syscall"}}
2026-09-10T03:16:10.630324Z  INFO detcore: DETLOG [syscall][detcore, dtid 3] finish syscall #369: write(4, 0x3fffdae0, 4096) = Ok(4096) DETLOG_RECORD={"schema":1,"event":{"kind":"syscall_result","finished_syscall_number":369}}
2026-09-10T03:16:10.630391Z  INFO detcore::io_buffers: DETLOG [iobuf][dtid 3] write out fd=4 0x3fffdae0+4096->1797ecdc67b266d5d8e2cbaccde6ba94832bf9fd692130f814eab087cb45d26f chunks=512:be9da2c7,be9da2c7,be9da2c7,be9da2c7,be9da2c7,be9da2c7,be9da2c7,be9da2c7 DETLOG_RECORD={"schema":1,"event":{"kind":"other"}}
2026-09-10T03:16:10.630419Z  INFO detcore: DETLOG [syscall][detcore, dtid 3] inbound syscall: write(4, 0x3fffdae0, 4096) = ? DETLOG_RECORD={"schema":1,"event":{"kind":"syscall"}}
2026-09-10T03:16:10.630453Z  INFO detcore: DETLOG [syscall][detcore, dtid 3] finish syscall #370: write(4, 0x3fffdae0, 4096) = Ok(4096) DETLOG_RECORD={"schema":1,"event":{"kind":"syscall_result","finished_syscall_number":370}}
2026-09-10T03:16:10.630511Z  INFO detcore::io_buffers: DETLOG [iobuf][dtid 3] write out fd=4 0x3fffdae0+4096->1797ecdc67b266d5d8e2cbaccde6ba94832bf9fd692130f814eab087cb45d26f chunks=512:be9da2c7,be9da2c7,be9da2c7,be9da2c7,be9da2c7,be9da2c7,be9da2c7,be9da2c7 DETLOG_RECORD={"schema":1,"event":{"kind":"other"}}
2026-09-10T03:16:10.630533Z  INFO detcore: DETLOG [syscall][detcore, dtid 3] inbound syscall: write(4, 0x3fffdae0, 4096) = ? DETLOG_RECORD={"schema":1,"event":{"kind":"syscall"}}
2026-09-10T03:16:10.630563Z  INFO detcore: DETLOG [syscall][detcore, dtid 3] finish syscall #371: write(4, 0x3fffdae0, 4096) = Ok(4096) DETLOG_RECORD={"schema":1,"event":{"kind":"syscall_result","finished_syscall_number":371}}
2026-09-10T03:16:10.630623Z  INFO detcore::io_buffers: DETLOG [iobuf][dtid 3] write out fd=4 0x3fffdae0+4096->1797ecdc67b266d5d8e2cbaccde6ba94832bf9fd692130f814eab087cb45d26f chunks=512:be9da2c7,be9da2c7,be9da2c7,be9da2c7,be9da2c7,be9da2c7,be9da2c7,be9da2c7 DETLOG_RECORD={"schema":1,"event":{"kind":"other"}}
2026-09-10T03:16:10.630645Z  INFO detcore: DETLOG [syscall][detcore, dtid 3] inbound syscall: write(4, 0x3fffdae0, 4096) = ? DETLOG_RECORD={"schema":1,"event":{"kind":"syscall"}}
2026-09-10T03:16:10.630671Z  INFO detcore: DETLOG [syscall][detcore, dtid 3] finish syscall #372: write(4, 0x3fffdae0, 4096) = Ok(4096) DETLOG_RECORD={"schema":1,"event":{"kind":"syscall_result","finished_syscall_number":372}}
2026-09-10T03:16:10.630728Z  INFO detcore::io_buffers: DETLOG [iobuf][dtid 3] write out fd=4 0x3fffdae0+4096->1797ecdc67b266d5d8e2cbaccde6ba94832bf9fd692130f814eab087cb45d26f chunks=512:be9da2c7,be9da2c7,be9da2c7,be9da2c7,be9da2c7,be9da2c7,be9da2c7,be9da2c7 DETLOG_RECORD={"schema":1,"event":{"kind":"other"}}
2026-09-10T03:16:10.630750Z  INFO detcore: DETLOG [syscall][detcore, dtid 3] inbound syscall: write(4, 0x3fffdae0, 4096) = ? DETLOG_RECORD={"schema":1,"event":{"kind":"syscall"}}
2026-09-10T03:16:10.630782Z  INFO detcore: DETLOG [syscall][detcore, dtid 3] finish syscall #373: write(4, 0x3fffdae0, 4096) = Ok(4096) DETLOG_RECORD={"schema":1,"event":{"kind":"syscall_result","finished_syscall_number":373}}
2026-09-10T03:16:10.630839Z  INFO detcore::io_buffers: DETLOG [iobuf][dtid 3] write out fd=4 0x3fffdae0+4096->1797ecdc67b266d5d8e2cbaccde6ba94832bf9fd692130f814eab087cb45d26f chunks=512:be9da2c7,be9da2c7,be9da2c7,be9da2c7,be9da2c7,be9da2c7,be9da2c7,be9da2c7 DETLOG_RECORD={"schema":1,"event":{"kind":"other"}}
2026-09-10T03:16:10.630861Z  INFO detcore: DETLOG [syscall][detcore, dtid 3] inbound syscall: write(4, 0x3fffdae0, 4096) = ? DETLOG_RECORD={"schema":1,"event":{"kind":"syscall"}}
2026-09-10T03:16:10.630888Z  INFO detcore: DETLOG [syscall][detcore, dtid 3] finish syscall #374: write(4, 0x3fffdae0, 4096) = Ok(4096) DETLOG_RECORD={"schema":1,"event":{"kind":"syscall_result","finished_syscall_number":374}}
2026-09-10T03:16:10.630945Z  INFO detcore::io_buffers: DETLOG [iobuf][dtid 3] write out fd=4 0x3fffdae0+4096->1797ecdc67b266d5d8e2cbaccde6ba94832bf9fd692130f814eab087cb45d26f chunks=512:be9da2c7,be9da2c7,be9da2c7,be9da2c7,be9da2c7,be9da2c7,be9da2c7,be9da2c7 DETLOG_RECORD={"schema":1,"event":{"kind":"other"}}
2026-09-10T03:16:10.630966Z  INFO detcore: DETLOG [syscall][detcore, dtid 3] inbound syscall: write(4, 0x3fffdae0, 4096) = ? DETLOG_RECORD={"schema":1,"event":{"kind":"syscall"}}
2026-09-10T03:16:10.630992Z  INFO detcore: DETLOG [syscall][detcore, dtid 3] finish syscall #375: write(4, 0x3fffdae0, 4096) = Ok(4096) DETLOG_RECORD={"schema":1,"event":{"kind":"syscall_result","finished_syscall_number":375}}
2026-09-10T03:16:10.631049Z  INFO detcore::io_buffers: DETLOG [iobuf][dtid 3] write out fd=4 0x3fffdae0+4096->1797ecdc67b266d5d8e2cbaccde6ba94832bf9fd692130f814eab087cb45d26f chunks=512:be9da2c7,be9da2c7,be9da2c7,be9da2c7,be9da2c7,be9da2c7,be9da2c7,be9da2c7 DETLOG_RECORD={"schema":1,"event":{"kind":"other"}}
2026-09-10T03:16:10.631070Z  INFO detcore: DETLOG [syscall][detcore, dtid 3] inbound syscall: write(4, 0x3fffdae0, 4096) = ? DETLOG_RECORD={"schema":1,"event":{"kind":"syscall"}}
2026-09-10T03:16:10.631097Z  INFO detcore: DETLOG [syscall][detcore, dtid 3] finish syscall #376: write(4, 0x3fffdae0, 4096) = Ok(4096) DETLOG_RECORD={"schema":1,"event":{"kind":"syscall_result","finished_syscall_number":376}}
2026-09-10T03:16:10.631154Z  INFO detcore::io_buffers: DETLOG [iobuf][dtid 3] write out fd=4 0x3fffdae0+4096->1797ecdc67b266d5d8e2cbaccde6ba94832bf9fd692130f814eab087cb45d26f chunks=512:be9da2c7,be9da2c7,be9da2c7,be9da2c7,be9da2c7,be9da2c7,be9da2c7,be9da2c7 DETLOG_RECORD={"schema":1,"event":{"kind":"other"}}
2026-09-10T03:16:10.631177Z  INFO detcore: DETLOG [syscall][detcore, dtid 3] inbound syscall: write(4, 0x3fffdae0, 4096) = ? DETLOG_RECORD={"schema":1,"event":{"kind":"syscall"}}
2026-09-10T03:16:10.631205Z  INFO detcore: DETLOG [syscall][detcore, dtid 3] finish syscall #377: write(4, 0x3fffdae0, 4096) = Ok(4096) DETLOG_RECORD={"schema":1,"event":{"kind":"syscall_result","finished_syscall_number":377}}
2026-09-10T03:16:10.631262Z  INFO detcore::io_buffers: DETLOG [iobuf][dtid 3] write out fd=4 0x3fffdae0+4096->1797ecdc67b266d5d8e2cbaccde6ba94832bf9fd692130f814eab087cb45d26f chunks=512:be9da2c7,be9da2c7,be9da2c7,be9da2c7,be9da2c7,be9da2c7,be9da2c7,be9da2c7 DETLOG_RECORD={"schema":1,"event":{"kind":"other"}}
2026-09-10T03:16:10.631283Z  INFO detcore: DETLOG [syscall][detcore, dtid 3] inbound syscall: write(4, 0x3fffdae0, 4096) = ? DETLOG_RECORD={"schema":1,"event":{"kind":"syscall"}}
2026-09-10T03:16:10.631310Z  INFO detcore: DETLOG [syscall][detcore, dtid 3] finish syscall #378: write(4, 0x3fffdae0, 4096) = Ok(4096) DETLOG_RECORD={"schema":1,"event":{"kind":"syscall_result","finished_syscall_number":378}}
2026-09-10T03:16:10.631366Z  INFO detcore::io_buffers: DETLOG [iobuf][dtid 3] write out fd=4 0x3fffdae0+4096->1797ecdc67b266d5d8e2cbaccde6ba94832bf9fd692130f814eab087cb45d26f chunks=512:be9da2c7,be9da2c7,be9da2c7,be9da2c7,be9da2c7,be9da2c7,be9da2c7,be9da2c7 DETLOG_RECORD={"schema":1,"event":{"kind":"other"}}
2026-09-10T03:16:10.631387Z  INFO detcore: DETLOG [syscall][detcore, dtid 3] inbound syscall: write(4, 0x3fffdae0, 4096) = ? DETLOG_RECORD={"schema":1,"event":{"kind":"syscall"}}
2026-09-10T03:16:10.631413Z  INFO detcore: DETLOG [syscall][detcore, dtid 3] finish syscall #379: write(4, 0x3fffdae0, 4096) = Ok(4096) DETLOG_RECORD={"schema":1,"event":{"kind":"syscall_result","finished_syscall_number":379}}
2026-09-10T03:16:10.631470Z  INFO detcore::io_buffers: DETLOG [iobuf][dtid 3] write out fd=4 0x3fffdae0+4096->1797ecdc67b266d5d8e2cbaccde6ba94832bf9fd692130f814eab087cb45d26f chunks=512:be9da2c7,be9da2c7,be9da2c7,be9da2c7,be9da2c7,be9da2c7,be9da2c7,be9da2c7 DETLOG_RECORD={"schema":1,"event":{"kind":"other"}}
2026-09-10T03:16:10.631491Z  INFO detcore: DETLOG [syscall][detcore, dtid 3] inbound syscall: write(4, 0x3fffdae0, 4096) = ? DETLOG_RECORD={"schema":1,"event":{"kind":"syscall"}}
2026-09-10T03:16:10.631517Z  INFO detcore: DETLOG [syscall][detcore, dtid 3] finish syscall #380: write(4, 0x3fffdae0, 4096) = Ok(4096) DETLOG_RECORD={"schema":1,"event":{"kind":"syscall_result","finished_syscall_number":380}}
2026-09-10T03:16:10.631574Z  INFO detcore::io_buffers: DETLOG [iobuf][dtid 3] write out fd=4 0x3fffdae0+4096->1797ecdc67b266d5d8e2cbaccde6ba94832bf9fd692130f814eab087cb45d26f chunks=512:be9da2c7,be9da2c7,be9da2c7,be9da2c7,be9da2c7,be9da2c7,be9da2c7,be9da2c7 DETLOG_RECORD={"schema":1,"event":{"kind":"other"}}
2026-09-10T03:16:10.631595Z  INFO detcore: DETLOG [syscall][detcore, dtid 3] inbound syscall: write(4, 0x3fffdae0, 4096) = ? DETLOG_RECORD={"schema":1,"event":{"kind":"syscall"}}
2026-09-10T03:16:10.631622Z  INFO detcore: DETLOG [syscall][detcore, dtid 3] finish syscall #381: write(4, 0x3fffdae0, 4096) = Ok(4096) DETLOG_RECORD={"schema":1,"event":{"kind":"syscall_result","finished_syscall_number":381}}
2026-09-10T03:16:10.631678Z  INFO detcore::io_buffers: DETLOG [iobuf][dtid 3] write out fd=4 0x3fffdae0+4096->1797ecdc67b266d5d8e2cbaccde6ba94832bf9fd692130f814eab087cb45d26f chunks=512:be9da2c7,be9da2c7,be9da2c7,be9da2c7,be9da2c7,be9da2c7,be9da2c7,be9da2c7 DETLOG_RECORD={"schema":1,"event":{"kind":"other"}}
2026-09-10T03:16:10.631700Z  INFO detcore: DETLOG [syscall][detcore, dtid 3] inbound syscall: write(4, 0x3fffdae0, 4096) = ? DETLOG_RECORD={"schema":1,"event":{"kind":"syscall"}}
2026-09-10T03:16:10.631726Z  INFO detcore: DETLOG [syscall][detcore, dtid 3] finish syscall #382: write(4, 0x3fffdae0, 4096) = Ok(4096) DETLOG_RECORD={"schema":1,"event":{"kind":"syscall_result","finished_syscall_number":382}}
2026-09-10T03:16:10.631787Z  INFO detcore::io_buffers: DETLOG [iobuf][dtid 3] write out fd=4 0x3fffdae0+4096->1797ecdc67b266d5d8e2cbaccde6ba94832bf9fd692130f814eab087cb45d26f chunks=512:be9da2c7,be9da2c7,be9da2c7,be9da2c7,be9da2c7,be9da2c7,be9da2c7,be9da2c7 DETLOG_RECORD={"schema":1,"event":{"kind":"other"}}
2026-09-10T03:16:10.631811Z  INFO detcore: DETLOG [syscall][detcore, dtid 3] inbound syscall: write(4, 0x3fffdae0, 4096) = ? DETLOG_RECORD={"schema":1,"event":{"kind":"syscall"}}
2026-09-10T03:16:10.631840Z  INFO detcore: DETLOG [syscall][detcore, dtid 3] finish syscall #383: write(4, 0x3fffdae0, 4096) = Ok(4096) DETLOG_RECORD={"schema":1,"event":{"kind":"syscall_result","finished_syscall_number":383}}
2026-09-10T03:16:10.631897Z  INFO detcore::io_buffers: DETLOG [iobuf][dtid 3] write out fd=4 0x3fffdae0+4096->1797ecdc67b266d5d8e2cbaccde6ba94832bf9fd692130f814eab087cb45d26f chunks=512:be9da2c7,be9da2c7,be9da2c7,be9da2c7,be9da2c7,be9da2c7,be9da2c7,be9da2c7 DETLOG_RECORD={"schema":1,"event":{"kind":"other"}}
2026-09-10T03:16:10.631919Z  INFO detcore: DETLOG [syscall][detcore, dtid 3] inbound syscall: write(4, 0x3fffdae0, 4096) = ? DETLOG_RECORD={"schema":1,"event":{"kind":"syscall"}}
2026-09-10T03:16:10.631946Z  INFO detcore: DETLOG [syscall][detcore, dtid 3] finish syscall #384: write(4, 0x3fffdae0, 4096) = Ok(4096) DETLOG_RECORD={"schema":1,"event":{"kind":"syscall_result","finished_syscall_number":384}}
2026-09-10T03:16:10.632003Z  INFO detcore::io_buffers: DETLOG [iobuf][dtid 3] write out fd=4 0x3fffdae0+4096->1797ecdc67b266d5d8e2cbaccde6ba94832bf9fd692130f814eab087cb45d26f chunks=512:be9da2c7,be9da2c7,be9da2c7,be9da2c7,be9da2c7,be9da2c7,be9da2c7,be9da2c7 DETLOG_RECORD={"schema":1,"event":{"kind":"other"}}
2026-09-10T03:16:10.632025Z  INFO detcore: DETLOG [syscall][detcore, dtid 3] inbound syscall: write(4, 0x3fffdae0, 4096) = ? DETLOG_RECORD={"schema":1,"event":{"kind":"syscall"}}
2026-09-10T03:16:10.632051Z  INFO detcore: DETLOG [syscall][detcore, dtid 3] finish syscall #385: write(4, 0x3fffdae0, 4096) = Ok(4096) DETLOG_RECORD={"schema":1,"event":{"kind":"syscall_result","finished_syscall_number":385}}
2026-09-10T03:16:10.632107Z  INFO detcore::io_buffers: DETLOG [iobuf][dtid 3] write out fd=4 0x3fffdae0+4096->1797ecdc67b266d5d8e2cbaccde6ba94832bf9fd692130f814eab087cb45d26f chunks=512:be9da2c7,be9da2c7,be9da2c7,be9da2c7,be9da2c7,be9da2c7,be9da2c7,be9da2c7 DETLOG_RECORD={"schema":1,"event":{"kind":"other"}}
2026-09-10T03:16:10.632129Z  INFO detcore: DETLOG [syscall][detcore, dtid 3] inbound syscall: write(4, 0x3fffdae0, 4096) = ? DETLOG_RECORD={"schema":1,"event":{"kind":"syscall"}}
2026-09-10T03:16:10.632155Z  INFO detcore: DETLOG [syscall][detcore, dtid 3] finish syscall #386: write(4, 0x3fffdae0, 4096) = Ok(4096) DETLOG_RECORD={"schema":1,"event":{"kind":"syscall_result","finished_syscall_number":386}}
2026-09-10T03:16:10.632212Z  INFO detcore::io_buffers: DETLOG [iobuf][dtid 3] write out fd=4 0x3fffdae0+4096->1797ecdc67b266d5d8e2cbaccde6ba94832bf9fd692130f814eab087cb45d26f chunks=512:be9da2c7,be9da2c7,be9da2c7,be9da2c7,be9da2c7,be9da2c7,be9da2c7,be9da2c7 DETLOG_RECORD={"schema":1,"event":{"kind":"other"}}
2026-09-10T03:16:10.632233Z  INFO detcore: DETLOG [syscall][detcore, dtid 3] inbound syscall: write(4, 0x3fffdae0, 4096) = ? DETLOG_RECORD={"schema":1,"event":{"kind":"syscall"}}
2026-09-10T03:16:10.632259Z  INFO detcore: DETLOG [syscall][detcore, dtid 3] finish syscall #387: write(4, 0x3fffdae0, 4096) = Ok(4096) DETLOG_RECORD={"schema":1,"event":{"kind":"syscall_result","finished_syscall_number":387}}
2026-09-10T03:16:10.632330Z  INFO detcore::io_buffers: DETLOG [iobuf][dtid 3] write out fd=4 0x3fffdae0+4096->1797ecdc67b266d5d8e2cbaccde6ba94832bf9fd692130f814eab087cb45d26f chunks=512:be9da2c7,be9da2c7,be9da2c7,be9da2c7,be9da2c7,be9da2c7,be9da2c7,be9da2c7 DETLOG_RECORD={"schema":1,"event":{"kind":"other"}}
2026-09-10T03:16:10.632365Z  INFO detcore: DETLOG [syscall][detcore, dtid 3] inbound syscall: write(4, 0x3fffdae0, 4096) = ? DETLOG_RECORD={"schema":1,"event":{"kind":"syscall"}}
2026-09-10T03:16:10.632410Z  INFO detcore: DETLOG [syscall][detcore, dtid 3] finish syscall #388: write(4, 0x3fffdae0, 4096) = Ok(4096) DETLOG_RECORD={"schema":1,"event":{"kind":"syscall_result","finished_syscall_number":388}}
2026-09-10T03:16:10.632501Z  INFO detcore::io_buffers: DETLOG [iobuf][dtid 3] write out fd=4 0x3fffdae0+4096->1797ecdc67b266d5d8e2cbaccde6ba94832bf9fd692130f814eab087cb45d26f chunks=512:be9da2c7,be9da2c7,be9da2c7,be9da2c7,be9da2c7,be9da2c7,be9da2c7,be9da2c7 DETLOG_RECORD={"schema":1,"event":{"kind":"other"}}
2026-09-10T03:16:10.632541Z  INFO detcore: DETLOG [syscall][detcore, dtid 3] inbound syscall: write(4, 0x3fffdae0, 4096) = ? DETLOG_RECORD={"schema":1,"event":{"kind":"syscall"}}
2026-09-10T03:16:10.632584Z  INFO detcore: DETLOG [syscall][detcore, dtid 3] finish syscall #389: write(4, 0x3fffdae0, 4096) = Ok(4096) DETLOG_RECORD={"schema":1,"event":{"kind":"syscall_result","finished_syscall_number":389}}
2026-09-10T03:16:10.632674Z  INFO detcore::io_buffers: DETLOG [iobuf][dtid 3] write out fd=4 0x3fffdae0+4096->1797ecdc67b266d5d8e2cbaccde6ba94832bf9fd692130f814eab087cb45d26f chunks=512:be9da2c7,be9da2c7,be9da2c7,be9da2c7,be9da2c7,be9da2c7,be9da2c7,be9da2c7 DETLOG_RECORD={"schema":1,"event":{"kind":"other"}}
2026-09-10T03:16:10.632709Z  INFO detcore: DETLOG [syscall][detcore, dtid 3] inbound syscall: write(4, 0x3fffdae0, 4096) = ? DETLOG_RECORD={"schema":1,"event":{"kind":"syscall"}}
2026-09-10T03:16:10.632754Z  INFO detcore: DETLOG [syscall][detcore, dtid 3] finish syscall #390: write(4, 0x3fffdae0, 4096) = Ok(4096) DETLOG_RECORD={"schema":1,"event":{"kind":"syscall_result","finished_syscall_number":390}}
2026-09-10T03:16:10.632853Z  INFO detcore::io_buffers: DETLOG [iobuf][dtid 3] write out fd=4 0x3fffdae0+4096->1797ecdc67b266d5d8e2cbaccde6ba94832bf9fd692130f814eab087cb45d26f chunks=512:be9da2c7,be9da2c7,be9da2c7,be9da2c7,be9da2c7,be9da2c7,be9da2c7,be9da2c7 DETLOG_RECORD={"schema":1,"event":{"kind":"other"}}
2026-09-10T03:16:10.632896Z  INFO detcore: DETLOG [syscall][detcore, dtid 3] inbound syscall: write(4, 0x3fffdae0, 4096) = ? DETLOG_RECORD={"schema":1,"event":{"kind":"syscall"}}
2026-09-10T03:16:10.632944Z  INFO detcore: DETLOG [syscall][detcore, dtid 3] finish syscall #391: write(4, 0x3fffdae0, 4096) = Ok(4096) DETLOG_RECORD={"schema":1,"event":{"kind":"syscall_result","finished_syscall_number":391}}
2026-09-10T03:16:10.633005Z  INFO detcore::io_buffers: DETLOG [iobuf][dtid 3] write out fd=4 0x3fffdae0+4096->1797ecdc67b266d5d8e2cbaccde6ba94832bf9fd692130f814eab087cb45d26f chunks=512:be9da2c7,be9da2c7,be9da2c7,be9da2c7,be9da2c7,be9da2c7,be9da2c7,be9da2c7 DETLOG_RECORD={"schema":1,"event":{"kind":"other"}}
2026-09-10T03:16:10.633030Z  INFO detcore: DETLOG [syscall][detcore, dtid 3] inbound syscall: write(4, 0x3fffdae0, 4096) = ? DETLOG_RECORD={"schema":1,"event":{"kind":"syscall"}}
2026-09-10T03:16:10.633058Z  INFO detcore: DETLOG [syscall][detcore, dtid 3] finish syscall #392: write(4, 0x3fffdae0, 4096) = Ok(4096) DETLOG_RECORD={"schema":1,"event":{"kind":"syscall_result","finished_syscall_number":392}}
2026-09-10T03:16:10.633120Z  INFO detcore::io_buffers: DETLOG [iobuf][dtid 3] write out fd=4 0x3fffdae0+4096->1797ecdc67b266d5d8e2cbaccde6ba94832bf9fd692130f814eab087cb45d26f chunks=512:be9da2c7,be9da2c7,be9da2c7,be9da2c7,be9da2c7,be9da2c7,be9da2c7,be9da2c7 DETLOG_RECORD={"schema":1,"event":{"kind":"other"}}
2026-09-10T03:16:10.633142Z  INFO detcore: DETLOG [syscall][detcore, dtid 3] inbound syscall: write(4, 0x3fffdae0, 4096) = ? DETLOG_RECORD={"schema":1,"event":{"kind":"syscall"}}
2026-09-10T03:16:10.633170Z  INFO detcore: DETLOG [syscall][detcore, dtid 3] finish syscall #393: write(4, 0x3fffdae0, 4096) = Ok(4096) DETLOG_RECORD={"schema":1,"event":{"kind":"syscall_result","finished_syscall_number":393}}
2026-09-10T03:16:10.633226Z  INFO detcore::io_buffers: DETLOG [iobuf][dtid 3] write out fd=4 0x3fffdae0+4096->1797ecdc67b266d5d8e2cbaccde6ba94832bf9fd692130f814eab087cb45d26f chunks=512:be9da2c7,be9da2c7,be9da2c7,be9da2c7,be9da2c7,be9da2c7,be9da2c7,be9da2c7 DETLOG_RECORD={"schema":1,"event":{"kind":"other"}}
2026-09-10T03:16:10.633248Z  INFO detcore: DETLOG [syscall][detcore, dtid 3] inbound syscall: write(4, 0x3fffdae0, 4096) = ? DETLOG_RECORD={"schema":1,"event":{"kind":"syscall"}}
2026-09-10T03:16:10.633278Z  INFO detcore: DETLOG [syscall][detcore, dtid 3] finish syscall #394: write(4, 0x3fffdae0, 4096) = Ok(4096) DETLOG_RECORD={"schema":1,"event":{"kind":"syscall_result","finished_syscall_number":394}}
2026-09-10T03:16:10.633338Z  INFO detcore::io_buffers: DETLOG [iobuf][dtid 3] write out fd=4 0x3fffdae0+4096->1797ecdc67b266d5d8e2cbaccde6ba94832bf9fd692130f814eab087cb45d26f chunks=512:be9da2c7,be9da2c7,be9da2c7,be9da2c7,be9da2c7,be9da2c7,be9da2c7,be9da2c7 DETLOG_RECORD={"schema":1,"event":{"kind":"other"}}
2026-09-10T03:16:10.633360Z  INFO detcore: DETLOG [syscall][detcore, dtid 3] inbound syscall: write(4, 0x3fffdae0, 4096) = ? DETLOG_RECORD={"schema":1,"event":{"kind":"syscall"}}
2026-09-10T03:16:10.633386Z  INFO detcore: DETLOG [syscall][detcore, dtid 3] finish syscall #395: write(4, 0x3fffdae0, 4096) = Ok(4096) DETLOG_RECORD={"schema":1,"event":{"kind":"syscall_result","finished_syscall_number":395}}
2026-09-10T03:16:10.633446Z  INFO detcore::io_buffers: DETLOG [iobuf][dtid 3] write out fd=4 0x3fffdae0+4096->1797ecdc67b266d5d8e2cbaccde6ba94832bf9fd692130f814eab087cb45d26f chunks=512:be9da2c7,be9da2c7,be9da2c7,be9da2c7,be9da2c7,be9da2c7,be9da2c7,be9da2c7 DETLOG_RECORD={"schema":1,"event":{"kind":"other"}}
2026-09-10T03:16:10.633468Z  INFO detcore: DETLOG [syscall][detcore, dtid 3] inbound syscall: write(4, 0x3fffdae0, 4096) = ? DETLOG_RECORD={"schema":1,"event":{"kind":"syscall"}}
2026-09-10T03:16:10.633494Z  INFO detcore: DETLOG [syscall][detcore, dtid 3] finish syscall #396: write(4, 0x3fffdae0, 4096) = Ok(4096) DETLOG_RECORD={"schema":1,"event":{"kind":"syscall_result","finished_syscall_number":396}}
2026-09-10T03:16:10.633551Z  INFO detcore::io_buffers: DETLOG [iobuf][dtid 3] write out fd=4 0x3fffdae0+4096->1797ecdc67b266d5d8e2cbaccde6ba94832bf9fd692130f814eab087cb45d26f chunks=512:be9da2c7,be9da2c7,be9da2c7,be9da2c7,be9da2c7,be9da2c7,be9da2c7,be9da2c7 DETLOG_RECORD={"schema":1,"event":{"kind":"other"}}
2026-09-10T03:16:10.633572Z  INFO detcore: DETLOG [syscall][detcore, dtid 3] inbound syscall: write(4, 0x3fffdae0, 4096) = ? DETLOG_RECORD={"schema":1,"event":{"kind":"syscall"}}
2026-09-10T03:16:10.633599Z  INFO detcore: DETLOG [syscall][detcore, dtid 3] finish syscall #397: write(4, 0x3fffdae0, 4096) = Ok(4096) DETLOG_RECORD={"schema":1,"event":{"kind":"syscall_result","finished_syscall_number":397}}
2026-09-10T03:16:10.633656Z  INFO detcore::io_buffers: DETLOG [iobuf][dtid 3] write out fd=4 0x3fffdae0+4096->1797ecdc67b266d5d8e2cbaccde6ba94832bf9fd692130f814eab087cb45d26f chunks=512:be9da2c7,be9da2c7,be9da2c7,be9da2c7,be9da2c7,be9da2c7,be9da2c7,be9da2c7 DETLOG_RECORD={"schema":1,"event":{"kind":"other"}}
2026-09-10T03:16:10.633677Z  INFO detcore: DETLOG [syscall][detcore, dtid 3] inbound syscall: write(4, 0x3fffdae0, 4096) = ? DETLOG_RECORD={"schema":1,"event":{"kind":"syscall"}}
2026-09-10T03:16:10.633704Z  INFO detcore: DETLOG [syscall][detcore, dtid 3] finish syscall #398: write(4, 0x3fffdae0, 4096) = Ok(4096) DETLOG_RECORD={"schema":1,"event":{"kind":"syscall_result","finished_syscall_number":398}}
2026-09-10T03:16:10.633762Z  INFO detcore::io_buffers: DETLOG [iobuf][dtid 3] write out fd=4 0x3fffdae0+4096->1797ecdc67b266d5d8e2cbaccde6ba94832bf9fd692130f814eab087cb45d26f chunks=512:be9da2c7,be9da2c7,be9da2c7,be9da2c7,be9da2c7,be9da2c7,be9da2c7,be9da2c7 DETLOG_RECORD={"schema":1,"event":{"kind":"other"}}
2026-09-10T03:16:10.633791Z  INFO detcore: DETLOG [syscall][detcore, dtid 3] inbound syscall: write(4, 0x3fffdae0, 4096) = ? DETLOG_RECORD={"schema":1,"event":{"kind":"syscall"}}
2026-09-10T03:16:10.633819Z  INFO detcore: DETLOG [syscall][detcore, dtid 3] finish syscall #399: write(4, 0x3fffdae0, 4096) = Err(Errno(EAGAIN)) DETLOG_RECORD={"schema":1,"event":{"kind":"syscall_result","finished_syscall_number":399}}
2026-09-10T03:16:10.633843Z  INFO detcore: DETLOG [syscall][detcore, dtid 3] inbound syscall: fcntl(4, F_SETFL, 2) = ? DETLOG_RECORD={"schema":1,"event":{"kind":"syscall"}}
2026-09-10T03:16:10.633877Z  INFO detcore: DETLOG [syscall][detcore, dtid 3] finish syscall #400: fcntl(4, F_SETFL, 2) = Ok(0) DETLOG_RECORD={"schema":1,"event":{"kind":"syscall_result","finished_syscall_number":400}}
2026-09-10T03:16:10.633903Z  INFO detcore: DETLOG [syscall][detcore, dtid 3] inbound syscall: rt_sigprocmask(0, 0x12f7820, 0x3fffea30, 8) = ? DETLOG_RECORD={"schema":1,"event":{"kind":"syscall"}}
2026-09-10T03:16:10.633940Z  INFO detcore: DETLOG [syscall][detcore, dtid 3] finish syscall #401: rt_sigprocmask(0, 0x12f7820, 0x3fffea30, 8) = Ok(0) DETLOG_RECORD={"schema":1,"event":{"kind":"syscall_result","finished_syscall_number":401}}
2026-09-10T03:16:10.633978Z  INFO detcore: DETLOG [syscall][detcore, dtid 3] inbound syscall: clone3(0x3fffe8f0, 88) = ? DETLOG_RECORD={"schema":1,"event":{"kind":"syscall"}}
2026-09-10T03:16:10.634535Z  INFO detcore::tool_local: DETLOG RNG USER RAND seeding child User pedigree PPPPPPC: [34, 153, 115, 135, 245, 104, 246, 227, 104, 7, 98, 33, 63, 147, 236, 253] from parent Mcg128Xsl64 {} DETLOG_RECORD={"schema":1,"event":{"kind":"other"}}
2026-09-10T03:16:10.634571Z  INFO detcore::tool_local: DETLOG RNG CHAOSRAND seeding child Chaos pedigree PPPPPPC: [170, 11, 241, 102, 226, 17, 65, 20, 25, 219, 207, 238, 0, 191, 158, 169] from parent Mcg128Xsl64 {} DETLOG_RECORD={"schema":1,"event":{"kind":"other"}}
2026-09-10T03:16:10.634885Z  INFO detcore::scheduler: [sched-step5] >>>>>>>

 COMMIT turn 517, dettid 10 using resources {MemAddrSpace(DetPid(3)): RW}, on previously committed 1_767_225_600.157_584_500s DETLOG_RECORD={"schema":1,"event":{"kind":"scheduler_commit","scheduler_turn":517,"virtual_nanoseconds":1767225600157584500,"internal_io_poll":false,"runtime_maps_read":false}}
2026-09-10T03:16:10.634937Z  INFO detcore::tool_global: [detcore, dtid 10] New thread given go-ahead to proceed via <ivar Go(None)>
2026-09-10T03:16:10.635103Z  INFO detcore: DETLOG [syscall][detcore, dtid 10] inbound syscall: set_robust_list(0x1b51920, 24) = ? DETLOG_RECORD={"schema":1,"event":{"kind":"syscall"}}
2026-09-10T03:16:10.635168Z  INFO detcore: DETLOG [syscall][detcore, dtid 10] finish syscall #1: set_robust_list(0x1b51920, 24) = Ok(0) DETLOG_RECORD={"schema":1,"event":{"kind":"syscall_result","finished_syscall_number":1}}
2026-09-10T03:16:10.635200Z  INFO detcore: DETLOG [syscall][detcore, dtid 10] inbound syscall: rt_sigprocmask(2, 0x1b51f30, NULL, 8) = ? DETLOG_RECORD={"schema":1,"event":{"kind":"syscall"}}
2026-09-10T03:16:10.635237Z  INFO detcore: DETLOG [syscall][detcore, dtid 10] finish syscall #2: rt_sigprocmask(2, 0x1b51f30, NULL, 8) = Ok(0) DETLOG_RECORD={"schema":1,"event":{"kind":"syscall_result","finished_syscall_number":2}}
2026-09-10T03:16:10.635271Z  INFO detcore: DETLOG [syscall][detcore, dtid 10] inbound syscall: clock_nanosleep(CLOCK_REALTIME, 0, 0x1b50e30, 0x1b50e30) = ? DETLOG_RECORD={"schema":1,"event":{"kind":"syscall"}}
2026-09-10T03:16:10.635350Z  INFO detcore::scheduler: [sched-step5] >>>>>>>

 COMMIT turn 518, dettid 3 using resources {ParentContinue { parent: DetPid(3), child: DetPid(10) }: W}, on previously committed 1_767_225_600.162_791_250s DETLOG_RECORD={"schema":1,"event":{"kind":"scheduler_commit","scheduler_turn":518,"virtual_nanoseconds":1767225600162791250,"internal_io_poll":false,"runtime_maps_read":false}}
2026-09-10T03:16:10.635418Z  INFO detcore: DETLOG [syscall][detcore, dtid 3] finish syscall #402: clone3(0x3fffe8f0, 88) = Ok(10) DETLOG_RECORD={"schema":1,"event":{"kind":"syscall_result","finished_syscall_number":402}}
2026-09-10T03:16:10.635456Z  INFO detcore: DETLOG [syscall][detcore, dtid 3] inbound syscall: rt_sigprocmask(2, 0x3fffea30, NULL, 8) = ? DETLOG_RECORD={"schema":1,"event":{"kind":"syscall"}}
2026-09-10T03:16:10.635488Z  INFO detcore: DETLOG [syscall][detcore, dtid 3] finish syscall #403: rt_sigprocmask(2, 0x3fffea30, NULL, 8) = Ok(0) DETLOG_RECORD={"schema":1,"event":{"kind":"syscall_result","finished_syscall_number":403}}
2026-09-10T03:16:10.635510Z  INFO detcore: DETLOG [syscall][detcore, dtid 3] inbound syscall: writev(4, 0x3fffeb60, 2) = ? DETLOG_RECORD={"schema":1,"event":{"kind":"syscall"}}
2026-09-10T03:16:10.635647Z  INFO detcore::scheduler: [scheduler] >>>>>>>

 NONCOMMIT turn 519, SKIP dettid 10 which wanted resource SleepUntil(LogicalTime(1767225600182291250)) (blocking)
2026-09-10T03:16:10.635689Z  INFO detcore::scheduler: [scheduler] >>>>>>>

 NONCOMMIT turn 520, SKIP dettid 3 polling resource Resources { tid: DetPid(3), resources: {InternalIOPolling: W}, poll_attempt: 1, fyi: "writev", signal_interrupt_errno: 512 }
2026-09-10T03:16:10.635724Z  INFO detcore::scheduler: [sched-step5] >>>>>>>

 COMMIT turn 521, dettid 3 using resources {InternalIOPolling: W}, on previously committed 1_767_225_600.163_291_750s DETLOG_RECORD={"schema":1,"event":{"kind":"scheduler_commit","scheduler_turn":521,"virtual_nanoseconds":1767225600163291750,"internal_io_poll":true,"runtime_maps_read":false}}
2026-09-10T03:16:10.635856Z  INFO detcore::scheduler: [scheduler] >>>>>>>

 NONCOMMIT turn 522, SKIP dettid 3 polling resource Resources { tid: DetPid(3), resources: {InternalIOPolling: W}, poll_attempt: 2, fyi: "writev", signal_interrupt_errno: 512 }
2026-09-10T03:16:10.635891Z  INFO detcore::scheduler: [sched-step5] >>>>>>>

 COMMIT turn 523, dettid 3 using resources {InternalIOPolling: W}, on previously committed 1_767_225_600.163_791_750s DETLOG_RECORD={"schema":1,"event":{"kind":"scheduler_commit","scheduler_turn":523,"virtual_nanoseconds":1767225600163791750,"internal_io_poll":true,"runtime_maps_read":false}}
2026-09-10T03:16:10.635973Z  INFO detcore::scheduler: [scheduler] >>>>>>>

 NONCOMMIT turn 524, SKIP dettid 3 polling resource Resources { tid: DetPid(3), resources: {InternalIOPolling: W}, poll_attempt: 3, fyi: "writev", signal_interrupt_errno: 512 }
2026-09-10T03:16:10.636003Z  INFO detcore::scheduler: [sched-step5] >>>>>>>

 COMMIT turn 525, dettid 3 using resources {InternalIOPolling: W}, on previously committed 1_767_225_600.164_291_750s DETLOG_RECORD={"schema":1,"event":{"kind":"scheduler_commit","scheduler_turn":525,"virtual_nanoseconds":1767225600164291750,"internal_io_poll":true,"runtime_maps_read":false}}
2026-09-10T03:16:10.636071Z  INFO detcore::scheduler: [scheduler] >>>>>>>

 NONCOMMIT turn 526, SKIP dettid 3 polling resource Resources { tid: DetPid(3), resources: {InternalIOPolling: W}, poll_attempt: 4, fyi: "writev", signal_interrupt_errno: 512 }
2026-09-10T03:16:10.636100Z  INFO detcore::scheduler: [sched-step5] >>>>>>>

 COMMIT turn 527, dettid 3 using resources {InternalIOPolling: W}, on previously committed 1_767_225_600.164_791_750s DETLOG_RECORD={"schema":1,"event":{"kind":"scheduler_commit","scheduler_turn":527,"virtual_nanoseconds":1767225600164791750,"internal_io_poll":true,"runtime_maps_read":false}}
2026-09-10T03:16:10.636166Z  INFO detcore::scheduler: [scheduler] >>>>>>>

 NONCOMMIT turn 528, SKIP dettid 3 polling resource Resources { tid: DetPid(3), resources: {InternalIOPolling: W}, poll_attempt: 5, fyi: "writev", signal_interrupt_errno: 512 }
2026-09-10T03:16:10.636194Z  INFO detcore::scheduler: [sched-step5] >>>>>>>

 COMMIT turn 529, dettid 3 using resources {InternalIOPolling: W}, on previously committed 1_767_225_600.165_291_750s DETLOG_RECORD={"schema":1,"event":{"kind":"scheduler_commit","scheduler_turn":529,"virtual_nanoseconds":1767225600165291750,"internal_io_poll":true,"runtime_maps_read":false}}
2026-09-10T03:16:10.636260Z  INFO detcore::scheduler: [scheduler] >>>>>>>

 NONCOMMIT turn 530, SKIP dettid 3 polling resource Resources { tid: DetPid(3), resources: {InternalIOPolling: W}, poll_attempt: 6, fyi: "writev", signal_interrupt_errno: 512 }
2026-09-10T03:16:10.636288Z  INFO detcore::scheduler: [sched-step5] >>>>>>>

 COMMIT turn 531, dettid 3 using resources {InternalIOPolling: W}, on previously committed 1_767_225_600.165_791_750s DETLOG_RECORD={"schema":1,"event":{"kind":"scheduler_commit","scheduler_turn":531,"virtual_nanoseconds":1767225600165791750,"internal_io_poll":true,"runtime_maps_read":false}}
2026-09-10T03:16:10.636353Z  INFO detcore::scheduler: [scheduler] >>>>>>>

 NONCOMMIT turn 532, SKIP dettid 3 polling resource Resources { tid: DetPid(3), resources: {InternalIOPolling: W}, poll_attempt: 7, fyi: "writev", signal_interrupt_errno: 512 }
2026-09-10T03:16:10.636385Z  INFO detcore::scheduler: [sched-step5] >>>>>>>

 COMMIT turn 533, dettid 3 using resources {InternalIOPolling: W}, on previously committed 1_767_225_600.166_291_750s DETLOG_RECORD={"schema":1,"event":{"kind":"scheduler_commit","scheduler_turn":533,"virtual_nanoseconds":1767225600166291750,"internal_io_poll":true,"runtime_maps_read":false}}
2026-09-10T03:16:10.636456Z  INFO detcore::scheduler: [scheduler] >>>>>>>

 NONCOMMIT turn 534, SKIP dettid 3 polling resource Resources { tid: DetPid(3), resources: {InternalIOPolling: W}, poll_attempt: 8, fyi: "writev", signal_interrupt_errno: 512 }
2026-09-10T03:16:10.636485Z  INFO detcore::scheduler: [sched-step5] >>>>>>>

 COMMIT turn 535, dettid 3 using resources {InternalIOPolling: W}, on previously committed 1_767_225_600.166_791_750s DETLOG_RECORD={"schema":1,"event":{"kind":"scheduler_commit","scheduler_turn":535,"virtual_nanoseconds":1767225600166791750,"internal_io_poll":true,"runtime_maps_read":false}}
2026-09-10T03:16:10.636550Z  INFO detcore::scheduler: [scheduler] >>>>>>>

 NONCOMMIT turn 536, SKIP dettid 3 polling resource Resources { tid: DetPid(3), resources: {InternalIOPolling: W}, poll_attempt: 9, fyi: "writev", signal_interrupt_errno: 512 }
2026-09-10T03:16:10.636577Z  INFO detcore::scheduler: [sched-step5] >>>>>>>

 COMMIT turn 537, dettid 3 using resources {InternalIOPolling: W}, on previously committed 1_767_225_600.167_291_750s DETLOG_RECORD={"schema":1,"event":{"kind":"scheduler_commit","scheduler_turn":537,"virtual_nanoseconds":1767225600167291750,"internal_io_poll":true,"runtime_maps_read":false}}
2026-09-10T03:16:10.636641Z  INFO detcore::scheduler: [scheduler] >>>>>>>

 NONCOMMIT turn 538, SKIP dettid 3 polling resource Resources { tid: DetPid(3), resources: {InternalIOPolling: W}, poll_attempt: 10, fyi: "writev", signal_interrupt_errno: 512 }
2026-09-10T03:16:10.636670Z  INFO detcore::scheduler: [sched-step5] >>>>>>>

 COMMIT turn 539, dettid 3 using resources {InternalIOPolling: W}, on previously committed 1_767_225_600.167_791_750s DETLOG_RECORD={"schema":1,"event":{"kind":"scheduler_commit","scheduler_turn":539,"virtual_nanoseconds":1767225600167791750,"internal_io_poll":true,"runtime_maps_read":false}}
2026-09-10T03:16:10.636735Z  INFO detcore::scheduler: [scheduler] >>>>>>>

 NONCOMMIT turn 540, SKIP dettid 3 polling resource Resources { tid: DetPid(3), resources: {InternalIOPolling: W}, poll_attempt: 11, fyi: "writev", signal_interrupt_errno: 512 }
2026-09-10T03:16:10.636763Z  INFO detcore::scheduler: [sched-step5] >>>>>>>

 COMMIT turn 541, dettid 3 using resources {InternalIOPolling: W}, on previously committed 1_767_225_600.168_291_750s DETLOG_RECORD={"schema":1,"event":{"kind":"scheduler_commit","scheduler_turn":541,"virtual_nanoseconds":1767225600168291750,"internal_io_poll":true,"runtime_maps_read":false}}
2026-09-10T03:16:10.636840Z  INFO detcore::scheduler: [scheduler] >>>>>>>

 NONCOMMIT turn 542, SKIP dettid 3 polling resource Resources { tid: DetPid(3), resources: {InternalIOPolling: W}, poll_attempt: 12, fyi: "writev", signal_interrupt_errno: 512 }
2026-09-10T03:16:10.636870Z  INFO detcore::scheduler: [sched-step5] >>>>>>>

 COMMIT turn 543, dettid 3 using resources {InternalIOPolling: W}, on previously committed 1_767_225_600.168_791_750s DETLOG_RECORD={"schema":1,"event":{"kind":"scheduler_commit","scheduler_turn":543,"virtual_nanoseconds":1767225600168791750,"internal_io_poll":true,"runtime_maps_read":false}}
2026-09-10T03:16:10.636941Z  INFO detcore::scheduler: [scheduler] >>>>>>>

 NONCOMMIT turn 544, SKIP dettid 3 polling resource Resources { tid: DetPid(3), resources: {InternalIOPolling: W}, poll_attempt: 13, fyi: "writev", signal_interrupt_errno: 512 }
2026-09-10T03:16:10.636970Z  INFO detcore::scheduler: [sched-step5] >>>>>>>

 COMMIT turn 545, dettid 3 using resources {InternalIOPolling: W}, on previously committed 1_767_225_600.169_291_750s DETLOG_RECORD={"schema":1,"event":{"kind":"scheduler_commit","scheduler_turn":545,"virtual_nanoseconds":1767225600169291750,"internal_io_poll":true,"runtime_maps_read":false}}
2026-09-10T03:16:10.637039Z  INFO detcore::scheduler: [scheduler] >>>>>>>

 NONCOMMIT turn 546, SKIP dettid 3 polling resource Resources { tid: DetPid(3), resources: {InternalIOPolling: W}, poll_attempt: 14, fyi: "writev", signal_interrupt_errno: 512 }
2026-09-10T03:16:10.637071Z  INFO detcore::scheduler: [sched-step5] >>>>>>>

 COMMIT turn 547, dettid 3 using resources {InternalIOPolling: W}, on previously committed 1_767_225_600.169_791_750s DETLOG_RECORD={"schema":1,"event":{"kind":"scheduler_commit","scheduler_turn":547,"virtual_nanoseconds":1767225600169791750,"internal_io_poll":true,"runtime_maps_read":false}}
2026-09-10T03:16:10.637137Z  INFO detcore::scheduler: [scheduler] >>>>>>>

 NONCOMMIT turn 548, SKIP dettid 3 polling resource Resources { tid: DetPid(3), resources: {InternalIOPolling: W}, poll_attempt: 15, fyi: "writev", signal_interrupt_errno: 512 }
2026-09-10T03:16:10.637166Z  INFO detcore::scheduler: [sched-step5] >>>>>>>

 COMMIT turn 549, dettid 3 using resources {InternalIOPolling: W}, on previously committed 1_767_225_600.170_291_750s DETLOG_RECORD={"schema":1,"event":{"kind":"scheduler_commit","scheduler_turn":549,"virtual_nanoseconds":1767225600170291750,"internal_io_poll":true,"runtime_maps_read":false}}
2026-09-10T03:16:10.637230Z  INFO detcore::scheduler: [scheduler] >>>>>>>

 NONCOMMIT turn 550, SKIP dettid 3 polling resource Resources { tid: DetPid(3), resources: {InternalIOPolling: W}, poll_attempt: 16, fyi: "writev", signal_interrupt_errno: 512 }
2026-09-10T03:16:10.637259Z  INFO detcore::scheduler: [sched-step5] >>>>>>>

 COMMIT turn 551, dettid 3 using resources {InternalIOPolling: W}, on previously committed 1_767_225_600.170_791_750s DETLOG_RECORD={"schema":1,"event":{"kind":"scheduler_commit","scheduler_turn":551,"virtual_nanoseconds":1767225600170791750,"internal_io_poll":true,"runtime_maps_read":false}}
2026-09-10T03:16:10.637323Z  INFO detcore::scheduler: [scheduler] >>>>>>>

 NONCOMMIT turn 552, SKIP dettid 3 polling resource Resources { tid: DetPid(3), resources: {InternalIOPolling: W}, poll_attempt: 17, fyi: "writev", signal_interrupt_errno: 512 }
2026-09-10T03:16:10.637351Z  INFO detcore::scheduler: [sched-step5] >>>>>>>

 COMMIT turn 553, dettid 3 using resources {InternalIOPolling: W}, on previously committed 1_767_225_600.171_291_750s DETLOG_RECORD={"schema":1,"event":{"kind":"scheduler_commit","scheduler_turn":553,"virtual_nanoseconds":1767225600171291750,"internal_io_poll":true,"runtime_maps_read":false}}
2026-09-10T03:16:10.637416Z  INFO detcore::scheduler: [scheduler] >>>>>>>

 NONCOMMIT turn 554, SKIP dettid 3 polling resource Resources { tid: DetPid(3), resources: {InternalIOPolling: W}, poll_attempt: 18, fyi: "writev", signal_interrupt_errno: 512 }
2026-09-10T03:16:10.637445Z  INFO detcore::scheduler: [sched-step5] >>>>>>>

 COMMIT turn 555, dettid 3 using resources {InternalIOPolling: W}, on previously committed 1_767_225_600.171_791_750s DETLOG_RECORD={"schema":1,"event":{"kind":"scheduler_commit","scheduler_turn":555,"virtual_nanoseconds":1767225600171791750,"internal_io_poll":true,"runtime_maps_read":false}}
2026-09-10T03:16:10.637509Z  INFO detcore::scheduler: [scheduler] >>>>>>>

 NONCOMMIT turn 556, SKIP dettid 3 polling resource Resources { tid: DetPid(3), resources: {InternalIOPolling: W}, poll_attempt: 19, fyi: "writev", signal_interrupt_errno: 512 }
2026-09-10T03:16:10.637537Z  INFO detcore::scheduler: [sched-step5] >>>>>>>

 COMMIT turn 557, dettid 3 using resources {InternalIOPolling: W}, on previously committed 1_767_225_600.172_291_750s DETLOG_RECORD={"schema":1,"event":{"kind":"scheduler_commit","scheduler_turn":557,"virtual_nanoseconds":1767225600172291750,"internal_io_poll":true,"runtime_maps_read":false}}
2026-09-10T03:16:10.637602Z  INFO detcore::scheduler: [scheduler] >>>>>>>

 NONCOMMIT turn 558, SKIP dettid 3 polling resource Resources { tid: DetPid(3), resources: {InternalIOPolling: W}, poll_attempt: 20, fyi: "writev", signal_interrupt_errno: 512 }
2026-09-10T03:16:10.637632Z  INFO detcore::scheduler: [sched-step5] >>>>>>>

 COMMIT turn 559, dettid 3 using resources {InternalIOPolling: W}, on previously committed 1_767_225_600.172_791_750s DETLOG_RECORD={"schema":1,"event":{"kind":"scheduler_commit","scheduler_turn":559,"virtual_nanoseconds":1767225600172791750,"internal_io_poll":true,"runtime_maps_read":false}}
2026-09-10T03:16:10.637700Z  INFO detcore::scheduler: [scheduler] >>>>>>>

 NONCOMMIT turn 560, SKIP dettid 3 polling resource Resources { tid: DetPid(3), resources: {InternalIOPolling: W}, poll_attempt: 21, fyi: "writev", signal_interrupt_errno: 512 }
2026-09-10T03:16:10.637735Z  INFO detcore::scheduler: [sched-step5] >>>>>>>

 COMMIT turn 561, dettid 3 using resources {InternalIOPolling: W}, on previously committed 1_767_225_600.173_291_750s DETLOG_RECORD={"schema":1,"event":{"kind":"scheduler_commit","scheduler_turn":561,"virtual_nanoseconds":1767225600173291750,"internal_io_poll":true,"runtime_maps_read":false}}
2026-09-10T03:16:10.637811Z  INFO detcore::scheduler: [scheduler] >>>>>>>

 NONCOMMIT turn 562, SKIP dettid 3 polling resource Resources { tid: DetPid(3), resources: {InternalIOPolling: W}, poll_attempt: 22, fyi: "writev", signal_interrupt_errno: 512 }
2026-09-10T03:16:10.637841Z  INFO detcore::scheduler: [sched-step5] >>>>>>>

 COMMIT turn 563, dettid 3 using resources {InternalIOPolling: W}, on previously committed 1_767_225_600.173_791_750s DETLOG_RECORD={"schema":1,"event":{"kind":"scheduler_commit","scheduler_turn":563,"virtual_nanoseconds":1767225600173791750,"internal_io_poll":true,"runtime_maps_read":false}}
2026-09-10T03:16:10.637908Z  INFO detcore::scheduler: [scheduler] >>>>>>>

 NONCOMMIT turn 564, SKIP dettid 3 polling resource Resources { tid: DetPid(3), resources: {InternalIOPolling: W}, poll_attempt: 23, fyi: "writev", signal_interrupt_errno: 512 }
2026-09-10T03:16:10.637936Z  INFO detcore::scheduler: [sched-step5] >>>>>>>

 COMMIT turn 565, dettid 3 using resources {InternalIOPolling: W}, on previously committed 1_767_225_600.174_291_750s DETLOG_RECORD={"schema":1,"event":{"kind":"scheduler_commit","scheduler_turn":565,"virtual_nanoseconds":1767225600174291750,"internal_io_poll":true,"runtime_maps_read":false}}
2026-09-10T03:16:10.638000Z  INFO detcore::scheduler: [scheduler] >>>>>>>

 NONCOMMIT turn 566, SKIP dettid 3 polling resource Resources { tid: DetPid(3), resources: {InternalIOPolling: W}, poll_attempt: 24, fyi: "writev", signal_interrupt_errno: 512 }
2026-09-10T03:16:10.638029Z  INFO detcore::scheduler: [sched-step5] >>>>>>>

 COMMIT turn 567, dettid 3 using resources {InternalIOPolling: W}, on previously committed 1_767_225_600.174_791_750s DETLOG_RECORD={"schema":1,"event":{"kind":"scheduler_commit","scheduler_turn":567,"virtual_nanoseconds":1767225600174791750,"internal_io_poll":true,"runtime_maps_read":false}}
2026-09-10T03:16:10.638093Z  INFO detcore::scheduler: [scheduler] >>>>>>>

 NONCOMMIT turn 568, SKIP dettid 3 polling resource Resources { tid: DetPid(3), resources: {InternalIOPolling: W}, poll_attempt: 25, fyi: "writev", signal_interrupt_errno: 512 }
2026-09-10T03:16:10.638121Z  INFO detcore::scheduler: [sched-step5] >>>>>>>

 COMMIT turn 569, dettid 3 using resources {InternalIOPolling: W}, on previously committed 1_767_225_600.175_291_750s DETLOG_RECORD={"schema":1,"event":{"kind":"scheduler_commit","scheduler_turn":569,"virtual_nanoseconds":1767225600175291750,"internal_io_poll":true,"runtime_maps_read":false}}
2026-09-10T03:16:10.638185Z  INFO detcore::scheduler: [scheduler] >>>>>>>

 NONCOMMIT turn 570, SKIP dettid 3 polling resource Resources { tid: DetPid(3), resources: {InternalIOPolling: W}, poll_attempt: 26, fyi: "writev", signal_interrupt_errno: 512 }
2026-09-10T03:16:10.638213Z  INFO detcore::scheduler: [sched-step5] >>>>>>>

 COMMIT turn 571, dettid 3 using resources {InternalIOPolling: W}, on previously committed 1_767_225_600.175_791_750s DETLOG_RECORD={"schema":1,"event":{"kind":"scheduler_commit","scheduler_turn":571,"virtual_nanoseconds":1767225600175791750,"internal_io_poll":true,"runtime_maps_read":false}}
2026-09-10T03:16:10.638285Z  INFO detcore::scheduler: [scheduler] >>>>>>>

 NONCOMMIT turn 572, SKIP dettid 3 polling resource Resources { tid: DetPid(3), resources: {InternalIOPolling: W}, poll_attempt: 27, fyi: "writev", signal_interrupt_errno: 512 }
2026-09-10T03:16:10.638316Z  INFO detcore::scheduler: [sched-step5] >>>>>>>

 COMMIT turn 573, dettid 3 using resources {InternalIOPolling: W}, on previously committed 1_767_225_600.176_291_750s DETLOG_RECORD={"schema":1,"event":{"kind":"scheduler_commit","scheduler_turn":573,"virtual_nanoseconds":1767225600176291750,"internal_io_poll":true,"runtime_maps_read":false}}
2026-09-10T03:16:10.638381Z  INFO detcore::scheduler: [scheduler] >>>>>>>

 NONCOMMIT turn 574, SKIP dettid 3 polling resource Resources { tid: DetPid(3), resources: {InternalIOPolling: W}, poll_attempt: 28, fyi: "writev", signal_interrupt_errno: 512 }
2026-09-10T03:16:10.638409Z  INFO detcore::scheduler: [sched-step5] >>>>>>>

 COMMIT turn 575, dettid 3 using resources {InternalIOPolling: W}, on previously committed 1_767_225_600.176_791_750s DETLOG_RECORD={"schema":1,"event":{"kind":"scheduler_commit","scheduler_turn":575,"virtual_nanoseconds":1767225600176791750,"internal_io_poll":true,"runtime_maps_read":false}}
2026-09-10T03:16:10.638475Z  INFO detcore::scheduler: [scheduler] >>>>>>>

 NONCOMMIT turn 576, SKIP dettid 3 polling resource Resources { tid: DetPid(3), resources: {InternalIOPolling: W}, poll_attempt: 29, fyi: "writev", signal_interrupt_errno: 512 }
2026-09-10T03:16:10.638504Z  INFO detcore::scheduler: [sched-step5] >>>>>>>

 COMMIT turn 577, dettid 3 using resources {InternalIOPolling: W}, on previously committed 1_767_225_600.177_291_750s DETLOG_RECORD={"schema":1,"event":{"kind":"scheduler_commit","scheduler_turn":577,"virtual_nanoseconds":1767225600177291750,"internal_io_poll":true,"runtime_maps_read":false}}
2026-09-10T03:16:10.638567Z  INFO detcore::scheduler: [scheduler] >>>>>>>

 NONCOMMIT turn 578, SKIP dettid 3 polling resource Resources { tid: DetPid(3), resources: {InternalIOPolling: W}, poll_attempt: 30, fyi: "writev", signal_interrupt_errno: 512 }
2026-09-10T03:16:10.638595Z  INFO detcore::scheduler: [sched-step5] >>>>>>>

 COMMIT turn 579, dettid 3 using resources {InternalIOPolling: W}, on previously committed 1_767_225_600.177_791_750s DETLOG_RECORD={"schema":1,"event":{"kind":"scheduler_commit","scheduler_turn":579,"virtual_nanoseconds":1767225600177791750,"internal_io_poll":true,"runtime_maps_read":false}}
2026-09-10T03:16:10.638660Z  INFO detcore::scheduler: [scheduler] >>>>>>>

 NONCOMMIT turn 580, SKIP dettid 3 polling resource Resources { tid: DetPid(3), resources: {InternalIOPolling: W}, poll_attempt: 31, fyi: "writev", signal_interrupt_errno: 512 }
2026-09-10T03:16:10.638688Z  INFO detcore::scheduler: [sched-step5] >>>>>>>

 COMMIT turn 581, dettid 3 using resources {InternalIOPolling: W}, on previously committed 1_767_225_600.178_291_750s DETLOG_RECORD={"schema":1,"event":{"kind":"scheduler_commit","scheduler_turn":581,"virtual_nanoseconds":1767225600178291750,"internal_io_poll":true,"runtime_maps_read":false}}
2026-09-10T03:16:10.638751Z  INFO detcore::scheduler: [scheduler] >>>>>>>

 NONCOMMIT turn 582, SKIP dettid 3 polling resource Resources { tid: DetPid(3), resources: {InternalIOPolling: W}, poll_attempt: 32, fyi: "writev", signal_interrupt_errno: 512 }
2026-09-10T03:16:10.638787Z  INFO detcore::scheduler: [sched-step5] >>>>>>>

 COMMIT turn 583, dettid 3 using resources {InternalIOPolling: W}, on previously committed 1_767_225_600.178_791_750s DETLOG_RECORD={"schema":1,"event":{"kind":"scheduler_commit","scheduler_turn":583,"virtual_nanoseconds":1767225600178791750,"internal_io_poll":true,"runtime_maps_read":false}}
2026-09-10T03:16:10.638854Z  INFO detcore::scheduler: [scheduler] >>>>>>>

 NONCOMMIT turn 584, SKIP dettid 3 polling resource Resources { tid: DetPid(3), resources: {InternalIOPolling: W}, poll_attempt: 33, fyi: "writev", signal_interrupt_errno: 512 }
2026-09-10T03:16:10.638883Z  INFO detcore::scheduler: [sched-step5] >>>>>>>

 COMMIT turn 585, dettid 3 using resources {InternalIOPolling: W}, on previously committed 1_767_225_600.179_291_750s DETLOG_RECORD={"schema":1,"event":{"kind":"scheduler_commit","scheduler_turn":585,"virtual_nanoseconds":1767225600179291750,"internal_io_poll":true,"runtime_maps_read":false}}
2026-09-10T03:16:10.638950Z  INFO detcore::scheduler: [scheduler] >>>>>>>

 NONCOMMIT turn 586, SKIP dettid 3 polling resource Resources { tid: DetPid(3), resources: {InternalIOPolling: W}, poll_attempt: 34, fyi: "writev", signal_interrupt_errno: 512 }
2026-09-10T03:16:10.638981Z  INFO detcore::scheduler: [sched-step5] >>>>>>>

 COMMIT turn 587, dettid 3 using resources {InternalIOPolling: W}, on previously committed 1_767_225_600.179_791_750s DETLOG_RECORD={"schema":1,"event":{"kind":"scheduler_commit","scheduler_turn":587,"virtual_nanoseconds":1767225600179791750,"internal_io_poll":true,"runtime_maps_read":false}}
2026-09-10T03:16:10.639046Z  INFO detcore::scheduler: [scheduler] >>>>>>>

 NONCOMMIT turn 588, SKIP dettid 3 polling resource Resources { tid: DetPid(3), resources: {InternalIOPolling: W}, poll_attempt: 35, fyi: "writev", signal_interrupt_errno: 512 }
2026-09-10T03:16:10.639075Z  INFO detcore::scheduler: [sched-step5] >>>>>>>

 COMMIT turn 589, dettid 3 using resources {InternalIOPolling: W}, on previously committed 1_767_225_600.180_291_750s DETLOG_RECORD={"schema":1,"event":{"kind":"scheduler_commit","scheduler_turn":589,"virtual_nanoseconds":1767225600180291750,"internal_io_poll":true,"runtime_maps_read":false}}
2026-09-10T03:16:10.639139Z  INFO detcore::scheduler: [scheduler] >>>>>>>

 NONCOMMIT turn 590, SKIP dettid 3 polling resource Resources { tid: DetPid(3), resources: {InternalIOPolling: W}, poll_attempt: 36, fyi: "writev", signal_interrupt_errno: 512 }
2026-09-10T03:16:10.639166Z  INFO detcore::scheduler: [sched-step5] >>>>>>>

 COMMIT turn 591, dettid 3 using resources {InternalIOPolling: W}, on previously committed 1_767_225_600.180_791_750s DETLOG_RECORD={"schema":1,"event":{"kind":"scheduler_commit","scheduler_turn":591,"virtual_nanoseconds":1767225600180791750,"internal_io_poll":true,"runtime_maps_read":false}}
2026-09-10T03:16:10.639235Z  INFO detcore::scheduler: [scheduler] >>>>>>>

 NONCOMMIT turn 592, SKIP dettid 3 polling resource Resources { tid: DetPid(3), resources: {InternalIOPolling: W}, poll_attempt: 37, fyi: "writev", signal_interrupt_errno: 512 }
2026-09-10T03:16:10.639262Z  INFO detcore::scheduler: [sched-step5] >>>>>>>

 COMMIT turn 593, dettid 3 using resources {InternalIOPolling: W}, on previously committed 1_767_225_600.181_291_750s DETLOG_RECORD={"schema":1,"event":{"kind":"scheduler_commit","scheduler_turn":593,"virtual_nanoseconds":1767225600181291750,"internal_io_poll":true,"runtime_maps_read":false}}
2026-09-10T03:16:10.639326Z  INFO detcore::scheduler: [scheduler] >>>>>>>

 NONCOMMIT turn 594, SKIP dettid 3 polling resource Resources { tid: DetPid(3), resources: {InternalIOPolling: W}, poll_attempt: 38, fyi: "writev", signal_interrupt_errno: 512 }
2026-09-10T03:16:10.639354Z  INFO detcore::scheduler: [sched-step5] >>>>>>>

 COMMIT turn 595, dettid 3 using resources {InternalIOPolling: W}, on previously committed 1_767_225_600.181_791_750s DETLOG_RECORD={"schema":1,"event":{"kind":"scheduler_commit","scheduler_turn":595,"virtual_nanoseconds":1767225600181791750,"internal_io_poll":true,"runtime_maps_read":false}}
2026-09-10T03:16:10.639439Z  INFO detcore::scheduler: [sched-step5] >>>>>>>

 COMMIT turn 596, dettid 10 using resources {SleepUntil(LogicalTime(1767225600182291250)): W}, on previously committed 1_767_225_600.182_291_750s DETLOG_RECORD={"schema":1,"event":{"kind":"scheduler_commit","scheduler_turn":596,"virtual_nanoseconds":1767225600182291750,"internal_io_poll":false,"runtime_maps_read":false}}
2026-09-10T03:16:10.639491Z  INFO detcore: DETLOG [syscall][detcore, dtid 10] finish syscall #3: clock_nanosleep(CLOCK_REALTIME, 0, 0x1b50e30, 0x1b50e30) = Ok(0) DETLOG_RECORD={"schema":1,"event":{"kind":"syscall_result","finished_syscall_number":3}}
2026-09-10T03:16:10.639550Z  INFO detcore: DETLOG [syscall][detcore, dtid 10] inbound syscall: mmap(NULL, 184320, ProtFlags(PROT_READ | PROT_WRITE), MapFlags(MAP_PRIVATE | MAP_ANON), -1, 0) = ? DETLOG_RECORD={"schema":1,"event":{"kind":"syscall"}}
2026-09-10T03:16:10.639801Z  INFO detcore: DETLOG [syscall][detcore, dtid 10] finish syscall #4: mmap(NULL, 184320, ProtFlags(PROT_READ | PROT_WRITE), MapFlags(MAP_PRIVATE | MAP_ANON), -1, 0) = Ok(28647424) DETLOG_RECORD={"schema":1,"event":{"kind":"syscall_result","finished_syscall_number":4}}
2026-09-10T03:16:10.639831Z  INFO detcore: DETLOG [syscall][detcore, dtid 10] inbound syscall: read(3, 0x1b52010, 180224) = ? DETLOG_RECORD={"schema":1,"event":{"kind":"syscall"}}
2026-09-10T03:16:10.639917Z  INFO detcore::scheduler: [scheduler] >>>>>>>

 NONCOMMIT turn 597, SKIP dettid 3 polling resource Resources { tid: DetPid(3), resources: {InternalIOPolling: W}, poll_attempt: 39, fyi: "writev", signal_interrupt_errno: 512 }
2026-09-10T03:16:10.639956Z  INFO detcore::scheduler: [sched-step5] >>>>>>>

 COMMIT turn 598, dettid 10 using resources {InternalIOPolling: W}, on previously committed 1_767_225_600.182_811_750s DETLOG_RECORD={"schema":1,"event":{"kind":"scheduler_commit","scheduler_turn":598,"virtual_nanoseconds":1767225600182811750,"internal_io_poll":true,"runtime_maps_read":false}}
2026-09-10T03:16:10.640142Z  INFO detcore: DETLOG [syscall][detcore, dtid 10] finish syscall #5: read(3, 0x1b52010, 180224) = Ok(180224) DETLOG_RECORD={"schema":1,"event":{"kind":"syscall_result","finished_syscall_number":5}}
2026-09-10T03:16:10.640488Z  INFO detcore::io_buffers: DETLOG [iobuf][dtid 10] read in fd=3 0x1b52010+180224->5d3d44ad9336d92edacb47e400dd036c4cbe4ac3ab1410926b8c16059348e565 chunks=22528:aa3c2cf9,aa3c2cf9,aa3c2cf9,aa3c2cf9,aa3c2cf9,aa3c2cf9,aa3c2cf9,aa3c2cf9 DETLOG_RECORD={"schema":1,"event":{"kind":"other"}}
2026-09-10T03:16:10.640528Z  INFO detcore: DETLOG [syscall][detcore, dtid 10] inbound syscall: read(3, 0x1b50e28, 8) = ? DETLOG_RECORD={"schema":1,"event":{"kind":"syscall"}}
2026-09-10T03:16:10.640602Z  INFO detcore::scheduler: [sched-step5] >>>>>>>

 COMMIT turn 599, dettid 10 using resources {InternalIOPolling: W}, on previously committed 1_767_225_600.183_321_750s DETLOG_RECORD={"schema":1,"event":{"kind":"scheduler_commit","scheduler_turn":599,"virtual_nanoseconds":1767225600183321750,"internal_io_poll":true,"runtime_maps_read":false}}
2026-09-10T03:16:10.640674Z  INFO detcore::scheduler: [scheduler] >>>>>>>

 NONCOMMIT turn 600, SKIP dettid 10 polling resource Resources { tid: DetPid(10), resources: {InternalIOPolling: W}, poll_attempt: 1, fyi: "read" }
2026-09-10T03:16:10.640708Z  INFO detcore::scheduler: [sched-step5] >>>>>>>

 COMMIT turn 601, dettid 10 using resources {InternalIOPolling: W}, on previously committed 1_767_225_600.183_821_750s DETLOG_RECORD={"schema":1,"event":{"kind":"scheduler_commit","scheduler_turn":601,"virtual_nanoseconds":1767225600183821750,"internal_io_poll":true,"runtime_maps_read":false}}
2026-09-10T03:16:10.640759Z  INFO detcore::scheduler: [scheduler] >>>>>>>

 NONCOMMIT turn 602, SKIP dettid 10 polling resource Resources { tid: DetPid(10), resources: {InternalIOPolling: W}, poll_attempt: 2, fyi: "read" }
2026-09-10T03:16:10.640794Z  INFO detcore::scheduler: [sched-step5] >>>>>>>

 COMMIT turn 603, dettid 10 using resources {InternalIOPolling: W}, on previously committed 1_767_225_600.184_321_750s DETLOG_RECORD={"schema":1,"event":{"kind":"scheduler_commit","scheduler_turn":603,"virtual_nanoseconds":1767225600184321750,"internal_io_poll":true,"runtime_maps_read":false}}
2026-09-10T03:16:10.640840Z  INFO detcore::scheduler: [scheduler] >>>>>>>

 NONCOMMIT turn 604, SKIP dettid 10 polling resource Resources { tid: DetPid(10), resources: {InternalIOPolling: W}, poll_attempt: 3, fyi: "read" }
2026-09-10T03:16:10.640866Z  INFO detcore::scheduler: [sched-step5] >>>>>>>

 COMMIT turn 605, dettid 10 using resources {InternalIOPolling: W}, on previously committed 1_767_225_600.184_821_750s DETLOG_RECORD={"schema":1,"event":{"kind":"scheduler_commit","scheduler_turn":605,"virtual_nanoseconds":1767225600184821750,"internal_io_poll":true,"runtime_maps_read":false}}
2026-09-10T03:16:10.640919Z  INFO detcore::scheduler: [scheduler] >>>>>>>

 NONCOMMIT turn 606, SKIP dettid 10 polling resource Resources { tid: DetPid(10), resources: {InternalIOPolling: W}, poll_attempt: 4, fyi: "read" }
2026-09-10T03:16:10.640948Z  INFO detcore::scheduler: [sched-step5] >>>>>>>

 COMMIT turn 607, dettid 3 using resources {InternalIOPolling: W}, on previously committed 1_767_225_600.185_321_750s DETLOG_RECORD={"schema":1,"event":{"kind":"scheduler_commit","scheduler_turn":607,"virtual_nanoseconds":1767225600185321750,"internal_io_poll":true,"runtime_maps_read":false}}
2026-09-10T03:16:10.641075Z  INFO detcore: DETLOG [syscall][detcore, dtid 3] finish syscall #404: writev(4, 0x3fffeb60, 2) = Ok(8) DETLOG_RECORD={"schema":1,"event":{"kind":"syscall_result","finished_syscall_number":404}}
2026-09-10T03:16:10.641105Z  INFO detcore::io_buffers: DETLOG [iobuf][dtid 3] writev out fd=4 0x3fffeb2c+4->e12e115acf4552b2568b55e93cbd39394c4ef81c82447fafc997882a02d23677 DETLOG_RECORD={"schema":1,"event":{"kind":"other"}}
2026-09-10T03:16:10.641120Z  INFO detcore::io_buffers: DETLOG [iobuf][dtid 3] writev out fd=4 0x3fffeb30+4->e59e4dc24c482ed5ea574fb4f5367f340cb0c77d504bd5b1a982038e2d861954 DETLOG_RECORD={"schema":1,"event":{"kind":"other"}}
2026-09-10T03:16:10.641172Z  INFO detcore: DETLOG [syscall][detcore, dtid 3] inbound syscall: futex(0x1b51910, 265, 10, NULL, NULL, -1) = ? DETLOG_RECORD={"schema":1,"event":{"kind":"syscall"}}
2026-09-10T03:16:10.641240Z  INFO detcore::scheduler: [sched-step5] >>>>>>>

 COMMIT turn 608, dettid 10 using resources {InternalIOPolling: W}, on previously committed 1_767_225_600.185_826_750s DETLOG_RECORD={"schema":1,"event":{"kind":"scheduler_commit","scheduler_turn":608,"virtual_nanoseconds":1767225600185826750,"internal_io_poll":true,"runtime_maps_read":false}}
2026-09-10T03:16:10.641318Z  INFO detcore: DETLOG [syscall][detcore, dtid 10] finish syscall #6: read(3, 0x1b50e28, 8) = Ok(8) DETLOG_RECORD={"schema":1,"event":{"kind":"syscall_result","finished_syscall_number":6}}
2026-09-10T03:16:10.641338Z  INFO detcore::io_buffers: DETLOG [iobuf][dtid 10] read in fd=3 0x1b50e28+8->9ac2197d9258257b1ae8463e4214e4cd0a578bc1517f2415928b91be4283fc48 DETLOG_RECORD={"schema":1,"event":{"kind":"other"}}
2026-09-10T03:16:10.641368Z  INFO detcore: DETLOG [syscall][detcore, dtid 10] inbound syscall: munmap(0x1b52000, 184320) = ? DETLOG_RECORD={"schema":1,"event":{"kind":"syscall"}}
2026-09-10T03:16:10.641424Z  INFO detcore: DETLOG [syscall][detcore, dtid 10] finish syscall #7: munmap(0x1b52000, 184320) = Ok(0) DETLOG_RECORD={"schema":1,"event":{"kind":"syscall_result","finished_syscall_number":7}}
2026-09-10T03:16:10.641449Z  INFO detcore: DETLOG [syscall][detcore, dtid 10] inbound syscall: rt_sigprocmask(0, 0x1b51f30, NULL, 8) = ? DETLOG_RECORD={"schema":1,"event":{"kind":"syscall"}}
2026-09-10T03:16:10.641479Z  INFO detcore: DETLOG [syscall][detcore, dtid 10] finish syscall #8: rt_sigprocmask(0, 0x1b51f30, NULL, 8) = Ok(0) DETLOG_RECORD={"schema":1,"event":{"kind":"syscall_result","finished_syscall_number":8}}
2026-09-10T03:16:10.641500Z  INFO detcore: DETLOG [syscall][detcore, dtid 10] inbound syscall: madvise(0x1351000, 8368128, 4) = ? DETLOG_RECORD={"schema":1,"event":{"kind":"syscall"}}
2026-09-10T03:16:10.641517Z  INFO detcore::syscalls::memory: DETLOG [dtid 10] madvise advice 4 is unsupported by this backend DETLOG_RECORD={"schema":1,"event":{"kind":"other"}}
2026-09-10T03:16:10.641527Z  INFO detcore: DETLOG [syscall][detcore, dtid 10] finish syscall #9: madvise(0x1351000, 8368128, 4) = Err(Errno(ENOSYS)) DETLOG_RECORD={"schema":1,"event":{"kind":"syscall_result","finished_syscall_number":9}}
2026-09-10T03:16:10.641549Z  INFO detcore: DETLOG [syscall][detcore, dtid 10] inbound syscall: exit(0) = ? DETLOG_RECORD={"schema":1,"event":{"kind":"syscall"}}
2026-09-10T03:16:10.641596Z  INFO detcore::scheduler: [sched-step5] >>>>>>>

 COMMIT turn 609, dettid 10 using resources {Exit { group: false, process: DetPid(3), mm: MmId { creator: DetPid(3), generation: 1 } }: RW}, on previously committed 1_767_225_600.186_597_000s DETLOG_RECORD={"schema":1,"event":{"kind":"scheduler_commit","scheduler_turn":609,"virtual_nanoseconds":1767225600186597000,"internal_io_poll":false,"runtime_maps_read":false}}
2026-09-10T03:16:10.641716Z  INFO detcore::scheduler: logically_kill: Scheduler removing all knowledge of [det]tid 10 in pid 3..
2026-09-10T03:16:10.642034Z  INFO detcore::scheduler: [sched-step5] >>>>>>>

 COMMIT turn 610, dettid 3 using resources {FutexWait: R}, on previously committed 1_767_225_600.187_097_000s DETLOG_RECORD={"schema":1,"event":{"kind":"scheduler_commit","scheduler_turn":610,"virtual_nanoseconds":1767225600187097000,"internal_io_poll":false,"runtime_maps_read":false}}
2026-09-10T03:16:10.642099Z  INFO detcore: DETLOG [syscall][detcore, dtid 3] finish syscall #405: futex(0x1b51910, 265, 10, NULL, NULL, -1) = Ok(0) DETLOG_RECORD={"schema":1,"event":{"kind":"syscall_result","finished_syscall_number":405}}
2026-09-10T03:16:10.642144Z  INFO detcore: DETLOG [syscall][detcore, dtid 3] inbound syscall: close(3) = ? DETLOG_RECORD={"schema":1,"event":{"kind":"syscall"}}
2026-09-10T03:16:10.642207Z  INFO detcore: DETLOG [syscall][detcore, dtid 3] finish syscall #406: close(3) = Ok(0) DETLOG_RECORD={"schema":1,"event":{"kind":"syscall_result","finished_syscall_number":406}}
2026-09-10T03:16:10.642230Z  INFO detcore: DETLOG [syscall][detcore, dtid 3] inbound syscall: close(4) = ? DETLOG_RECORD={"schema":1,"event":{"kind":"syscall"}}
2026-09-10T03:16:10.642254Z  INFO detcore: DETLOG [syscall][detcore, dtid 3] finish syscall #407: close(4) = Ok(0) DETLOG_RECORD={"schema":1,"event":{"kind":"syscall_result","finished_syscall_number":407}}
2026-09-10T03:16:10.642290Z  INFO detcore: DETLOG [syscall][detcore, dtid 3] inbound syscall: eventfd2(0, EfdFlags(0x0)) = ? DETLOG_RECORD={"schema":1,"event":{"kind":"syscall"}}
2026-09-10T03:16:10.642329Z  INFO detcore::syscalls::files: Injecting additional fstat to retrieve file metadata on fd 3.
2026-09-10T03:16:10.642363Z  INFO detcore: DETLOG [syscall][detcore, dtid 3] finish syscall #408: eventfd2(0, EfdFlags(0x0)) = Ok(3) DETLOG_RECORD={"schema":1,"event":{"kind":"syscall_result","finished_syscall_number":408}}
2026-09-10T03:16:10.642384Z  INFO detcore: DETLOG [syscall][detcore, dtid 3] inbound syscall: write(3, 0x3fffeb80, 8) = ? DETLOG_RECORD={"schema":1,"event":{"kind":"syscall"}}
2026-09-10T03:16:10.642457Z  INFO detcore::scheduler: [sched-step5] >>>>>>>

 COMMIT turn 611, dettid 3 using resources {InternalIOPolling: W}, on previously committed 1_767_225_600.187_682_000s DETLOG_RECORD={"schema":1,"event":{"kind":"scheduler_commit","scheduler_turn":611,"virtual_nanoseconds":1767225600187682000,"internal_io_poll":true,"runtime_maps_read":false}}
2026-09-10T03:16:10.642529Z  INFO detcore: DETLOG [syscall][detcore, dtid 3] finish syscall #409: write(3, 0x3fffeb80, 8) = Ok(8) DETLOG_RECORD={"schema":1,"event":{"kind":"syscall_result","finished_syscall_number":409}}
2026-09-10T03:16:10.642554Z  INFO detcore::io_buffers: DETLOG [iobuf][dtid 3] write out fd=3 0x3fffeb80+8->81b37f7f8b78762feb067131152a700548754f937a0668c1f327d2ee1a2d2801 DETLOG_RECORD={"schema":1,"event":{"kind":"other"}}
2026-09-10T03:16:10.642587Z  INFO detcore: DETLOG [syscall][detcore, dtid 3] inbound syscall: rt_sigprocmask(0, 0x12f7820, 0x3fffea30, 8) = ? DETLOG_RECORD={"schema":1,"event":{"kind":"syscall"}}
2026-09-10T03:16:10.642619Z  INFO detcore: DETLOG [syscall][detcore, dtid 3] finish syscall #410: rt_sigprocmask(0, 0x12f7820, 0x3fffea30, 8) = Ok(0) DETLOG_RECORD={"schema":1,"event":{"kind":"syscall_result","finished_syscall_number":410}}
2026-09-10T03:16:10.642655Z  INFO detcore: DETLOG [syscall][detcore, dtid 3] inbound syscall: clone3(0x3fffe8f0, 88) = ? DETLOG_RECORD={"schema":1,"event":{"kind":"syscall"}}
2026-09-10T03:16:10.643256Z  INFO detcore::tool_local: DETLOG RNG USER RAND seeding child User pedigree PPPPPPPC: [210, 45, 64, 194, 117, 66, 33, 28, 118, 171, 64, 163, 251, 192, 18, 163] from parent Mcg128Xsl64 {} DETLOG_RECORD={"schema":1,"event":{"kind":"other"}}
2026-09-10T03:16:10.643296Z  INFO detcore::tool_local: DETLOG RNG CHAOSRAND seeding child Chaos pedigree PPPPPPPC: [39, 253, 251, 230, 123, 71, 0, 122, 51, 230, 109, 117, 254, 28, 138, 13] from parent Mcg128Xsl64 {} DETLOG_RECORD={"schema":1,"event":{"kind":"other"}}
2026-09-10T03:16:10.643563Z  INFO detcore::scheduler: [sched-step5] >>>>>>>

 COMMIT turn 612, dettid 11 using resources {MemAddrSpace(DetPid(3)): RW}, on previously committed 1_767_225_600.188_432_250s DETLOG_RECORD={"schema":1,"event":{"kind":"scheduler_commit","scheduler_turn":612,"virtual_nanoseconds":1767225600188432250,"internal_io_poll":false,"runtime_maps_read":false}}
2026-09-10T03:16:10.643614Z  INFO detcore::tool_global: [detcore, dtid 11] New thread given go-ahead to proceed via <ivar Go(None)>
2026-09-10T03:16:10.643783Z  INFO detcore: DETLOG [syscall][detcore, dtid 11] inbound syscall: set_robust_list(0x1b51920, 24) = ? DETLOG_RECORD={"schema":1,"event":{"kind":"syscall"}}
2026-09-10T03:16:10.643843Z  INFO detcore: DETLOG [syscall][detcore, dtid 11] finish syscall #1: set_robust_list(0x1b51920, 24) = Ok(0) DETLOG_RECORD={"schema":1,"event":{"kind":"syscall_result","finished_syscall_number":1}}
2026-09-10T03:16:10.643874Z  INFO detcore: DETLOG [syscall][detcore, dtid 11] inbound syscall: rt_sigprocmask(2, 0x1b51f30, NULL, 8) = ? DETLOG_RECORD={"schema":1,"event":{"kind":"syscall"}}
2026-09-10T03:16:10.643909Z  INFO detcore: DETLOG [syscall][detcore, dtid 11] finish syscall #2: rt_sigprocmask(2, 0x1b51f30, NULL, 8) = Ok(0) DETLOG_RECORD={"schema":1,"event":{"kind":"syscall_result","finished_syscall_number":2}}
2026-09-10T03:16:10.643942Z  INFO detcore: DETLOG [syscall][detcore, dtid 11] inbound syscall: clock_nanosleep(CLOCK_REALTIME, 0, 0x1b50e30, 0x1b50e30) = ? DETLOG_RECORD={"schema":1,"event":{"kind":"syscall"}}
2026-09-10T03:16:10.644028Z  INFO detcore::scheduler: [sched-step5] >>>>>>>

 COMMIT turn 613, dettid 3 using resources {ParentContinue { parent: DetPid(3), child: DetPid(11) }: W}, on previously committed 1_767_225_600.193_979_750s DETLOG_RECORD={"schema":1,"event":{"kind":"scheduler_commit","scheduler_turn":613,"virtual_nanoseconds":1767225600193979750,"internal_io_poll":false,"runtime_maps_read":false}}
2026-09-10T03:16:10.644088Z  INFO detcore: DETLOG [syscall][detcore, dtid 3] finish syscall #411: clone3(0x3fffe8f0, 88) = Ok(11) DETLOG_RECORD={"schema":1,"event":{"kind":"syscall_result","finished_syscall_number":411}}
2026-09-10T03:16:10.644129Z  INFO detcore: DETLOG [syscall][detcore, dtid 3] inbound syscall: rt_sigprocmask(2, 0x3fffea30, NULL, 8) = ? DETLOG_RECORD={"schema":1,"event":{"kind":"syscall"}}
2026-09-10T03:16:10.644162Z  INFO detcore: DETLOG [syscall][detcore, dtid 3] finish syscall #412: rt_sigprocmask(2, 0x3fffea30, NULL, 8) = Ok(0) DETLOG_RECORD={"schema":1,"event":{"kind":"syscall_result","finished_syscall_number":412}}
2026-09-10T03:16:10.644184Z  INFO detcore: DETLOG [syscall][detcore, dtid 3] inbound syscall: writev(3, 0x3fffeb60, 1) = ? DETLOG_RECORD={"schema":1,"event":{"kind":"syscall"}}
2026-09-10T03:16:10.644292Z  INFO detcore::scheduler: [scheduler] >>>>>>>

 NONCOMMIT turn 614, SKIP dettid 11 which wanted resource SleepUntil(LogicalTime(1767225600213479750)) (blocking)
2026-09-10T03:16:10.644326Z  INFO detcore::scheduler: [scheduler] >>>>>>>

 NONCOMMIT turn 615, SKIP dettid 3 polling resource Resources { tid: DetPid(3), resources: {InternalIOPolling: W}, poll_attempt: 1, fyi: "writev", signal_interrupt_errno: 512 }
2026-09-10T03:16:10.644359Z  INFO detcore::scheduler: [sched-step5] >>>>>>>

 COMMIT turn 616, dettid 3 using resources {InternalIOPolling: W}, on previously committed 1_767_225_600.194_480_250s DETLOG_RECORD={"schema":1,"event":{"kind":"scheduler_commit","scheduler_turn":616,"virtual_nanoseconds":1767225600194480250,"internal_io_poll":true,"runtime_maps_read":false}}
2026-09-10T03:16:10.644456Z  INFO detcore::scheduler: [scheduler] >>>>>>>

 NONCOMMIT turn 617, SKIP dettid 3 polling resource Resources { tid: DetPid(3), resources: {InternalIOPolling: W}, poll_attempt: 2, fyi: "writev", signal_interrupt_errno: 512 }
2026-09-10T03:16:10.644493Z  INFO detcore::scheduler: [sched-step5] >>>>>>>

 COMMIT turn 618, dettid 3 using resources {InternalIOPolling: W}, on previously committed 1_767_225_600.194_980_250s DETLOG_RECORD={"schema":1,"event":{"kind":"scheduler_commit","scheduler_turn":618,"virtual_nanoseconds":1767225600194980250,"internal_io_poll":true,"runtime_maps_read":false}}
2026-09-10T03:16:10.644563Z  INFO detcore::scheduler: [scheduler] >>>>>>>

 NONCOMMIT turn 619, SKIP dettid 3 polling resource Resources { tid: DetPid(3), resources: {InternalIOPolling: W}, poll_attempt: 3, fyi: "writev", signal_interrupt_errno: 512 }
2026-09-10T03:16:10.644593Z  INFO detcore::scheduler: [sched-step5] >>>>>>>

 COMMIT turn 620, dettid 3 using resources {InternalIOPolling: W}, on previously committed 1_767_225_600.195_480_250s DETLOG_RECORD={"schema":1,"event":{"kind":"scheduler_commit","scheduler_turn":620,"virtual_nanoseconds":1767225600195480250,"internal_io_poll":true,"runtime_maps_read":false}}
2026-09-10T03:16:10.644653Z  INFO detcore::scheduler: [scheduler] >>>>>>>

 NONCOMMIT turn 621, SKIP dettid 3 polling resource Resources { tid: DetPid(3), resources: {InternalIOPolling: W}, poll_attempt: 4, fyi: "writev", signal_interrupt_errno: 512 }
2026-09-10T03:16:10.644681Z  INFO detcore::scheduler: [sched-step5] >>>>>>>

 COMMIT turn 622, dettid 3 using resources {InternalIOPolling: W}, on previously committed 1_767_225_600.195_980_250s DETLOG_RECORD={"schema":1,"event":{"kind":"scheduler_commit","scheduler_turn":622,"virtual_nanoseconds":1767225600195980250,"internal_io_poll":true,"runtime_maps_read":false}}
2026-09-10T03:16:10.644740Z  INFO detcore::scheduler: [scheduler] >>>>>>>

 NONCOMMIT turn 623, SKIP dettid 3 polling resource Resources { tid: DetPid(3), resources: {InternalIOPolling: W}, poll_attempt: 5, fyi: "writev", signal_interrupt_errno: 512 }
2026-09-10T03:16:10.644767Z  INFO detcore::scheduler: [sched-step5] >>>>>>>

 COMMIT turn 624, dettid 3 using resources {InternalIOPolling: W}, on previously committed 1_767_225_600.196_480_250s DETLOG_RECORD={"schema":1,"event":{"kind":"scheduler_commit","scheduler_turn":624,"virtual_nanoseconds":1767225600196480250,"internal_io_poll":true,"runtime_maps_read":false}}
2026-09-10T03:16:10.644842Z  INFO detcore::scheduler: [scheduler] >>>>>>>

 NONCOMMIT turn 625, SKIP dettid 3 polling resource Resources { tid: DetPid(3), resources: {InternalIOPolling: W}, poll_attempt: 6, fyi: "writev", signal_interrupt_errno: 512 }
2026-09-10T03:16:10.644870Z  INFO detcore::scheduler: [sched-step5] >>>>>>>

 COMMIT turn 626, dettid 3 using resources {InternalIOPolling: W}, on previously committed 1_767_225_600.196_980_250s DETLOG_RECORD={"schema":1,"event":{"kind":"scheduler_commit","scheduler_turn":626,"virtual_nanoseconds":1767225600196980250,"internal_io_poll":true,"runtime_maps_read":false}}
2026-09-10T03:16:10.644929Z  INFO detcore::scheduler: [scheduler] >>>>>>>

 NONCOMMIT turn 627, SKIP dettid 3 polling resource Resources { tid: DetPid(3), resources: {InternalIOPolling: W}, poll_attempt: 7, fyi: "writev", signal_interrupt_errno: 512 }
2026-09-10T03:16:10.644957Z  INFO detcore::scheduler: [sched-step5] >>>>>>>

 COMMIT turn 628, dettid 3 using resources {InternalIOPolling: W}, on previously committed 1_767_225_600.197_480_250s DETLOG_RECORD={"schema":1,"event":{"kind":"scheduler_commit","scheduler_turn":628,"virtual_nanoseconds":1767225600197480250,"internal_io_poll":true,"runtime_maps_read":false}}
2026-09-10T03:16:10.645014Z  INFO detcore::scheduler: [scheduler] >>>>>>>

 NONCOMMIT turn 629, SKIP dettid 3 polling resource Resources { tid: DetPid(3), resources: {InternalIOPolling: W}, poll_attempt: 8, fyi: "writev", signal_interrupt_errno: 512 }
2026-09-10T03:16:10.645042Z  INFO detcore::scheduler: [sched-step5] >>>>>>>

 COMMIT turn 630, dettid 3 using resources {InternalIOPolling: W}, on previously committed 1_767_225_600.197_980_250s DETLOG_RECORD={"schema":1,"event":{"kind":"scheduler_commit","scheduler_turn":630,"virtual_nanoseconds":1767225600197980250,"internal_io_poll":true,"runtime_maps_read":false}}
2026-09-10T03:16:10.645103Z  INFO detcore::scheduler: [scheduler] >>>>>>>

 NONCOMMIT turn 631, SKIP dettid 3 polling resource Resources { tid: DetPid(3), resources: {InternalIOPolling: W}, poll_attempt: 9, fyi: "writev", signal_interrupt_errno: 512 }
2026-09-10T03:16:10.645133Z  INFO detcore::scheduler: [sched-step5] >>>>>>>

 COMMIT turn 632, dettid 3 using resources {InternalIOPolling: W}, on previously committed 1_767_225_600.198_480_250s DETLOG_RECORD={"schema":1,"event":{"kind":"scheduler_commit","scheduler_turn":632,"virtual_nanoseconds":1767225600198480250,"internal_io_poll":true,"runtime_maps_read":false}}
2026-09-10T03:16:10.645193Z  INFO detcore::scheduler: [scheduler] >>>>>>>

 NONCOMMIT turn 633, SKIP dettid 3 polling resource Resources { tid: DetPid(3), resources: {InternalIOPolling: W}, poll_attempt: 10, fyi: "writev", signal_interrupt_errno: 512 }
2026-09-10T03:16:10.645222Z  INFO detcore::scheduler: [sched-step5] >>>>>>>

 COMMIT turn 634, dettid 3 using resources {InternalIOPolling: W}, on previously committed 1_767_225_600.198_980_250s DETLOG_RECORD={"schema":1,"event":{"kind":"scheduler_commit","scheduler_turn":634,"virtual_nanoseconds":1767225600198980250,"internal_io_poll":true,"runtime_maps_read":false}}
2026-09-10T03:16:10.645281Z  INFO detcore::scheduler: [scheduler] >>>>>>>

 NONCOMMIT turn 635, SKIP dettid 3 polling resource Resources { tid: DetPid(3), resources: {InternalIOPolling: W}, poll_attempt: 11, fyi: "writev", signal_interrupt_errno: 512 }
2026-09-10T03:16:10.645309Z  INFO detcore::scheduler: [sched-step5] >>>>>>>

 COMMIT turn 636, dettid 3 using resources {InternalIOPolling: W}, on previously committed 1_767_225_600.199_480_250s DETLOG_RECORD={"schema":1,"event":{"kind":"scheduler_commit","scheduler_turn":636,"virtual_nanoseconds":1767225600199480250,"internal_io_poll":true,"runtime_maps_read":false}}
2026-09-10T03:16:10.645366Z  INFO detcore::scheduler: [scheduler] >>>>>>>

 NONCOMMIT turn 637, SKIP dettid 3 polling resource Resources { tid: DetPid(3), resources: {InternalIOPolling: W}, poll_attempt: 12, fyi: "writev", signal_interrupt_errno: 512 }
2026-09-10T03:16:10.645394Z  INFO detcore::scheduler: [sched-step5] >>>>>>>

 COMMIT turn 638, dettid 3 using resources {InternalIOPolling: W}, on previously committed 1_767_225_600.199_980_250s DETLOG_RECORD={"schema":1,"event":{"kind":"scheduler_commit","scheduler_turn":638,"virtual_nanoseconds":1767225600199980250,"internal_io_poll":true,"runtime_maps_read":false}}
2026-09-10T03:16:10.645451Z  INFO detcore::scheduler: [scheduler] >>>>>>>

 NONCOMMIT turn 639, SKIP dettid 3 polling resource Resources { tid: DetPid(3), resources: {InternalIOPolling: W}, poll_attempt: 13, fyi: "writev", signal_interrupt_errno: 512 }
2026-09-10T03:16:10.645479Z  INFO detcore::scheduler: [sched-step5] >>>>>>>

 COMMIT turn 640, dettid 3 using resources {InternalIOPolling: W}, on previously committed 1_767_225_600.200_480_250s DETLOG_RECORD={"schema":1,"event":{"kind":"scheduler_commit","scheduler_turn":640,"virtual_nanoseconds":1767225600200480250,"internal_io_poll":true,"runtime_maps_read":false}}
2026-09-10T03:16:10.645537Z  INFO detcore::scheduler: [scheduler] >>>>>>>

 NONCOMMIT turn 641, SKIP dettid 3 polling resource Resources { tid: DetPid(3), resources: {InternalIOPolling: W}, poll_attempt: 14, fyi: "writev", signal_interrupt_errno: 512 }
2026-09-10T03:16:10.645565Z  INFO detcore::scheduler: [sched-step5] >>>>>>>

 COMMIT turn 642, dettid 3 using resources {InternalIOPolling: W}, on previously committed 1_767_225_600.200_980_250s DETLOG_RECORD={"schema":1,"event":{"kind":"scheduler_commit","scheduler_turn":642,"virtual_nanoseconds":1767225600200980250,"internal_io_poll":true,"runtime_maps_read":false}}
2026-09-10T03:16:10.645624Z  INFO detcore::scheduler: [scheduler] >>>>>>>

 NONCOMMIT turn 643, SKIP dettid 3 polling resource Resources { tid: DetPid(3), resources: {InternalIOPolling: W}, poll_attempt: 15, fyi: "writev", signal_interrupt_errno: 512 }
2026-09-10T03:16:10.645654Z  INFO detcore::scheduler: [sched-step5] >>>>>>>

 COMMIT turn 644, dettid 3 using resources {InternalIOPolling: W}, on previously committed 1_767_225_600.201_480_250s DETLOG_RECORD={"schema":1,"event":{"kind":"scheduler_commit","scheduler_turn":644,"virtual_nanoseconds":1767225600201480250,"internal_io_poll":true,"runtime_maps_read":false}}
2026-09-10T03:16:10.645716Z  INFO detcore::scheduler: [scheduler] >>>>>>>

 NONCOMMIT turn 645, SKIP dettid 3 polling resource Resources { tid: DetPid(3), resources: {InternalIOPolling: W}, poll_attempt: 16, fyi: "writev", signal_interrupt_errno: 512 }
2026-09-10T03:16:10.645744Z  INFO detcore::scheduler: [sched-step5] >>>>>>>

 COMMIT turn 646, dettid 3 using resources {InternalIOPolling: W}, on previously committed 1_767_225_600.201_980_250s DETLOG_RECORD={"schema":1,"event":{"kind":"scheduler_commit","scheduler_turn":646,"virtual_nanoseconds":1767225600201980250,"internal_io_poll":true,"runtime_maps_read":false}}
2026-09-10T03:16:10.645813Z  INFO detcore::scheduler: [scheduler] >>>>>>>

 NONCOMMIT turn 647, SKIP dettid 3 polling resource Resources { tid: DetPid(3), resources: {InternalIOPolling: W}, poll_attempt: 17, fyi: "writev", signal_interrupt_errno: 512 }
2026-09-10T03:16:10.645843Z  INFO detcore::scheduler: [sched-step5] >>>>>>>

 COMMIT turn 648, dettid 3 using resources {InternalIOPolling: W}, on previously committed 1_767_225_600.202_480_250s DETLOG_RECORD={"schema":1,"event":{"kind":"scheduler_commit","scheduler_turn":648,"virtual_nanoseconds":1767225600202480250,"internal_io_poll":true,"runtime_maps_read":false}}
2026-09-10T03:16:10.645902Z  INFO detcore::scheduler: [scheduler] >>>>>>>

 NONCOMMIT turn 649, SKIP dettid 3 polling resource Resources { tid: DetPid(3), resources: {InternalIOPolling: W}, poll_attempt: 18, fyi: "writev", signal_interrupt_errno: 512 }
2026-09-10T03:16:10.645932Z  INFO detcore::scheduler: [sched-step5] >>>>>>>

 COMMIT turn 650, dettid 3 using resources {InternalIOPolling: W}, on previously committed 1_767_225_600.202_980_250s DETLOG_RECORD={"schema":1,"event":{"kind":"scheduler_commit","scheduler_turn":650,"virtual_nanoseconds":1767225600202980250,"internal_io_poll":true,"runtime_maps_read":false}}
2026-09-10T03:16:10.645991Z  INFO detcore::scheduler: [scheduler] >>>>>>>

 NONCOMMIT turn 651, SKIP dettid 3 polling resource Resources { tid: DetPid(3), resources: {InternalIOPolling: W}, poll_attempt: 19, fyi: "writev", signal_interrupt_errno: 512 }
2026-09-10T03:16:10.646018Z  INFO detcore::scheduler: [sched-step5] >>>>>>>

 COMMIT turn 652, dettid 3 using resources {InternalIOPolling: W}, on previously committed 1_767_225_600.203_480_250s DETLOG_RECORD={"schema":1,"event":{"kind":"scheduler_commit","scheduler_turn":652,"virtual_nanoseconds":1767225600203480250,"internal_io_poll":true,"runtime_maps_read":false}}
2026-09-10T03:16:10.646078Z  INFO detcore::scheduler: [scheduler] >>>>>>>

 NONCOMMIT turn 653, SKIP dettid 3 polling resource Resources { tid: DetPid(3), resources: {InternalIOPolling: W}, poll_attempt: 20, fyi: "writev", signal_interrupt_errno: 512 }
2026-09-10T03:16:10.646106Z  INFO detcore::scheduler: [sched-step5] >>>>>>>

 COMMIT turn 654, dettid 3 using resources {InternalIOPolling: W}, on previously committed 1_767_225_600.203_980_250s DETLOG_RECORD={"schema":1,"event":{"kind":"scheduler_commit","scheduler_turn":654,"virtual_nanoseconds":1767225600203980250,"internal_io_poll":true,"runtime_maps_read":false}}
2026-09-10T03:16:10.646164Z  INFO detcore::scheduler: [scheduler] >>>>>>>

 NONCOMMIT turn 655, SKIP dettid 3 polling resource Resources { tid: DetPid(3), resources: {InternalIOPolling: W}, poll_attempt: 21, fyi: "writev", signal_interrupt_errno: 512 }
2026-09-10T03:16:10.646191Z  INFO detcore::scheduler: [sched-step5] >>>>>>>

 COMMIT turn 656, dettid 3 using resources {InternalIOPolling: W}, on previously committed 1_767_225_600.204_480_250s DETLOG_RECORD={"schema":1,"event":{"kind":"scheduler_commit","scheduler_turn":656,"virtual_nanoseconds":1767225600204480250,"internal_io_poll":true,"runtime_maps_read":false}}
2026-09-10T03:16:10.646255Z  INFO detcore::scheduler: [scheduler] >>>>>>>

 NONCOMMIT turn 657, SKIP dettid 3 polling resource Resources { tid: DetPid(3), resources: {InternalIOPolling: W}, poll_attempt: 22, fyi: "writev", signal_interrupt_errno: 512 }
2026-09-10T03:16:10.646285Z  INFO detcore::scheduler: [sched-step5] >>>>>>>

 COMMIT turn 658, dettid 3 using resources {InternalIOPolling: W}, on previously committed 1_767_225_600.204_980_250s DETLOG_RECORD={"schema":1,"event":{"kind":"scheduler_commit","scheduler_turn":658,"virtual_nanoseconds":1767225600204980250,"internal_io_poll":true,"runtime_maps_read":false}}
2026-09-10T03:16:10.646344Z  INFO detcore::scheduler: [scheduler] >>>>>>>

 NONCOMMIT turn 659, SKIP dettid 3 polling resource Resources { tid: DetPid(3), resources: {InternalIOPolling: W}, poll_attempt: 23, fyi: "writev", signal_interrupt_errno: 512 }
2026-09-10T03:16:10.646372Z  INFO detcore::scheduler: [sched-step5] >>>>>>>

 COMMIT turn 660, dettid 3 using resources {InternalIOPolling: W}, on previously committed 1_767_225_600.205_480_250s DETLOG_RECORD={"schema":1,"event":{"kind":"scheduler_commit","scheduler_turn":660,"virtual_nanoseconds":1767225600205480250,"internal_io_poll":true,"runtime_maps_read":false}}
2026-09-10T03:16:10.646430Z  INFO detcore::scheduler: [scheduler] >>>>>>>

 NONCOMMIT turn 661, SKIP dettid 3 polling resource Resources { tid: DetPid(3), resources: {InternalIOPolling: W}, poll_attempt: 24, fyi: "writev", signal_interrupt_errno: 512 }
2026-09-10T03:16:10.646458Z  INFO detcore::scheduler: [sched-step5] >>>>>>>

 COMMIT turn 662, dettid 3 using resources {InternalIOPolling: W}, on previously committed 1_767_225_600.205_980_250s DETLOG_RECORD={"schema":1,"event":{"kind":"scheduler_commit","scheduler_turn":662,"virtual_nanoseconds":1767225600205980250,"internal_io_poll":true,"runtime_maps_read":false}}
2026-09-10T03:16:10.646521Z  INFO detcore::scheduler: [scheduler] >>>>>>>

 NONCOMMIT turn 663, SKIP dettid 3 polling resource Resources { tid: DetPid(3), resources: {InternalIOPolling: W}, poll_attempt: 25, fyi: "writev", signal_interrupt_errno: 512 }
2026-09-10T03:16:10.646549Z  INFO detcore::scheduler: [sched-step5] >>>>>>>

 COMMIT turn 664, dettid 3 using resources {InternalIOPolling: W}, on previously committed 1_767_225_600.206_480_250s DETLOG_RECORD={"schema":1,"event":{"kind":"scheduler_commit","scheduler_turn":664,"virtual_nanoseconds":1767225600206480250,"internal_io_poll":true,"runtime_maps_read":false}}
2026-09-10T03:16:10.646608Z  INFO detcore::scheduler: [scheduler] >>>>>>>

 NONCOMMIT turn 665, SKIP dettid 3 polling resource Resources { tid: DetPid(3), resources: {InternalIOPolling: W}, poll_attempt: 26, fyi: "writev", signal_interrupt_errno: 512 }
2026-09-10T03:16:10.646636Z  INFO detcore::scheduler: [sched-step5] >>>>>>>

 COMMIT turn 666, dettid 3 using resources {InternalIOPolling: W}, on previously committed 1_767_225_600.206_980_250s DETLOG_RECORD={"schema":1,"event":{"kind":"scheduler_commit","scheduler_turn":666,"virtual_nanoseconds":1767225600206980250,"internal_io_poll":true,"runtime_maps_read":false}}
2026-09-10T03:16:10.646694Z  INFO detcore::scheduler: [scheduler] >>>>>>>

 NONCOMMIT turn 667, SKIP dettid 3 polling resource Resources { tid: DetPid(3), resources: {InternalIOPolling: W}, poll_attempt: 27, fyi: "writev", signal_interrupt_errno: 512 }
2026-09-10T03:16:10.646722Z  INFO detcore::scheduler: [sched-step5] >>>>>>>

 COMMIT turn 668, dettid 3 using resources {InternalIOPolling: W}, on previously committed 1_767_225_600.207_480_250s DETLOG_RECORD={"schema":1,"event":{"kind":"scheduler_commit","scheduler_turn":668,"virtual_nanoseconds":1767225600207480250,"internal_io_poll":true,"runtime_maps_read":false}}
2026-09-10T03:16:10.646787Z  INFO detcore::scheduler: [scheduler] >>>>>>>

 NONCOMMIT turn 669, SKIP dettid 3 polling resource Resources { tid: DetPid(3), resources: {InternalIOPolling: W}, poll_attempt: 28, fyi: "writev", signal_interrupt_errno: 512 }
2026-09-10T03:16:10.646821Z  INFO detcore::scheduler: [sched-step5] >>>>>>>

 COMMIT turn 670, dettid 3 using resources {InternalIOPolling: W}, on previously committed 1_767_225_600.207_980_250s DETLOG_RECORD={"schema":1,"event":{"kind":"scheduler_commit","scheduler_turn":670,"virtual_nanoseconds":1767225600207980250,"internal_io_poll":true,"runtime_maps_read":false}}
2026-09-10T03:16:10.646885Z  INFO detcore::scheduler: [scheduler] >>>>>>>

 NONCOMMIT turn 671, SKIP dettid 3 polling resource Resources { tid: DetPid(3), resources: {InternalIOPolling: W}, poll_attempt: 29, fyi: "writev", signal_interrupt_errno: 512 }
2026-09-10T03:16:10.646916Z  INFO detcore::scheduler: [sched-step5] >>>>>>>

 COMMIT turn 672, dettid 3 using resources {InternalIOPolling: W}, on previously committed 1_767_225_600.208_480_250s DETLOG_RECORD={"schema":1,"event":{"kind":"scheduler_commit","scheduler_turn":672,"virtual_nanoseconds":1767225600208480250,"internal_io_poll":true,"runtime_maps_read":false}}
2026-09-10T03:16:10.646975Z  INFO detcore::scheduler: [scheduler] >>>>>>>

 NONCOMMIT turn 673, SKIP dettid 3 polling resource Resources { tid: DetPid(3), resources: {InternalIOPolling: W}, poll_attempt: 30, fyi: "writev", signal_interrupt_errno: 512 }
2026-09-10T03:16:10.647003Z  INFO detcore::scheduler: [sched-step5] >>>>>>>

 COMMIT turn 674, dettid 3 using resources {InternalIOPolling: W}, on previously committed 1_767_225_600.208_980_250s DETLOG_RECORD={"schema":1,"event":{"kind":"scheduler_commit","scheduler_turn":674,"virtual_nanoseconds":1767225600208980250,"internal_io_poll":true,"runtime_maps_read":false}}
2026-09-10T03:16:10.647060Z  INFO detcore::scheduler: [scheduler] >>>>>>>

 NONCOMMIT turn 675, SKIP dettid 3 polling resource Resources { tid: DetPid(3), resources: {InternalIOPolling: W}, poll_attempt: 31, fyi: "writev", signal_interrupt_errno: 512 }
2026-09-10T03:16:10.647088Z  INFO detcore::scheduler: [sched-step5] >>>>>>>

 COMMIT turn 676, dettid 3 using resources {InternalIOPolling: W}, on previously committed 1_767_225_600.209_480_250s DETLOG_RECORD={"schema":1,"event":{"kind":"scheduler_commit","scheduler_turn":676,"virtual_nanoseconds":1767225600209480250,"internal_io_poll":true,"runtime_maps_read":false}}
2026-09-10T03:16:10.647145Z  INFO detcore::scheduler: [scheduler] >>>>>>>

 NONCOMMIT turn 677, SKIP dettid 3 polling resource Resources { tid: DetPid(3), resources: {InternalIOPolling: W}, poll_attempt: 32, fyi: "writev", signal_interrupt_errno: 512 }
2026-09-10T03:16:10.647173Z  INFO detcore::scheduler: [sched-step5] >>>>>>>

 COMMIT turn 678, dettid 3 using resources {InternalIOPolling: W}, on previously committed 1_767_225_600.209_980_250s DETLOG_RECORD={"schema":1,"event":{"kind":"scheduler_commit","scheduler_turn":678,"virtual_nanoseconds":1767225600209980250,"internal_io_poll":true,"runtime_maps_read":false}}
2026-09-10T03:16:10.647230Z  INFO detcore::scheduler: [scheduler] >>>>>>>

 NONCOMMIT turn 679, SKIP dettid 3 polling resource Resources { tid: DetPid(3), resources: {InternalIOPolling: W}, poll_attempt: 33, fyi: "writev", signal_interrupt_errno: 512 }
2026-09-10T03:16:10.647258Z  INFO detcore::scheduler: [sched-step5] >>>>>>>

 COMMIT turn 680, dettid 3 using resources {InternalIOPolling: W}, on previously committed 1_767_225_600.210_480_250s DETLOG_RECORD={"schema":1,"event":{"kind":"scheduler_commit","scheduler_turn":680,"virtual_nanoseconds":1767225600210480250,"internal_io_poll":true,"runtime_maps_read":false}}
2026-09-10T03:16:10.647315Z  INFO detcore::scheduler: [scheduler] >>>>>>>

 NONCOMMIT turn 681, SKIP dettid 3 polling resource Resources { tid: DetPid(3), resources: {InternalIOPolling: W}, poll_attempt: 34, fyi: "writev", signal_interrupt_errno: 512 }
2026-09-10T03:16:10.647343Z  INFO detcore::scheduler: [sched-step5] >>>>>>>

 COMMIT turn 682, dettid 3 using resources {InternalIOPolling: W}, on previously committed 1_767_225_600.210_980_250s DETLOG_RECORD={"schema":1,"event":{"kind":"scheduler_commit","scheduler_turn":682,"virtual_nanoseconds":1767225600210980250,"internal_io_poll":true,"runtime_maps_read":false}}
2026-09-10T03:16:10.647403Z  INFO detcore::scheduler: [scheduler] >>>>>>>

 NONCOMMIT turn 683, SKIP dettid 3 polling resource Resources { tid: DetPid(3), resources: {InternalIOPolling: W}, poll_attempt: 35, fyi: "writev", signal_interrupt_errno: 512 }
2026-09-10T03:16:10.647434Z  INFO detcore::scheduler: [sched-step5] >>>>>>>

 COMMIT turn 684, dettid 3 using resources {InternalIOPolling: W}, on previously committed 1_767_225_600.211_480_250s DETLOG_RECORD={"schema":1,"event":{"kind":"scheduler_commit","scheduler_turn":684,"virtual_nanoseconds":1767225600211480250,"internal_io_poll":true,"runtime_maps_read":false}}
2026-09-10T03:16:10.647494Z  INFO detcore::scheduler: [scheduler] >>>>>>>

 NONCOMMIT turn 685, SKIP dettid 3 polling resource Resources { tid: DetPid(3), resources: {InternalIOPolling: W}, poll_attempt: 36, fyi: "writev", signal_interrupt_errno: 512 }
2026-09-10T03:16:10.647522Z  INFO detcore::scheduler: [sched-step5] >>>>>>>

 COMMIT turn 686, dettid 3 using resources {InternalIOPolling: W}, on previously committed 1_767_225_600.211_980_250s DETLOG_RECORD={"schema":1,"event":{"kind":"scheduler_commit","scheduler_turn":686,"virtual_nanoseconds":1767225600211980250,"internal_io_poll":true,"runtime_maps_read":false}}
2026-09-10T03:16:10.647580Z  INFO detcore::scheduler: [scheduler] >>>>>>>

 NONCOMMIT turn 687, SKIP dettid 3 polling resource Resources { tid: DetPid(3), resources: {InternalIOPolling: W}, poll_attempt: 37, fyi: "writev", signal_interrupt_errno: 512 }
2026-09-10T03:16:10.647608Z  INFO detcore::scheduler: [sched-step5] >>>>>>>

 COMMIT turn 688, dettid 3 using resources {InternalIOPolling: W}, on previously committed 1_767_225_600.212_480_250s DETLOG_RECORD={"schema":1,"event":{"kind":"scheduler_commit","scheduler_turn":688,"virtual_nanoseconds":1767225600212480250,"internal_io_poll":true,"runtime_maps_read":false}}
2026-09-10T03:16:10.647666Z  INFO detcore::scheduler: [scheduler] >>>>>>>

 NONCOMMIT turn 689, SKIP dettid 3 polling resource Resources { tid: DetPid(3), resources: {InternalIOPolling: W}, poll_attempt: 38, fyi: "writev", signal_interrupt_errno: 512 }
2026-09-10T03:16:10.647694Z  INFO detcore::scheduler: [sched-step5] >>>>>>>

 COMMIT turn 690, dettid 3 using resources {InternalIOPolling: W}, on previously committed 1_767_225_600.212_980_250s DETLOG_RECORD={"schema":1,"event":{"kind":"scheduler_commit","scheduler_turn":690,"virtual_nanoseconds":1767225600212980250,"internal_io_poll":true,"runtime_maps_read":false}}
2026-09-10T03:16:10.647767Z  INFO detcore::scheduler: [sched-step5] >>>>>>>

 COMMIT turn 691, dettid 11 using resources {SleepUntil(LogicalTime(1767225600213479750)): W}, on previously committed 1_767_225_600.213_480_250s DETLOG_RECORD={"schema":1,"event":{"kind":"scheduler_commit","scheduler_turn":691,"virtual_nanoseconds":1767225600213480250,"internal_io_poll":false,"runtime_maps_read":false}}
2026-09-10T03:16:10.647819Z  INFO detcore: DETLOG [syscall][detcore, dtid 11] finish syscall #3: clock_nanosleep(CLOCK_REALTIME, 0, 0x1b50e30, 0x1b50e30) = Ok(0) DETLOG_RECORD={"schema":1,"event":{"kind":"syscall_result","finished_syscall_number":3}}
2026-09-10T03:16:10.647871Z  INFO detcore: DETLOG [syscall][detcore, dtid 11] inbound syscall: read(3, 0x1b50e28, 8) = ? DETLOG_RECORD={"schema":1,"event":{"kind":"syscall"}}
2026-09-10T03:16:10.647947Z  INFO detcore::scheduler: [scheduler] >>>>>>>

 NONCOMMIT turn 692, SKIP dettid 3 polling resource Resources { tid: DetPid(3), resources: {InternalIOPolling: W}, poll_attempt: 39, fyi: "writev", signal_interrupt_errno: 512 }
2026-09-10T03:16:10.647981Z  INFO detcore::scheduler: [sched-step5] >>>>>>>

 COMMIT turn 693, dettid 11 using resources {InternalIOPolling: W}, on previously committed 1_767_225_600.213_990_250s DETLOG_RECORD={"schema":1,"event":{"kind":"scheduler_commit","scheduler_turn":693,"virtual_nanoseconds":1767225600213990250,"internal_io_poll":true,"runtime_maps_read":false}}
2026-09-10T03:16:10.648042Z  INFO detcore: DETLOG [syscall][detcore, dtid 11] finish syscall #4: read(3, 0x1b50e28, 8) = Ok(8) DETLOG_RECORD={"schema":1,"event":{"kind":"syscall_result","finished_syscall_number":4}}
2026-09-10T03:16:10.648072Z  INFO detcore::io_buffers: DETLOG [iobuf][dtid 11] read in fd=3 0x1b50e28+8->81b37f7f8b78762feb067131152a700548754f937a0668c1f327d2ee1a2d2801 DETLOG_RECORD={"schema":1,"event":{"kind":"other"}}
2026-09-10T03:16:10.648111Z  INFO detcore: DETLOG [syscall][detcore, dtid 11] inbound syscall: rt_sigprocmask(0, 0x1b51f30, NULL, 8) = ? DETLOG_RECORD={"schema":1,"event":{"kind":"syscall"}}
2026-09-10T03:16:10.648142Z  INFO detcore: DETLOG [syscall][detcore, dtid 11] finish syscall #5: rt_sigprocmask(0, 0x1b51f30, NULL, 8) = Ok(0) DETLOG_RECORD={"schema":1,"event":{"kind":"syscall_result","finished_syscall_number":5}}
2026-09-10T03:16:10.648164Z  INFO detcore: DETLOG [syscall][detcore, dtid 11] inbound syscall: madvise(0x1351000, 8368128, 4) = ? DETLOG_RECORD={"schema":1,"event":{"kind":"syscall"}}
2026-09-10T03:16:10.648180Z  INFO detcore::syscalls::memory: DETLOG [dtid 11] madvise advice 4 is unsupported by this backend DETLOG_RECORD={"schema":1,"event":{"kind":"other"}}
2026-09-10T03:16:10.648190Z  INFO detcore: DETLOG [syscall][detcore, dtid 11] finish syscall #6: madvise(0x1351000, 8368128, 4) = Err(Errno(ENOSYS)) DETLOG_RECORD={"schema":1,"event":{"kind":"syscall_result","finished_syscall_number":6}}
2026-09-10T03:16:10.648212Z  INFO detcore: DETLOG [syscall][detcore, dtid 11] inbound syscall: exit(0) = ? DETLOG_RECORD={"schema":1,"event":{"kind":"syscall"}}
2026-09-10T03:16:10.648275Z  INFO detcore::scheduler: [sched-step5] >>>>>>>

 COMMIT turn 694, dettid 11 using resources {Exit { group: false, process: DetPid(3), mm: MmId { creator: DetPid(3), generation: 1 } }: RW}, on previously committed 1_767_225_600.214_750_500s DETLOG_RECORD={"schema":1,"event":{"kind":"scheduler_commit","scheduler_turn":694,"virtual_nanoseconds":1767225600214750500,"internal_io_poll":false,"runtime_maps_read":false}}
2026-09-10T03:16:10.648376Z  INFO detcore::scheduler: logically_kill: Scheduler removing all knowledge of [det]tid 11 in pid 3..
2026-09-10T03:16:10.648441Z  INFO detcore::scheduler: [sched-step5] >>>>>>>

 COMMIT turn 695, dettid 3 using resources {InternalIOPolling: W}, on previously committed 1_767_225_600.215_250_500s DETLOG_RECORD={"schema":1,"event":{"kind":"scheduler_commit","scheduler_turn":695,"virtual_nanoseconds":1767225600215250500,"internal_io_poll":true,"runtime_maps_read":false}}
2026-09-10T03:16:10.648564Z  INFO detcore: DETLOG [syscall][detcore, dtid 3] finish syscall #413: writev(3, 0x3fffeb60, 1) = Ok(8) DETLOG_RECORD={"schema":1,"event":{"kind":"syscall_result","finished_syscall_number":413}}
2026-09-10T03:16:10.648594Z  INFO detcore::io_buffers: DETLOG [iobuf][dtid 3] writev out fd=3 0x3fffeb38+8->7c9fa136d4413fa6173637e883b6998d32e1d675f88cddff9dcbcf331820f4b8 DETLOG_RECORD={"schema":1,"event":{"kind":"other"}}
2026-09-10T03:16:10.648643Z  INFO detcore: DETLOG [syscall][detcore, dtid 3] inbound syscall: futex(0x1b51910, 265, 11, NULL, NULL, -1) = ? DETLOG_RECORD={"schema":1,"event":{"kind":"syscall"}}
2026-09-10T03:16:10.648679Z  INFO detcore: DETLOG [syscall][detcore, dtid 3] finish syscall #414: futex(0x1b51910, 265, 11, NULL, NULL, -1) = Ok(0) DETLOG_RECORD={"schema":1,"event":{"kind":"syscall_result","finished_syscall_number":414}}
2026-09-10T03:16:10.648708Z  INFO detcore: DETLOG [syscall][detcore, dtid 3] inbound syscall: futex(0x1b51910, 265, 11, NULL, NULL, -1) = ? DETLOG_RECORD={"schema":1,"event":{"kind":"syscall"}}
2026-09-10T03:16:10.648727Z  INFO detcore: DETLOG [syscall][detcore, dtid 3] finish syscall #415: futex(0x1b51910, 265, 11, NULL, NULL, -1) = Ok(0) DETLOG_RECORD={"schema":1,"event":{"kind":"syscall_result","finished_syscall_number":415}}
2026-09-10T03:16:10.648752Z  INFO detcore: DETLOG [syscall][detcore, dtid 3] inbound syscall: futex(0x1b51910, 265, 11, NULL, NULL, -1) = ? DETLOG_RECORD={"schema":1,"event":{"kind":"syscall"}}
2026-09-10T03:16:10.648770Z  INFO detcore: DETLOG [syscall][detcore, dtid 3] finish syscall #416: futex(0x1b51910, 265, 11, NULL, NULL, -1) = Ok(0) DETLOG_RECORD={"schema":1,"event":{"kind":"syscall_result","finished_syscall_number":416}}
2026-09-10T03:16:10.648807Z  INFO detcore: DETLOG [syscall][detcore, dtid 3] inbound syscall: futex(0x1b51910, 265, 11, NULL, NULL, -1) = ? DETLOG_RECORD={"schema":1,"event":{"kind":"syscall"}}
2026-09-10T03:16:10.648829Z  INFO detcore: DETLOG [syscall][detcore, dtid 3] finish syscall #417: futex(0x1b51910, 265, 11, NULL, NULL, -1) = Ok(0) DETLOG_RECORD={"schema":1,"event":{"kind":"syscall_result","finished_syscall_number":417}}
2026-09-10T03:16:10.648854Z  INFO detcore: DETLOG [syscall][detcore, dtid 3] inbound syscall: futex(0x1b51910, 265, 11, NULL, NULL, -1) = ? DETLOG_RECORD={"schema":1,"event":{"kind":"syscall"}}
2026-09-10T03:16:10.648872Z  INFO detcore: DETLOG [syscall][detcore, dtid 3] finish syscall #418: futex(0x1b51910, 265, 11, NULL, NULL, -1) = Ok(0) DETLOG_RECORD={"schema":1,"event":{"kind":"syscall_result","finished_syscall_number":418}}
2026-09-10T03:16:10.648896Z  INFO detcore: DETLOG [syscall][detcore, dtid 3] inbound syscall: futex(0x1b51910, 265, 11, NULL, NULL, -1) = ? DETLOG_RECORD={"schema":1,"event":{"kind":"syscall"}}
2026-09-10T03:16:10.648914Z  INFO detcore: DETLOG [syscall][detcore, dtid 3] finish syscall #419: futex(0x1b51910, 265, 11, NULL, NULL, -1) = Ok(0) DETLOG_RECORD={"schema":1,"event":{"kind":"syscall_result","finished_syscall_number":419}}
2026-09-10T03:16:10.648939Z  INFO detcore: DETLOG [syscall][detcore, dtid 3] inbound syscall: futex(0x1b51910, 265, 11, NULL, NULL, -1) = ? DETLOG_RECORD={"schema":1,"event":{"kind":"syscall"}}
2026-09-10T03:16:10.648956Z  INFO detcore: DETLOG [syscall][detcore, dtid 3] finish syscall #420: futex(0x1b51910, 265, 11, NULL, NULL, -1) = Ok(0) DETLOG_RECORD={"schema":1,"event":{"kind":"syscall_result","finished_syscall_number":420}}
2026-09-10T03:16:10.648981Z  INFO detcore: DETLOG [syscall][detcore, dtid 3] inbound syscall: futex(0x1b51910, 265, 11, NULL, NULL, -1) = ? DETLOG_RECORD={"schema":1,"event":{"kind":"syscall"}}
2026-09-10T03:16:10.648998Z  INFO detcore: DETLOG [syscall][detcore, dtid 3] finish syscall #421: futex(0x1b51910, 265, 11, NULL, NULL, -1) = Ok(0) DETLOG_RECORD={"schema":1,"event":{"kind":"syscall_result","finished_syscall_number":421}}
2026-09-10T03:16:10.649023Z  INFO detcore: DETLOG [syscall][detcore, dtid 3] inbound syscall: futex(0x1b51910, 265, 11, NULL, NULL, -1) = ? DETLOG_RECORD={"schema":1,"event":{"kind":"syscall"}}
2026-09-10T03:16:10.649041Z  INFO detcore: DETLOG [syscall][detcore, dtid 3] finish syscall #422: futex(0x1b51910, 265, 11, NULL, NULL, -1) = Ok(0) DETLOG_RECORD={"schema":1,"event":{"kind":"syscall_result","finished_syscall_number":422}}
2026-09-10T03:16:10.649066Z  INFO detcore: DETLOG [syscall][detcore, dtid 3] inbound syscall: futex(0x1b51910, 265, 11, NULL, NULL, -1) = ? DETLOG_RECORD={"schema":1,"event":{"kind":"syscall"}}
2026-09-10T03:16:10.649083Z  INFO detcore: DETLOG [syscall][detcore, dtid 3] finish syscall #423: futex(0x1b51910, 265, 11, NULL, NULL, -1) = Ok(0) DETLOG_RECORD={"schema":1,"event":{"kind":"syscall_result","finished_syscall_number":423}}
2026-09-10T03:16:10.649108Z  INFO detcore: DETLOG [syscall][detcore, dtid 3] inbound syscall: futex(0x1b51910, 265, 11, NULL, NULL, -1) = ? DETLOG_RECORD={"schema":1,"event":{"kind":"syscall"}}
2026-09-10T03:16:10.649126Z  INFO detcore: DETLOG [syscall][detcore, dtid 3] finish syscall #424: futex(0x1b51910, 265, 11, NULL, NULL, -1) = Ok(0) DETLOG_RECORD={"schema":1,"event":{"kind":"syscall_result","finished_syscall_number":424}}
2026-09-10T03:16:10.649150Z  INFO detcore: DETLOG [syscall][detcore, dtid 3] inbound syscall: futex(0x1b51910, 265, 11, NULL, NULL, -1) = ? DETLOG_RECORD={"schema":1,"event":{"kind":"syscall"}}
2026-09-10T03:16:10.649169Z  INFO detcore: DETLOG [syscall][detcore, dtid 3] finish syscall #425: futex(0x1b51910, 265, 11, NULL, NULL, -1) = Ok(0) DETLOG_RECORD={"schema":1,"event":{"kind":"syscall_result","finished_syscall_number":425}}
2026-09-10T03:16:10.649193Z  INFO detcore: DETLOG [syscall][detcore, dtid 3] inbound syscall: futex(0x1b51910, 265, 11, NULL, NULL, -1) = ? DETLOG_RECORD={"schema":1,"event":{"kind":"syscall"}}
2026-09-10T03:16:10.649212Z  INFO detcore: DETLOG [syscall][detcore, dtid 3] finish syscall #426: futex(0x1b51910, 265, 11, NULL, NULL, -1) = Ok(0) DETLOG_RECORD={"schema":1,"event":{"kind":"syscall_result","finished_syscall_number":426}}
2026-09-10T03:16:10.649238Z  INFO detcore: DETLOG [syscall][detcore, dtid 3] inbound syscall: futex(0x1b51910, 265, 11, NULL, NULL, -1) = ? DETLOG_RECORD={"schema":1,"event":{"kind":"syscall"}}
2026-09-10T03:16:10.649256Z  INFO detcore: DETLOG [syscall][detcore, dtid 3] finish syscall #427: futex(0x1b51910, 265, 11, NULL, NULL, -1) = Ok(0) DETLOG_RECORD={"schema":1,"event":{"kind":"syscall_result","finished_syscall_number":427}}
2026-09-10T03:16:10.649281Z  INFO detcore: DETLOG [syscall][detcore, dtid 3] inbound syscall: futex(0x1b51910, 265, 11, NULL, NULL, -1) = ? DETLOG_RECORD={"schema":1,"event":{"kind":"syscall"}}
2026-09-10T03:16:10.649298Z  INFO detcore: DETLOG [syscall][detcore, dtid 3] finish syscall #428: futex(0x1b51910, 265, 11, NULL, NULL, -1) = Ok(0) DETLOG_RECORD={"schema":1,"event":{"kind":"syscall_result","finished_syscall_number":428}}
2026-09-10T03:16:10.649323Z  INFO detcore: DETLOG [syscall][detcore, dtid 3] inbound syscall: futex(0x1b51910, 265, 11, NULL, NULL, -1) = ? DETLOG_RECORD={"schema":1,"event":{"kind":"syscall"}}
2026-09-10T03:16:10.649341Z  INFO detcore: DETLOG [syscall][detcore, dtid 3] finish syscall #429: futex(0x1b51910, 265, 11, NULL, NULL, -1) = Ok(0) DETLOG_RECORD={"schema":1,"event":{"kind":"syscall_result","finished_syscall_number":429}}
2026-09-10T03:16:10.649366Z  INFO detcore: DETLOG [syscall][detcore, dtid 3] inbound syscall: futex(0x1b51910, 265, 11, NULL, NULL, -1) = ? DETLOG_RECORD={"schema":1,"event":{"kind":"syscall"}}
2026-09-10T03:16:10.649384Z  INFO detcore: DETLOG [syscall][detcore, dtid 3] finish syscall #430: futex(0x1b51910, 265, 11, NULL, NULL, -1) = Ok(0) DETLOG_RECORD={"schema":1,"event":{"kind":"syscall_result","finished_syscall_number":430}}
2026-09-10T03:16:10.649409Z  INFO detcore: DETLOG [syscall][detcore, dtid 3] inbound syscall: futex(0x1b51910, 265, 11, NULL, NULL, -1) = ? DETLOG_RECORD={"schema":1,"event":{"kind":"syscall"}}
2026-09-10T03:16:10.649427Z  INFO detcore: DETLOG [syscall][detcore, dtid 3] finish syscall #431: futex(0x1b51910, 265, 11, NULL, NULL, -1) = Ok(0) DETLOG_RECORD={"schema":1,"event":{"kind":"syscall_result","finished_syscall_number":431}}
2026-09-10T03:16:10.649452Z  INFO detcore: DETLOG [syscall][detcore, dtid 3] inbound syscall: futex(0x1b51910, 265, 11, NULL, NULL, -1) = ? DETLOG_RECORD={"schema":1,"event":{"kind":"syscall"}}
2026-09-10T03:16:10.649470Z  INFO detcore: DETLOG [syscall][detcore, dtid 3] finish syscall #432: futex(0x1b51910, 265, 11, NULL, NULL, -1) = Ok(0) DETLOG_RECORD={"schema":1,"event":{"kind":"syscall_result","finished_syscall_number":432}}
2026-09-10T03:16:10.649496Z  INFO detcore: DETLOG [syscall][detcore, dtid 3] inbound syscall: futex(0x1b51910, 265, 11, NULL, NULL, -1) = ? DETLOG_RECORD={"schema":1,"event":{"kind":"syscall"}}
2026-09-10T03:16:10.649513Z  INFO detcore: DETLOG [syscall][detcore, dtid 3] finish syscall #433: futex(0x1b51910, 265, 11, NULL, NULL, -1) = Ok(0) DETLOG_RECORD={"schema":1,"event":{"kind":"syscall_result","finished_syscall_number":433}}
2026-09-10T03:16:10.649538Z  INFO detcore: DETLOG [syscall][detcore, dtid 3] inbound syscall: futex(0x1b51910, 265, 11, NULL, NULL, -1) = ? DETLOG_RECORD={"schema":1,"event":{"kind":"syscall"}}
2026-09-10T03:16:10.649556Z  INFO detcore: DETLOG [syscall][detcore, dtid 3] finish syscall #434: futex(0x1b51910, 265, 11, NULL, NULL, -1) = Ok(0) DETLOG_RECORD={"schema":1,"event":{"kind":"syscall_result","finished_syscall_number":434}}
2026-09-10T03:16:10.649581Z  INFO detcore: DETLOG [syscall][detcore, dtid 3] inbound syscall: futex(0x1b51910, 265, 11, NULL, NULL, -1) = ? DETLOG_RECORD={"schema":1,"event":{"kind":"syscall"}}
2026-09-10T03:16:10.649598Z  INFO detcore: DETLOG [syscall][detcore, dtid 3] finish syscall #435: futex(0x1b51910, 265, 11, NULL, NULL, -1) = Ok(0) DETLOG_RECORD={"schema":1,"event":{"kind":"syscall_result","finished_syscall_number":435}}
2026-09-10T03:16:10.649624Z  INFO detcore: DETLOG [syscall][detcore, dtid 3] inbound syscall: futex(0x1b51910, 265, 11, NULL, NULL, -1) = ? DETLOG_RECORD={"schema":1,"event":{"kind":"syscall"}}
2026-09-10T03:16:10.649643Z  INFO detcore: DETLOG [syscall][detcore, dtid 3] finish syscall #436: futex(0x1b51910, 265, 11, NULL, NULL, -1) = Ok(0) DETLOG_RECORD={"schema":1,"event":{"kind":"syscall_result","finished_syscall_number":436}}
2026-09-10T03:16:10.649667Z  INFO detcore: DETLOG [syscall][detcore, dtid 3] inbound syscall: futex(0x1b51910, 265, 11, NULL, NULL, -1) = ? DETLOG_RECORD={"schema":1,"event":{"kind":"syscall"}}
2026-09-10T03:16:10.649685Z  INFO detcore: DETLOG [syscall][detcore, dtid 3] finish syscall #437: futex(0x1b51910, 265, 11, NULL, NULL, -1) = Ok(0) DETLOG_RECORD={"schema":1,"event":{"kind":"syscall_result","finished_syscall_number":437}}
2026-09-10T03:16:10.649710Z  INFO detcore: DETLOG [syscall][detcore, dtid 3] inbound syscall: futex(0x1b51910, 265, 11, NULL, NULL, -1) = ? DETLOG_RECORD={"schema":1,"event":{"kind":"syscall"}}
2026-09-10T03:16:10.649728Z  INFO detcore: DETLOG [syscall][detcore, dtid 3] finish syscall #438: futex(0x1b51910, 265, 11, NULL, NULL, -1) = Ok(0) DETLOG_RECORD={"schema":1,"event":{"kind":"syscall_result","finished_syscall_number":438}}
2026-09-10T03:16:10.649752Z  INFO detcore: DETLOG [syscall][detcore, dtid 3] inbound syscall: futex(0x1b51910, 265, 11, NULL, NULL, -1) = ? DETLOG_RECORD={"schema":1,"event":{"kind":"syscall"}}
2026-09-10T03:16:10.649770Z  INFO detcore: DETLOG [syscall][detcore, dtid 3] finish syscall #439: futex(0x1b51910, 265, 11, NULL, NULL, -1) = Ok(0) DETLOG_RECORD={"schema":1,"event":{"kind":"syscall_result","finished_syscall_number":439}}
2026-09-10T03:16:10.649802Z  INFO detcore: DETLOG [syscall][detcore, dtid 3] inbound syscall: futex(0x1b51910, 265, 11, NULL, NULL, -1) = ? DETLOG_RECORD={"schema":1,"event":{"kind":"syscall"}}
2026-09-10T03:16:10.649820Z  INFO detcore: DETLOG [syscall][detcore, dtid 3] finish syscall #440: futex(0x1b51910, 265, 11, NULL, NULL, -1) = Ok(0) DETLOG_RECORD={"schema":1,"event":{"kind":"syscall_result","finished_syscall_number":440}}
2026-09-10T03:16:10.649845Z  INFO detcore: DETLOG [syscall][detcore, dtid 3] inbound syscall: futex(0x1b51910, 265, 11, NULL, NULL, -1) = ? DETLOG_RECORD={"schema":1,"event":{"kind":"syscall"}}
2026-09-10T03:16:10.649862Z  INFO detcore: DETLOG [syscall][detcore, dtid 3] finish syscall #441: futex(0x1b51910, 265, 11, NULL, NULL, -1) = Ok(0) DETLOG_RECORD={"schema":1,"event":{"kind":"syscall_result","finished_syscall_number":441}}
2026-09-10T03:16:10.649888Z  INFO detcore: DETLOG [syscall][detcore, dtid 3] inbound syscall: futex(0x1b51910, 265, 11, NULL, NULL, -1) = ? DETLOG_RECORD={"schema":1,"event":{"kind":"syscall"}}
2026-09-10T03:16:10.649906Z  INFO detcore: DETLOG [syscall][detcore, dtid 3] finish syscall #442: futex(0x1b51910, 265, 11, NULL, NULL, -1) = Ok(0) DETLOG_RECORD={"schema":1,"event":{"kind":"syscall_result","finished_syscall_number":442}}
2026-09-10T03:16:10.649930Z  INFO detcore: DETLOG [syscall][detcore, dtid 3] inbound syscall: futex(0x1b51910, 265, 11, NULL, NULL, -1) = ? DETLOG_RECORD={"schema":1,"event":{"kind":"syscall"}}
2026-09-10T03:16:10.649948Z  INFO detcore: DETLOG [syscall][detcore, dtid 3] finish syscall #443: futex(0x1b51910, 265, 11, NULL, NULL, -1) = Ok(0) DETLOG_RECORD={"schema":1,"event":{"kind":"syscall_result","finished_syscall_number":443}}
2026-09-10T03:16:10.649973Z  INFO detcore: DETLOG [syscall][detcore, dtid 3] inbound syscall: futex(0x1b51910, 265, 11, NULL, NULL, -1) = ? DETLOG_RECORD={"schema":1,"event":{"kind":"syscall"}}
2026-09-10T03:16:10.649990Z  INFO detcore: DETLOG [syscall][detcore, dtid 3] finish syscall #444: futex(0x1b51910, 265, 11, NULL, NULL, -1) = Ok(0) DETLOG_RECORD={"schema":1,"event":{"kind":"syscall_result","finished_syscall_number":444}}
2026-09-10T03:16:10.650015Z  INFO detcore: DETLOG [syscall][detcore, dtid 3] inbound syscall: futex(0x1b51910, 265, 11, NULL, NULL, -1) = ? DETLOG_RECORD={"schema":1,"event":{"kind":"syscall"}}
2026-09-10T03:16:10.650049Z  INFO detcore: DETLOG [syscall][detcore, dtid 3] finish syscall #445: futex(0x1b51910, 265, 11, NULL, NULL, -1) = Ok(0) DETLOG_RECORD={"schema":1,"event":{"kind":"syscall_result","finished_syscall_number":445}}
2026-09-10T03:16:10.650075Z  INFO detcore: DETLOG [syscall][detcore, dtid 3] inbound syscall: futex(0x1b51910, 265, 11, NULL, NULL, -1) = ? DETLOG_RECORD={"schema":1,"event":{"kind":"syscall"}}
2026-09-10T03:16:10.650093Z  INFO detcore: DETLOG [syscall][detcore, dtid 3] finish syscall #446: futex(0x1b51910, 265, 11, NULL, NULL, -1) = Ok(0) DETLOG_RECORD={"schema":1,"event":{"kind":"syscall_result","finished_syscall_number":446}}
2026-09-10T03:16:10.650118Z  INFO detcore: DETLOG [syscall][detcore, dtid 3] inbound syscall: futex(0x1b51910, 265, 11, NULL, NULL, -1) = ? DETLOG_RECORD={"schema":1,"event":{"kind":"syscall"}}
2026-09-10T03:16:10.650136Z  INFO detcore: DETLOG [syscall][detcore, dtid 3] finish syscall #447: futex(0x1b51910, 265, 11, NULL, NULL, -1) = Ok(0) DETLOG_RECORD={"schema":1,"event":{"kind":"syscall_result","finished_syscall_number":447}}
2026-09-10T03:16:10.650160Z  INFO detcore: DETLOG [syscall][detcore, dtid 3] inbound syscall: futex(0x1b51910, 265, 11, NULL, NULL, -1) = ? DETLOG_RECORD={"schema":1,"event":{"kind":"syscall"}}
2026-09-10T03:16:10.650178Z  INFO detcore: DETLOG [syscall][detcore, dtid 3] finish syscall #448: futex(0x1b51910, 265, 11, NULL, NULL, -1) = Ok(0) DETLOG_RECORD={"schema":1,"event":{"kind":"syscall_result","finished_syscall_number":448}}
2026-09-10T03:16:10.650202Z  INFO detcore: DETLOG [syscall][detcore, dtid 3] inbound syscall: futex(0x1b51910, 265, 11, NULL, NULL, -1) = ? DETLOG_RECORD={"schema":1,"event":{"kind":"syscall"}}
2026-09-10T03:16:10.650220Z  INFO detcore: DETLOG [syscall][detcore, dtid 3] finish syscall #449: futex(0x1b51910, 265, 11, NULL, NULL, -1) = Ok(0) DETLOG_RECORD={"schema":1,"event":{"kind":"syscall_result","finished_syscall_number":449}}
2026-09-10T03:16:10.650244Z  INFO detcore: DETLOG [syscall][detcore, dtid 3] inbound syscall: futex(0x1b51910, 265, 11, NULL, NULL, -1) = ? DETLOG_RECORD={"schema":1,"event":{"kind":"syscall"}}
2026-09-10T03:16:10.650262Z  INFO detcore: DETLOG [syscall][detcore, dtid 3] finish syscall #450: futex(0x1b51910, 265, 11, NULL, NULL, -1) = Ok(0) DETLOG_RECORD={"schema":1,"event":{"kind":"syscall_result","finished_syscall_number":450}}
2026-09-10T03:16:10.650286Z  INFO detcore: DETLOG [syscall][detcore, dtid 3] inbound syscall: futex(0x1b51910, 265, 11, NULL, NULL, -1) = ? DETLOG_RECORD={"schema":1,"event":{"kind":"syscall"}}
2026-09-10T03:16:10.650304Z  INFO detcore: DETLOG [syscall][detcore, dtid 3] finish syscall #451: futex(0x1b51910, 265, 11, NULL, NULL, -1) = Ok(0) DETLOG_RECORD={"schema":1,"event":{"kind":"syscall_result","finished_syscall_number":451}}
2026-09-10T03:16:10.650329Z  INFO detcore: DETLOG [syscall][detcore, dtid 3] inbound syscall: futex(0x1b51910, 265, 11, NULL, NULL, -1) = ? DETLOG_RECORD={"schema":1,"event":{"kind":"syscall"}}
2026-09-10T03:16:10.650346Z  INFO detcore: DETLOG [syscall][detcore, dtid 3] finish syscall #452: futex(0x1b51910, 265, 11, NULL, NULL, -1) = Ok(0) DETLOG_RECORD={"schema":1,"event":{"kind":"syscall_result","finished_syscall_number":452}}
2026-09-10T03:16:10.650371Z  INFO detcore: DETLOG [syscall][detcore, dtid 3] inbound syscall: futex(0x1b51910, 265, 11, NULL, NULL, -1) = ? DETLOG_RECORD={"schema":1,"event":{"kind":"syscall"}}
2026-09-10T03:16:10.650388Z  INFO detcore: DETLOG [syscall][detcore, dtid 3] finish syscall #453: futex(0x1b51910, 265, 11, NULL, NULL, -1) = Ok(0) DETLOG_RECORD={"schema":1,"event":{"kind":"syscall_result","finished_syscall_number":453}}
2026-09-10T03:16:10.650413Z  INFO detcore: DETLOG [syscall][detcore, dtid 3] inbound syscall: futex(0x1b51910, 265, 11, NULL, NULL, -1) = ? DETLOG_RECORD={"schema":1,"event":{"kind":"syscall"}}
2026-09-10T03:16:10.650430Z  INFO detcore: DETLOG [syscall][detcore, dtid 3] finish syscall #454: futex(0x1b51910, 265, 11, NULL, NULL, -1) = Ok(0) DETLOG_RECORD={"schema":1,"event":{"kind":"syscall_result","finished_syscall_number":454}}
2026-09-10T03:16:10.650456Z  INFO detcore: DETLOG [syscall][detcore, dtid 3] inbound syscall: futex(0x1b51910, 265, 11, NULL, NULL, -1) = ? DETLOG_RECORD={"schema":1,"event":{"kind":"syscall"}}
2026-09-10T03:16:10.650475Z  INFO detcore: DETLOG [syscall][detcore, dtid 3] finish syscall #455: futex(0x1b51910, 265, 11, NULL, NULL, -1) = Ok(0) DETLOG_RECORD={"schema":1,"event":{"kind":"syscall_result","finished_syscall_number":455}}
2026-09-10T03:16:10.650499Z  INFO detcore: DETLOG [syscall][detcore, dtid 3] inbound syscall: futex(0x1b51910, 265, 11, NULL, NULL, -1) = ? DETLOG_RECORD={"schema":1,"event":{"kind":"syscall"}}
2026-09-10T03:16:10.650517Z  INFO detcore: DETLOG [syscall][detcore, dtid 3] finish syscall #456: futex(0x1b51910, 265, 11, NULL, NULL, -1) = Ok(0) DETLOG_RECORD={"schema":1,"event":{"kind":"syscall_result","finished_syscall_number":456}}
2026-09-10T03:16:10.650541Z  INFO detcore: DETLOG [syscall][detcore, dtid 3] inbound syscall: futex(0x1b51910, 265, 11, NULL, NULL, -1) = ? DETLOG_RECORD={"schema":1,"event":{"kind":"syscall"}}
2026-09-10T03:16:10.650560Z  INFO detcore: DETLOG [syscall][detcore, dtid 3] finish syscall #457: futex(0x1b51910, 265, 11, NULL, NULL, -1) = Ok(0) DETLOG_RECORD={"schema":1,"event":{"kind":"syscall_result","finished_syscall_number":457}}
2026-09-10T03:16:10.650584Z  INFO detcore: DETLOG [syscall][detcore, dtid 3] inbound syscall: futex(0x1b51910, 265, 11, NULL, NULL, -1) = ? DETLOG_RECORD={"schema":1,"event":{"kind":"syscall"}}
2026-09-10T03:16:10.650602Z  INFO detcore: DETLOG [syscall][detcore, dtid 3] finish syscall #458: futex(0x1b51910, 265, 11, NULL, NULL, -1) = Ok(0) DETLOG_RECORD={"schema":1,"event":{"kind":"syscall_result","finished_syscall_number":458}}
2026-09-10T03:16:10.650626Z  INFO detcore: DETLOG [syscall][detcore, dtid 3] inbound syscall: futex(0x1b51910, 265, 11, NULL, NULL, -1) = ? DETLOG_RECORD={"schema":1,"event":{"kind":"syscall"}}
2026-09-10T03:16:10.650644Z  INFO detcore: DETLOG [syscall][detcore, dtid 3] finish syscall #459: futex(0x1b51910, 265, 11, NULL, NULL, -1) = Ok(0) DETLOG_RECORD={"schema":1,"event":{"kind":"syscall_result","finished_syscall_number":459}}
2026-09-10T03:16:10.650668Z  INFO detcore: DETLOG [syscall][detcore, dtid 3] inbound syscall: futex(0x1b51910, 265, 11, NULL, NULL, -1) = ? DETLOG_RECORD={"schema":1,"event":{"kind":"syscall"}}
2026-09-10T03:16:10.650686Z  INFO detcore: DETLOG [syscall][detcore, dtid 3] finish syscall #460: futex(0x1b51910, 265, 11, NULL, NULL, -1) = Ok(0) DETLOG_RECORD={"schema":1,"event":{"kind":"syscall_result","finished_syscall_number":460}}
2026-09-10T03:16:10.650710Z  INFO detcore: DETLOG [syscall][detcore, dtid 3] inbound syscall: futex(0x1b51910, 265, 11, NULL, NULL, -1) = ? DETLOG_RECORD={"schema":1,"event":{"kind":"syscall"}}
2026-09-10T03:16:10.650728Z  INFO detcore: DETLOG [syscall][detcore, dtid 3] finish syscall #461: futex(0x1b51910, 265, 11, NULL, NULL, -1) = Ok(0) DETLOG_RECORD={"schema":1,"event":{"kind":"syscall_result","finished_syscall_number":461}}
2026-09-10T03:16:10.650752Z  INFO detcore: DETLOG [syscall][detcore, dtid 3] inbound syscall: futex(0x1b51910, 265, 11, NULL, NULL, -1) = ? DETLOG_RECORD={"schema":1,"event":{"kind":"syscall"}}
2026-09-10T03:16:10.650770Z  INFO detcore: DETLOG [syscall][detcore, dtid 3] finish syscall #462: futex(0x1b51910, 265, 11, NULL, NULL, -1) = Ok(0) DETLOG_RECORD={"schema":1,"event":{"kind":"syscall_result","finished_syscall_number":462}}
2026-09-10T03:16:10.650813Z  INFO detcore: DETLOG [syscall][detcore, dtid 3] inbound syscall: futex(0x1b51910, 265, 11, NULL, NULL, -1) = ? DETLOG_RECORD={"schema":1,"event":{"kind":"syscall"}}
2026-09-10T03:16:10.650833Z  INFO detcore: DETLOG [syscall][detcore, dtid 3] finish syscall #463: futex(0x1b51910, 265, 11, NULL, NULL, -1) = Ok(0) DETLOG_RECORD={"schema":1,"event":{"kind":"syscall_result","finished_syscall_number":463}}
2026-09-10T03:16:10.650858Z  INFO detcore: DETLOG [syscall][detcore, dtid 3] inbound syscall: futex(0x1b51910, 265, 11, NULL, NULL, -1) = ? DETLOG_RECORD={"schema":1,"event":{"kind":"syscall"}}
2026-09-10T03:16:10.650877Z  INFO detcore: DETLOG [syscall][detcore, dtid 3] finish syscall #464: futex(0x1b51910, 265, 11, NULL, NULL, -1) = Ok(0) DETLOG_RECORD={"schema":1,"event":{"kind":"syscall_result","finished_syscall_number":464}}
2026-09-10T03:16:10.650902Z  INFO detcore: DETLOG [syscall][detcore, dtid 3] inbound syscall: futex(0x1b51910, 265, 11, NULL, NULL, -1) = ? DETLOG_RECORD={"schema":1,"event":{"kind":"syscall"}}
2026-09-10T03:16:10.650920Z  INFO detcore: DETLOG [syscall][detcore, dtid 3] finish syscall #465: futex(0x1b51910, 265, 11, NULL, NULL, -1) = Ok(0) DETLOG_RECORD={"schema":1,"event":{"kind":"syscall_result","finished_syscall_number":465}}
2026-09-10T03:16:10.650945Z  INFO detcore: DETLOG [syscall][detcore, dtid 3] inbound syscall: futex(0x1b51910, 265, 11, NULL, NULL, -1) = ? DETLOG_RECORD={"schema":1,"event":{"kind":"syscall"}}
2026-09-10T03:16:10.650962Z  INFO detcore: DETLOG [syscall][detcore, dtid 3] finish syscall #466: futex(0x1b51910, 265, 11, NULL, NULL, -1) = Ok(0) DETLOG_RECORD={"schema":1,"event":{"kind":"syscall_result","finished_syscall_number":466}}
2026-09-10T03:16:10.650987Z  INFO detcore: DETLOG [syscall][detcore, dtid 3] inbound syscall: futex(0x1b51910, 265, 11, NULL, NULL, -1) = ? DETLOG_RECORD={"schema":1,"event":{"kind":"syscall"}}
2026-09-10T03:16:10.651005Z  INFO detcore: DETLOG [syscall][detcore, dtid 3] finish syscall #467: futex(0x1b51910, 265, 11, NULL, NULL, -1) = Ok(0) DETLOG_RECORD={"schema":1,"event":{"kind":"syscall_result","finished_syscall_number":467}}
2026-09-10T03:16:10.651029Z  INFO detcore: DETLOG [syscall][detcore, dtid 3] inbound syscall: futex(0x1b51910, 265, 11, NULL, NULL, -1) = ? DETLOG_RECORD={"schema":1,"event":{"kind":"syscall"}}
2026-09-10T03:16:10.651047Z  INFO detcore: DETLOG [syscall][detcore, dtid 3] finish syscall #468: futex(0x1b51910, 265, 11, NULL, NULL, -1) = Ok(0) DETLOG_RECORD={"schema":1,"event":{"kind":"syscall_result","finished_syscall_number":468}}
2026-09-10T03:16:10.651071Z  INFO detcore: DETLOG [syscall][detcore, dtid 3] inbound syscall: futex(0x1b51910, 265, 11, NULL, NULL, -1) = ? DETLOG_RECORD={"schema":1,"event":{"kind":"syscall"}}
2026-09-10T03:16:10.651089Z  INFO detcore: DETLOG [syscall][detcore, dtid 3] finish syscall #469: futex(0x1b51910, 265, 11, NULL, NULL, -1) = Ok(0) DETLOG_RECORD={"schema":1,"event":{"kind":"syscall_result","finished_syscall_number":469}}
2026-09-10T03:16:10.651114Z  INFO detcore: DETLOG [syscall][detcore, dtid 3] inbound syscall: futex(0x1b51910, 265, 11, NULL, NULL, -1) = ? DETLOG_RECORD={"schema":1,"event":{"kind":"syscall"}}
2026-09-10T03:16:10.651131Z  INFO detcore: DETLOG [syscall][detcore, dtid 3] finish syscall #470: futex(0x1b51910, 265, 11, NULL, NULL, -1) = Ok(0) DETLOG_RECORD={"schema":1,"event":{"kind":"syscall_result","finished_syscall_number":470}}
2026-09-10T03:16:10.651155Z  INFO detcore: DETLOG [syscall][detcore, dtid 3] inbound syscall: futex(0x1b51910, 265, 11, NULL, NULL, -1) = ? DETLOG_RECORD={"schema":1,"event":{"kind":"syscall"}}
2026-09-10T03:16:10.651173Z  INFO detcore: DETLOG [syscall][detcore, dtid 3] finish syscall #471: futex(0x1b51910, 265, 11, NULL, NULL, -1) = Ok(0) DETLOG_RECORD={"schema":1,"event":{"kind":"syscall_result","finished_syscall_number":471}}
2026-09-10T03:16:10.651197Z  INFO detcore: DETLOG [syscall][detcore, dtid 3] inbound syscall: futex(0x1b51910, 265, 11, NULL, NULL, -1) = ? DETLOG_RECORD={"schema":1,"event":{"kind":"syscall"}}
2026-09-10T03:16:10.651215Z  INFO detcore: DETLOG [syscall][detcore, dtid 3] finish syscall #472: futex(0x1b51910, 265, 11, NULL, NULL, -1) = Ok(0) DETLOG_RECORD={"schema":1,"event":{"kind":"syscall_result","finished_syscall_number":472}}
2026-09-10T03:16:10.651581Z  INFO detcore: DETLOG [syscall][detcore, dtid 3] inbound syscall: futex(0x1b51910, 265, 11, NULL, NULL, -1) = ? DETLOG_RECORD={"schema":1,"event":{"kind":"syscall"}}
2026-09-10T03:16:10.651598Z  INFO detcore::syscalls::threads: [detcore, dtid 3] Futex wait running immediately because it will fizzle (0 != 11).
2026-09-10T03:16:10.651610Z  INFO detcore: DETLOG [syscall][detcore, dtid 3] finish syscall #473: futex(0x1b51910, 265, 11, NULL, NULL, -1) = Err(Errno(EAGAIN)) DETLOG_RECORD={"schema":1,"event":{"kind":"syscall_result","finished_syscall_number":473}}
2026-09-10T03:16:10.651637Z  INFO detcore: DETLOG [syscall][detcore, dtid 3] inbound syscall: read(3, 0x3fffeb50, 8) = ? DETLOG_RECORD={"schema":1,"event":{"kind":"syscall"}}
2026-09-10T03:16:10.651715Z  INFO detcore::scheduler: [sched-step5] >>>>>>>

 COMMIT turn 696, dettid 3 using resources {InternalIOPolling: W}, on previously committed 1_767_225_600.216_060_500s DETLOG_RECORD={"schema":1,"event":{"kind":"scheduler_commit","scheduler_turn":696,"virtual_nanoseconds":1767225600216060500,"internal_io_poll":true,"runtime_maps_read":false}}
2026-09-10T03:16:10.652122Z  INFO detcore: DETLOG [syscall][detcore, dtid 3] finish syscall #474: read(3, 0x3fffeb50, 8) = Ok(8) DETLOG_RECORD={"schema":1,"event":{"kind":"syscall_result","finished_syscall_number":474}}
2026-09-10T03:16:10.652156Z  INFO detcore::io_buffers: DETLOG [iobuf][dtid 3] read in fd=3 0x3fffeb50+8->7c9fa136d4413fa6173637e883b6998d32e1d675f88cddff9dcbcf331820f4b8 DETLOG_RECORD={"schema":1,"event":{"kind":"other"}}
2026-09-10T03:16:10.652198Z  INFO detcore: DETLOG [syscall][detcore, dtid 3] inbound syscall: close(3) = ? DETLOG_RECORD={"schema":1,"event":{"kind":"syscall"}}
2026-09-10T03:16:10.652250Z  INFO detcore: DETLOG [syscall][detcore, dtid 3] finish syscall #475: close(3) = Ok(0) DETLOG_RECORD={"schema":1,"event":{"kind":"syscall_result","finished_syscall_number":475}}
2026-09-10T03:16:10.652276Z  INFO detcore: DETLOG [syscall][detcore, dtid 3] inbound syscall: socketpair(1, 1, 0, 0x3fffeb58) = ? DETLOG_RECORD={"schema":1,"event":{"kind":"syscall"}}
2026-09-10T03:16:10.652335Z  INFO detcore::syscalls::files: Injecting additional fstat to retrieve file metadata on fd 3.
2026-09-10T03:16:10.652364Z  INFO detcore::syscalls::files: Injecting additional fstat to retrieve file metadata on fd 4.
2026-09-10T03:16:10.652383Z  INFO detcore: DETLOG [syscall][detcore, dtid 3] finish syscall #476: socketpair(1, 1, 0, 0x3fffeb58) = Ok(0) DETLOG_RECORD={"schema":1,"event":{"kind":"syscall_result","finished_syscall_number":476}}
2026-09-10T03:16:10.652410Z  INFO detcore: DETLOG [syscall][detcore, dtid 3] inbound syscall: fcntl(4, F_GETFL) = ? DETLOG_RECORD={"schema":1,"event":{"kind":"syscall"}}
2026-09-10T03:16:10.652438Z  INFO detcore: DETLOG [syscall][detcore, dtid 3] finish syscall #477: fcntl(4, F_GETFL) = Ok(2) DETLOG_RECORD={"schema":1,"event":{"kind":"syscall_result","finished_syscall_number":477}}
2026-09-10T03:16:10.652459Z  INFO detcore: DETLOG [syscall][detcore, dtid 3] inbound syscall: fcntl(4, F_SETFL, 2050) = ? DETLOG_RECORD={"schema":1,"event":{"kind":"syscall"}}
2026-09-10T03:16:10.652482Z  INFO detcore: DETLOG [syscall][detcore, dtid 3] finish syscall #478: fcntl(4, F_SETFL, 2050) = Ok(0) DETLOG_RECORD={"schema":1,"event":{"kind":"syscall_result","finished_syscall_number":478}}
2026-09-10T03:16:10.652500Z  INFO detcore: DETLOG [syscall][detcore, dtid 3] inbound syscall: write(4, 0x3fffdae0, 4096) = ? DETLOG_RECORD={"schema":1,"event":{"kind":"syscall"}}
2026-09-10T03:16:10.652554Z  INFO detcore: DETLOG [syscall][detcore, dtid 3] finish syscall #479: write(4, 0x3fffdae0, 4096) = Ok(4096) DETLOG_RECORD={"schema":1,"event":{"kind":"syscall_result","finished_syscall_number":479}}
2026-09-10T03:16:10.652629Z  INFO detcore::io_buffers: DETLOG [iobuf][dtid 3] write out fd=4 0x3fffdae0+4096->1797ecdc67b266d5d8e2cbaccde6ba94832bf9fd692130f814eab087cb45d26f chunks=512:be9da2c7,be9da2c7,be9da2c7,be9da2c7,be9da2c7,be9da2c7,be9da2c7,be9da2c7 DETLOG_RECORD={"schema":1,"event":{"kind":"other"}}
2026-09-10T03:16:10.652654Z  INFO detcore: DETLOG [syscall][detcore, dtid 3] inbound syscall: write(4, 0x3fffdae0, 4096) = ? DETLOG_RECORD={"schema":1,"event":{"kind":"syscall"}}
2026-09-10T03:16:10.652685Z  INFO detcore: DETLOG [syscall][detcore, dtid 3] finish syscall #480: write(4, 0x3fffdae0, 4096) = Ok(4096) DETLOG_RECORD={"schema":1,"event":{"kind":"syscall_result","finished_syscall_number":480}}
2026-09-10T03:16:10.652749Z  INFO detcore::io_buffers: DETLOG [iobuf][dtid 3] write out fd=4 0x3fffdae0+4096->1797ecdc67b266d5d8e2cbaccde6ba94832bf9fd692130f814eab087cb45d26f chunks=512:be9da2c7,be9da2c7,be9da2c7,be9da2c7,be9da2c7,be9da2c7,be9da2c7,be9da2c7 DETLOG_RECORD={"schema":1,"event":{"kind":"other"}}
2026-09-10T03:16:10.652782Z  INFO detcore: DETLOG [syscall][detcore, dtid 3] inbound syscall: write(4, 0x3fffdae0, 4096) = ? DETLOG_RECORD={"schema":1,"event":{"kind":"syscall"}}
2026-09-10T03:16:10.652812Z  INFO detcore: DETLOG [syscall][detcore, dtid 3] finish syscall #481: write(4, 0x3fffdae0, 4096) = Ok(4096) DETLOG_RECORD={"schema":1,"event":{"kind":"syscall_result","finished_syscall_number":481}}
2026-09-10T03:16:10.652871Z  INFO detcore::io_buffers: DETLOG [iobuf][dtid 3] write out fd=4 0x3fffdae0+4096->1797ecdc67b266d5d8e2cbaccde6ba94832bf9fd692130f814eab087cb45d26f chunks=512:be9da2c7,be9da2c7,be9da2c7,be9da2c7,be9da2c7,be9da2c7,be9da2c7,be9da2c7 DETLOG_RECORD={"schema":1,"event":{"kind":"other"}}
2026-09-10T03:16:10.652893Z  INFO detcore: DETLOG [syscall][detcore, dtid 3] inbound syscall: write(4, 0x3fffdae0, 4096) = ? DETLOG_RECORD={"schema":1,"event":{"kind":"syscall"}}
2026-09-10T03:16:10.652920Z  INFO detcore: DETLOG [syscall][detcore, dtid 3] finish syscall #482: write(4, 0x3fffdae0, 4096) = Ok(4096) DETLOG_RECORD={"schema":1,"event":{"kind":"syscall_result","finished_syscall_number":482}}
2026-09-10T03:16:10.652977Z  INFO detcore::io_buffers: DETLOG [iobuf][dtid 3] write out fd=4 0x3fffdae0+4096->1797ecdc67b266d5d8e2cbaccde6ba94832bf9fd692130f814eab087cb45d26f chunks=512:be9da2c7,be9da2c7,be9da2c7,be9da2c7,be9da2c7,be9da2c7,be9da2c7,be9da2c7 DETLOG_RECORD={"schema":1,"event":{"kind":"other"}}
2026-09-10T03:16:10.652999Z  INFO detcore: DETLOG [syscall][detcore, dtid 3] inbound syscall: write(4, 0x3fffdae0, 4096) = ? DETLOG_RECORD={"schema":1,"event":{"kind":"syscall"}}
2026-09-10T03:16:10.653026Z  INFO detcore: DETLOG [syscall][detcore, dtid 3] finish syscall #483: write(4, 0x3fffdae0, 4096) = Ok(4096) DETLOG_RECORD={"schema":1,"event":{"kind":"syscall_result","finished_syscall_number":483}}
2026-09-10T03:16:10.653083Z  INFO detcore::io_buffers: DETLOG [iobuf][dtid 3] write out fd=4 0x3fffdae0+4096->1797ecdc67b266d5d8e2cbaccde6ba94832bf9fd692130f814eab087cb45d26f chunks=512:be9da2c7,be9da2c7,be9da2c7,be9da2c7,be9da2c7,be9da2c7,be9da2c7,be9da2c7 DETLOG_RECORD={"schema":1,"event":{"kind":"other"}}
2026-09-10T03:16:10.653104Z  INFO detcore: DETLOG [syscall][detcore, dtid 3] inbound syscall: write(4, 0x3fffdae0, 4096) = ? DETLOG_RECORD={"schema":1,"event":{"kind":"syscall"}}
2026-09-10T03:16:10.653130Z  INFO detcore: DETLOG [syscall][detcore, dtid 3] finish syscall #484: write(4, 0x3fffdae0, 4096) = Ok(4096) DETLOG_RECORD={"schema":1,"event":{"kind":"syscall_result","finished_syscall_number":484}}
2026-09-10T03:16:10.653187Z  INFO detcore::io_buffers: DETLOG [iobuf][dtid 3] write out fd=4 0x3fffdae0+4096->1797ecdc67b266d5d8e2cbaccde6ba94832bf9fd692130f814eab087cb45d26f chunks=512:be9da2c7,be9da2c7,be9da2c7,be9da2c7,be9da2c7,be9da2c7,be9da2c7,be9da2c7 DETLOG_RECORD={"schema":1,"event":{"kind":"other"}}
2026-09-10T03:16:10.653208Z  INFO detcore: DETLOG [syscall][detcore, dtid 3] inbound syscall: write(4, 0x3fffdae0, 4096) = ? DETLOG_RECORD={"schema":1,"event":{"kind":"syscall"}}
2026-09-10T03:16:10.653234Z  INFO detcore: DETLOG [syscall][detcore, dtid 3] finish syscall #485: write(4, 0x3fffdae0, 4096) = Ok(4096) DETLOG_RECORD={"schema":1,"event":{"kind":"syscall_result","finished_syscall_number":485}}
2026-09-10T03:16:10.653291Z  INFO detcore::io_buffers: DETLOG [iobuf][dtid 3] write out fd=4 0x3fffdae0+4096->1797ecdc67b266d5d8e2cbaccde6ba94832bf9fd692130f814eab087cb45d26f chunks=512:be9da2c7,be9da2c7,be9da2c7,be9da2c7,be9da2c7,be9da2c7,be9da2c7,be9da2c7 DETLOG_RECORD={"schema":1,"event":{"kind":"other"}}
2026-09-10T03:16:10.653312Z  INFO detcore: DETLOG [syscall][detcore, dtid 3] inbound syscall: write(4, 0x3fffdae0, 4096) = ? DETLOG_RECORD={"schema":1,"event":{"kind":"syscall"}}
2026-09-10T03:16:10.653341Z  INFO detcore: DETLOG [syscall][detcore, dtid 3] finish syscall #486: write(4, 0x3fffdae0, 4096) = Ok(4096) DETLOG_RECORD={"schema":1,"event":{"kind":"syscall_result","finished_syscall_number":486}}
2026-09-10T03:16:10.653400Z  INFO detcore::io_buffers: DETLOG [iobuf][dtid 3] write out fd=4 0x3fffdae0+4096->1797ecdc67b266d5d8e2cbaccde6ba94832bf9fd692130f814eab087cb45d26f chunks=512:be9da2c7,be9da2c7,be9da2c7,be9da2c7,be9da2c7,be9da2c7,be9da2c7,be9da2c7 DETLOG_RECORD={"schema":1,"event":{"kind":"other"}}
2026-09-10T03:16:10.653421Z  INFO detcore: DETLOG [syscall][detcore, dtid 3] inbound syscall: write(4, 0x3fffdae0, 4096) = ? DETLOG_RECORD={"schema":1,"event":{"kind":"syscall"}}
2026-09-10T03:16:10.653448Z  INFO detcore: DETLOG [syscall][detcore, dtid 3] finish syscall #487: write(4, 0x3fffdae0, 4096) = Ok(4096) DETLOG_RECORD={"schema":1,"event":{"kind":"syscall_result","finished_syscall_number":487}}
2026-09-10T03:16:10.653505Z  INFO detcore::io_buffers: DETLOG [iobuf][dtid 3] write out fd=4 0x3fffdae0+4096->1797ecdc67b266d5d8e2cbaccde6ba94832bf9fd692130f814eab087cb45d26f chunks=512:be9da2c7,be9da2c7,be9da2c7,be9da2c7,be9da2c7,be9da2c7,be9da2c7,be9da2c7 DETLOG_RECORD={"schema":1,"event":{"kind":"other"}}
2026-09-10T03:16:10.653526Z  INFO detcore: DETLOG [syscall][detcore, dtid 3] inbound syscall: write(4, 0x3fffdae0, 4096) = ? DETLOG_RECORD={"schema":1,"event":{"kind":"syscall"}}
2026-09-10T03:16:10.653553Z  INFO detcore: DETLOG [syscall][detcore, dtid 3] finish syscall #488: write(4, 0x3fffdae0, 4096) = Ok(4096) DETLOG_RECORD={"schema":1,"event":{"kind":"syscall_result","finished_syscall_number":488}}
2026-09-10T03:16:10.653609Z  INFO detcore::io_buffers: DETLOG [iobuf][dtid 3] write out fd=4 0x3fffdae0+4096->1797ecdc67b266d5d8e2cbaccde6ba94832bf9fd692130f814eab087cb45d26f chunks=512:be9da2c7,be9da2c7,be9da2c7,be9da2c7,be9da2c7,be9da2c7,be9da2c7,be9da2c7 DETLOG_RECORD={"schema":1,"event":{"kind":"other"}}
2026-09-10T03:16:10.653630Z  INFO detcore: DETLOG [syscall][detcore, dtid 3] inbound syscall: write(4, 0x3fffdae0, 4096) = ? DETLOG_RECORD={"schema":1,"event":{"kind":"syscall"}}
2026-09-10T03:16:10.653656Z  INFO detcore: DETLOG [syscall][detcore, dtid 3] finish syscall #489: write(4, 0x3fffdae0, 4096) = Ok(4096) DETLOG_RECORD={"schema":1,"event":{"kind":"syscall_result","finished_syscall_number":489}}
2026-09-10T03:16:10.653713Z  INFO detcore::io_buffers: DETLOG [iobuf][dtid 3] write out fd=4 0x3fffdae0+4096->1797ecdc67b266d5d8e2cbaccde6ba94832bf9fd692130f814eab087cb45d26f chunks=512:be9da2c7,be9da2c7,be9da2c7,be9da2c7,be9da2c7,be9da2c7,be9da2c7,be9da2c7 DETLOG_RECORD={"schema":1,"event":{"kind":"other"}}
2026-09-10T03:16:10.653734Z  INFO detcore: DETLOG [syscall][detcore, dtid 3] inbound syscall: write(4, 0x3fffdae0, 4096) = ? DETLOG_RECORD={"schema":1,"event":{"kind":"syscall"}}
2026-09-10T03:16:10.653760Z  INFO detcore: DETLOG [syscall][detcore, dtid 3] finish syscall #490: write(4, 0x3fffdae0, 4096) = Ok(4096) DETLOG_RECORD={"schema":1,"event":{"kind":"syscall_result","finished_syscall_number":490}}
2026-09-10T03:16:10.653824Z  INFO detcore::io_buffers: DETLOG [iobuf][dtid 3] write out fd=4 0x3fffdae0+4096->1797ecdc67b266d5d8e2cbaccde6ba94832bf9fd692130f814eab087cb45d26f chunks=512:be9da2c7,be9da2c7,be9da2c7,be9da2c7,be9da2c7,be9da2c7,be9da2c7,be9da2c7 DETLOG_RECORD={"schema":1,"event":{"kind":"other"}}
2026-09-10T03:16:10.653847Z  INFO detcore: DETLOG [syscall][detcore, dtid 3] inbound syscall: write(4, 0x3fffdae0, 4096) = ? DETLOG_RECORD={"schema":1,"event":{"kind":"syscall"}}
2026-09-10T03:16:10.653874Z  INFO detcore: DETLOG [syscall][detcore, dtid 3] finish syscall #491: write(4, 0x3fffdae0, 4096) = Ok(4096) DETLOG_RECORD={"schema":1,"event":{"kind":"syscall_result","finished_syscall_number":491}}
2026-09-10T03:16:10.653931Z  INFO detcore::io_buffers: DETLOG [iobuf][dtid 3] write out fd=4 0x3fffdae0+4096->1797ecdc67b266d5d8e2cbaccde6ba94832bf9fd692130f814eab087cb45d26f chunks=512:be9da2c7,be9da2c7,be9da2c7,be9da2c7,be9da2c7,be9da2c7,be9da2c7,be9da2c7 DETLOG_RECORD={"schema":1,"event":{"kind":"other"}}
2026-09-10T03:16:10.653958Z  INFO detcore: DETLOG [syscall][detcore, dtid 3] inbound syscall: write(4, 0x3fffdae0, 4096) = ? DETLOG_RECORD={"schema":1,"event":{"kind":"syscall"}}
2026-09-10T03:16:10.653987Z  INFO detcore: DETLOG [syscall][detcore, dtid 3] finish syscall #492: write(4, 0x3fffdae0, 4096) = Ok(4096) DETLOG_RECORD={"schema":1,"event":{"kind":"syscall_result","finished_syscall_number":492}}
2026-09-10T03:16:10.654044Z  INFO detcore::io_buffers: DETLOG [iobuf][dtid 3] write out fd=4 0x3fffdae0+4096->1797ecdc67b266d5d8e2cbaccde6ba94832bf9fd692130f814eab087cb45d26f chunks=512:be9da2c7,be9da2c7,be9da2c7,be9da2c7,be9da2c7,be9da2c7,be9da2c7,be9da2c7 DETLOG_RECORD={"schema":1,"event":{"kind":"other"}}
2026-09-10T03:16:10.654065Z  INFO detcore: DETLOG [syscall][detcore, dtid 3] inbound syscall: write(4, 0x3fffdae0, 4096) = ? DETLOG_RECORD={"schema":1,"event":{"kind":"syscall"}}
2026-09-10T03:16:10.654092Z  INFO detcore: DETLOG [syscall][detcore, dtid 3] finish syscall #493: write(4, 0x3fffdae0, 4096) = Ok(4096) DETLOG_RECORD={"schema":1,"event":{"kind":"syscall_result","finished_syscall_number":493}}
2026-09-10T03:16:10.654149Z  INFO detcore::io_buffers: DETLOG [iobuf][dtid 3] write out fd=4 0x3fffdae0+4096->1797ecdc67b266d5d8e2cbaccde6ba94832bf9fd692130f814eab087cb45d26f chunks=512:be9da2c7,be9da2c7,be9da2c7,be9da2c7,be9da2c7,be9da2c7,be9da2c7,be9da2c7 DETLOG_RECORD={"schema":1,"event":{"kind":"other"}}
2026-09-10T03:16:10.654170Z  INFO detcore: DETLOG [syscall][detcore, dtid 3] inbound syscall: write(4, 0x3fffdae0, 4096) = ? DETLOG_RECORD={"schema":1,"event":{"kind":"syscall"}}
2026-09-10T03:16:10.654196Z  INFO detcore: DETLOG [syscall][detcore, dtid 3] finish syscall #494: write(4, 0x3fffdae0, 4096) = Ok(4096) DETLOG_RECORD={"schema":1,"event":{"kind":"syscall_result","finished_syscall_number":494}}
2026-09-10T03:16:10.654253Z  INFO detcore::io_buffers: DETLOG [iobuf][dtid 3] write out fd=4 0x3fffdae0+4096->1797ecdc67b266d5d8e2cbaccde6ba94832bf9fd692130f814eab087cb45d26f chunks=512:be9da2c7,be9da2c7,be9da2c7,be9da2c7,be9da2c7,be9da2c7,be9da2c7,be9da2c7 DETLOG_RECORD={"schema":1,"event":{"kind":"other"}}
2026-09-10T03:16:10.654275Z  INFO detcore: DETLOG [syscall][detcore, dtid 3] inbound syscall: write(4, 0x3fffdae0, 4096) = ? DETLOG_RECORD={"schema":1,"event":{"kind":"syscall"}}
2026-09-10T03:16:10.654301Z  INFO detcore: DETLOG [syscall][detcore, dtid 3] finish syscall #495: write(4, 0x3fffdae0, 4096) = Ok(4096) DETLOG_RECORD={"schema":1,"event":{"kind":"syscall_result","finished_syscall_number":495}}
2026-09-10T03:16:10.654358Z  INFO detcore::io_buffers: DETLOG [iobuf][dtid 3] write out fd=4 0x3fffdae0+4096->1797ecdc67b266d5d8e2cbaccde6ba94832bf9fd692130f814eab087cb45d26f chunks=512:be9da2c7,be9da2c7,be9da2c7,be9da2c7,be9da2c7,be9da2c7,be9da2c7,be9da2c7 DETLOG_RECORD={"schema":1,"event":{"kind":"other"}}
2026-09-10T03:16:10.654379Z  INFO detcore: DETLOG [syscall][detcore, dtid 3] inbound syscall: write(4, 0x3fffdae0, 4096) = ? DETLOG_RECORD={"schema":1,"event":{"kind":"syscall"}}
2026-09-10T03:16:10.654405Z  INFO detcore: DETLOG [syscall][detcore, dtid 3] finish syscall #496: write(4, 0x3fffdae0, 4096) = Ok(4096) DETLOG_RECORD={"schema":1,"event":{"kind":"syscall_result","finished_syscall_number":496}}
2026-09-10T03:16:10.654462Z  INFO detcore::io_buffers: DETLOG [iobuf][dtid 3] write out fd=4 0x3fffdae0+4096->1797ecdc67b266d5d8e2cbaccde6ba94832bf9fd692130f814eab087cb45d26f chunks=512:be9da2c7,be9da2c7,be9da2c7,be9da2c7,be9da2c7,be9da2c7,be9da2c7,be9da2c7 DETLOG_RECORD={"schema":1,"event":{"kind":"other"}}
2026-09-10T03:16:10.654484Z  INFO detcore: DETLOG [syscall][detcore, dtid 3] inbound syscall: write(4, 0x3fffdae0, 4096) = ? DETLOG_RECORD={"schema":1,"event":{"kind":"syscall"}}
2026-09-10T03:16:10.654510Z  INFO detcore: DETLOG [syscall][detcore, dtid 3] finish syscall #497: write(4, 0x3fffdae0, 4096) = Ok(4096) DETLOG_RECORD={"schema":1,"event":{"kind":"syscall_result","finished_syscall_number":497}}
2026-09-10T03:16:10.654570Z  INFO detcore::io_buffers: DETLOG [iobuf][dtid 3] write out fd=4 0x3fffdae0+4096->1797ecdc67b266d5d8e2cbaccde6ba94832bf9fd692130f814eab087cb45d26f chunks=512:be9da2c7,be9da2c7,be9da2c7,be9da2c7,be9da2c7,be9da2c7,be9da2c7,be9da2c7 DETLOG_RECORD={"schema":1,"event":{"kind":"other"}}
2026-09-10T03:16:10.654592Z  INFO detcore: DETLOG [syscall][detcore, dtid 3] inbound syscall: write(4, 0x3fffdae0, 4096) = ? DETLOG_RECORD={"schema":1,"event":{"kind":"syscall"}}
2026-09-10T03:16:10.654619Z  INFO detcore: DETLOG [syscall][detcore, dtid 3] finish syscall #498: write(4, 0x3fffdae0, 4096) = Ok(4096) DETLOG_RECORD={"schema":1,"event":{"kind":"syscall_result","finished_syscall_number":498}}
2026-09-10T03:16:10.654676Z  INFO detcore::io_buffers: DETLOG [iobuf][dtid 3] write out fd=4 0x3fffdae0+4096->1797ecdc67b266d5d8e2cbaccde6ba94832bf9fd692130f814eab087cb45d26f chunks=512:be9da2c7,be9da2c7,be9da2c7,be9da2c7,be9da2c7,be9da2c7,be9da2c7,be9da2c7 DETLOG_RECORD={"schema":1,"event":{"kind":"other"}}
2026-09-10T03:16:10.654697Z  INFO detcore: DETLOG [syscall][detcore, dtid 3] inbound syscall: write(4, 0x3fffdae0, 4096) = ? DETLOG_RECORD={"schema":1,"event":{"kind":"syscall"}}
2026-09-10T03:16:10.654724Z  INFO detcore: DETLOG [syscall][detcore, dtid 3] finish syscall #499: write(4, 0x3fffdae0, 4096) = Ok(4096) DETLOG_RECORD={"schema":1,"event":{"kind":"syscall_result","finished_syscall_number":499}}
2026-09-10T03:16:10.654789Z  INFO detcore::io_buffers: DETLOG [iobuf][dtid 3] write out fd=4 0x3fffdae0+4096->1797ecdc67b266d5d8e2cbaccde6ba94832bf9fd692130f814eab087cb45d26f chunks=512:be9da2c7,be9da2c7,be9da2c7,be9da2c7,be9da2c7,be9da2c7,be9da2c7,be9da2c7 DETLOG_RECORD={"schema":1,"event":{"kind":"other"}}
2026-09-10T03:16:10.654814Z  INFO detcore: DETLOG [syscall][detcore, dtid 3] inbound syscall: write(4, 0x3fffdae0, 4096) = ? DETLOG_RECORD={"schema":1,"event":{"kind":"syscall"}}
2026-09-10T03:16:10.654843Z  INFO detcore: DETLOG [syscall][detcore, dtid 3] finish syscall #500: write(4, 0x3fffdae0, 4096) = Ok(4096) DETLOG_RECORD={"schema":1,"event":{"kind":"syscall_result","finished_syscall_number":500}}
2026-09-10T03:16:10.654901Z  INFO detcore::io_buffers: DETLOG [iobuf][dtid 3] write out fd=4 0x3fffdae0+4096->1797ecdc67b266d5d8e2cbaccde6ba94832bf9fd692130f814eab087cb45d26f chunks=512:be9da2c7,be9da2c7,be9da2c7,be9da2c7,be9da2c7,be9da2c7,be9da2c7,be9da2c7 DETLOG_RECORD={"schema":1,"event":{"kind":"other"}}
2026-09-10T03:16:10.654923Z  INFO detcore: DETLOG [syscall][detcore, dtid 3] inbound syscall: write(4, 0x3fffdae0, 4096) = ? DETLOG_RECORD={"schema":1,"event":{"kind":"syscall"}}
2026-09-10T03:16:10.654949Z  INFO detcore: DETLOG [syscall][detcore, dtid 3] finish syscall #501: write(4, 0x3fffdae0, 4096) = Ok(4096) DETLOG_RECORD={"schema":1,"event":{"kind":"syscall_result","finished_syscall_number":501}}
2026-09-10T03:16:10.655007Z  INFO detcore::io_buffers: DETLOG [iobuf][dtid 3] write out fd=4 0x3fffdae0+4096->1797ecdc67b266d5d8e2cbaccde6ba94832bf9fd692130f814eab087cb45d26f chunks=512:be9da2c7,be9da2c7,be9da2c7,be9da2c7,be9da2c7,be9da2c7,be9da2c7,be9da2c7 DETLOG_RECORD={"schema":1,"event":{"kind":"other"}}
2026-09-10T03:16:10.655029Z  INFO detcore: DETLOG [syscall][detcore, dtid 3] inbound syscall: write(4, 0x3fffdae0, 4096) = ? DETLOG_RECORD={"schema":1,"event":{"kind":"syscall"}}
2026-09-10T03:16:10.655055Z  INFO detcore: DETLOG [syscall][detcore, dtid 3] finish syscall #502: write(4, 0x3fffdae0, 4096) = Ok(4096) DETLOG_RECORD={"schema":1,"event":{"kind":"syscall_result","finished_syscall_number":502}}
2026-09-10T03:16:10.655112Z  INFO detcore::io_buffers: DETLOG [iobuf][dtid 3] write out fd=4 0x3fffdae0+4096->1797ecdc67b266d5d8e2cbaccde6ba94832bf9fd692130f814eab087cb45d26f chunks=512:be9da2c7,be9da2c7,be9da2c7,be9da2c7,be9da2c7,be9da2c7,be9da2c7,be9da2c7 DETLOG_RECORD={"schema":1,"event":{"kind":"other"}}
2026-09-10T03:16:10.655133Z  INFO detcore: DETLOG [syscall][detcore, dtid 3] inbound syscall: write(4, 0x3fffdae0, 4096) = ? DETLOG_RECORD={"schema":1,"event":{"kind":"syscall"}}
2026-09-10T03:16:10.655162Z  INFO detcore: DETLOG [syscall][detcore, dtid 3] finish syscall #503: write(4, 0x3fffdae0, 4096) = Ok(4096) DETLOG_RECORD={"schema":1,"event":{"kind":"syscall_result","finished_syscall_number":503}}
2026-09-10T03:16:10.655222Z  INFO detcore::io_buffers: DETLOG [iobuf][dtid 3] write out fd=4 0x3fffdae0+4096->1797ecdc67b266d5d8e2cbaccde6ba94832bf9fd692130f814eab087cb45d26f chunks=512:be9da2c7,be9da2c7,be9da2c7,be9da2c7,be9da2c7,be9da2c7,be9da2c7,be9da2c7 DETLOG_RECORD={"schema":1,"event":{"kind":"other"}}
2026-09-10T03:16:10.655243Z  INFO detcore: DETLOG [syscall][detcore, dtid 3] inbound syscall: write(4, 0x3fffdae0, 4096) = ? DETLOG_RECORD={"schema":1,"event":{"kind":"syscall"}}
2026-09-10T03:16:10.655270Z  INFO detcore: DETLOG [syscall][detcore, dtid 3] finish syscall #504: write(4, 0x3fffdae0, 4096) = Ok(4096) DETLOG_RECORD={"schema":1,"event":{"kind":"syscall_result","finished_syscall_number":504}}
2026-09-10T03:16:10.655328Z  INFO detcore::io_buffers: DETLOG [iobuf][dtid 3] write out fd=4 0x3fffdae0+4096->1797ecdc67b266d5d8e2cbaccde6ba94832bf9fd692130f814eab087cb45d26f chunks=512:be9da2c7,be9da2c7,be9da2c7,be9da2c7,be9da2c7,be9da2c7,be9da2c7,be9da2c7 DETLOG_RECORD={"schema":1,"event":{"kind":"other"}}
2026-09-10T03:16:10.655350Z  INFO detcore: DETLOG [syscall][detcore, dtid 3] inbound syscall: write(4, 0x3fffdae0, 4096) = ? DETLOG_RECORD={"schema":1,"event":{"kind":"syscall"}}
2026-09-10T03:16:10.655376Z  INFO detcore: DETLOG [syscall][detcore, dtid 3] finish syscall #505: write(4, 0x3fffdae0, 4096) = Ok(4096) DETLOG_RECORD={"schema":1,"event":{"kind":"syscall_result","finished_syscall_number":505}}
2026-09-10T03:16:10.655433Z  INFO detcore::io_buffers: DETLOG [iobuf][dtid 3] write out fd=4 0x3fffdae0+4096->1797ecdc67b266d5d8e2cbaccde6ba94832bf9fd692130f814eab087cb45d26f chunks=512:be9da2c7,be9da2c7,be9da2c7,be9da2c7,be9da2c7,be9da2c7,be9da2c7,be9da2c7 DETLOG_RECORD={"schema":1,"event":{"kind":"other"}}
2026-09-10T03:16:10.655454Z  INFO detcore: DETLOG [syscall][detcore, dtid 3] inbound syscall: write(4, 0x3fffdae0, 4096) = ? DETLOG_RECORD={"schema":1,"event":{"kind":"syscall"}}
2026-09-10T03:16:10.655480Z  INFO detcore: DETLOG [syscall][detcore, dtid 3] finish syscall #506: write(4, 0x3fffdae0, 4096) = Ok(4096) DETLOG_RECORD={"schema":1,"event":{"kind":"syscall_result","finished_syscall_number":506}}
2026-09-10T03:16:10.655538Z  INFO detcore::io_buffers: DETLOG [iobuf][dtid 3] write out fd=4 0x3fffdae0+4096->1797ecdc67b266d5d8e2cbaccde6ba94832bf9fd692130f814eab087cb45d26f chunks=512:be9da2c7,be9da2c7,be9da2c7,be9da2c7,be9da2c7,be9da2c7,be9da2c7,be9da2c7 DETLOG_RECORD={"schema":1,"event":{"kind":"other"}}
2026-09-10T03:16:10.655559Z  INFO detcore: DETLOG [syscall][detcore, dtid 3] inbound syscall: write(4, 0x3fffdae0, 4096) = ? DETLOG_RECORD={"schema":1,"event":{"kind":"syscall"}}
2026-09-10T03:16:10.655585Z  INFO detcore: DETLOG [syscall][detcore, dtid 3] finish syscall #507: write(4, 0x3fffdae0, 4096) = Ok(4096) DETLOG_RECORD={"schema":1,"event":{"kind":"syscall_result","finished_syscall_number":507}}
2026-09-10T03:16:10.655641Z  INFO detcore::io_buffers: DETLOG [iobuf][dtid 3] write out fd=4 0x3fffdae0+4096->1797ecdc67b266d5d8e2cbaccde6ba94832bf9fd692130f814eab087cb45d26f chunks=512:be9da2c7,be9da2c7,be9da2c7,be9da2c7,be9da2c7,be9da2c7,be9da2c7,be9da2c7 DETLOG_RECORD={"schema":1,"event":{"kind":"other"}}
2026-09-10T03:16:10.655662Z  INFO detcore: DETLOG [syscall][detcore, dtid 3] inbound syscall: write(4, 0x3fffdae0, 4096) = ? DETLOG_RECORD={"schema":1,"event":{"kind":"syscall"}}
2026-09-10T03:16:10.655688Z  INFO detcore: DETLOG [syscall][detcore, dtid 3] finish syscall #508: write(4, 0x3fffdae0, 4096) = Ok(4096) DETLOG_RECORD={"schema":1,"event":{"kind":"syscall_result","finished_syscall_number":508}}
2026-09-10T03:16:10.655746Z  INFO detcore::io_buffers: DETLOG [iobuf][dtid 3] write out fd=4 0x3fffdae0+4096->1797ecdc67b266d5d8e2cbaccde6ba94832bf9fd692130f814eab087cb45d26f chunks=512:be9da2c7,be9da2c7,be9da2c7,be9da2c7,be9da2c7,be9da2c7,be9da2c7,be9da2c7 DETLOG_RECORD={"schema":1,"event":{"kind":"other"}}
2026-09-10T03:16:10.655769Z  INFO detcore: DETLOG [syscall][detcore, dtid 3] inbound syscall: write(4, 0x3fffdae0, 4096) = ? DETLOG_RECORD={"schema":1,"event":{"kind":"syscall"}}
2026-09-10T03:16:10.655812Z  INFO detcore: DETLOG [syscall][detcore, dtid 3] finish syscall #509: write(4, 0x3fffdae0, 4096) = Ok(4096) DETLOG_RECORD={"schema":1,"event":{"kind":"syscall_result","finished_syscall_number":509}}
2026-09-10T03:16:10.655870Z  INFO detcore::io_buffers: DETLOG [iobuf][dtid 3] write out fd=4 0x3fffdae0+4096->1797ecdc67b266d5d8e2cbaccde6ba94832bf9fd692130f814eab087cb45d26f chunks=512:be9da2c7,be9da2c7,be9da2c7,be9da2c7,be9da2c7,be9da2c7,be9da2c7,be9da2c7 DETLOG_RECORD={"schema":1,"event":{"kind":"other"}}
2026-09-10T03:16:10.655895Z  INFO detcore: DETLOG [syscall][detcore, dtid 3] inbound syscall: write(4, 0x3fffdae0, 4096) = ? DETLOG_RECORD={"schema":1,"event":{"kind":"syscall"}}
2026-09-10T03:16:10.655923Z  INFO detcore: DETLOG [syscall][detcore, dtid 3] finish syscall #510: write(4, 0x3fffdae0, 4096) = Ok(4096) DETLOG_RECORD={"schema":1,"event":{"kind":"syscall_result","finished_syscall_number":510}}
2026-09-10T03:16:10.655980Z  INFO detcore::io_buffers: DETLOG [iobuf][dtid 3] write out fd=4 0x3fffdae0+4096->1797ecdc67b266d5d8e2cbaccde6ba94832bf9fd692130f814eab087cb45d26f chunks=512:be9da2c7,be9da2c7,be9da2c7,be9da2c7,be9da2c7,be9da2c7,be9da2c7,be9da2c7 DETLOG_RECORD={"schema":1,"event":{"kind":"other"}}
2026-09-10T03:16:10.656003Z  INFO detcore: DETLOG [syscall][detcore, dtid 3] inbound syscall: write(4, 0x3fffdae0, 4096) = ? DETLOG_RECORD={"schema":1,"event":{"kind":"syscall"}}
2026-09-10T03:16:10.656030Z  INFO detcore: DETLOG [syscall][detcore, dtid 3] finish syscall #511: write(4, 0x3fffdae0, 4096) = Ok(4096) DETLOG_RECORD={"schema":1,"event":{"kind":"syscall_result","finished_syscall_number":511}}
2026-09-10T03:16:10.656088Z  INFO detcore::io_buffers: DETLOG [iobuf][dtid 3] write out fd=4 0x3fffdae0+4096->1797ecdc67b266d5d8e2cbaccde6ba94832bf9fd692130f814eab087cb45d26f chunks=512:be9da2c7,be9da2c7,be9da2c7,be9da2c7,be9da2c7,be9da2c7,be9da2c7,be9da2c7 DETLOG_RECORD={"schema":1,"event":{"kind":"other"}}
2026-09-10T03:16:10.656110Z  INFO detcore: DETLOG [syscall][detcore, dtid 3] inbound syscall: write(4, 0x3fffdae0, 4096) = ? DETLOG_RECORD={"schema":1,"event":{"kind":"syscall"}}
2026-09-10T03:16:10.656137Z  INFO detcore: DETLOG [syscall][detcore, dtid 3] finish syscall #512: write(4, 0x3fffdae0, 4096) = Ok(4096) DETLOG_RECORD={"schema":1,"event":{"kind":"syscall_result","finished_syscall_number":512}}
2026-09-10T03:16:10.656194Z  INFO detcore::io_buffers: DETLOG [iobuf][dtid 3] write out fd=4 0x3fffdae0+4096->1797ecdc67b266d5d8e2cbaccde6ba94832bf9fd692130f814eab087cb45d26f chunks=512:be9da2c7,be9da2c7,be9da2c7,be9da2c7,be9da2c7,be9da2c7,be9da2c7,be9da2c7 DETLOG_RECORD={"schema":1,"event":{"kind":"other"}}
2026-09-10T03:16:10.656215Z  INFO detcore: DETLOG [syscall][detcore, dtid 3] inbound syscall: write(4, 0x3fffdae0, 4096) = ? DETLOG_RECORD={"schema":1,"event":{"kind":"syscall"}}
2026-09-10T03:16:10.656241Z  INFO detcore: DETLOG [syscall][detcore, dtid 3] finish syscall #513: write(4, 0x3fffdae0, 4096) = Ok(4096) DETLOG_RECORD={"schema":1,"event":{"kind":"syscall_result","finished_syscall_number":513}}
2026-09-10T03:16:10.656297Z  INFO detcore::io_buffers: DETLOG [iobuf][dtid 3] write out fd=4 0x3fffdae0+4096->1797ecdc67b266d5d8e2cbaccde6ba94832bf9fd692130f814eab087cb45d26f chunks=512:be9da2c7,be9da2c7,be9da2c7,be9da2c7,be9da2c7,be9da2c7,be9da2c7,be9da2c7 DETLOG_RECORD={"schema":1,"event":{"kind":"other"}}
2026-09-10T03:16:10.656318Z  INFO detcore: DETLOG [syscall][detcore, dtid 3] inbound syscall: write(4, 0x3fffdae0, 4096) = ? DETLOG_RECORD={"schema":1,"event":{"kind":"syscall"}}
2026-09-10T03:16:10.656344Z  INFO detcore: DETLOG [syscall][detcore, dtid 3] finish syscall #514: write(4, 0x3fffdae0, 4096) = Ok(4096) DETLOG_RECORD={"schema":1,"event":{"kind":"syscall_result","finished_syscall_number":514}}
2026-09-10T03:16:10.656401Z  INFO detcore::io_buffers: DETLOG [iobuf][dtid 3] write out fd=4 0x3fffdae0+4096->1797ecdc67b266d5d8e2cbaccde6ba94832bf9fd692130f814eab087cb45d26f chunks=512:be9da2c7,be9da2c7,be9da2c7,be9da2c7,be9da2c7,be9da2c7,be9da2c7,be9da2c7 DETLOG_RECORD={"schema":1,"event":{"kind":"other"}}
2026-09-10T03:16:10.656424Z  INFO detcore: DETLOG [syscall][detcore, dtid 3] inbound syscall: write(4, 0x3fffdae0, 4096) = ? DETLOG_RECORD={"schema":1,"event":{"kind":"syscall"}}
2026-09-10T03:16:10.656454Z  INFO detcore: DETLOG [syscall][detcore, dtid 3] finish syscall #515: write(4, 0x3fffdae0, 4096) = Ok(4096) DETLOG_RECORD={"schema":1,"event":{"kind":"syscall_result","finished_syscall_number":515}}
2026-09-10T03:16:10.656511Z  INFO detcore::io_buffers: DETLOG [iobuf][dtid 3] write out fd=4 0x3fffdae0+4096->1797ecdc67b266d5d8e2cbaccde6ba94832bf9fd692130f814eab087cb45d26f chunks=512:be9da2c7,be9da2c7,be9da2c7,be9da2c7,be9da2c7,be9da2c7,be9da2c7,be9da2c7 DETLOG_RECORD={"schema":1,"event":{"kind":"other"}}
2026-09-10T03:16:10.656532Z  INFO detcore: DETLOG [syscall][detcore, dtid 3] inbound syscall: write(4, 0x3fffdae0, 4096) = ? DETLOG_RECORD={"schema":1,"event":{"kind":"syscall"}}
2026-09-10T03:16:10.656559Z  INFO detcore: DETLOG [syscall][detcore, dtid 3] finish syscall #516: write(4, 0x3fffdae0, 4096) = Ok(4096) DETLOG_RECORD={"schema":1,"event":{"kind":"syscall_result","finished_syscall_number":516}}
2026-09-10T03:16:10.656615Z  INFO detcore::io_buffers: DETLOG [iobuf][dtid 3] write out fd=4 0x3fffdae0+4096->1797ecdc67b266d5d8e2cbaccde6ba94832bf9fd692130f814eab087cb45d26f chunks=512:be9da2c7,be9da2c7,be9da2c7,be9da2c7,be9da2c7,be9da2c7,be9da2c7,be9da2c7 DETLOG_RECORD={"schema":1,"event":{"kind":"other"}}
2026-09-10T03:16:10.656636Z  INFO detcore: DETLOG [syscall][detcore, dtid 3] inbound syscall: write(4, 0x3fffdae0, 4096) = ? DETLOG_RECORD={"schema":1,"event":{"kind":"syscall"}}
2026-09-10T03:16:10.656663Z  INFO detcore: DETLOG [syscall][detcore, dtid 3] finish syscall #517: write(4, 0x3fffdae0, 4096) = Ok(4096) DETLOG_RECORD={"schema":1,"event":{"kind":"syscall_result","finished_syscall_number":517}}
2026-09-10T03:16:10.656719Z  INFO detcore::io_buffers: DETLOG [iobuf][dtid 3] write out fd=4 0x3fffdae0+4096->1797ecdc67b266d5d8e2cbaccde6ba94832bf9fd692130f814eab087cb45d26f chunks=512:be9da2c7,be9da2c7,be9da2c7,be9da2c7,be9da2c7,be9da2c7,be9da2c7,be9da2c7 DETLOG_RECORD={"schema":1,"event":{"kind":"other"}}
2026-09-10T03:16:10.656740Z  INFO detcore: DETLOG [syscall][detcore, dtid 3] inbound syscall: write(4, 0x3fffdae0, 4096) = ? DETLOG_RECORD={"schema":1,"event":{"kind":"syscall"}}
2026-09-10T03:16:10.656766Z  INFO detcore: DETLOG [syscall][detcore, dtid 3] finish syscall #518: write(4, 0x3fffdae0, 4096) = Ok(4096) DETLOG_RECORD={"schema":1,"event":{"kind":"syscall_result","finished_syscall_number":518}}
2026-09-10T03:16:10.656828Z  INFO detcore::io_buffers: DETLOG [iobuf][dtid 3] write out fd=4 0x3fffdae0+4096->1797ecdc67b266d5d8e2cbaccde6ba94832bf9fd692130f814eab087cb45d26f chunks=512:be9da2c7,be9da2c7,be9da2c7,be9da2c7,be9da2c7,be9da2c7,be9da2c7,be9da2c7 DETLOG_RECORD={"schema":1,"event":{"kind":"other"}}
2026-09-10T03:16:10.656850Z  INFO detcore: DETLOG [syscall][detcore, dtid 3] inbound syscall: write(4, 0x3fffdae0, 4096) = ? DETLOG_RECORD={"schema":1,"event":{"kind":"syscall"}}
2026-09-10T03:16:10.656876Z  INFO detcore: DETLOG [syscall][detcore, dtid 3] finish syscall #519: write(4, 0x3fffdae0, 4096) = Ok(4096) DETLOG_RECORD={"schema":1,"event":{"kind":"syscall_result","finished_syscall_number":519}}
2026-09-10T03:16:10.656933Z  INFO detcore::io_buffers: DETLOG [iobuf][dtid 3] write out fd=4 0x3fffdae0+4096->1797ecdc67b266d5d8e2cbaccde6ba94832bf9fd692130f814eab087cb45d26f chunks=512:be9da2c7,be9da2c7,be9da2c7,be9da2c7,be9da2c7,be9da2c7,be9da2c7,be9da2c7 DETLOG_RECORD={"schema":1,"event":{"kind":"other"}}
2026-09-10T03:16:10.656954Z  INFO detcore: DETLOG [syscall][detcore, dtid 3] inbound syscall: write(4, 0x3fffdae0, 4096) = ? DETLOG_RECORD={"schema":1,"event":{"kind":"syscall"}}
2026-09-10T03:16:10.656980Z  INFO detcore: DETLOG [syscall][detcore, dtid 3] finish syscall #520: write(4, 0x3fffdae0, 4096) = Ok(4096) DETLOG_RECORD={"schema":1,"event":{"kind":"syscall_result","finished_syscall_number":520}}
2026-09-10T03:16:10.657039Z  INFO detcore::io_buffers: DETLOG [iobuf][dtid 3] write out fd=4 0x3fffdae0+4096->1797ecdc67b266d5d8e2cbaccde6ba94832bf9fd692130f814eab087cb45d26f chunks=512:be9da2c7,be9da2c7,be9da2c7,be9da2c7,be9da2c7,be9da2c7,be9da2c7,be9da2c7 DETLOG_RECORD={"schema":1,"event":{"kind":"other"}}
2026-09-10T03:16:10.657063Z  INFO detcore: DETLOG [syscall][detcore, dtid 3] inbound syscall: write(4, 0x3fffdae0, 4096) = ? DETLOG_RECORD={"schema":1,"event":{"kind":"syscall"}}
2026-09-10T03:16:10.657090Z  INFO detcore: DETLOG [syscall][detcore, dtid 3] finish syscall #521: write(4, 0x3fffdae0, 4096) = Ok(4096) DETLOG_RECORD={"schema":1,"event":{"kind":"syscall_result","finished_syscall_number":521}}
2026-09-10T03:16:10.657147Z  INFO detcore::io_buffers: DETLOG [iobuf][dtid 3] write out fd=4 0x3fffdae0+4096->1797ecdc67b266d5d8e2cbaccde6ba94832bf9fd692130f814eab087cb45d26f chunks=512:be9da2c7,be9da2c7,be9da2c7,be9da2c7,be9da2c7,be9da2c7,be9da2c7,be9da2c7 DETLOG_RECORD={"schema":1,"event":{"kind":"other"}}
2026-09-10T03:16:10.657168Z  INFO detcore: DETLOG [syscall][detcore, dtid 3] inbound syscall: write(4, 0x3fffdae0, 4096) = ? DETLOG_RECORD={"schema":1,"event":{"kind":"syscall"}}
2026-09-10T03:16:10.657194Z  INFO detcore: DETLOG [syscall][detcore, dtid 3] finish syscall #522: write(4, 0x3fffdae0, 4096) = Ok(4096) DETLOG_RECORD={"schema":1,"event":{"kind":"syscall_result","finished_syscall_number":522}}
2026-09-10T03:16:10.657251Z  INFO detcore::io_buffers: DETLOG [iobuf][dtid 3] write out fd=4 0x3fffdae0+4096->1797ecdc67b266d5d8e2cbaccde6ba94832bf9fd692130f814eab087cb45d26f chunks=512:be9da2c7,be9da2c7,be9da2c7,be9da2c7,be9da2c7,be9da2c7,be9da2c7,be9da2c7 DETLOG_RECORD={"schema":1,"event":{"kind":"other"}}
2026-09-10T03:16:10.657272Z  INFO detcore: DETLOG [syscall][detcore, dtid 3] inbound syscall: write(4, 0x3fffdae0, 4096) = ? DETLOG_RECORD={"schema":1,"event":{"kind":"syscall"}}
2026-09-10T03:16:10.657299Z  INFO detcore: DETLOG [syscall][detcore, dtid 3] finish syscall #523: write(4, 0x3fffdae0, 4096) = Err(Errno(EAGAIN)) DETLOG_RECORD={"schema":1,"event":{"kind":"syscall_result","finished_syscall_number":523}}
2026-09-10T03:16:10.657321Z  INFO detcore: DETLOG [syscall][detcore, dtid 3] inbound syscall: fcntl(4, F_SETFL, 2) = ? DETLOG_RECORD={"schema":1,"event":{"kind":"syscall"}}
2026-09-10T03:16:10.657348Z  INFO detcore: DETLOG [syscall][detcore, dtid 3] finish syscall #524: fcntl(4, F_SETFL, 2) = Ok(0) DETLOG_RECORD={"schema":1,"event":{"kind":"syscall_result","finished_syscall_number":524}}
2026-09-10T03:16:10.657370Z  INFO detcore: DETLOG [syscall][detcore, dtid 3] inbound syscall: rt_sigprocmask(0, 0x12f7820, 0x3fffea30, 8) = ? DETLOG_RECORD={"schema":1,"event":{"kind":"syscall"}}
2026-09-10T03:16:10.657401Z  INFO detcore: DETLOG [syscall][detcore, dtid 3] finish syscall #525: rt_sigprocmask(0, 0x12f7820, 0x3fffea30, 8) = Ok(0) DETLOG_RECORD={"schema":1,"event":{"kind":"syscall_result","finished_syscall_number":525}}
2026-09-10T03:16:10.657438Z  INFO detcore: DETLOG [syscall][detcore, dtid 3] inbound syscall: clone3(0x3fffe8f0, 88) = ? DETLOG_RECORD={"schema":1,"event":{"kind":"syscall"}}
2026-09-10T03:16:10.657924Z  INFO detcore::tool_local: DETLOG RNG USER RAND seeding child User pedigree PPPPPPPPC: [128, 161, 59, 161, 235, 181, 179, 165, 173, 139, 80, 56, 94, 188, 110, 44] from parent Mcg128Xsl64 {} DETLOG_RECORD={"schema":1,"event":{"kind":"other"}}
2026-09-10T03:16:10.657959Z  INFO detcore::tool_local: DETLOG RNG CHAOSRAND seeding child Chaos pedigree PPPPPPPPC: [91, 222, 59, 99, 190, 120, 228, 234, 54, 176, 200, 9, 37, 131, 42, 126] from parent Mcg128Xsl64 {} DETLOG_RECORD={"schema":1,"event":{"kind":"other"}}
2026-09-10T03:16:10.658242Z  INFO detcore::scheduler: [sched-step5] >>>>>>>

 COMMIT turn 697, dettid 12 using resources {MemAddrSpace(DetPid(3)): RW}, on previously committed 1_767_225_600.217_365_750s DETLOG_RECORD={"schema":1,"event":{"kind":"scheduler_commit","scheduler_turn":697,"virtual_nanoseconds":1767225600217365750,"internal_io_poll":false,"runtime_maps_read":false}}
2026-09-10T03:16:10.658298Z  INFO detcore::tool_global: [detcore, dtid 12] New thread given go-ahead to proceed via <ivar Go(None)>
2026-09-10T03:16:10.658463Z  INFO detcore: DETLOG [syscall][detcore, dtid 12] inbound syscall: set_robust_list(0x1b51920, 24) = ? DETLOG_RECORD={"schema":1,"event":{"kind":"syscall"}}
2026-09-10T03:16:10.658525Z  INFO detcore: DETLOG [syscall][detcore, dtid 12] finish syscall #1: set_robust_list(0x1b51920, 24) = Ok(0) DETLOG_RECORD={"schema":1,"event":{"kind":"syscall_result","finished_syscall_number":1}}
2026-09-10T03:16:10.658558Z  INFO detcore: DETLOG [syscall][detcore, dtid 12] inbound syscall: rt_sigprocmask(2, 0x1b51f30, NULL, 8) = ? DETLOG_RECORD={"schema":1,"event":{"kind":"syscall"}}
2026-09-10T03:16:10.658594Z  INFO detcore: DETLOG [syscall][detcore, dtid 12] finish syscall #2: rt_sigprocmask(2, 0x1b51f30, NULL, 8) = Ok(0) DETLOG_RECORD={"schema":1,"event":{"kind":"syscall_result","finished_syscall_number":2}}
2026-09-10T03:16:10.658628Z  INFO detcore: DETLOG [syscall][detcore, dtid 12] inbound syscall: clock_nanosleep(CLOCK_REALTIME, 0, 0x1b50e30, 0x1b50e30) = ? DETLOG_RECORD={"schema":1,"event":{"kind":"syscall"}}
2026-09-10T03:16:10.658707Z  INFO detcore::scheduler: [sched-step5] >>>>>>>

 COMMIT turn 698, dettid 3 using resources {ParentContinue { parent: DetPid(3), child: DetPid(12) }: W}, on previously committed 1_767_225_600.224_029_000s DETLOG_RECORD={"schema":1,"event":{"kind":"scheduler_commit","scheduler_turn":698,"virtual_nanoseconds":1767225600224029000,"internal_io_poll":false,"runtime_maps_read":false}}
2026-09-10T03:16:10.658783Z  INFO detcore: DETLOG [syscall][detcore, dtid 3] finish syscall #526: clone3(0x3fffe8f0, 88) = Ok(12) DETLOG_RECORD={"schema":1,"event":{"kind":"syscall_result","finished_syscall_number":526}}
2026-09-10T03:16:10.658825Z  INFO detcore: DETLOG [syscall][detcore, dtid 3] inbound syscall: rt_sigprocmask(2, 0x3fffea30, NULL, 8) = ? DETLOG_RECORD={"schema":1,"event":{"kind":"syscall"}}
2026-09-10T03:16:10.658858Z  INFO detcore: DETLOG [syscall][detcore, dtid 3] finish syscall #527: rt_sigprocmask(2, 0x3fffea30, NULL, 8) = Ok(0) DETLOG_RECORD={"schema":1,"event":{"kind":"syscall_result","finished_syscall_number":527}}
2026-09-10T03:16:10.658896Z  INFO detcore: DETLOG [syscall][detcore, dtid 3] inbound syscall: pwritev2(4, 0x3fffeb60, 2, 18446744073709551615, 0, 0) = ? DETLOG_RECORD={"schema":1,"event":{"kind":"syscall"}}
2026-09-10T03:16:10.658955Z  INFO detcore::scheduler: [scheduler] >>>>>>>

 NONCOMMIT turn 699, SKIP dettid 12 which wanted resource SleepUntil(LogicalTime(1767225600243529000)) (blocking)
2026-09-10T03:16:10.658997Z  INFO detcore::scheduler: [sched-step5] >>>>>>>

 COMMIT turn 700, dettid 3 using resources {FileContents(DetInode(9)): W}, on previously committed 1_767_225_600.224_529_500s DETLOG_RECORD={"schema":1,"event":{"kind":"scheduler_commit","scheduler_turn":700,"virtual_nanoseconds":1767225600224529500,"internal_io_poll":false,"runtime_maps_read":false}}
2026-09-10T03:16:10.659141Z  INFO detcore::scheduler: [scheduler] >>>>>>>

 NONCOMMIT turn 701, SKIP dettid 3 polling resource Resources { tid: DetPid(3), resources: {InternalIOPolling: W}, poll_attempt: 1, fyi: "pwritev2", signal_interrupt_errno: 512 }
2026-09-10T03:16:10.659179Z  INFO detcore::scheduler: [sched-step5] >>>>>>>

 COMMIT turn 702, dettid 3 using resources {InternalIOPolling: W}, on previously committed 1_767_225_600.225_029_500s DETLOG_RECORD={"schema":1,"event":{"kind":"scheduler_commit","scheduler_turn":702,"virtual_nanoseconds":1767225600225029500,"internal_io_poll":true,"runtime_maps_read":false}}
2026-09-10T03:16:10.659286Z  INFO detcore::scheduler: [scheduler] >>>>>>>

 NONCOMMIT turn 703, SKIP dettid 3 polling resource Resources { tid: DetPid(3), resources: {InternalIOPolling: W}, poll_attempt: 2, fyi: "pwritev2", signal_interrupt_errno: 512 }
2026-09-10T03:16:10.659319Z  INFO detcore::scheduler: [sched-step5] >>>>>>>

 COMMIT turn 704, dettid 3 using resources {InternalIOPolling: W}, on previously committed 1_767_225_600.225_529_500s DETLOG_RECORD={"schema":1,"event":{"kind":"scheduler_commit","scheduler_turn":704,"virtual_nanoseconds":1767225600225529500,"internal_io_poll":true,"runtime_maps_read":false}}
2026-09-10T03:16:10.659399Z  INFO detcore::scheduler: [scheduler] >>>>>>>

 NONCOMMIT turn 705, SKIP dettid 3 polling resource Resources { tid: DetPid(3), resources: {InternalIOPolling: W}, poll_attempt: 3, fyi: "pwritev2", signal_interrupt_errno: 512 }
2026-09-10T03:16:10.659434Z  INFO detcore::scheduler: [sched-step5] >>>>>>>

 COMMIT turn 706, dettid 3 using resources {InternalIOPolling: W}, on previously committed 1_767_225_600.226_029_500s DETLOG_RECORD={"schema":1,"event":{"kind":"scheduler_commit","scheduler_turn":706,"virtual_nanoseconds":1767225600226029500,"internal_io_poll":true,"runtime_maps_read":false}}
2026-09-10T03:16:10.659510Z  INFO detcore::scheduler: [scheduler] >>>>>>>

 NONCOMMIT turn 707, SKIP dettid 3 polling resource Resources { tid: DetPid(3), resources: {InternalIOPolling: W}, poll_attempt: 4, fyi: "pwritev2", signal_interrupt_errno: 512 }
2026-09-10T03:16:10.659540Z  INFO detcore::scheduler: [sched-step5] >>>>>>>

 COMMIT turn 708, dettid 3 using resources {InternalIOPolling: W}, on previously committed 1_767_225_600.226_529_500s DETLOG_RECORD={"schema":1,"event":{"kind":"scheduler_commit","scheduler_turn":708,"virtual_nanoseconds":1767225600226529500,"internal_io_poll":true,"runtime_maps_read":false}}
2026-09-10T03:16:10.659607Z  INFO detcore::scheduler: [scheduler] >>>>>>>

 NONCOMMIT turn 709, SKIP dettid 3 polling resource Resources { tid: DetPid(3), resources: {InternalIOPolling: W}, poll_attempt: 5, fyi: "pwritev2", signal_interrupt_errno: 512 }
2026-09-10T03:16:10.659636Z  INFO detcore::scheduler: [sched-step5] >>>>>>>

 COMMIT turn 710, dettid 3 using resources {InternalIOPolling: W}, on previously committed 1_767_225_600.227_029_500s DETLOG_RECORD={"schema":1,"event":{"kind":"scheduler_commit","scheduler_turn":710,"virtual_nanoseconds":1767225600227029500,"internal_io_poll":true,"runtime_maps_read":false}}
2026-09-10T03:16:10.659703Z  INFO detcore::scheduler: [scheduler] >>>>>>>

 NONCOMMIT turn 711, SKIP dettid 3 polling resource Resources { tid: DetPid(3), resources: {InternalIOPolling: W}, poll_attempt: 6, fyi: "pwritev2", signal_interrupt_errno: 512 }
2026-09-10T03:16:10.659731Z  INFO detcore::scheduler: [sched-step5] >>>>>>>

 COMMIT turn 712, dettid 3 using resources {InternalIOPolling: W}, on previously committed 1_767_225_600.227_529_500s DETLOG_RECORD={"schema":1,"event":{"kind":"scheduler_commit","scheduler_turn":712,"virtual_nanoseconds":1767225600227529500,"internal_io_poll":true,"runtime_maps_read":false}}
2026-09-10T03:16:10.659807Z  INFO detcore::scheduler: [scheduler] >>>>>>>

 NONCOMMIT turn 713, SKIP dettid 3 polling resource Resources { tid: DetPid(3), resources: {InternalIOPolling: W}, poll_attempt: 7, fyi: "pwritev2", signal_interrupt_errno: 512 }
2026-09-10T03:16:10.659837Z  INFO detcore::scheduler: [sched-step5] >>>>>>>

 COMMIT turn 714, dettid 3 using resources {InternalIOPolling: W}, on previously committed 1_767_225_600.228_029_500s DETLOG_RECORD={"schema":1,"event":{"kind":"scheduler_commit","scheduler_turn":714,"virtual_nanoseconds":1767225600228029500,"internal_io_poll":true,"runtime_maps_read":false}}
2026-09-10T03:16:10.659905Z  INFO detcore::scheduler: [scheduler] >>>>>>>

 NONCOMMIT turn 715, SKIP dettid 3 polling resource Resources { tid: DetPid(3), resources: {InternalIOPolling: W}, poll_attempt: 8, fyi: "pwritev2", signal_interrupt_errno: 512 }
2026-09-10T03:16:10.659933Z  INFO detcore::scheduler: [sched-step5] >>>>>>>

 COMMIT turn 716, dettid 3 using resources {InternalIOPolling: W}, on previously committed 1_767_225_600.228_529_500s DETLOG_RECORD={"schema":1,"event":{"kind":"scheduler_commit","scheduler_turn":716,"virtual_nanoseconds":1767225600228529500,"internal_io_poll":true,"runtime_maps_read":false}}
2026-09-10T03:16:10.659998Z  INFO detcore::scheduler: [scheduler] >>>>>>>

 NONCOMMIT turn 717, SKIP dettid 3 polling resource Resources { tid: DetPid(3), resources: {InternalIOPolling: W}, poll_attempt: 9, fyi: "pwritev2", signal_interrupt_errno: 512 }
2026-09-10T03:16:10.660031Z  INFO detcore::scheduler: [sched-step5] >>>>>>>

 COMMIT turn 718, dettid 3 using resources {InternalIOPolling: W}, on previously committed 1_767_225_600.229_029_500s DETLOG_RECORD={"schema":1,"event":{"kind":"scheduler_commit","scheduler_turn":718,"virtual_nanoseconds":1767225600229029500,"internal_io_poll":true,"runtime_maps_read":false}}
2026-09-10T03:16:10.660101Z  INFO detcore::scheduler: [scheduler] >>>>>>>

 NONCOMMIT turn 719, SKIP dettid 3 polling resource Resources { tid: DetPid(3), resources: {InternalIOPolling: W}, poll_attempt: 10, fyi: "pwritev2", signal_interrupt_errno: 512 }
2026-09-10T03:16:10.660130Z  INFO detcore::scheduler: [sched-step5] >>>>>>>

 COMMIT turn 720, dettid 3 using resources {InternalIOPolling: W}, on previously committed 1_767_225_600.229_529_500s DETLOG_RECORD={"schema":1,"event":{"kind":"scheduler_commit","scheduler_turn":720,"virtual_nanoseconds":1767225600229529500,"internal_io_poll":true,"runtime_maps_read":false}}
2026-09-10T03:16:10.660195Z  INFO detcore::scheduler: [scheduler] >>>>>>>

 NONCOMMIT turn 721, SKIP dettid 3 polling resource Resources { tid: DetPid(3), resources: {InternalIOPolling: W}, poll_attempt: 11, fyi: "pwritev2", signal_interrupt_errno: 512 }
2026-09-10T03:16:10.660223Z  INFO detcore::scheduler: [sched-step5] >>>>>>>

 COMMIT turn 722, dettid 3 using resources {InternalIOPolling: W}, on previously committed 1_767_225_600.230_029_500s DETLOG_RECORD={"schema":1,"event":{"kind":"scheduler_commit","scheduler_turn":722,"virtual_nanoseconds":1767225600230029500,"internal_io_poll":true,"runtime_maps_read":false}}
2026-09-10T03:16:10.660287Z  INFO detcore::scheduler: [scheduler] >>>>>>>

 NONCOMMIT turn 723, SKIP dettid 3 polling resource Resources { tid: DetPid(3), resources: {InternalIOPolling: W}, poll_attempt: 12, fyi: "pwritev2", signal_interrupt_errno: 512 }
2026-09-10T03:16:10.660315Z  INFO detcore::scheduler: [sched-step5] >>>>>>>

 COMMIT turn 724, dettid 3 using resources {InternalIOPolling: W}, on previously committed 1_767_225_600.230_529_500s DETLOG_RECORD={"schema":1,"event":{"kind":"scheduler_commit","scheduler_turn":724,"virtual_nanoseconds":1767225600230529500,"internal_io_poll":true,"runtime_maps_read":false}}
2026-09-10T03:16:10.660380Z  INFO detcore::scheduler: [scheduler] >>>>>>>

 NONCOMMIT turn 725, SKIP dettid 3 polling resource Resources { tid: DetPid(3), resources: {InternalIOPolling: W}, poll_attempt: 13, fyi: "pwritev2", signal_interrupt_errno: 512 }
2026-09-10T03:16:10.660408Z  INFO detcore::scheduler: [sched-step5] >>>>>>>

 COMMIT turn 726, dettid 3 using resources {InternalIOPolling: W}, on previously committed 1_767_225_600.231_029_500s DETLOG_RECORD={"schema":1,"event":{"kind":"scheduler_commit","scheduler_turn":726,"virtual_nanoseconds":1767225600231029500,"internal_io_poll":true,"runtime_maps_read":false}}
2026-09-10T03:16:10.660472Z  INFO detcore::scheduler: [scheduler] >>>>>>>

 NONCOMMIT turn 727, SKIP dettid 3 polling resource Resources { tid: DetPid(3), resources: {InternalIOPolling: W}, poll_attempt: 14, fyi: "pwritev2", signal_interrupt_errno: 512 }
2026-09-10T03:16:10.660501Z  INFO detcore::scheduler: [sched-step5] >>>>>>>

 COMMIT turn 728, dettid 3 using resources {InternalIOPolling: W}, on previously committed 1_767_225_600.231_529_500s DETLOG_RECORD={"schema":1,"event":{"kind":"scheduler_commit","scheduler_turn":728,"virtual_nanoseconds":1767225600231529500,"internal_io_poll":true,"runtime_maps_read":false}}
2026-09-10T03:16:10.660565Z  INFO detcore::scheduler: [scheduler] >>>>>>>

 NONCOMMIT turn 729, SKIP dettid 3 polling resource Resources { tid: DetPid(3), resources: {InternalIOPolling: W}, poll_attempt: 15, fyi: "pwritev2", signal_interrupt_errno: 512 }
2026-09-10T03:16:10.660593Z  INFO detcore::scheduler: [sched-step5] >>>>>>>

 COMMIT turn 730, dettid 3 using resources {InternalIOPolling: W}, on previously committed 1_767_225_600.232_029_500s DETLOG_RECORD={"schema":1,"event":{"kind":"scheduler_commit","scheduler_turn":730,"virtual_nanoseconds":1767225600232029500,"internal_io_poll":true,"runtime_maps_read":false}}
2026-09-10T03:16:10.660660Z  INFO detcore::scheduler: [scheduler] >>>>>>>

 NONCOMMIT turn 731, SKIP dettid 3 polling resource Resources { tid: DetPid(3), resources: {InternalIOPolling: W}, poll_attempt: 16, fyi: "pwritev2", signal_interrupt_errno: 512 }
2026-09-10T03:16:10.660692Z  INFO detcore::scheduler: [sched-step5] >>>>>>>

 COMMIT turn 732, dettid 3 using resources {InternalIOPolling: W}, on previously committed 1_767_225_600.232_529_500s DETLOG_RECORD={"schema":1,"event":{"kind":"scheduler_commit","scheduler_turn":732,"virtual_nanoseconds":1767225600232529500,"internal_io_poll":true,"runtime_maps_read":false}}
2026-09-10T03:16:10.660760Z  INFO detcore::scheduler: [scheduler] >>>>>>>

 NONCOMMIT turn 733, SKIP dettid 3 polling resource Resources { tid: DetPid(3), resources: {InternalIOPolling: W}, poll_attempt: 17, fyi: "pwritev2", signal_interrupt_errno: 512 }
2026-09-10T03:16:10.660794Z  INFO detcore::scheduler: [sched-step5] >>>>>>>

 COMMIT turn 734, dettid 3 using resources {InternalIOPolling: W}, on previously committed 1_767_225_600.233_029_500s DETLOG_RECORD={"schema":1,"event":{"kind":"scheduler_commit","scheduler_turn":734,"virtual_nanoseconds":1767225600233029500,"internal_io_poll":true,"runtime_maps_read":false}}
2026-09-10T03:16:10.660861Z  INFO detcore::scheduler: [scheduler] >>>>>>>

 NONCOMMIT turn 735, SKIP dettid 3 polling resource Resources { tid: DetPid(3), resources: {InternalIOPolling: W}, poll_attempt: 18, fyi: "pwritev2", signal_interrupt_errno: 512 }
2026-09-10T03:16:10.660889Z  INFO detcore::scheduler: [sched-step5] >>>>>>>

 COMMIT turn 736, dettid 3 using resources {InternalIOPolling: W}, on previously committed 1_767_225_600.233_529_500s DETLOG_RECORD={"schema":1,"event":{"kind":"scheduler_commit","scheduler_turn":736,"virtual_nanoseconds":1767225600233529500,"internal_io_poll":true,"runtime_maps_read":false}}
2026-09-10T03:16:10.660958Z  INFO detcore::scheduler: [scheduler] >>>>>>>

 NONCOMMIT turn 737, SKIP dettid 3 polling resource Resources { tid: DetPid(3), resources: {InternalIOPolling: W}, poll_attempt: 19, fyi: "pwritev2", signal_interrupt_errno: 512 }
2026-09-10T03:16:10.660986Z  INFO detcore::scheduler: [sched-step5] >>>>>>>

 COMMIT turn 738, dettid 3 using resources {InternalIOPolling: W}, on previously committed 1_767_225_600.234_029_500s DETLOG_RECORD={"schema":1,"event":{"kind":"scheduler_commit","scheduler_turn":738,"virtual_nanoseconds":1767225600234029500,"internal_io_poll":true,"runtime_maps_read":false}}
2026-09-10T03:16:10.661052Z  INFO detcore::scheduler: [scheduler] >>>>>>>

 NONCOMMIT turn 739, SKIP dettid 3 polling resource Resources { tid: DetPid(3), resources: {InternalIOPolling: W}, poll_attempt: 20, fyi: "pwritev2", signal_interrupt_errno: 512 }
2026-09-10T03:16:10.661079Z  INFO detcore::scheduler: [sched-step5] >>>>>>>

 COMMIT turn 740, dettid 3 using resources {InternalIOPolling: W}, on previously committed 1_767_225_600.234_529_500s DETLOG_RECORD={"schema":1,"event":{"kind":"scheduler_commit","scheduler_turn":740,"virtual_nanoseconds":1767225600234529500,"internal_io_poll":true,"runtime_maps_read":false}}
2026-09-10T03:16:10.661151Z  INFO detcore::scheduler: [scheduler] >>>>>>>

 NONCOMMIT turn 741, SKIP dettid 3 polling resource Resources { tid: DetPid(3), resources: {InternalIOPolling: W}, poll_attempt: 21, fyi: "pwritev2", signal_interrupt_errno: 512 }
2026-09-10T03:16:10.661181Z  INFO detcore::scheduler: [sched-step5] >>>>>>>

 COMMIT turn 742, dettid 3 using resources {InternalIOPolling: W}, on previously committed 1_767_225_600.235_029_500s DETLOG_RECORD={"schema":1,"event":{"kind":"scheduler_commit","scheduler_turn":742,"virtual_nanoseconds":1767225600235029500,"internal_io_poll":true,"runtime_maps_read":false}}
2026-09-10T03:16:10.661246Z  INFO detcore::scheduler: [scheduler] >>>>>>>

 NONCOMMIT turn 743, SKIP dettid 3 polling resource Resources { tid: DetPid(3), resources: {InternalIOPolling: W}, poll_attempt: 22, fyi: "pwritev2", signal_interrupt_errno: 512 }
2026-09-10T03:16:10.661277Z  INFO detcore::scheduler: [sched-step5] >>>>>>>

 COMMIT turn 744, dettid 3 using resources {InternalIOPolling: W}, on previously committed 1_767_225_600.235_529_500s DETLOG_RECORD={"schema":1,"event":{"kind":"scheduler_commit","scheduler_turn":744,"virtual_nanoseconds":1767225600235529500,"internal_io_poll":true,"runtime_maps_read":false}}
2026-09-10T03:16:10.661346Z  INFO detcore::scheduler: [scheduler] >>>>>>>

 NONCOMMIT turn 745, SKIP dettid 3 polling resource Resources { tid: DetPid(3), resources: {InternalIOPolling: W}, poll_attempt: 23, fyi: "pwritev2", signal_interrupt_errno: 512 }
2026-09-10T03:16:10.661375Z  INFO detcore::scheduler: [sched-step5] >>>>>>>

 COMMIT turn 746, dettid 3 using resources {InternalIOPolling: W}, on previously committed 1_767_225_600.236_029_500s DETLOG_RECORD={"schema":1,"event":{"kind":"scheduler_commit","scheduler_turn":746,"virtual_nanoseconds":1767225600236029500,"internal_io_poll":true,"runtime_maps_read":false}}
2026-09-10T03:16:10.661440Z  INFO detcore::scheduler: [scheduler] >>>>>>>

 NONCOMMIT turn 747, SKIP dettid 3 polling resource Resources { tid: DetPid(3), resources: {InternalIOPolling: W}, poll_attempt: 24, fyi: "pwritev2", signal_interrupt_errno: 512 }
2026-09-10T03:16:10.661468Z  INFO detcore::scheduler: [sched-step5] >>>>>>>

 COMMIT turn 748, dettid 3 using resources {InternalIOPolling: W}, on previously committed 1_767_225_600.236_529_500s DETLOG_RECORD={"schema":1,"event":{"kind":"scheduler_commit","scheduler_turn":748,"virtual_nanoseconds":1767225600236529500,"internal_io_poll":true,"runtime_maps_read":false}}
2026-09-10T03:16:10.661532Z  INFO detcore::scheduler: [scheduler] >>>>>>>

 NONCOMMIT turn 749, SKIP dettid 3 polling resource Resources { tid: DetPid(3), resources: {InternalIOPolling: W}, poll_attempt: 25, fyi: "pwritev2", signal_interrupt_errno: 512 }
2026-09-10T03:16:10.661560Z  INFO detcore::scheduler: [sched-step5] >>>>>>>

 COMMIT turn 750, dettid 3 using resources {InternalIOPolling: W}, on previously committed 1_767_225_600.237_029_500s DETLOG_RECORD={"schema":1,"event":{"kind":"scheduler_commit","scheduler_turn":750,"virtual_nanoseconds":1767225600237029500,"internal_io_poll":true,"runtime_maps_read":false}}
2026-09-10T03:16:10.661624Z  INFO detcore::scheduler: [scheduler] >>>>>>>

 NONCOMMIT turn 751, SKIP dettid 3 polling resource Resources { tid: DetPid(3), resources: {InternalIOPolling: W}, poll_attempt: 26, fyi: "pwritev2", signal_interrupt_errno: 512 }
2026-09-10T03:16:10.661653Z  INFO detcore::scheduler: [sched-step5] >>>>>>>

 COMMIT turn 752, dettid 3 using resources {InternalIOPolling: W}, on previously committed 1_767_225_600.237_529_500s DETLOG_RECORD={"schema":1,"event":{"kind":"scheduler_commit","scheduler_turn":752,"virtual_nanoseconds":1767225600237529500,"internal_io_poll":true,"runtime_maps_read":false}}
2026-09-10T03:16:10.661717Z  INFO detcore::scheduler: [scheduler] >>>>>>>

 NONCOMMIT turn 753, SKIP dettid 3 polling resource Resources { tid: DetPid(3), resources: {InternalIOPolling: W}, poll_attempt: 27, fyi: "pwritev2", signal_interrupt_errno: 512 }
2026-09-10T03:16:10.661746Z  INFO detcore::scheduler: [sched-step5] >>>>>>>

 COMMIT turn 754, dettid 3 using resources {InternalIOPolling: W}, on previously committed 1_767_225_600.238_029_500s DETLOG_RECORD={"schema":1,"event":{"kind":"scheduler_commit","scheduler_turn":754,"virtual_nanoseconds":1767225600238029500,"internal_io_poll":true,"runtime_maps_read":false}}
2026-09-10T03:16:10.661832Z  INFO detcore::scheduler: [scheduler] >>>>>>>

 NONCOMMIT turn 755, SKIP dettid 3 polling resource Resources { tid: DetPid(3), resources: {InternalIOPolling: W}, poll_attempt: 28, fyi: "pwritev2", signal_interrupt_errno: 512 }
2026-09-10T03:16:10.661863Z  INFO detcore::scheduler: [sched-step5] >>>>>>>

 COMMIT turn 756, dettid 3 using resources {InternalIOPolling: W}, on previously committed 1_767_225_600.238_529_500s DETLOG_RECORD={"schema":1,"event":{"kind":"scheduler_commit","scheduler_turn":756,"virtual_nanoseconds":1767225600238529500,"internal_io_poll":true,"runtime_maps_read":false}}
2026-09-10T03:16:10.661935Z  INFO detcore::scheduler: [scheduler] >>>>>>>

 NONCOMMIT turn 757, SKIP dettid 3 polling resource Resources { tid: DetPid(3), resources: {InternalIOPolling: W}, poll_attempt: 29, fyi: "pwritev2", signal_interrupt_errno: 512 }
2026-09-10T03:16:10.661966Z  INFO detcore::scheduler: [sched-step5] >>>>>>>

 COMMIT turn 758, dettid 3 using resources {InternalIOPolling: W}, on previously committed 1_767_225_600.239_029_500s DETLOG_RECORD={"schema":1,"event":{"kind":"scheduler_commit","scheduler_turn":758,"virtual_nanoseconds":1767225600239029500,"internal_io_poll":true,"runtime_maps_read":false}}
2026-09-10T03:16:10.662031Z  INFO detcore::scheduler: [scheduler] >>>>>>>

 NONCOMMIT turn 759, SKIP dettid 3 polling resource Resources { tid: DetPid(3), resources: {InternalIOPolling: W}, poll_attempt: 30, fyi: "pwritev2", signal_interrupt_errno: 512 }
2026-09-10T03:16:10.662060Z  INFO detcore::scheduler: [sched-step5] >>>>>>>

 COMMIT turn 760, dettid 3 using resources {InternalIOPolling: W}, on previously committed 1_767_225_600.239_529_500s DETLOG_RECORD={"schema":1,"event":{"kind":"scheduler_commit","scheduler_turn":760,"virtual_nanoseconds":1767225600239529500,"internal_io_poll":true,"runtime_maps_read":false}}
2026-09-10T03:16:10.662124Z  INFO detcore::scheduler: [scheduler] >>>>>>>

 NONCOMMIT turn 761, SKIP dettid 3 polling resource Resources { tid: DetPid(3), resources: {InternalIOPolling: W}, poll_attempt: 31, fyi: "pwritev2", signal_interrupt_errno: 512 }
2026-09-10T03:16:10.662153Z  INFO detcore::scheduler: [sched-step5] >>>>>>>

 COMMIT turn 762, dettid 3 using resources {InternalIOPolling: W}, on previously committed 1_767_225_600.240_029_500s DETLOG_RECORD={"schema":1,"event":{"kind":"scheduler_commit","scheduler_turn":762,"virtual_nanoseconds":1767225600240029500,"internal_io_poll":true,"runtime_maps_read":false}}
2026-09-10T03:16:10.662216Z  INFO detcore::scheduler: [scheduler] >>>>>>>

 NONCOMMIT turn 763, SKIP dettid 3 polling resource Resources { tid: DetPid(3), resources: {InternalIOPolling: W}, poll_attempt: 32, fyi: "pwritev2", signal_interrupt_errno: 512 }
2026-09-10T03:16:10.662244Z  INFO detcore::scheduler: [sched-step5] >>>>>>>

 COMMIT turn 764, dettid 3 using resources {InternalIOPolling: W}, on previously committed 1_767_225_600.240_529_500s DETLOG_RECORD={"schema":1,"event":{"kind":"scheduler_commit","scheduler_turn":764,"virtual_nanoseconds":1767225600240529500,"internal_io_poll":true,"runtime_maps_read":false}}
2026-09-10T03:16:10.662327Z  INFO detcore::scheduler: [scheduler] >>>>>>>

 NONCOMMIT turn 765, SKIP dettid 3 polling resource Resources { tid: DetPid(3), resources: {InternalIOPolling: W}, poll_attempt: 33, fyi: "pwritev2", signal_interrupt_errno: 512 }
2026-09-10T03:16:10.662355Z  INFO detcore::scheduler: [sched-step5] >>>>>>>

 COMMIT turn 766, dettid 3 using resources {InternalIOPolling: W}, on previously committed 1_767_225_600.241_029_500s DETLOG_RECORD={"schema":1,"event":{"kind":"scheduler_commit","scheduler_turn":766,"virtual_nanoseconds":1767225600241029500,"internal_io_poll":true,"runtime_maps_read":false}}
2026-09-10T03:16:10.662420Z  INFO detcore::scheduler: [scheduler] >>>>>>>

 NONCOMMIT turn 767, SKIP dettid 3 polling resource Resources { tid: DetPid(3), resources: {InternalIOPolling: W}, poll_attempt: 34, fyi: "pwritev2", signal_interrupt_errno: 512 }
2026-09-10T03:16:10.662447Z  INFO detcore::scheduler: [sched-step5] >>>>>>>

 COMMIT turn 768, dettid 3 using resources {InternalIOPolling: W}, on previously committed 1_767_225_600.241_529_500s DETLOG_RECORD={"schema":1,"event":{"kind":"scheduler_commit","scheduler_turn":768,"virtual_nanoseconds":1767225600241529500,"internal_io_poll":true,"runtime_maps_read":false}}
2026-09-10T03:16:10.662512Z  INFO detcore::scheduler: [scheduler] >>>>>>>

 NONCOMMIT turn 769, SKIP dettid 3 polling resource Resources { tid: DetPid(3), resources: {InternalIOPolling: W}, poll_attempt: 35, fyi: "pwritev2", signal_interrupt_errno: 512 }
2026-09-10T03:16:10.662542Z  INFO detcore::scheduler: [sched-step5] >>>>>>>

 COMMIT turn 770, dettid 3 using resources {InternalIOPolling: W}, on previously committed 1_767_225_600.242_029_500s DETLOG_RECORD={"schema":1,"event":{"kind":"scheduler_commit","scheduler_turn":770,"virtual_nanoseconds":1767225600242029500,"internal_io_poll":true,"runtime_maps_read":false}}
2026-09-10T03:16:10.662611Z  INFO detcore::scheduler: [scheduler] >>>>>>>

 NONCOMMIT turn 771, SKIP dettid 3 polling resource Resources { tid: DetPid(3), resources: {InternalIOPolling: W}, poll_attempt: 36, fyi: "pwritev2", signal_interrupt_errno: 512 }
2026-09-10T03:16:10.662641Z  INFO detcore::scheduler: [sched-step5] >>>>>>>

 COMMIT turn 772, dettid 3 using resources {InternalIOPolling: W}, on previously committed 1_767_225_600.242_529_500s DETLOG_RECORD={"schema":1,"event":{"kind":"scheduler_commit","scheduler_turn":772,"virtual_nanoseconds":1767225600242529500,"internal_io_poll":true,"runtime_maps_read":false}}
2026-09-10T03:16:10.662705Z  INFO detcore::scheduler: [scheduler] >>>>>>>

 NONCOMMIT turn 773, SKIP dettid 3 polling resource Resources { tid: DetPid(3), resources: {InternalIOPolling: W}, poll_attempt: 37, fyi: "pwritev2", signal_interrupt_errno: 512 }
2026-09-10T03:16:10.662734Z  INFO detcore::scheduler: [sched-step5] >>>>>>>

 COMMIT turn 774, dettid 3 using resources {InternalIOPolling: W}, on previously committed 1_767_225_600.243_029_500s DETLOG_RECORD={"schema":1,"event":{"kind":"scheduler_commit","scheduler_turn":774,"virtual_nanoseconds":1767225600243029500,"internal_io_poll":true,"runtime_maps_read":false}}
2026-09-10T03:16:10.662829Z  INFO detcore::scheduler: [sched-step5] >>>>>>>

 COMMIT turn 775, dettid 12 using resources {SleepUntil(LogicalTime(1767225600243529000)): W}, on previously committed 1_767_225_600.243_529_500s DETLOG_RECORD={"schema":1,"event":{"kind":"scheduler_commit","scheduler_turn":775,"virtual_nanoseconds":1767225600243529500,"internal_io_poll":false,"runtime_maps_read":false}}
2026-09-10T03:16:10.662883Z  INFO detcore: DETLOG [syscall][detcore, dtid 12] finish syscall #3: clock_nanosleep(CLOCK_REALTIME, 0, 0x1b50e30, 0x1b50e30) = Ok(0) DETLOG_RECORD={"schema":1,"event":{"kind":"syscall_result","finished_syscall_number":3}}
2026-09-10T03:16:10.662966Z  INFO detcore: DETLOG [syscall][detcore, dtid 12] inbound syscall: mprotect(0x4021000, 49152, ProtFlags(PROT_READ | PROT_WRITE)) = ? DETLOG_RECORD={"schema":1,"event":{"kind":"syscall"}}
2026-09-10T03:16:10.663019Z  INFO detcore: DETLOG [syscall][detcore, dtid 12] finish syscall #4: mprotect(0x4021000, 49152, ProtFlags(PROT_READ | PROT_WRITE)) = Ok(0) DETLOG_RECORD={"schema":1,"event":{"kind":"syscall_result","finished_syscall_number":4}}
2026-09-10T03:16:10.663043Z  INFO detcore: DETLOG [syscall][detcore, dtid 12] inbound syscall: read(3, 0x4000b60, 180224) = ? DETLOG_RECORD={"schema":1,"event":{"kind":"syscall"}}
2026-09-10T03:16:10.663143Z  INFO detcore::scheduler: [scheduler] >>>>>>>

 NONCOMMIT turn 776, SKIP dettid 3 polling resource Resources { tid: DetPid(3), resources: {InternalIOPolling: W}, poll_attempt: 38, fyi: "pwritev2", signal_interrupt_errno: 512 }
2026-09-10T03:16:10.663180Z  INFO detcore::scheduler: [sched-step5] >>>>>>>

 COMMIT turn 777, dettid 12 using resources {InternalIOPolling: W}, on previously committed 1_767_225_600.244_049_500s DETLOG_RECORD={"schema":1,"event":{"kind":"scheduler_commit","scheduler_turn":777,"virtual_nanoseconds":1767225600244049500,"internal_io_poll":true,"runtime_maps_read":false}}
2026-09-10T03:16:10.663376Z  INFO detcore: DETLOG [syscall][detcore, dtid 12] finish syscall #5: read(3, 0x4000b60, 180224) = Ok(180224) DETLOG_RECORD={"schema":1,"event":{"kind":"syscall_result","finished_syscall_number":5}}
2026-09-10T03:16:10.663750Z  INFO detcore::io_buffers: DETLOG [iobuf][dtid 12] read in fd=3 0x4000b60+180224->5d3d44ad9336d92edacb47e400dd036c4cbe4ac3ab1410926b8c16059348e565 chunks=22528:aa3c2cf9,aa3c2cf9,aa3c2cf9,aa3c2cf9,aa3c2cf9,aa3c2cf9,aa3c2cf9,aa3c2cf9 DETLOG_RECORD={"schema":1,"event":{"kind":"other"}}
2026-09-10T03:16:10.663804Z  INFO detcore: DETLOG [syscall][detcore, dtid 12] inbound syscall: read(3, 0x1b50e28, 8) = ? DETLOG_RECORD={"schema":1,"event":{"kind":"syscall"}}
2026-09-10T03:16:10.663888Z  INFO detcore::scheduler: [sched-step5] >>>>>>>

 COMMIT turn 778, dettid 12 using resources {InternalIOPolling: W}, on previously committed 1_767_225_600.244_559_500s DETLOG_RECORD={"schema":1,"event":{"kind":"scheduler_commit","scheduler_turn":778,"virtual_nanoseconds":1767225600244559500,"internal_io_poll":true,"runtime_maps_read":false}}
2026-09-10T03:16:10.663973Z  INFO detcore::scheduler: [scheduler] >>>>>>>

 NONCOMMIT turn 779, SKIP dettid 12 polling resource Resources { tid: DetPid(12), resources: {InternalIOPolling: W}, poll_attempt: 1, fyi: "read" }
2026-09-10T03:16:10.664007Z  INFO detcore::scheduler: [sched-step5] >>>>>>>

 COMMIT turn 780, dettid 12 using resources {InternalIOPolling: W}, on previously committed 1_767_225_600.245_059_500s DETLOG_RECORD={"schema":1,"event":{"kind":"scheduler_commit","scheduler_turn":780,"virtual_nanoseconds":1767225600245059500,"internal_io_poll":true,"runtime_maps_read":false}}
2026-09-10T03:16:10.664066Z  INFO detcore::scheduler: [scheduler] >>>>>>>

 NONCOMMIT turn 781, SKIP dettid 12 polling resource Resources { tid: DetPid(12), resources: {InternalIOPolling: W}, poll_attempt: 2, fyi: "read" }
2026-09-10T03:16:10.664094Z  INFO detcore::scheduler: [sched-step5] >>>>>>>

 COMMIT turn 782, dettid 12 using resources {InternalIOPolling: W}, on previously committed 1_767_225_600.245_559_500s DETLOG_RECORD={"schema":1,"event":{"kind":"scheduler_commit","scheduler_turn":782,"virtual_nanoseconds":1767225600245559500,"internal_io_poll":true,"runtime_maps_read":false}}
2026-09-10T03:16:10.664144Z  INFO detcore::scheduler: [scheduler] >>>>>>>

 NONCOMMIT turn 783, SKIP dettid 12 polling resource Resources { tid: DetPid(12), resources: {InternalIOPolling: W}, poll_attempt: 3, fyi: "read" }
2026-09-10T03:16:10.664173Z  INFO detcore::scheduler: [sched-step5] >>>>>>>

 COMMIT turn 784, dettid 12 using resources {InternalIOPolling: W}, on previously committed 1_767_225_600.246_059_500s DETLOG_RECORD={"schema":1,"event":{"kind":"scheduler_commit","scheduler_turn":784,"virtual_nanoseconds":1767225600246059500,"internal_io_poll":true,"runtime_maps_read":false}}
2026-09-10T03:16:10.664226Z  INFO detcore::scheduler: [scheduler] >>>>>>>

 NONCOMMIT turn 785, SKIP dettid 12 polling resource Resources { tid: DetPid(12), resources: {InternalIOPolling: W}, poll_attempt: 4, fyi: "read" }
2026-09-10T03:16:10.664252Z  INFO detcore::scheduler: [sched-step5] >>>>>>>

 COMMIT turn 786, dettid 3 using resources {InternalIOPolling: W}, on previously committed 1_767_225_600.246_559_500s DETLOG_RECORD={"schema":1,"event":{"kind":"scheduler_commit","scheduler_turn":786,"virtual_nanoseconds":1767225600246559500,"internal_io_poll":true,"runtime_maps_read":false}}
2026-09-10T03:16:10.664395Z  INFO detcore: DETLOG [syscall][detcore, dtid 3] finish syscall #528: pwritev2(4, 0x3fffeb60, 2, 18446744073709551615, 0, 0) = Ok(8) DETLOG_RECORD={"schema":1,"event":{"kind":"syscall_result","finished_syscall_number":528}}
2026-09-10T03:16:10.664431Z  INFO detcore::io_buffers: DETLOG [iobuf][dtid 3] pwritev2 out fd=4 0x3fffeb2c+4->e12e115acf4552b2568b55e93cbd39394c4ef81c82447fafc997882a02d23677 DETLOG_RECORD={"schema":1,"event":{"kind":"other"}}
2026-09-10T03:16:10.664446Z  INFO detcore::io_buffers: DETLOG [iobuf][dtid 3] pwritev2 out fd=4 0x3fffeb30+4->e59e4dc24c482ed5ea574fb4f5367f340cb0c77d504bd5b1a982038e2d861954 DETLOG_RECORD={"schema":1,"event":{"kind":"other"}}
2026-09-10T03:16:10.664500Z  INFO detcore: DETLOG [syscall][detcore, dtid 3] inbound syscall: futex(0x1b51910, 265, 12, NULL, NULL, -1) = ? DETLOG_RECORD={"schema":1,"event":{"kind":"syscall"}}
2026-09-10T03:16:10.664578Z  INFO detcore::scheduler: [sched-step5] >>>>>>>

 COMMIT turn 787, dettid 12 using resources {InternalIOPolling: W}, on previously committed 1_767_225_600.247_064_500s DETLOG_RECORD={"schema":1,"event":{"kind":"scheduler_commit","scheduler_turn":787,"virtual_nanoseconds":1767225600247064500,"internal_io_poll":true,"runtime_maps_read":false}}
2026-09-10T03:16:10.664667Z  INFO detcore: DETLOG [syscall][detcore, dtid 12] finish syscall #6: read(3, 0x1b50e28, 8) = Ok(8) DETLOG_RECORD={"schema":1,"event":{"kind":"syscall_result","finished_syscall_number":6}}
2026-09-10T03:16:10.664692Z  INFO detcore::io_buffers: DETLOG [iobuf][dtid 12] read in fd=3 0x1b50e28+8->9ac2197d9258257b1ae8463e4214e4cd0a578bc1517f2415928b91be4283fc48 DETLOG_RECORD={"schema":1,"event":{"kind":"other"}}
2026-09-10T03:16:10.664728Z  INFO detcore: DETLOG [syscall][detcore, dtid 12] inbound syscall: rt_sigprocmask(0, 0x1b51f30, NULL, 8) = ? DETLOG_RECORD={"schema":1,"event":{"kind":"syscall"}}
2026-09-10T03:16:10.664766Z  INFO detcore: DETLOG [syscall][detcore, dtid 12] finish syscall #7: rt_sigprocmask(0, 0x1b51f30, NULL, 8) = Ok(0) DETLOG_RECORD={"schema":1,"event":{"kind":"syscall_result","finished_syscall_number":7}}
2026-09-10T03:16:10.664795Z  INFO detcore: DETLOG [syscall][detcore, dtid 12] inbound syscall: madvise(0x1351000, 8368128, 4) = ? DETLOG_RECORD={"schema":1,"event":{"kind":"syscall"}}
2026-09-10T03:16:10.664815Z  INFO detcore::syscalls::memory: DETLOG [dtid 12] madvise advice 4 is unsupported by this backend DETLOG_RECORD={"schema":1,"event":{"kind":"other"}}
2026-09-10T03:16:10.664825Z  INFO detcore: DETLOG [syscall][detcore, dtid 12] finish syscall #8: madvise(0x1351000, 8368128, 4) = Err(Errno(ENOSYS)) DETLOG_RECORD={"schema":1,"event":{"kind":"syscall_result","finished_syscall_number":8}}
2026-09-10T03:16:10.664848Z  INFO detcore: DETLOG [syscall][detcore, dtid 12] inbound syscall: exit(0) = ? DETLOG_RECORD={"schema":1,"event":{"kind":"syscall"}}
2026-09-10T03:16:10.664896Z  INFO detcore::scheduler: [sched-step5] >>>>>>>

 COMMIT turn 788, dettid 12 using resources {Exit { group: false, process: DetPid(3), mm: MmId { creator: DetPid(3), generation: 1 } }: RW}, on previously committed 1_767_225_600.247_824_750s DETLOG_RECORD={"schema":1,"event":{"kind":"scheduler_commit","scheduler_turn":788,"virtual_nanoseconds":1767225600247824750,"internal_io_poll":false,"runtime_maps_read":false}}
2026-09-10T03:16:10.665036Z  INFO detcore::scheduler: logically_kill: Scheduler removing all knowledge of [det]tid 12 in pid 3..
2026-09-10T03:16:10.665136Z  INFO detcore::scheduler: [sched-step5] >>>>>>>

 COMMIT turn 789, dettid 3 using resources {FutexWait: R}, on previously committed 1_767_225_600.248_324_750s DETLOG_RECORD={"schema":1,"event":{"kind":"scheduler_commit","scheduler_turn":789,"virtual_nanoseconds":1767225600248324750,"internal_io_poll":false,"runtime_maps_read":false}}
2026-09-10T03:16:10.665187Z  INFO detcore: DETLOG [syscall][detcore, dtid 3] finish syscall #529: futex(0x1b51910, 265, 12, NULL, NULL, -1) = Ok(0) DETLOG_RECORD={"schema":1,"event":{"kind":"syscall_result","finished_syscall_number":529}}
2026-09-10T03:16:10.665238Z  INFO detcore: DETLOG [syscall][detcore, dtid 3] inbound syscall: futex(0x1b51910, 265, 12, NULL, NULL, -1) = ? DETLOG_RECORD={"schema":1,"event":{"kind":"syscall"}}
2026-09-10T03:16:10.665264Z  INFO detcore: DETLOG [syscall][detcore, dtid 3] finish syscall #530: futex(0x1b51910, 265, 12, NULL, NULL, -1) = Ok(0) DETLOG_RECORD={"schema":1,"event":{"kind":"syscall_result","finished_syscall_number":530}}
2026-09-10T03:16:10.665291Z  INFO detcore: DETLOG [syscall][detcore, dtid 3] inbound syscall: futex(0x1b51910, 265, 12, NULL, NULL, -1) = ? DETLOG_RECORD={"schema":1,"event":{"kind":"syscall"}}
2026-09-10T03:16:10.665309Z  INFO detcore: DETLOG [syscall][detcore, dtid 3] finish syscall #531: futex(0x1b51910, 265, 12, NULL, NULL, -1) = Ok(0) DETLOG_RECORD={"schema":1,"event":{"kind":"syscall_result","finished_syscall_number":531}}
2026-09-10T03:16:10.665334Z  INFO detcore: DETLOG [syscall][detcore, dtid 3] inbound syscall: futex(0x1b51910, 265, 12, NULL, NULL, -1) = ? DETLOG_RECORD={"schema":1,"event":{"kind":"syscall"}}
2026-09-10T03:16:10.665352Z  INFO detcore: DETLOG [syscall][detcore, dtid 3] finish syscall #532: futex(0x1b51910, 265, 12, NULL, NULL, -1) = Ok(0) DETLOG_RECORD={"schema":1,"event":{"kind":"syscall_result","finished_syscall_number":532}}
2026-09-10T03:16:10.665381Z  INFO detcore: DETLOG [syscall][detcore, dtid 3] inbound syscall: futex(0x1b51910, 265, 12, NULL, NULL, -1) = ? DETLOG_RECORD={"schema":1,"event":{"kind":"syscall"}}
2026-09-10T03:16:10.665402Z  INFO detcore: DETLOG [syscall][detcore, dtid 3] finish syscall #533: futex(0x1b51910, 265, 12, NULL, NULL, -1) = Ok(0) DETLOG_RECORD={"schema":1,"event":{"kind":"syscall_result","finished_syscall_number":533}}
2026-09-10T03:16:10.665427Z  INFO detcore: DETLOG [syscall][detcore, dtid 3] inbound syscall: futex(0x1b51910, 265, 12, NULL, NULL, -1) = ? DETLOG_RECORD={"schema":1,"event":{"kind":"syscall"}}
2026-09-10T03:16:10.665445Z  INFO detcore: DETLOG [syscall][detcore, dtid 3] finish syscall #534: futex(0x1b51910, 265, 12, NULL, NULL, -1) = Ok(0) DETLOG_RECORD={"schema":1,"event":{"kind":"syscall_result","finished_syscall_number":534}}
2026-09-10T03:16:10.665469Z  INFO detcore: DETLOG [syscall][detcore, dtid 3] inbound syscall: futex(0x1b51910, 265, 12, NULL, NULL, -1) = ? DETLOG_RECORD={"schema":1,"event":{"kind":"syscall"}}
2026-09-10T03:16:10.665487Z  INFO detcore: DETLOG [syscall][detcore, dtid 3] finish syscall #535: futex(0x1b51910, 265, 12, NULL, NULL, -1) = Ok(0) DETLOG_RECORD={"schema":1,"event":{"kind":"syscall_result","finished_syscall_number":535}}
2026-09-10T03:16:10.665511Z  INFO detcore: DETLOG [syscall][detcore, dtid 3] inbound syscall: futex(0x1b51910, 265, 12, NULL, NULL, -1) = ? DETLOG_RECORD={"schema":1,"event":{"kind":"syscall"}}
2026-09-10T03:16:10.665529Z  INFO detcore: DETLOG [syscall][detcore, dtid 3] finish syscall #536: futex(0x1b51910, 265, 12, NULL, NULL, -1) = Ok(0) DETLOG_RECORD={"schema":1,"event":{"kind":"syscall_result","finished_syscall_number":536}}
2026-09-10T03:16:10.665554Z  INFO detcore: DETLOG [syscall][detcore, dtid 3] inbound syscall: futex(0x1b51910, 265, 12, NULL, NULL, -1) = ? DETLOG_RECORD={"schema":1,"event":{"kind":"syscall"}}
2026-09-10T03:16:10.665571Z  INFO detcore: DETLOG [syscall][detcore, dtid 3] finish syscall #537: futex(0x1b51910, 265, 12, NULL, NULL, -1) = Ok(0) DETLOG_RECORD={"schema":1,"event":{"kind":"syscall_result","finished_syscall_number":537}}
2026-09-10T03:16:10.665596Z  INFO detcore: DETLOG [syscall][detcore, dtid 3] inbound syscall: futex(0x1b51910, 265, 12, NULL, NULL, -1) = ? DETLOG_RECORD={"schema":1,"event":{"kind":"syscall"}}
2026-09-10T03:16:10.665613Z  INFO detcore: DETLOG [syscall][detcore, dtid 3] finish syscall #538: futex(0x1b51910, 265, 12, NULL, NULL, -1) = Ok(0) DETLOG_RECORD={"schema":1,"event":{"kind":"syscall_result","finished_syscall_number":538}}
2026-09-10T03:16:10.665638Z  INFO detcore: DETLOG [syscall][detcore, dtid 3] inbound syscall: futex(0x1b51910, 265, 12, NULL, NULL, -1) = ? DETLOG_RECORD={"schema":1,"event":{"kind":"syscall"}}
2026-09-10T03:16:10.665655Z  INFO detcore: DETLOG [syscall][detcore, dtid 3] finish syscall #539: futex(0x1b51910, 265, 12, NULL, NULL, -1) = Ok(0) DETLOG_RECORD={"schema":1,"event":{"kind":"syscall_result","finished_syscall_number":539}}
2026-09-10T03:16:10.665680Z  INFO detcore: DETLOG [syscall][detcore, dtid 3] inbound syscall: futex(0x1b51910, 265, 12, NULL, NULL, -1) = ? DETLOG_RECORD={"schema":1,"event":{"kind":"syscall"}}
2026-09-10T03:16:10.665697Z  INFO detcore: DETLOG [syscall][detcore, dtid 3] finish syscall #540: futex(0x1b51910, 265, 12, NULL, NULL, -1) = Ok(0) DETLOG_RECORD={"schema":1,"event":{"kind":"syscall_result","finished_syscall_number":540}}
2026-09-10T03:16:10.665722Z  INFO detcore: DETLOG [syscall][detcore, dtid 3] inbound syscall: futex(0x1b51910, 265, 12, NULL, NULL, -1) = ? DETLOG_RECORD={"schema":1,"event":{"kind":"syscall"}}
2026-09-10T03:16:10.665739Z  INFO detcore: DETLOG [syscall][detcore, dtid 3] finish syscall #541: futex(0x1b51910, 265, 12, NULL, NULL, -1) = Ok(0) DETLOG_RECORD={"schema":1,"event":{"kind":"syscall_result","finished_syscall_number":541}}
2026-09-10T03:16:10.665764Z  INFO detcore: DETLOG [syscall][detcore, dtid 3] inbound syscall: futex(0x1b51910, 265, 12, NULL, NULL, -1) = ? DETLOG_RECORD={"schema":1,"event":{"kind":"syscall"}}
2026-09-10T03:16:10.665789Z  INFO detcore: DETLOG [syscall][detcore, dtid 3] finish syscall #542: futex(0x1b51910, 265, 12, NULL, NULL, -1) = Ok(0) DETLOG_RECORD={"schema":1,"event":{"kind":"syscall_result","finished_syscall_number":542}}
2026-09-10T03:16:10.665816Z  INFO detcore: DETLOG [syscall][detcore, dtid 3] inbound syscall: futex(0x1b51910, 265, 12, NULL, NULL, -1) = ? DETLOG_RECORD={"schema":1,"event":{"kind":"syscall"}}
2026-09-10T03:16:10.665833Z  INFO detcore: DETLOG [syscall][detcore, dtid 3] finish syscall #543: futex(0x1b51910, 265, 12, NULL, NULL, -1) = Ok(0) DETLOG_RECORD={"schema":1,"event":{"kind":"syscall_result","finished_syscall_number":543}}
2026-09-10T03:16:10.665858Z  INFO detcore: DETLOG [syscall][detcore, dtid 3] inbound syscall: futex(0x1b51910, 265, 12, NULL, NULL, -1) = ? DETLOG_RECORD={"schema":1,"event":{"kind":"syscall"}}
2026-09-10T03:16:10.665875Z  INFO detcore: DETLOG [syscall][detcore, dtid 3] finish syscall #544: futex(0x1b51910, 265, 12, NULL, NULL, -1) = Ok(0) DETLOG_RECORD={"schema":1,"event":{"kind":"syscall_result","finished_syscall_number":544}}
2026-09-10T03:16:10.665900Z  INFO detcore: DETLOG [syscall][detcore, dtid 3] inbound syscall: futex(0x1b51910, 265, 12, NULL, NULL, -1) = ? DETLOG_RECORD={"schema":1,"event":{"kind":"syscall"}}
2026-09-10T03:16:10.665918Z  INFO detcore: DETLOG [syscall][detcore, dtid 3] finish syscall #545: futex(0x1b51910, 265, 12, NULL, NULL, -1) = Ok(0) DETLOG_RECORD={"schema":1,"event":{"kind":"syscall_result","finished_syscall_number":545}}
2026-09-10T03:16:10.665942Z  INFO detcore: DETLOG [syscall][detcore, dtid 3] inbound syscall: futex(0x1b51910, 265, 12, NULL, NULL, -1) = ? DETLOG_RECORD={"schema":1,"event":{"kind":"syscall"}}
2026-09-10T03:16:10.665962Z  INFO detcore: DETLOG [syscall][detcore, dtid 3] finish syscall #546: futex(0x1b51910, 265, 12, NULL, NULL, -1) = Ok(0) DETLOG_RECORD={"schema":1,"event":{"kind":"syscall_result","finished_syscall_number":546}}
2026-09-10T03:16:10.665997Z  INFO detcore: DETLOG [syscall][detcore, dtid 3] inbound syscall: futex(0x1b51910, 265, 12, NULL, NULL, -1) = ? DETLOG_RECORD={"schema":1,"event":{"kind":"syscall"}}
2026-09-10T03:16:10.666018Z  INFO detcore: DETLOG [syscall][detcore, dtid 3] finish syscall #547: futex(0x1b51910, 265, 12, NULL, NULL, -1) = Ok(0) DETLOG_RECORD={"schema":1,"event":{"kind":"syscall_result","finished_syscall_number":547}}
2026-09-10T03:16:10.666043Z  INFO detcore: DETLOG [syscall][detcore, dtid 3] inbound syscall: futex(0x1b51910, 265, 12, NULL, NULL, -1) = ? DETLOG_RECORD={"schema":1,"event":{"kind":"syscall"}}
2026-09-10T03:16:10.666060Z  INFO detcore: DETLOG [syscall][detcore, dtid 3] finish syscall #548: futex(0x1b51910, 265, 12, NULL, NULL, -1) = Ok(0) DETLOG_RECORD={"schema":1,"event":{"kind":"syscall_result","finished_syscall_number":548}}
2026-09-10T03:16:10.666085Z  INFO detcore: DETLOG [syscall][detcore, dtid 3] inbound syscall: futex(0x1b51910, 265, 12, NULL, NULL, -1) = ? DETLOG_RECORD={"schema":1,"event":{"kind":"syscall"}}
2026-09-10T03:16:10.666102Z  INFO detcore: DETLOG [syscall][detcore, dtid 3] finish syscall #549: futex(0x1b51910, 265, 12, NULL, NULL, -1) = Ok(0) DETLOG_RECORD={"schema":1,"event":{"kind":"syscall_result","finished_syscall_number":549}}
2026-09-10T03:16:10.666126Z  INFO detcore: DETLOG [syscall][detcore, dtid 3] inbound syscall: futex(0x1b51910, 265, 12, NULL, NULL, -1) = ? DETLOG_RECORD={"schema":1,"event":{"kind":"syscall"}}
2026-09-10T03:16:10.666144Z  INFO detcore: DETLOG [syscall][detcore, dtid 3] finish syscall #550: futex(0x1b51910, 265, 12, NULL, NULL, -1) = Ok(0) DETLOG_RECORD={"schema":1,"event":{"kind":"syscall_result","finished_syscall_number":550}}
2026-09-10T03:16:10.666168Z  INFO detcore: DETLOG [syscall][detcore, dtid 3] inbound syscall: futex(0x1b51910, 265, 12, NULL, NULL, -1) = ? DETLOG_RECORD={"schema":1,"event":{"kind":"syscall"}}
2026-09-10T03:16:10.666186Z  INFO detcore: DETLOG [syscall][detcore, dtid 3] finish syscall #551: futex(0x1b51910, 265, 12, NULL, NULL, -1) = Ok(0) DETLOG_RECORD={"schema":1,"event":{"kind":"syscall_result","finished_syscall_number":551}}
2026-09-10T03:16:10.666212Z  INFO detcore: DETLOG [syscall][detcore, dtid 3] inbound syscall: futex(0x1b51910, 265, 12, NULL, NULL, -1) = ? DETLOG_RECORD={"schema":1,"event":{"kind":"syscall"}}
2026-09-10T03:16:10.666232Z  INFO detcore: DETLOG [syscall][detcore, dtid 3] finish syscall #552: futex(0x1b51910, 265, 12, NULL, NULL, -1) = Ok(0) DETLOG_RECORD={"schema":1,"event":{"kind":"syscall_result","finished_syscall_number":552}}
2026-09-10T03:16:10.666256Z  INFO detcore: DETLOG [syscall][detcore, dtid 3] inbound syscall: futex(0x1b51910, 265, 12, NULL, NULL, -1) = ? DETLOG_RECORD={"schema":1,"event":{"kind":"syscall"}}
2026-09-10T03:16:10.666274Z  INFO detcore: DETLOG [syscall][detcore, dtid 3] finish syscall #553: futex(0x1b51910, 265, 12, NULL, NULL, -1) = Ok(0) DETLOG_RECORD={"schema":1,"event":{"kind":"syscall_result","finished_syscall_number":553}}
2026-09-10T03:16:10.666298Z  INFO detcore: DETLOG [syscall][detcore, dtid 3] inbound syscall: futex(0x1b51910, 265, 12, NULL, NULL, -1) = ? DETLOG_RECORD={"schema":1,"event":{"kind":"syscall"}}
2026-09-10T03:16:10.666316Z  INFO detcore: DETLOG [syscall][detcore, dtid 3] finish syscall #554: futex(0x1b51910, 265, 12, NULL, NULL, -1) = Ok(0) DETLOG_RECORD={"schema":1,"event":{"kind":"syscall_result","finished_syscall_number":554}}
2026-09-10T03:16:10.666340Z  INFO detcore: DETLOG [syscall][detcore, dtid 3] inbound syscall: futex(0x1b51910, 265, 12, NULL, NULL, -1) = ? DETLOG_RECORD={"schema":1,"event":{"kind":"syscall"}}
2026-09-10T03:16:10.666358Z  INFO detcore: DETLOG [syscall][detcore, dtid 3] finish syscall #555: futex(0x1b51910, 265, 12, NULL, NULL, -1) = Ok(0) DETLOG_RECORD={"schema":1,"event":{"kind":"syscall_result","finished_syscall_number":555}}
2026-09-10T03:16:10.666383Z  INFO detcore: DETLOG [syscall][detcore, dtid 3] inbound syscall: futex(0x1b51910, 265, 12, NULL, NULL, -1) = ? DETLOG_RECORD={"schema":1,"event":{"kind":"syscall"}}
2026-09-10T03:16:10.666400Z  INFO detcore: DETLOG [syscall][detcore, dtid 3] finish syscall #556: futex(0x1b51910, 265, 12, NULL, NULL, -1) = Ok(0) DETLOG_RECORD={"schema":1,"event":{"kind":"syscall_result","finished_syscall_number":556}}
2026-09-10T03:16:10.666425Z  INFO detcore: DETLOG [syscall][detcore, dtid 3] inbound syscall: futex(0x1b51910, 265, 12, NULL, NULL, -1) = ? DETLOG_RECORD={"schema":1,"event":{"kind":"syscall"}}
2026-09-10T03:16:10.666443Z  INFO detcore: DETLOG [syscall][detcore, dtid 3] finish syscall #557: futex(0x1b51910, 265, 12, NULL, NULL, -1) = Ok(0) DETLOG_RECORD={"schema":1,"event":{"kind":"syscall_result","finished_syscall_number":557}}
2026-09-10T03:16:10.666467Z  INFO detcore: DETLOG [syscall][detcore, dtid 3] inbound syscall: futex(0x1b51910, 265, 12, NULL, NULL, -1) = ? DETLOG_RECORD={"schema":1,"event":{"kind":"syscall"}}
2026-09-10T03:16:10.666485Z  INFO detcore: DETLOG [syscall][detcore, dtid 3] finish syscall #558: futex(0x1b51910, 265, 12, NULL, NULL, -1) = Ok(0) DETLOG_RECORD={"schema":1,"event":{"kind":"syscall_result","finished_syscall_number":558}}
2026-09-10T03:16:10.666509Z  INFO detcore: DETLOG [syscall][detcore, dtid 3] inbound syscall: futex(0x1b51910, 265, 12, NULL, NULL, -1) = ? DETLOG_RECORD={"schema":1,"event":{"kind":"syscall"}}
2026-09-10T03:16:10.666527Z  INFO detcore: DETLOG [syscall][detcore, dtid 3] finish syscall #559: futex(0x1b51910, 265, 12, NULL, NULL, -1) = Ok(0) DETLOG_RECORD={"schema":1,"event":{"kind":"syscall_result","finished_syscall_number":559}}
2026-09-10T03:16:10.666551Z  INFO detcore: DETLOG [syscall][detcore, dtid 3] inbound syscall: futex(0x1b51910, 265, 12, NULL, NULL, -1) = ? DETLOG_RECORD={"schema":1,"event":{"kind":"syscall"}}
2026-09-10T03:16:10.666569Z  INFO detcore: DETLOG [syscall][detcore, dtid 3] finish syscall #560: futex(0x1b51910, 265, 12, NULL, NULL, -1) = Ok(0) DETLOG_RECORD={"schema":1,"event":{"kind":"syscall_result","finished_syscall_number":560}}
2026-09-10T03:16:10.666595Z  INFO detcore: DETLOG [syscall][detcore, dtid 3] inbound syscall: futex(0x1b51910, 265, 12, NULL, NULL, -1) = ? DETLOG_RECORD={"schema":1,"event":{"kind":"syscall"}}
2026-09-10T03:16:10.666613Z  INFO detcore: DETLOG [syscall][detcore, dtid 3] finish syscall #561: futex(0x1b51910, 265, 12, NULL, NULL, -1) = Ok(0) DETLOG_RECORD={"schema":1,"event":{"kind":"syscall_result","finished_syscall_number":561}}
2026-09-10T03:16:10.666638Z  INFO detcore: DETLOG [syscall][detcore, dtid 3] inbound syscall: futex(0x1b51910, 265, 12, NULL, NULL, -1) = ? DETLOG_RECORD={"schema":1,"event":{"kind":"syscall"}}
2026-09-10T03:16:10.666656Z  INFO detcore: DETLOG [syscall][detcore, dtid 3] finish syscall #562: futex(0x1b51910, 265, 12, NULL, NULL, -1) = Ok(0) DETLOG_RECORD={"schema":1,"event":{"kind":"syscall_result","finished_syscall_number":562}}
2026-09-10T03:16:10.666680Z  INFO detcore: DETLOG [syscall][detcore, dtid 3] inbound syscall: futex(0x1b51910, 265, 12, NULL, NULL, -1) = ? DETLOG_RECORD={"schema":1,"event":{"kind":"syscall"}}
2026-09-10T03:16:10.666698Z  INFO detcore: DETLOG [syscall][detcore, dtid 3] finish syscall #563: futex(0x1b51910, 265, 12, NULL, NULL, -1) = Ok(0) DETLOG_RECORD={"schema":1,"event":{"kind":"syscall_result","finished_syscall_number":563}}
2026-09-10T03:16:10.666722Z  INFO detcore: DETLOG [syscall][detcore, dtid 3] inbound syscall: futex(0x1b51910, 265, 12, NULL, NULL, -1) = ? DETLOG_RECORD={"schema":1,"event":{"kind":"syscall"}}
2026-09-10T03:16:10.666740Z  INFO detcore: DETLOG [syscall][detcore, dtid 3] finish syscall #564: futex(0x1b51910, 265, 12, NULL, NULL, -1) = Ok(0) DETLOG_RECORD={"schema":1,"event":{"kind":"syscall_result","finished_syscall_number":564}}
2026-09-10T03:16:10.666764Z  INFO detcore: DETLOG [syscall][detcore, dtid 3] inbound syscall: futex(0x1b51910, 265, 12, NULL, NULL, -1) = ? DETLOG_RECORD={"schema":1,"event":{"kind":"syscall"}}
2026-09-10T03:16:10.666786Z  INFO detcore: DETLOG [syscall][detcore, dtid 3] finish syscall #565: futex(0x1b51910, 265, 12, NULL, NULL, -1) = Ok(0) DETLOG_RECORD={"schema":1,"event":{"kind":"syscall_result","finished_syscall_number":565}}
2026-09-10T03:16:10.666811Z  INFO detcore: DETLOG [syscall][detcore, dtid 3] inbound syscall: futex(0x1b51910, 265, 12, NULL, NULL, -1) = ? DETLOG_RECORD={"schema":1,"event":{"kind":"syscall"}}
2026-09-10T03:16:10.666829Z  INFO detcore: DETLOG [syscall][detcore, dtid 3] finish syscall #566: futex(0x1b51910, 265, 12, NULL, NULL, -1) = Ok(0) DETLOG_RECORD={"schema":1,"event":{"kind":"syscall_result","finished_syscall_number":566}}
2026-09-10T03:16:10.666853Z  INFO detcore: DETLOG [syscall][detcore, dtid 3] inbound syscall: futex(0x1b51910, 265, 12, NULL, NULL, -1) = ? DETLOG_RECORD={"schema":1,"event":{"kind":"syscall"}}
2026-09-10T03:16:10.666871Z  INFO detcore: DETLOG [syscall][detcore, dtid 3] finish syscall #567: futex(0x1b51910, 265, 12, NULL, NULL, -1) = Ok(0) DETLOG_RECORD={"schema":1,"event":{"kind":"syscall_result","finished_syscall_number":567}}
2026-09-10T03:16:10.666896Z  INFO detcore: DETLOG [syscall][detcore, dtid 3] inbound syscall: futex(0x1b51910, 265, 12, NULL, NULL, -1) = ? DETLOG_RECORD={"schema":1,"event":{"kind":"syscall"}}
2026-09-10T03:16:10.666913Z  INFO detcore: DETLOG [syscall][detcore, dtid 3] finish syscall #568: futex(0x1b51910, 265, 12, NULL, NULL, -1) = Ok(0) DETLOG_RECORD={"schema":1,"event":{"kind":"syscall_result","finished_syscall_number":568}}
2026-09-10T03:16:10.666938Z  INFO detcore: DETLOG [syscall][detcore, dtid 3] inbound syscall: futex(0x1b51910, 265, 12, NULL, NULL, -1) = ? DETLOG_RECORD={"schema":1,"event":{"kind":"syscall"}}
2026-09-10T03:16:10.666955Z  INFO detcore: DETLOG [syscall][detcore, dtid 3] finish syscall #569: futex(0x1b51910, 265, 12, NULL, NULL, -1) = Ok(0) DETLOG_RECORD={"schema":1,"event":{"kind":"syscall_result","finished_syscall_number":569}}
2026-09-10T03:16:10.666980Z  INFO detcore: DETLOG [syscall][detcore, dtid 3] inbound syscall: futex(0x1b51910, 265, 12, NULL, NULL, -1) = ? DETLOG_RECORD={"schema":1,"event":{"kind":"syscall"}}
2026-09-10T03:16:10.666997Z  INFO detcore: DETLOG [syscall][detcore, dtid 3] finish syscall #570: futex(0x1b51910, 265, 12, NULL, NULL, -1) = Ok(0) DETLOG_RECORD={"schema":1,"event":{"kind":"syscall_result","finished_syscall_number":570}}
2026-09-10T03:16:10.667024Z  INFO detcore: DETLOG [syscall][detcore, dtid 3] inbound syscall: futex(0x1b51910, 265, 12, NULL, NULL, -1) = ? DETLOG_RECORD={"schema":1,"event":{"kind":"syscall"}}
2026-09-10T03:16:10.667042Z  INFO detcore: DETLOG [syscall][detcore, dtid 3] finish syscall #571: futex(0x1b51910, 265, 12, NULL, NULL, -1) = Ok(0) DETLOG_RECORD={"schema":1,"event":{"kind":"syscall_result","finished_syscall_number":571}}
2026-09-10T03:16:10.667066Z  INFO detcore: DETLOG [syscall][detcore, dtid 3] inbound syscall: futex(0x1b51910, 265, 12, NULL, NULL, -1) = ? DETLOG_RECORD={"schema":1,"event":{"kind":"syscall"}}
2026-09-10T03:16:10.667084Z  INFO detcore: DETLOG [syscall][detcore, dtid 3] finish syscall #572: futex(0x1b51910, 265, 12, NULL, NULL, -1) = Ok(0) DETLOG_RECORD={"schema":1,"event":{"kind":"syscall_result","finished_syscall_number":572}}
2026-09-10T03:16:10.667109Z  INFO detcore: DETLOG [syscall][detcore, dtid 3] inbound syscall: futex(0x1b51910, 265, 12, NULL, NULL, -1) = ? DETLOG_RECORD={"schema":1,"event":{"kind":"syscall"}}
2026-09-10T03:16:10.667126Z  INFO detcore: DETLOG [syscall][detcore, dtid 3] finish syscall #573: futex(0x1b51910, 265, 12, NULL, NULL, -1) = Ok(0) DETLOG_RECORD={"schema":1,"event":{"kind":"syscall_result","finished_syscall_number":573}}
2026-09-10T03:16:10.667151Z  INFO detcore: DETLOG [syscall][detcore, dtid 3] inbound syscall: futex(0x1b51910, 265, 12, NULL, NULL, -1) = ? DETLOG_RECORD={"schema":1,"event":{"kind":"syscall"}}
2026-09-10T03:16:10.667168Z  INFO detcore: DETLOG [syscall][detcore, dtid 3] finish syscall #574: futex(0x1b51910, 265, 12, NULL, NULL, -1) = Ok(0) DETLOG_RECORD={"schema":1,"event":{"kind":"syscall_result","finished_syscall_number":574}}
2026-09-10T03:16:10.667192Z  INFO detcore: DETLOG [syscall][detcore, dtid 3] inbound syscall: futex(0x1b51910, 265, 12, NULL, NULL, -1) = ? DETLOG_RECORD={"schema":1,"event":{"kind":"syscall"}}
2026-09-10T03:16:10.667210Z  INFO detcore: DETLOG [syscall][detcore, dtid 3] finish syscall #575: futex(0x1b51910, 265, 12, NULL, NULL, -1) = Ok(0) DETLOG_RECORD={"schema":1,"event":{"kind":"syscall_result","finished_syscall_number":575}}
2026-09-10T03:16:10.667234Z  INFO detcore: DETLOG [syscall][detcore, dtid 3] inbound syscall: futex(0x1b51910, 265, 12, NULL, NULL, -1) = ? DETLOG_RECORD={"schema":1,"event":{"kind":"syscall"}}
2026-09-10T03:16:10.667252Z  INFO detcore: DETLOG [syscall][detcore, dtid 3] finish syscall #576: futex(0x1b51910, 265, 12, NULL, NULL, -1) = Ok(0) DETLOG_RECORD={"schema":1,"event":{"kind":"syscall_result","finished_syscall_number":576}}
2026-09-10T03:16:10.667276Z  INFO detcore: DETLOG [syscall][detcore, dtid 3] inbound syscall: futex(0x1b51910, 265, 12, NULL, NULL, -1) = ? DETLOG_RECORD={"schema":1,"event":{"kind":"syscall"}}
2026-09-10T03:16:10.667294Z  INFO detcore: DETLOG [syscall][detcore, dtid 3] finish syscall #577: futex(0x1b51910, 265, 12, NULL, NULL, -1) = Ok(0) DETLOG_RECORD={"schema":1,"event":{"kind":"syscall_result","finished_syscall_number":577}}
2026-09-10T03:16:10.667318Z  INFO detcore: DETLOG [syscall][detcore, dtid 3] inbound syscall: futex(0x1b51910, 265, 12, NULL, NULL, -1) = ? DETLOG_RECORD={"schema":1,"event":{"kind":"syscall"}}
2026-09-10T03:16:10.667335Z  INFO detcore: DETLOG [syscall][detcore, dtid 3] finish syscall #578: futex(0x1b51910, 265, 12, NULL, NULL, -1) = Ok(0) DETLOG_RECORD={"schema":1,"event":{"kind":"syscall_result","finished_syscall_number":578}}
2026-09-10T03:16:10.667360Z  INFO detcore: DETLOG [syscall][detcore, dtid 3] inbound syscall: futex(0x1b51910, 265, 12, NULL, NULL, -1) = ? DETLOG_RECORD={"schema":1,"event":{"kind":"syscall"}}
2026-09-10T03:16:10.667377Z  INFO detcore: DETLOG [syscall][detcore, dtid 3] finish syscall #579: futex(0x1b51910, 265, 12, NULL, NULL, -1) = Ok(0) DETLOG_RECORD={"schema":1,"event":{"kind":"syscall_result","finished_syscall_number":579}}
2026-09-10T03:16:10.667403Z  INFO detcore: DETLOG [syscall][detcore, dtid 3] inbound syscall: futex(0x1b51910, 265, 12, NULL, NULL, -1) = ? DETLOG_RECORD={"schema":1,"event":{"kind":"syscall"}}
2026-09-10T03:16:10.667421Z  INFO detcore: DETLOG [syscall][detcore, dtid 3] finish syscall #580: futex(0x1b51910, 265, 12, NULL, NULL, -1) = Ok(0) DETLOG_RECORD={"schema":1,"event":{"kind":"syscall_result","finished_syscall_number":580}}
2026-09-10T03:16:10.667446Z  INFO detcore: DETLOG [syscall][detcore, dtid 3] inbound syscall: futex(0x1b51910, 265, 12, NULL, NULL, -1) = ? DETLOG_RECORD={"schema":1,"event":{"kind":"syscall"}}
2026-09-10T03:16:10.667464Z  INFO detcore: DETLOG [syscall][detcore, dtid 3] finish syscall #581: futex(0x1b51910, 265, 12, NULL, NULL, -1) = Ok(0) DETLOG_RECORD={"schema":1,"event":{"kind":"syscall_result","finished_syscall_number":581}}
2026-09-10T03:16:10.667488Z  INFO detcore: DETLOG [syscall][detcore, dtid 3] inbound syscall: futex(0x1b51910, 265, 12, NULL, NULL, -1) = ? DETLOG_RECORD={"schema":1,"event":{"kind":"syscall"}}
2026-09-10T03:16:10.667506Z  INFO detcore: DETLOG [syscall][detcore, dtid 3] finish syscall #582: futex(0x1b51910, 265, 12, NULL, NULL, -1) = Ok(0) DETLOG_RECORD={"schema":1,"event":{"kind":"syscall_result","finished_syscall_number":582}}
2026-09-10T03:16:10.667531Z  INFO detcore: DETLOG [syscall][detcore, dtid 3] inbound syscall: futex(0x1b51910, 265, 12, NULL, NULL, -1) = ? DETLOG_RECORD={"schema":1,"event":{"kind":"syscall"}}
2026-09-10T03:16:10.667548Z  INFO detcore: DETLOG [syscall][detcore, dtid 3] finish syscall #583: futex(0x1b51910, 265, 12, NULL, NULL, -1) = Ok(0) DETLOG_RECORD={"schema":1,"event":{"kind":"syscall_result","finished_syscall_number":583}}
2026-09-10T03:16:10.667573Z  INFO detcore: DETLOG [syscall][detcore, dtid 3] inbound syscall: futex(0x1b51910, 265, 12, NULL, NULL, -1) = ? DETLOG_RECORD={"schema":1,"event":{"kind":"syscall"}}
2026-09-10T03:16:10.667590Z  INFO detcore: DETLOG [syscall][detcore, dtid 3] finish syscall #584: futex(0x1b51910, 265, 12, NULL, NULL, -1) = Ok(0) DETLOG_RECORD={"schema":1,"event":{"kind":"syscall_result","finished_syscall_number":584}}
2026-09-10T03:16:10.667615Z  INFO detcore: DETLOG [syscall][detcore, dtid 3] inbound syscall: futex(0x1b51910, 265, 12, NULL, NULL, -1) = ? DETLOG_RECORD={"schema":1,"event":{"kind":"syscall"}}
2026-09-10T03:16:10.667632Z  INFO detcore: DETLOG [syscall][detcore, dtid 3] finish syscall #585: futex(0x1b51910, 265, 12, NULL, NULL, -1) = Ok(0) DETLOG_RECORD={"schema":1,"event":{"kind":"syscall_result","finished_syscall_number":585}}
2026-09-10T03:16:10.667657Z  INFO detcore: DETLOG [syscall][detcore, dtid 3] inbound syscall: futex(0x1b51910, 265, 12, NULL, NULL, -1) = ? DETLOG_RECORD={"schema":1,"event":{"kind":"syscall"}}
2026-09-10T03:16:10.667674Z  INFO detcore: DETLOG [syscall][detcore, dtid 3] finish syscall #586: futex(0x1b51910, 265, 12, NULL, NULL, -1) = Ok(0) DETLOG_RECORD={"schema":1,"event":{"kind":"syscall_result","finished_syscall_number":586}}
2026-09-10T03:16:10.667699Z  INFO detcore: DETLOG [syscall][detcore, dtid 3] inbound syscall: futex(0x1b51910, 265, 12, NULL, NULL, -1) = ? DETLOG_RECORD={"schema":1,"event":{"kind":"syscall"}}
2026-09-10T03:16:10.667716Z  INFO detcore: DETLOG [syscall][detcore, dtid 3] finish syscall #587: futex(0x1b51910, 265, 12, NULL, NULL, -1) = Ok(0) DETLOG_RECORD={"schema":1,"event":{"kind":"syscall_result","finished_syscall_number":587}}
2026-09-10T03:16:10.667741Z  INFO detcore: DETLOG [syscall][detcore, dtid 3] inbound syscall: futex(0x1b51910, 265, 12, NULL, NULL, -1) = ? DETLOG_RECORD={"schema":1,"event":{"kind":"syscall"}}
2026-09-10T03:16:10.667759Z  INFO detcore: DETLOG [syscall][detcore, dtid 3] finish syscall #588: futex(0x1b51910, 265, 12, NULL, NULL, -1) = Ok(0) DETLOG_RECORD={"schema":1,"event":{"kind":"syscall_result","finished_syscall_number":588}}
2026-09-10T03:16:10.667789Z  INFO detcore: DETLOG [syscall][detcore, dtid 3] inbound syscall: futex(0x1b51910, 265, 12, NULL, NULL, -1) = ? DETLOG_RECORD={"schema":1,"event":{"kind":"syscall"}}
2026-09-10T03:16:10.667808Z  INFO detcore: DETLOG [syscall][detcore, dtid 3] finish syscall #589: futex(0x1b51910, 265, 12, NULL, NULL, -1) = Ok(0) DETLOG_RECORD={"schema":1,"event":{"kind":"syscall_result","finished_syscall_number":589}}
2026-09-10T03:16:10.667834Z  INFO detcore: DETLOG [syscall][detcore, dtid 3] inbound syscall: futex(0x1b51910, 265, 12, NULL, NULL, -1) = ? DETLOG_RECORD={"schema":1,"event":{"kind":"syscall"}}
2026-09-10T03:16:10.667852Z  INFO detcore: DETLOG [syscall][detcore, dtid 3] finish syscall #590: futex(0x1b51910, 265, 12, NULL, NULL, -1) = Ok(0) DETLOG_RECORD={"schema":1,"event":{"kind":"syscall_result","finished_syscall_number":590}}
2026-09-10T03:16:10.667876Z  INFO detcore: DETLOG [syscall][detcore, dtid 3] inbound syscall: futex(0x1b51910, 265, 12, NULL, NULL, -1) = ? DETLOG_RECORD={"schema":1,"event":{"kind":"syscall"}}
2026-09-10T03:16:10.667894Z  INFO detcore: DETLOG [syscall][detcore, dtid 3] finish syscall #591: futex(0x1b51910, 265, 12, NULL, NULL, -1) = Ok(0) DETLOG_RECORD={"schema":1,"event":{"kind":"syscall_result","finished_syscall_number":591}}
2026-09-10T03:16:10.667918Z  INFO detcore: DETLOG [syscall][detcore, dtid 3] inbound syscall: futex(0x1b51910, 265, 12, NULL, NULL, -1) = ? DETLOG_RECORD={"schema":1,"event":{"kind":"syscall"}}
2026-09-10T03:16:10.668316Z  INFO detcore: DETLOG [syscall][detcore, dtid 3] finish syscall #592: futex(0x1b51910, 265, 12, NULL, NULL, -1) = Ok(0) DETLOG_RECORD={"schema":1,"event":{"kind":"syscall_result","finished_syscall_number":592}}
2026-09-10T03:16:10.668350Z  INFO detcore: DETLOG [syscall][detcore, dtid 3] inbound syscall: close(3) = ? DETLOG_RECORD={"schema":1,"event":{"kind":"syscall"}}
2026-09-10T03:16:10.668433Z  INFO detcore: DETLOG [syscall][detcore, dtid 3] finish syscall #593: close(3) = Ok(0) DETLOG_RECORD={"schema":1,"event":{"kind":"syscall_result","finished_syscall_number":593}}
2026-09-10T03:16:10.668455Z  INFO detcore: DETLOG [syscall][detcore, dtid 3] inbound syscall: close(4) = ? DETLOG_RECORD={"schema":1,"event":{"kind":"syscall"}}
2026-09-10T03:16:10.668478Z  INFO detcore: DETLOG [syscall][detcore, dtid 3] finish syscall #594: close(4) = Ok(0) DETLOG_RECORD={"schema":1,"event":{"kind":"syscall_result","finished_syscall_number":594}}
2026-09-10T03:16:10.668514Z  INFO detcore: DETLOG [syscall][detcore, dtid 3] inbound syscall: eventfd2(0, EfdFlags(0x0)) = ? DETLOG_RECORD={"schema":1,"event":{"kind":"syscall"}}
2026-09-10T03:16:10.668556Z  INFO detcore::syscalls::files: Injecting additional fstat to retrieve file metadata on fd 3.
2026-09-10T03:16:10.668595Z  INFO detcore: DETLOG [syscall][detcore, dtid 3] finish syscall #595: eventfd2(0, EfdFlags(0x0)) = Ok(3) DETLOG_RECORD={"schema":1,"event":{"kind":"syscall_result","finished_syscall_number":595}}
2026-09-10T03:16:10.668616Z  INFO detcore: DETLOG [syscall][detcore, dtid 3] inbound syscall: write(3, 0x3fffeb80, 8) = ? DETLOG_RECORD={"schema":1,"event":{"kind":"syscall"}}
2026-09-10T03:16:10.668703Z  INFO detcore::scheduler: [sched-step5] >>>>>>>

 COMMIT turn 790, dettid 3 using resources {InternalIOPolling: W}, on previously committed 1_767_225_600.249_224_750s DETLOG_RECORD={"schema":1,"event":{"kind":"scheduler_commit","scheduler_turn":790,"virtual_nanoseconds":1767225600249224750,"internal_io_poll":true,"runtime_maps_read":false}}
2026-09-10T03:16:10.668794Z  INFO detcore: DETLOG [syscall][detcore, dtid 3] finish syscall #596: write(3, 0x3fffeb80, 8) = Ok(8) DETLOG_RECORD={"schema":1,"event":{"kind":"syscall_result","finished_syscall_number":596}}
2026-09-10T03:16:10.668822Z  INFO detcore::io_buffers: DETLOG [iobuf][dtid 3] write out fd=3 0x3fffeb80+8->81b37f7f8b78762feb067131152a700548754f937a0668c1f327d2ee1a2d2801 DETLOG_RECORD={"schema":1,"event":{"kind":"other"}}
2026-09-10T03:16:10.668857Z  INFO detcore: DETLOG [syscall][detcore, dtid 3] inbound syscall: rt_sigprocmask(0, 0x12f7820, 0x3fffea30, 8) = ? DETLOG_RECORD={"schema":1,"event":{"kind":"syscall"}}
2026-09-10T03:16:10.668893Z  INFO detcore: DETLOG [syscall][detcore, dtid 3] finish syscall #597: rt_sigprocmask(0, 0x12f7820, 0x3fffea30, 8) = Ok(0) DETLOG_RECORD={"schema":1,"event":{"kind":"syscall_result","finished_syscall_number":597}}
2026-09-10T03:16:10.668934Z  INFO detcore: DETLOG [syscall][detcore, dtid 3] inbound syscall: clone3(0x3fffe8f0, 88) = ? DETLOG_RECORD={"schema":1,"event":{"kind":"syscall"}}
2026-09-10T03:16:10.669492Z  INFO detcore::tool_local: DETLOG RNG USER RAND seeding child User pedigree PPPPPPPPPC: [134, 244, 65, 244, 177, 211, 144, 254, 221, 111, 89, 11, 155, 166, 1, 151] from parent Mcg128Xsl64 {} DETLOG_RECORD={"schema":1,"event":{"kind":"other"}}
2026-09-10T03:16:10.669529Z  INFO detcore::tool_local: DETLOG RNG CHAOSRAND seeding child Chaos pedigree PPPPPPPPPC: [144, 63, 23, 40, 159, 60, 139, 218, 188, 44, 249, 53, 50, 103, 27, 165] from parent Mcg128Xsl64 {} DETLOG_RECORD={"schema":1,"event":{"kind":"other"}}
2026-09-10T03:16:10.669852Z  INFO detcore::scheduler: [sched-step5] >>>>>>>

 COMMIT turn 791, dettid 13 using resources {MemAddrSpace(DetPid(3)): RW}, on previously committed 1_767_225_600.249_975_000s DETLOG_RECORD={"schema":1,"event":{"kind":"scheduler_commit","scheduler_turn":791,"virtual_nanoseconds":1767225600249975000,"internal_io_poll":false,"runtime_maps_read":false}}
2026-09-10T03:16:10.669899Z  INFO detcore::tool_global: [detcore, dtid 13] New thread given go-ahead to proceed via <ivar Go(None)>
2026-09-10T03:16:10.670084Z  INFO detcore: DETLOG [syscall][detcore, dtid 13] inbound syscall: set_robust_list(0x1b51920, 24) = ? DETLOG_RECORD={"schema":1,"event":{"kind":"syscall"}}
2026-09-10T03:16:10.670145Z  INFO detcore: DETLOG [syscall][detcore, dtid 13] finish syscall #1: set_robust_list(0x1b51920, 24) = Ok(0) DETLOG_RECORD={"schema":1,"event":{"kind":"syscall_result","finished_syscall_number":1}}
2026-09-10T03:16:10.670176Z  INFO detcore: DETLOG [syscall][detcore, dtid 13] inbound syscall: rt_sigprocmask(2, 0x1b51f30, NULL, 8) = ? DETLOG_RECORD={"schema":1,"event":{"kind":"syscall"}}
2026-09-10T03:16:10.670212Z  INFO detcore: DETLOG [syscall][detcore, dtid 13] finish syscall #2: rt_sigprocmask(2, 0x1b51f30, NULL, 8) = Ok(0) DETLOG_RECORD={"schema":1,"event":{"kind":"syscall_result","finished_syscall_number":2}}
2026-09-10T03:16:10.670245Z  INFO detcore: DETLOG [syscall][detcore, dtid 13] inbound syscall: clock_nanosleep(CLOCK_REALTIME, 0, 0x1b50e30, 0x1b50e30) = ? DETLOG_RECORD={"schema":1,"event":{"kind":"syscall"}}
2026-09-10T03:16:10.670321Z  INFO detcore::scheduler: [sched-step5] >>>>>>>

 COMMIT turn 792, dettid 3 using resources {ParentContinue { parent: DetPid(3), child: DetPid(13) }: W}, on previously committed 1_767_225_600.257_294_000s DETLOG_RECORD={"schema":1,"event":{"kind":"scheduler_commit","scheduler_turn":792,"virtual_nanoseconds":1767225600257294000,"internal_io_poll":false,"runtime_maps_read":false}}
2026-09-10T03:16:10.670386Z  INFO detcore: DETLOG [syscall][detcore, dtid 3] finish syscall #598: clone3(0x3fffe8f0, 88) = Ok(13) DETLOG_RECORD={"schema":1,"event":{"kind":"syscall_result","finished_syscall_number":598}}
2026-09-10T03:16:10.670424Z  INFO detcore: DETLOG [syscall][detcore, dtid 3] inbound syscall: rt_sigprocmask(2, 0x3fffea30, NULL, 8) = ? DETLOG_RECORD={"schema":1,"event":{"kind":"syscall"}}
2026-09-10T03:16:10.670461Z  INFO detcore: DETLOG [syscall][detcore, dtid 3] finish syscall #599: rt_sigprocmask(2, 0x3fffea30, NULL, 8) = Ok(0) DETLOG_RECORD={"schema":1,"event":{"kind":"syscall_result","finished_syscall_number":599}}
2026-09-10T03:16:10.670497Z  INFO detcore: DETLOG [syscall][detcore, dtid 3] inbound syscall: pwritev2(3, 0x3fffeb60, 1, 18446744073709551615, 0, 0) = ? DETLOG_RECORD={"schema":1,"event":{"kind":"syscall"}}
2026-09-10T03:16:10.670554Z  INFO detcore::scheduler: [scheduler] >>>>>>>

 NONCOMMIT turn 793, SKIP dettid 13 which wanted resource SleepUntil(LogicalTime(1767225600276794000)) (blocking)
2026-09-10T03:16:10.670594Z  INFO detcore::scheduler: [sched-step5] >>>>>>>

 COMMIT turn 794, dettid 3 using resources {FileContents(DetInode(5)): W}, on previously committed 1_767_225_600.257_794_500s DETLOG_RECORD={"schema":1,"event":{"kind":"scheduler_commit","scheduler_turn":794,"virtual_nanoseconds":1767225600257794500,"internal_io_poll":false,"runtime_maps_read":false}}
2026-09-10T03:16:10.670726Z  INFO detcore::scheduler: [scheduler] >>>>>>>

 NONCOMMIT turn 795, SKIP dettid 3 polling resource Resources { tid: DetPid(3), resources: {InternalIOPolling: W}, poll_attempt: 1, fyi: "pwritev2", signal_interrupt_errno: 512 }
2026-09-10T03:16:10.670768Z  INFO detcore::scheduler: [sched-step5] >>>>>>>

 COMMIT turn 796, dettid 3 using resources {InternalIOPolling: W}, on previously committed 1_767_225_600.258_294_500s DETLOG_RECORD={"schema":1,"event":{"kind":"scheduler_commit","scheduler_turn":796,"virtual_nanoseconds":1767225600258294500,"internal_io_poll":true,"runtime_maps_read":false}}
2026-09-10T03:16:10.670870Z  INFO detcore::scheduler: [scheduler] >>>>>>>

 NONCOMMIT turn 797, SKIP dettid 3 polling resource Resources { tid: DetPid(3), resources: {InternalIOPolling: W}, poll_attempt: 2, fyi: "pwritev2", signal_interrupt_errno: 512 }
2026-09-10T03:16:10.670903Z  INFO detcore::scheduler: [sched-step5] >>>>>>>

 COMMIT turn 798, dettid 3 using resources {InternalIOPolling: W}, on previously committed 1_767_225_600.258_794_500s DETLOG_RECORD={"schema":1,"event":{"kind":"scheduler_commit","scheduler_turn":798,"virtual_nanoseconds":1767225600258794500,"internal_io_poll":true,"runtime_maps_read":false}}
2026-09-10T03:16:10.670966Z  INFO detcore::scheduler: [scheduler] >>>>>>>

 NONCOMMIT turn 799, SKIP dettid 3 polling resource Resources { tid: DetPid(3), resources: {InternalIOPolling: W}, poll_attempt: 3, fyi: "pwritev2", signal_interrupt_errno: 512 }
2026-09-10T03:16:10.670995Z  INFO detcore::scheduler: [sched-step5] >>>>>>>

 COMMIT turn 800, dettid 3 using resources {InternalIOPolling: W}, on previously committed 1_767_225_600.259_294_500s DETLOG_RECORD={"schema":1,"event":{"kind":"scheduler_commit","scheduler_turn":800,"virtual_nanoseconds":1767225600259294500,"internal_io_poll":true,"runtime_maps_read":false}}
2026-09-10T03:16:10.671054Z  INFO detcore::scheduler: [scheduler] >>>>>>>

 NONCOMMIT turn 801, SKIP dettid 3 polling resource Resources { tid: DetPid(3), resources: {InternalIOPolling: W}, poll_attempt: 4, fyi: "pwritev2", signal_interrupt_errno: 512 }
2026-09-10T03:16:10.671082Z  INFO detcore::scheduler: [sched-step5] >>>>>>>

 COMMIT turn 802, dettid 3 using resources {InternalIOPolling: W}, on previously committed 1_767_225_600.259_794_500s DETLOG_RECORD={"schema":1,"event":{"kind":"scheduler_commit","scheduler_turn":802,"virtual_nanoseconds":1767225600259794500,"internal_io_poll":true,"runtime_maps_read":false}}
2026-09-10T03:16:10.671140Z  INFO detcore::scheduler: [scheduler] >>>>>>>

 NONCOMMIT turn 803, SKIP dettid 3 polling resource Resources { tid: DetPid(3), resources: {InternalIOPolling: W}, poll_attempt: 5, fyi: "pwritev2", signal_interrupt_errno: 512 }
2026-09-10T03:16:10.671168Z  INFO detcore::scheduler: [sched-step5] >>>>>>>

 COMMIT turn 804, dettid 3 using resources {InternalIOPolling: W}, on previously committed 1_767_225_600.260_294_500s DETLOG_RECORD={"schema":1,"event":{"kind":"scheduler_commit","scheduler_turn":804,"virtual_nanoseconds":1767225600260294500,"internal_io_poll":true,"runtime_maps_read":false}}
2026-09-10T03:16:10.671229Z  INFO detcore::scheduler: [scheduler] >>>>>>>

 NONCOMMIT turn 805, SKIP dettid 3 polling resource Resources { tid: DetPid(3), resources: {InternalIOPolling: W}, poll_attempt: 6, fyi: "pwritev2", signal_interrupt_errno: 512 }
2026-09-10T03:16:10.671258Z  INFO detcore::scheduler: [sched-step5] >>>>>>>

 COMMIT turn 806, dettid 3 using resources {InternalIOPolling: W}, on previously committed 1_767_225_600.260_794_500s DETLOG_RECORD={"schema":1,"event":{"kind":"scheduler_commit","scheduler_turn":806,"virtual_nanoseconds":1767225600260794500,"internal_io_poll":true,"runtime_maps_read":false}}
2026-09-10T03:16:10.671317Z  INFO detcore::scheduler: [scheduler] >>>>>>>

 NONCOMMIT turn 807, SKIP dettid 3 polling resource Resources { tid: DetPid(3), resources: {InternalIOPolling: W}, poll_attempt: 7, fyi: "pwritev2", signal_interrupt_errno: 512 }
2026-09-10T03:16:10.671348Z  INFO detcore::scheduler: [sched-step5] >>>>>>>

 COMMIT turn 808, dettid 3 using resources {InternalIOPolling: W}, on previously committed 1_767_225_600.261_294_500s DETLOG_RECORD={"schema":1,"event":{"kind":"scheduler_commit","scheduler_turn":808,"virtual_nanoseconds":1767225600261294500,"internal_io_poll":true,"runtime_maps_read":false}}
2026-09-10T03:16:10.671411Z  INFO detcore::scheduler: [scheduler] >>>>>>>

 NONCOMMIT turn 809, SKIP dettid 3 polling resource Resources { tid: DetPid(3), resources: {InternalIOPolling: W}, poll_attempt: 8, fyi: "pwritev2", signal_interrupt_errno: 512 }
2026-09-10T03:16:10.671439Z  INFO detcore::scheduler: [sched-step5] >>>>>>>

 COMMIT turn 810, dettid 3 using resources {InternalIOPolling: W}, on previously committed 1_767_225_600.261_794_500s DETLOG_RECORD={"schema":1,"event":{"kind":"scheduler_commit","scheduler_turn":810,"virtual_nanoseconds":1767225600261794500,"internal_io_poll":true,"runtime_maps_read":false}}
2026-09-10T03:16:10.671496Z  INFO detcore::scheduler: [scheduler] >>>>>>>

 NONCOMMIT turn 811, SKIP dettid 3 polling resource Resources { tid: DetPid(3), resources: {InternalIOPolling: W}, poll_attempt: 9, fyi: "pwritev2", signal_interrupt_errno: 512 }
2026-09-10T03:16:10.671524Z  INFO detcore::scheduler: [sched-step5] >>>>>>>

 COMMIT turn 812, dettid 3 using resources {InternalIOPolling: W}, on previously committed 1_767_225_600.262_294_500s DETLOG_RECORD={"schema":1,"event":{"kind":"scheduler_commit","scheduler_turn":812,"virtual_nanoseconds":1767225600262294500,"internal_io_poll":true,"runtime_maps_read":false}}
2026-09-10T03:16:10.671582Z  INFO detcore::scheduler: [scheduler] >>>>>>>

 NONCOMMIT turn 813, SKIP dettid 3 polling resource Resources { tid: DetPid(3), resources: {InternalIOPolling: W}, poll_attempt: 10, fyi: "pwritev2", signal_interrupt_errno: 512 }
2026-09-10T03:16:10.671610Z  INFO detcore::scheduler: [sched-step5] >>>>>>>

 COMMIT turn 814, dettid 3 using resources {InternalIOPolling: W}, on previously committed 1_767_225_600.262_794_500s DETLOG_RECORD={"schema":1,"event":{"kind":"scheduler_commit","scheduler_turn":814,"virtual_nanoseconds":1767225600262794500,"internal_io_poll":true,"runtime_maps_read":false}}
2026-09-10T03:16:10.671667Z  INFO detcore::scheduler: [scheduler] >>>>>>>

 NONCOMMIT turn 815, SKIP dettid 3 polling resource Resources { tid: DetPid(3), resources: {InternalIOPolling: W}, poll_attempt: 11, fyi: "pwritev2", signal_interrupt_errno: 512 }
2026-09-10T03:16:10.671695Z  INFO detcore::scheduler: [sched-step5] >>>>>>>

 COMMIT turn 816, dettid 3 using resources {InternalIOPolling: W}, on previously committed 1_767_225_600.263_294_500s DETLOG_RECORD={"schema":1,"event":{"kind":"scheduler_commit","scheduler_turn":816,"virtual_nanoseconds":1767225600263294500,"internal_io_poll":true,"runtime_maps_read":false}}
2026-09-10T03:16:10.671753Z  INFO detcore::scheduler: [scheduler] >>>>>>>

 NONCOMMIT turn 817, SKIP dettid 3 polling resource Resources { tid: DetPid(3), resources: {InternalIOPolling: W}, poll_attempt: 12, fyi: "pwritev2", signal_interrupt_errno: 512 }
2026-09-10T03:16:10.671787Z  INFO detcore::scheduler: [sched-step5] >>>>>>>

 COMMIT turn 818, dettid 3 using resources {InternalIOPolling: W}, on previously committed 1_767_225_600.263_794_500s DETLOG_RECORD={"schema":1,"event":{"kind":"scheduler_commit","scheduler_turn":818,"virtual_nanoseconds":1767225600263794500,"internal_io_poll":true,"runtime_maps_read":false}}
2026-09-10T03:16:10.671845Z  INFO detcore::scheduler: [scheduler] >>>>>>>

 NONCOMMIT turn 819, SKIP dettid 3 polling resource Resources { tid: DetPid(3), resources: {InternalIOPolling: W}, poll_attempt: 13, fyi: "pwritev2", signal_interrupt_errno: 512 }
2026-09-10T03:16:10.671873Z  INFO detcore::scheduler: [sched-step5] >>>>>>>

 COMMIT turn 820, dettid 3 using resources {InternalIOPolling: W}, on previously committed 1_767_225_600.264_294_500s DETLOG_RECORD={"schema":1,"event":{"kind":"scheduler_commit","scheduler_turn":820,"virtual_nanoseconds":1767225600264294500,"internal_io_poll":true,"runtime_maps_read":false}}
2026-09-10T03:16:10.671935Z  INFO detcore::scheduler: [scheduler] >>>>>>>

 NONCOMMIT turn 821, SKIP dettid 3 polling resource Resources { tid: DetPid(3), resources: {InternalIOPolling: W}, poll_attempt: 14, fyi: "pwritev2", signal_interrupt_errno: 512 }
2026-09-10T03:16:10.671966Z  INFO detcore::scheduler: [sched-step5] >>>>>>>

 COMMIT turn 822, dettid 3 using resources {InternalIOPolling: W}, on previously committed 1_767_225_600.264_794_500s DETLOG_RECORD={"schema":1,"event":{"kind":"scheduler_commit","scheduler_turn":822,"virtual_nanoseconds":1767225600264794500,"internal_io_poll":true,"runtime_maps_read":false}}
2026-09-10T03:16:10.672024Z  INFO detcore::scheduler: [scheduler] >>>>>>>

 NONCOMMIT turn 823, SKIP dettid 3 polling resource Resources { tid: DetPid(3), resources: {InternalIOPolling: W}, poll_attempt: 15, fyi: "pwritev2", signal_interrupt_errno: 512 }
2026-09-10T03:16:10.672052Z  INFO detcore::scheduler: [sched-step5] >>>>>>>

 COMMIT turn 824, dettid 3 using resources {InternalIOPolling: W}, on previously committed 1_767_225_600.265_294_500s DETLOG_RECORD={"schema":1,"event":{"kind":"scheduler_commit","scheduler_turn":824,"virtual_nanoseconds":1767225600265294500,"internal_io_poll":true,"runtime_maps_read":false}}
2026-09-10T03:16:10.672109Z  INFO detcore::scheduler: [scheduler] >>>>>>>

 NONCOMMIT turn 825, SKIP dettid 3 polling resource Resources { tid: DetPid(3), resources: {InternalIOPolling: W}, poll_attempt: 16, fyi: "pwritev2", signal_interrupt_errno: 512 }
2026-09-10T03:16:10.672137Z  INFO detcore::scheduler: [sched-step5] >>>>>>>

 COMMIT turn 826, dettid 3 using resources {InternalIOPolling: W}, on previously committed 1_767_225_600.265_794_500s DETLOG_RECORD={"schema":1,"event":{"kind":"scheduler_commit","scheduler_turn":826,"virtual_nanoseconds":1767225600265794500,"internal_io_poll":true,"runtime_maps_read":false}}
2026-09-10T03:16:10.672194Z  INFO detcore::scheduler: [scheduler] >>>>>>>

 NONCOMMIT turn 827, SKIP dettid 3 polling resource Resources { tid: DetPid(3), resources: {InternalIOPolling: W}, poll_attempt: 17, fyi: "pwritev2", signal_interrupt_errno: 512 }
2026-09-10T03:16:10.672222Z  INFO detcore::scheduler: [sched-step5] >>>>>>>

 COMMIT turn 828, dettid 3 using resources {InternalIOPolling: W}, on previously committed 1_767_225_600.266_294_500s DETLOG_RECORD={"schema":1,"event":{"kind":"scheduler_commit","scheduler_turn":828,"virtual_nanoseconds":1767225600266294500,"internal_io_poll":true,"runtime_maps_read":false}}
2026-09-10T03:16:10.672279Z  INFO detcore::scheduler: [scheduler] >>>>>>>

 NONCOMMIT turn 829, SKIP dettid 3 polling resource Resources { tid: DetPid(3), resources: {InternalIOPolling: W}, poll_attempt: 18, fyi: "pwritev2", signal_interrupt_errno: 512 }
2026-09-10T03:16:10.672306Z  INFO detcore::scheduler: [sched-step5] >>>>>>>

 COMMIT turn 830, dettid 3 using resources {InternalIOPolling: W}, on previously committed 1_767_225_600.266_794_500s DETLOG_RECORD={"schema":1,"event":{"kind":"scheduler_commit","scheduler_turn":830,"virtual_nanoseconds":1767225600266794500,"internal_io_poll":true,"runtime_maps_read":false}}
2026-09-10T03:16:10.672364Z  INFO detcore::scheduler: [scheduler] >>>>>>>

 NONCOMMIT turn 831, SKIP dettid 3 polling resource Resources { tid: DetPid(3), resources: {InternalIOPolling: W}, poll_attempt: 19, fyi: "pwritev2", signal_interrupt_errno: 512 }
2026-09-10T03:16:10.672391Z  INFO detcore::scheduler: [sched-step5] >>>>>>>

 COMMIT turn 832, dettid 3 using resources {InternalIOPolling: W}, on previously committed 1_767_225_600.267_294_500s DETLOG_RECORD={"schema":1,"event":{"kind":"scheduler_commit","scheduler_turn":832,"virtual_nanoseconds":1767225600267294500,"internal_io_poll":true,"runtime_maps_read":false}}
2026-09-10T03:16:10.672450Z  INFO detcore::scheduler: [scheduler] >>>>>>>

 NONCOMMIT turn 833, SKIP dettid 3 polling resource Resources { tid: DetPid(3), resources: {InternalIOPolling: W}, poll_attempt: 20, fyi: "pwritev2", signal_interrupt_errno: 512 }
2026-09-10T03:16:10.672481Z  INFO detcore::scheduler: [sched-step5] >>>>>>>

 COMMIT turn 834, dettid 3 using resources {InternalIOPolling: W}, on previously committed 1_767_225_600.267_794_500s DETLOG_RECORD={"schema":1,"event":{"kind":"scheduler_commit","scheduler_turn":834,"virtual_nanoseconds":1767225600267794500,"internal_io_poll":true,"runtime_maps_read":false}}
2026-09-10T03:16:10.672542Z  INFO detcore::scheduler: [scheduler] >>>>>>>

 NONCOMMIT turn 835, SKIP dettid 3 polling resource Resources { tid: DetPid(3), resources: {InternalIOPolling: W}, poll_attempt: 21, fyi: "pwritev2", signal_interrupt_errno: 512 }
2026-09-10T03:16:10.672570Z  INFO detcore::scheduler: [sched-step5] >>>>>>>

 COMMIT turn 836, dettid 3 using resources {InternalIOPolling: W}, on previously committed 1_767_225_600.268_294_500s DETLOG_RECORD={"schema":1,"event":{"kind":"scheduler_commit","scheduler_turn":836,"virtual_nanoseconds":1767225600268294500,"internal_io_poll":true,"runtime_maps_read":false}}
2026-09-10T03:16:10.672628Z  INFO detcore::scheduler: [scheduler] >>>>>>>

 NONCOMMIT turn 837, SKIP dettid 3 polling resource Resources { tid: DetPid(3), resources: {InternalIOPolling: W}, poll_attempt: 22, fyi: "pwritev2", signal_interrupt_errno: 512 }
2026-09-10T03:16:10.672656Z  INFO detcore::scheduler: [sched-step5] >>>>>>>

 COMMIT turn 838, dettid 3 using resources {InternalIOPolling: W}, on previously committed 1_767_225_600.268_794_500s DETLOG_RECORD={"schema":1,"event":{"kind":"scheduler_commit","scheduler_turn":838,"virtual_nanoseconds":1767225600268794500,"internal_io_poll":true,"runtime_maps_read":false}}
2026-09-10T03:16:10.672721Z  INFO detcore::scheduler: [scheduler] >>>>>>>

 NONCOMMIT turn 839, SKIP dettid 3 polling resource Resources { tid: DetPid(3), resources: {InternalIOPolling: W}, poll_attempt: 23, fyi: "pwritev2", signal_interrupt_errno: 512 }
2026-09-10T03:16:10.672750Z  INFO detcore::scheduler: [sched-step5] >>>>>>>

 COMMIT turn 840, dettid 3 using resources {InternalIOPolling: W}, on previously committed 1_767_225_600.269_294_500s DETLOG_RECORD={"schema":1,"event":{"kind":"scheduler_commit","scheduler_turn":840,"virtual_nanoseconds":1767225600269294500,"internal_io_poll":true,"runtime_maps_read":false}}
2026-09-10T03:16:10.672921Z  INFO detcore::scheduler: [scheduler] >>>>>>>

 NONCOMMIT turn 841, SKIP dettid 3 polling resource Resources { tid: DetPid(3), resources: {InternalIOPolling: W}, poll_attempt: 24, fyi: "pwritev2", signal_interrupt_errno: 512 }
2026-09-10T03:16:10.672954Z  INFO detcore::scheduler: [sched-step5] >>>>>>>

 COMMIT turn 842, dettid 3 using resources {InternalIOPolling: W}, on previously committed 1_767_225_600.269_794_500s DETLOG_RECORD={"schema":1,"event":{"kind":"scheduler_commit","scheduler_turn":842,"virtual_nanoseconds":1767225600269794500,"internal_io_poll":true,"runtime_maps_read":false}}
2026-09-10T03:16:10.673016Z  INFO detcore::scheduler: [scheduler] >>>>>>>

 NONCOMMIT turn 843, SKIP dettid 3 polling resource Resources { tid: DetPid(3), resources: {InternalIOPolling: W}, poll_attempt: 25, fyi: "pwritev2", signal_interrupt_errno: 512 }
2026-09-10T03:16:10.673044Z  INFO detcore::scheduler: [sched-step5] >>>>>>>

 COMMIT turn 844, dettid 3 using resources {InternalIOPolling: W}, on previously committed 1_767_225_600.270_294_500s DETLOG_RECORD={"schema":1,"event":{"kind":"scheduler_commit","scheduler_turn":844,"virtual_nanoseconds":1767225600270294500,"internal_io_poll":true,"runtime_maps_read":false}}
2026-09-10T03:16:10.673102Z  INFO detcore::scheduler: [scheduler] >>>>>>>

 NONCOMMIT turn 845, SKIP dettid 3 polling resource Resources { tid: DetPid(3), resources: {InternalIOPolling: W}, poll_attempt: 26, fyi: "pwritev2", signal_interrupt_errno: 512 }
2026-09-10T03:16:10.673130Z  INFO detcore::scheduler: [sched-step5] >>>>>>>

 COMMIT turn 846, dettid 3 using resources {InternalIOPolling: W}, on previously committed 1_767_225_600.270_794_500s DETLOG_RECORD={"schema":1,"event":{"kind":"scheduler_commit","scheduler_turn":846,"virtual_nanoseconds":1767225600270794500,"internal_io_poll":true,"runtime_maps_read":false}}
2026-09-10T03:16:10.673191Z  INFO detcore::scheduler: [scheduler] >>>>>>>

 NONCOMMIT turn 847, SKIP dettid 3 polling resource Resources { tid: DetPid(3), resources: {InternalIOPolling: W}, poll_attempt: 27, fyi: "pwritev2", signal_interrupt_errno: 512 }
2026-09-10T03:16:10.673222Z  INFO detcore::scheduler: [sched-step5] >>>>>>>

 COMMIT turn 848, dettid 3 using resources {InternalIOPolling: W}, on previously committed 1_767_225_600.271_294_500s DETLOG_RECORD={"schema":1,"event":{"kind":"scheduler_commit","scheduler_turn":848,"virtual_nanoseconds":1767225600271294500,"internal_io_poll":true,"runtime_maps_read":false}}
2026-09-10T03:16:10.673282Z  INFO detcore::scheduler: [scheduler] >>>>>>>

 NONCOMMIT turn 849, SKIP dettid 3 polling resource Resources { tid: DetPid(3), resources: {InternalIOPolling: W}, poll_attempt: 28, fyi: "pwritev2", signal_interrupt_errno: 512 }
2026-09-10T03:16:10.673310Z  INFO detcore::scheduler: [sched-step5] >>>>>>>

 COMMIT turn 850, dettid 3 using resources {InternalIOPolling: W}, on previously committed 1_767_225_600.271_794_500s DETLOG_RECORD={"schema":1,"event":{"kind":"scheduler_commit","scheduler_turn":850,"virtual_nanoseconds":1767225600271794500,"internal_io_poll":true,"runtime_maps_read":false}}
2026-09-10T03:16:10.673368Z  INFO detcore::scheduler: [scheduler] >>>>>>>

 NONCOMMIT turn 851, SKIP dettid 3 polling resource Resources { tid: DetPid(3), resources: {InternalIOPolling: W}, poll_attempt: 29, fyi: "pwritev2", signal_interrupt_errno: 512 }
2026-09-10T03:16:10.673396Z  INFO detcore::scheduler: [sched-step5] >>>>>>>

 COMMIT turn 852, dettid 3 using resources {InternalIOPolling: W}, on previously committed 1_767_225_600.272_294_500s DETLOG_RECORD={"schema":1,"event":{"kind":"scheduler_commit","scheduler_turn":852,"virtual_nanoseconds":1767225600272294500,"internal_io_poll":true,"runtime_maps_read":false}}
2026-09-10T03:16:10.673454Z  INFO detcore::scheduler: [scheduler] >>>>>>>

 NONCOMMIT turn 853, SKIP dettid 3 polling resource Resources { tid: DetPid(3), resources: {InternalIOPolling: W}, poll_attempt: 30, fyi: "pwritev2", signal_interrupt_errno: 512 }
2026-09-10T03:16:10.673482Z  INFO detcore::scheduler: [sched-step5] >>>>>>>

 COMMIT turn 854, dettid 3 using resources {InternalIOPolling: W}, on previously committed 1_767_225_600.272_794_500s DETLOG_RECORD={"schema":1,"event":{"kind":"scheduler_commit","scheduler_turn":854,"virtual_nanoseconds":1767225600272794500,"internal_io_poll":true,"runtime_maps_read":false}}
2026-09-10T03:16:10.673539Z  INFO detcore::scheduler: [scheduler] >>>>>>>

 NONCOMMIT turn 855, SKIP dettid 3 polling resource Resources { tid: DetPid(3), resources: {InternalIOPolling: W}, poll_attempt: 31, fyi: "pwritev2", signal_interrupt_errno: 512 }
2026-09-10T03:16:10.673567Z  INFO detcore::scheduler: [sched-step5] >>>>>>>

 COMMIT turn 856, dettid 3 using resources {InternalIOPolling: W}, on previously committed 1_767_225_600.273_294_500s DETLOG_RECORD={"schema":1,"event":{"kind":"scheduler_commit","scheduler_turn":856,"virtual_nanoseconds":1767225600273294500,"internal_io_poll":true,"runtime_maps_read":false}}
2026-09-10T03:16:10.673624Z  INFO detcore::scheduler: [scheduler] >>>>>>>

 NONCOMMIT turn 857, SKIP dettid 3 polling resource Resources { tid: DetPid(3), resources: {InternalIOPolling: W}, poll_attempt: 32, fyi: "pwritev2", signal_interrupt_errno: 512 }
2026-09-10T03:16:10.673652Z  INFO detcore::scheduler: [sched-step5] >>>>>>>

 COMMIT turn 858, dettid 3 using resources {InternalIOPolling: W}, on previously committed 1_767_225_600.273_794_500s DETLOG_RECORD={"schema":1,"event":{"kind":"scheduler_commit","scheduler_turn":858,"virtual_nanoseconds":1767225600273794500,"internal_io_poll":true,"runtime_maps_read":false}}
2026-09-10T03:16:10.673714Z  INFO detcore::scheduler: [scheduler] >>>>>>>

 NONCOMMIT turn 859, SKIP dettid 3 polling resource Resources { tid: DetPid(3), resources: {InternalIOPolling: W}, poll_attempt: 33, fyi: "pwritev2", signal_interrupt_errno: 512 }
2026-09-10T03:16:10.673742Z  INFO detcore::scheduler: [sched-step5] >>>>>>>

 COMMIT turn 860, dettid 3 using resources {InternalIOPolling: W}, on previously committed 1_767_225_600.274_294_500s DETLOG_RECORD={"schema":1,"event":{"kind":"scheduler_commit","scheduler_turn":860,"virtual_nanoseconds":1767225600274294500,"internal_io_poll":true,"runtime_maps_read":false}}
2026-09-10T03:16:10.673812Z  INFO detcore::scheduler: [scheduler] >>>>>>>

 NONCOMMIT turn 861, SKIP dettid 3 polling resource Resources { tid: DetPid(3), resources: {InternalIOPolling: W}, poll_attempt: 34, fyi: "pwritev2", signal_interrupt_errno: 512 }
2026-09-10T03:16:10.673844Z  INFO detcore::scheduler: [sched-step5] >>>>>>>

 COMMIT turn 862, dettid 3 using resources {InternalIOPolling: W}, on previously committed 1_767_225_600.274_794_500s DETLOG_RECORD={"schema":1,"event":{"kind":"scheduler_commit","scheduler_turn":862,"virtual_nanoseconds":1767225600274794500,"internal_io_poll":true,"runtime_maps_read":false}}
2026-09-10T03:16:10.673903Z  INFO detcore::scheduler: [scheduler] >>>>>>>

 NONCOMMIT turn 863, SKIP dettid 3 polling resource Resources { tid: DetPid(3), resources: {InternalIOPolling: W}, poll_attempt: 35, fyi: "pwritev2", signal_interrupt_errno: 512 }
2026-09-10T03:16:10.673931Z  INFO detcore::scheduler: [sched-step5] >>>>>>>

 COMMIT turn 864, dettid 3 using resources {InternalIOPolling: W}, on previously committed 1_767_225_600.275_294_500s DETLOG_RECORD={"schema":1,"event":{"kind":"scheduler_commit","scheduler_turn":864,"virtual_nanoseconds":1767225600275294500,"internal_io_poll":true,"runtime_maps_read":false}}
2026-09-10T03:16:10.673990Z  INFO detcore::scheduler: [scheduler] >>>>>>>

 NONCOMMIT turn 865, SKIP dettid 3 polling resource Resources { tid: DetPid(3), resources: {InternalIOPolling: W}, poll_attempt: 36, fyi: "pwritev2", signal_interrupt_errno: 512 }
2026-09-10T03:16:10.674018Z  INFO detcore::scheduler: [sched-step5] >>>>>>>

 COMMIT turn 866, dettid 3 using resources {InternalIOPolling: W}, on previously committed 1_767_225_600.275_794_500s DETLOG_RECORD={"schema":1,"event":{"kind":"scheduler_commit","scheduler_turn":866,"virtual_nanoseconds":1767225600275794500,"internal_io_poll":true,"runtime_maps_read":false}}
2026-09-10T03:16:10.674075Z  INFO detcore::scheduler: [scheduler] >>>>>>>

 NONCOMMIT turn 867, SKIP dettid 3 polling resource Resources { tid: DetPid(3), resources: {InternalIOPolling: W}, poll_attempt: 37, fyi: "pwritev2", signal_interrupt_errno: 512 }
2026-09-10T03:16:10.674103Z  INFO detcore::scheduler: [sched-step5] >>>>>>>

 COMMIT turn 868, dettid 3 using resources {InternalIOPolling: W}, on previously committed 1_767_225_600.276_294_500s DETLOG_RECORD={"schema":1,"event":{"kind":"scheduler_commit","scheduler_turn":868,"virtual_nanoseconds":1767225600276294500,"internal_io_poll":true,"runtime_maps_read":false}}
2026-09-10T03:16:10.674181Z  INFO detcore::scheduler: [sched-step5] >>>>>>>

 COMMIT turn 869, dettid 13 using resources {SleepUntil(LogicalTime(1767225600276794000)): W}, on previously committed 1_767_225_600.276_794_500s DETLOG_RECORD={"schema":1,"event":{"kind":"scheduler_commit","scheduler_turn":869,"virtual_nanoseconds":1767225600276794500,"internal_io_poll":false,"runtime_maps_read":false}}
2026-09-10T03:16:10.674228Z  INFO detcore: DETLOG [syscall][detcore, dtid 13] finish syscall #3: clock_nanosleep(CLOCK_REALTIME, 0, 0x1b50e30, 0x1b50e30) = Ok(0) DETLOG_RECORD={"schema":1,"event":{"kind":"syscall_result","finished_syscall_number":3}}
2026-09-10T03:16:10.674283Z  INFO detcore: DETLOG [syscall][detcore, dtid 13] inbound syscall: read(3, 0x1b50e28, 8) = ? DETLOG_RECORD={"schema":1,"event":{"kind":"syscall"}}
2026-09-10T03:16:10.674371Z  INFO detcore::scheduler: [scheduler] >>>>>>>

 NONCOMMIT turn 870, SKIP dettid 3 polling resource Resources { tid: DetPid(3), resources: {InternalIOPolling: W}, poll_attempt: 38, fyi: "pwritev2", signal_interrupt_errno: 512 }
2026-09-10T03:16:10.674405Z  INFO detcore::scheduler: [sched-step5] >>>>>>>

 COMMIT turn 871, dettid 13 using resources {InternalIOPolling: W}, on previously committed 1_767_225_600.277_304_500s DETLOG_RECORD={"schema":1,"event":{"kind":"scheduler_commit","scheduler_turn":871,"virtual_nanoseconds":1767225600277304500,"internal_io_poll":true,"runtime_maps_read":false}}
2026-09-10T03:16:10.674472Z  INFO detcore: DETLOG [syscall][detcore, dtid 13] finish syscall #4: read(3, 0x1b50e28, 8) = Ok(8) DETLOG_RECORD={"schema":1,"event":{"kind":"syscall_result","finished_syscall_number":4}}
2026-09-10T03:16:10.674503Z  INFO detcore::io_buffers: DETLOG [iobuf][dtid 13] read in fd=3 0x1b50e28+8->81b37f7f8b78762feb067131152a700548754f937a0668c1f327d2ee1a2d2801 DETLOG_RECORD={"schema":1,"event":{"kind":"other"}}
2026-09-10T03:16:10.674540Z  INFO detcore: DETLOG [syscall][detcore, dtid 13] inbound syscall: rt_sigprocmask(0, 0x1b51f30, NULL, 8) = ? DETLOG_RECORD={"schema":1,"event":{"kind":"syscall"}}
2026-09-10T03:16:10.674572Z  INFO detcore: DETLOG [syscall][detcore, dtid 13] finish syscall #5: rt_sigprocmask(0, 0x1b51f30, NULL, 8) = Ok(0) DETLOG_RECORD={"schema":1,"event":{"kind":"syscall_result","finished_syscall_number":5}}
2026-09-10T03:16:10.674595Z  INFO detcore: DETLOG [syscall][detcore, dtid 13] inbound syscall: madvise(0x1351000, 8368128, 4) = ? DETLOG_RECORD={"schema":1,"event":{"kind":"syscall"}}
2026-09-10T03:16:10.674613Z  INFO detcore::syscalls::memory: DETLOG [dtid 13] madvise advice 4 is unsupported by this backend DETLOG_RECORD={"schema":1,"event":{"kind":"other"}}
2026-09-10T03:16:10.674623Z  INFO detcore: DETLOG [syscall][detcore, dtid 13] finish syscall #6: madvise(0x1351000, 8368128, 4) = Err(Errno(ENOSYS)) DETLOG_RECORD={"schema":1,"event":{"kind":"syscall_result","finished_syscall_number":6}}
2026-09-10T03:16:10.674646Z  INFO detcore: DETLOG [syscall][detcore, dtid 13] inbound syscall: exit(0) = ? DETLOG_RECORD={"schema":1,"event":{"kind":"syscall"}}
2026-09-10T03:16:10.674711Z  INFO detcore::scheduler: [sched-step5] >>>>>>>

 COMMIT turn 872, dettid 13 using resources {Exit { group: false, process: DetPid(3), mm: MmId { creator: DetPid(3), generation: 1 } }: RW}, on previously committed 1_767_225_600.278_064_750s DETLOG_RECORD={"schema":1,"event":{"kind":"scheduler_commit","scheduler_turn":872,"virtual_nanoseconds":1767225600278064750,"internal_io_poll":false,"runtime_maps_read":false}}
2026-09-10T03:16:10.674838Z  INFO detcore::scheduler: logically_kill: Scheduler removing all knowledge of [det]tid 13 in pid 3..
2026-09-10T03:16:10.674912Z  INFO detcore::scheduler: [sched-step5] >>>>>>>

 COMMIT turn 873, dettid 3 using resources {InternalIOPolling: W}, on previously committed 1_767_225_600.278_564_750s DETLOG_RECORD={"schema":1,"event":{"kind":"scheduler_commit","scheduler_turn":873,"virtual_nanoseconds":1767225600278564750,"internal_io_poll":true,"runtime_maps_read":false}}
2026-09-10T03:16:10.675036Z  INFO detcore: DETLOG [syscall][detcore, dtid 3] finish syscall #600: pwritev2(3, 0x3fffeb60, 1, 18446744073709551615, 0, 0) = Ok(8) DETLOG_RECORD={"schema":1,"event":{"kind":"syscall_result","finished_syscall_number":600}}
2026-09-10T03:16:10.675068Z  INFO detcore::io_buffers: DETLOG [iobuf][dtid 3] pwritev2 out fd=3 0x3fffeb38+8->7c9fa136d4413fa6173637e883b6998d32e1d675f88cddff9dcbcf331820f4b8 DETLOG_RECORD={"schema":1,"event":{"kind":"other"}}
2026-09-10T03:16:10.675118Z  INFO detcore: DETLOG [syscall][detcore, dtid 3] inbound syscall: futex(0x1b51910, 265, 13, NULL, NULL, -1) = ? DETLOG_RECORD={"schema":1,"event":{"kind":"syscall"}}
2026-09-10T03:16:10.675155Z  INFO detcore: DETLOG [syscall][detcore, dtid 3] finish syscall #601: futex(0x1b51910, 265, 13, NULL, NULL, -1) = Ok(0) DETLOG_RECORD={"schema":1,"event":{"kind":"syscall_result","finished_syscall_number":601}}
2026-09-10T03:16:10.675183Z  INFO detcore: DETLOG [syscall][detcore, dtid 3] inbound syscall: futex(0x1b51910, 265, 13, NULL, NULL, -1) = ? DETLOG_RECORD={"schema":1,"event":{"kind":"syscall"}}
2026-09-10T03:16:10.675202Z  INFO detcore: DETLOG [syscall][detcore, dtid 3] finish syscall #602: futex(0x1b51910, 265, 13, NULL, NULL, -1) = Ok(0) DETLOG_RECORD={"schema":1,"event":{"kind":"syscall_result","finished_syscall_number":602}}
2026-09-10T03:16:10.675232Z  INFO detcore: DETLOG [syscall][detcore, dtid 3] inbound syscall: futex(0x1b51910, 265, 13, NULL, NULL, -1) = ? DETLOG_RECORD={"schema":1,"event":{"kind":"syscall"}}
2026-09-10T03:16:10.675253Z  INFO detcore: DETLOG [syscall][detcore, dtid 3] finish syscall #603: futex(0x1b51910, 265, 13, NULL, NULL, -1) = Ok(0) DETLOG_RECORD={"schema":1,"event":{"kind":"syscall_result","finished_syscall_number":603}}
2026-09-10T03:16:10.675278Z  INFO detcore: DETLOG [syscall][detcore, dtid 3] inbound syscall: futex(0x1b51910, 265, 13, NULL, NULL, -1) = ? DETLOG_RECORD={"schema":1,"event":{"kind":"syscall"}}
2026-09-10T03:16:10.675296Z  INFO detcore: DETLOG [syscall][detcore, dtid 3] finish syscall #604: futex(0x1b51910, 265, 13, NULL, NULL, -1) = Ok(0) DETLOG_RECORD={"schema":1,"event":{"kind":"syscall_result","finished_syscall_number":604}}
2026-09-10T03:16:10.675321Z  INFO detcore: DETLOG [syscall][detcore, dtid 3] inbound syscall: futex(0x1b51910, 265, 13, NULL, NULL, -1) = ? DETLOG_RECORD={"schema":1,"event":{"kind":"syscall"}}
2026-09-10T03:16:10.675339Z  INFO detcore: DETLOG [syscall][detcore, dtid 3] finish syscall #605: futex(0x1b51910, 265, 13, NULL, NULL, -1) = Ok(0) DETLOG_RECORD={"schema":1,"event":{"kind":"syscall_result","finished_syscall_number":605}}
2026-09-10T03:16:10.675364Z  INFO detcore: DETLOG [syscall][detcore, dtid 3] inbound syscall: futex(0x1b51910, 265, 13, NULL, NULL, -1) = ? DETLOG_RECORD={"schema":1,"event":{"kind":"syscall"}}
2026-09-10T03:16:10.675382Z  INFO detcore: DETLOG [syscall][detcore, dtid 3] finish syscall #606: futex(0x1b51910, 265, 13, NULL, NULL, -1) = Ok(0) DETLOG_RECORD={"schema":1,"event":{"kind":"syscall_result","finished_syscall_number":606}}
2026-09-10T03:16:10.675406Z  INFO detcore: DETLOG [syscall][detcore, dtid 3] inbound syscall: futex(0x1b51910, 265, 13, NULL, NULL, -1) = ? DETLOG_RECORD={"schema":1,"event":{"kind":"syscall"}}
2026-09-10T03:16:10.675424Z  INFO detcore: DETLOG [syscall][detcore, dtid 3] finish syscall #607: futex(0x1b51910, 265, 13, NULL, NULL, -1) = Ok(0) DETLOG_RECORD={"schema":1,"event":{"kind":"syscall_result","finished_syscall_number":607}}
2026-09-10T03:16:10.675448Z  INFO detcore: DETLOG [syscall][detcore, dtid 3] inbound syscall: futex(0x1b51910, 265, 13, NULL, NULL, -1) = ? DETLOG_RECORD={"schema":1,"event":{"kind":"syscall"}}
2026-09-10T03:16:10.675466Z  INFO detcore: DETLOG [syscall][detcore, dtid 3] finish syscall #608: futex(0x1b51910, 265, 13, NULL, NULL, -1) = Ok(0) DETLOG_RECORD={"schema":1,"event":{"kind":"syscall_result","finished_syscall_number":608}}
2026-09-10T03:16:10.675491Z  INFO detcore: DETLOG [syscall][detcore, dtid 3] inbound syscall: futex(0x1b51910, 265, 13, NULL, NULL, -1) = ? DETLOG_RECORD={"schema":1,"event":{"kind":"syscall"}}
2026-09-10T03:16:10.675508Z  INFO detcore: DETLOG [syscall][detcore, dtid 3] finish syscall #609: futex(0x1b51910, 265, 13, NULL, NULL, -1) = Ok(0) DETLOG_RECORD={"schema":1,"event":{"kind":"syscall_result","finished_syscall_number":609}}
2026-09-10T03:16:10.675533Z  INFO detcore: DETLOG [syscall][detcore, dtid 3] inbound syscall: futex(0x1b51910, 265, 13, NULL, NULL, -1) = ? DETLOG_RECORD={"schema":1,"event":{"kind":"syscall"}}
2026-09-10T03:16:10.675551Z  INFO detcore: DETLOG [syscall][detcore, dtid 3] finish syscall #610: futex(0x1b51910, 265, 13, NULL, NULL, -1) = Ok(0) DETLOG_RECORD={"schema":1,"event":{"kind":"syscall_result","finished_syscall_number":610}}
2026-09-10T03:16:10.675576Z  INFO detcore: DETLOG [syscall][detcore, dtid 3] inbound syscall: futex(0x1b51910, 265, 13, NULL, NULL, -1) = ? DETLOG_RECORD={"schema":1,"event":{"kind":"syscall"}}
2026-09-10T03:16:10.675593Z  INFO detcore: DETLOG [syscall][detcore, dtid 3] finish syscall #611: futex(0x1b51910, 265, 13, NULL, NULL, -1) = Ok(0) DETLOG_RECORD={"schema":1,"event":{"kind":"syscall_result","finished_syscall_number":611}}
2026-09-10T03:16:10.675618Z  INFO detcore: DETLOG [syscall][detcore, dtid 3] inbound syscall: futex(0x1b51910, 265, 13, NULL, NULL, -1) = ? DETLOG_RECORD={"schema":1,"event":{"kind":"syscall"}}
2026-09-10T03:16:10.675637Z  INFO detcore: DETLOG [syscall][detcore, dtid 3] finish syscall #612: futex(0x1b51910, 265, 13, NULL, NULL, -1) = Ok(0) DETLOG_RECORD={"schema":1,"event":{"kind":"syscall_result","finished_syscall_number":612}}
2026-09-10T03:16:10.675663Z  INFO detcore: DETLOG [syscall][detcore, dtid 3] inbound syscall: futex(0x1b51910, 265, 13, NULL, NULL, -1) = ? DETLOG_RECORD={"schema":1,"event":{"kind":"syscall"}}
2026-09-10T03:16:10.675681Z  INFO detcore: DETLOG [syscall][detcore, dtid 3] finish syscall #613: futex(0x1b51910, 265, 13, NULL, NULL, -1) = Ok(0) DETLOG_RECORD={"schema":1,"event":{"kind":"syscall_result","finished_syscall_number":613}}
2026-09-10T03:16:10.675706Z  INFO detcore: DETLOG [syscall][detcore, dtid 3] inbound syscall: futex(0x1b51910, 265, 13, NULL, NULL, -1) = ? DETLOG_RECORD={"schema":1,"event":{"kind":"syscall"}}
2026-09-10T03:16:10.675724Z  INFO detcore: DETLOG [syscall][detcore, dtid 3] finish syscall #614: futex(0x1b51910, 265, 13, NULL, NULL, -1) = Ok(0) DETLOG_RECORD={"schema":1,"event":{"kind":"syscall_result","finished_syscall_number":614}}
2026-09-10T03:16:10.675748Z  INFO detcore: DETLOG [syscall][detcore, dtid 3] inbound syscall: futex(0x1b51910, 265, 13, NULL, NULL, -1) = ? DETLOG_RECORD={"schema":1,"event":{"kind":"syscall"}}
2026-09-10T03:16:10.675766Z  INFO detcore: DETLOG [syscall][detcore, dtid 3] finish syscall #615: futex(0x1b51910, 265, 13, NULL, NULL, -1) = Ok(0) DETLOG_RECORD={"schema":1,"event":{"kind":"syscall_result","finished_syscall_number":615}}
2026-09-10T03:16:10.675799Z  INFO detcore: DETLOG [syscall][detcore, dtid 3] inbound syscall: futex(0x1b51910, 265, 13, NULL, NULL, -1) = ? DETLOG_RECORD={"schema":1,"event":{"kind":"syscall"}}
2026-09-10T03:16:10.675817Z  INFO detcore: DETLOG [syscall][detcore, dtid 3] finish syscall #616: futex(0x1b51910, 265, 13, NULL, NULL, -1) = Ok(0) DETLOG_RECORD={"schema":1,"event":{"kind":"syscall_result","finished_syscall_number":616}}
2026-09-10T03:16:10.675842Z  INFO detcore: DETLOG [syscall][detcore, dtid 3] inbound syscall: futex(0x1b51910, 265, 13, NULL, NULL, -1) = ? DETLOG_RECORD={"schema":1,"event":{"kind":"syscall"}}
2026-09-10T03:16:10.675859Z  INFO detcore: DETLOG [syscall][detcore, dtid 3] finish syscall #617: futex(0x1b51910, 265, 13, NULL, NULL, -1) = Ok(0) DETLOG_RECORD={"schema":1,"event":{"kind":"syscall_result","finished_syscall_number":617}}
2026-09-10T03:16:10.675884Z  INFO detcore: DETLOG [syscall][detcore, dtid 3] inbound syscall: futex(0x1b51910, 265, 13, NULL, NULL, -1) = ? DETLOG_RECORD={"schema":1,"event":{"kind":"syscall"}}
2026-09-10T03:16:10.675902Z  INFO detcore: DETLOG [syscall][detcore, dtid 3] finish syscall #618: futex(0x1b51910, 265, 13, NULL, NULL, -1) = Ok(0) DETLOG_RECORD={"schema":1,"event":{"kind":"syscall_result","finished_syscall_number":618}}
2026-09-10T03:16:10.675926Z  INFO detcore: DETLOG [syscall][detcore, dtid 3] inbound syscall: futex(0x1b51910, 265, 13, NULL, NULL, -1) = ? DETLOG_RECORD={"schema":1,"event":{"kind":"syscall"}}
2026-09-10T03:16:10.675944Z  INFO detcore: DETLOG [syscall][detcore, dtid 3] finish syscall #619: futex(0x1b51910, 265, 13, NULL, NULL, -1) = Ok(0) DETLOG_RECORD={"schema":1,"event":{"kind":"syscall_result","finished_syscall_number":619}}
2026-09-10T03:16:10.675968Z  INFO detcore: DETLOG [syscall][detcore, dtid 3] inbound syscall: futex(0x1b51910, 265, 13, NULL, NULL, -1) = ? DETLOG_RECORD={"schema":1,"event":{"kind":"syscall"}}
2026-09-10T03:16:10.675986Z  INFO detcore: DETLOG [syscall][detcore, dtid 3] finish syscall #620: futex(0x1b51910, 265, 13, NULL, NULL, -1) = Ok(0) DETLOG_RECORD={"schema":1,"event":{"kind":"syscall_result","finished_syscall_number":620}}
2026-09-10T03:16:10.676011Z  INFO detcore: DETLOG [syscall][detcore, dtid 3] inbound syscall: futex(0x1b51910, 265, 13, NULL, NULL, -1) = ? DETLOG_RECORD={"schema":1,"event":{"kind":"syscall"}}
2026-09-10T03:16:10.676028Z  INFO detcore: DETLOG [syscall][detcore, dtid 3] finish syscall #621: futex(0x1b51910, 265, 13, NULL, NULL, -1) = Ok(0) DETLOG_RECORD={"schema":1,"event":{"kind":"syscall_result","finished_syscall_number":621}}
2026-09-10T03:16:10.676055Z  INFO detcore: DETLOG [syscall][detcore, dtid 3] inbound syscall: futex(0x1b51910, 265, 13, NULL, NULL, -1) = ? DETLOG_RECORD={"schema":1,"event":{"kind":"syscall"}}
2026-09-10T03:16:10.676073Z  INFO detcore: DETLOG [syscall][detcore, dtid 3] finish syscall #622: futex(0x1b51910, 265, 13, NULL, NULL, -1) = Ok(0) DETLOG_RECORD={"schema":1,"event":{"kind":"syscall_result","finished_syscall_number":622}}
2026-09-10T03:16:10.676098Z  INFO detcore: DETLOG [syscall][detcore, dtid 3] inbound syscall: futex(0x1b51910, 265, 13, NULL, NULL, -1) = ? DETLOG_RECORD={"schema":1,"event":{"kind":"syscall"}}
2026-09-10T03:16:10.676116Z  INFO detcore: DETLOG [syscall][detcore, dtid 3] finish syscall #623: futex(0x1b51910, 265, 13, NULL, NULL, -1) = Ok(0) DETLOG_RECORD={"schema":1,"event":{"kind":"syscall_result","finished_syscall_number":623}}
2026-09-10T03:16:10.676141Z  INFO detcore: DETLOG [syscall][detcore, dtid 3] inbound syscall: futex(0x1b51910, 265, 13, NULL, NULL, -1) = ? DETLOG_RECORD={"schema":1,"event":{"kind":"syscall"}}
2026-09-10T03:16:10.676158Z  INFO detcore: DETLOG [syscall][detcore, dtid 3] finish syscall #624: futex(0x1b51910, 265, 13, NULL, NULL, -1) = Ok(0) DETLOG_RECORD={"schema":1,"event":{"kind":"syscall_result","finished_syscall_number":624}}
2026-09-10T03:16:10.676183Z  INFO detcore: DETLOG [syscall][detcore, dtid 3] inbound syscall: futex(0x1b51910, 265, 13, NULL, NULL, -1) = ? DETLOG_RECORD={"schema":1,"event":{"kind":"syscall"}}
2026-09-10T03:16:10.676201Z  INFO detcore: DETLOG [syscall][detcore, dtid 3] finish syscall #625: futex(0x1b51910, 265, 13, NULL, NULL, -1) = Ok(0) DETLOG_RECORD={"schema":1,"event":{"kind":"syscall_result","finished_syscall_number":625}}
2026-09-10T03:16:10.676225Z  INFO detcore: DETLOG [syscall][detcore, dtid 3] inbound syscall: futex(0x1b51910, 265, 13, NULL, NULL, -1) = ? DETLOG_RECORD={"schema":1,"event":{"kind":"syscall"}}
2026-09-10T03:16:10.676243Z  INFO detcore: DETLOG [syscall][detcore, dtid 3] finish syscall #626: futex(0x1b51910, 265, 13, NULL, NULL, -1) = Ok(0) DETLOG_RECORD={"schema":1,"event":{"kind":"syscall_result","finished_syscall_number":626}}
2026-09-10T03:16:10.676268Z  INFO detcore: DETLOG [syscall][detcore, dtid 3] inbound syscall: futex(0x1b51910, 265, 13, NULL, NULL, -1) = ? DETLOG_RECORD={"schema":1,"event":{"kind":"syscall"}}
2026-09-10T03:16:10.676286Z  INFO detcore: DETLOG [syscall][detcore, dtid 3] finish syscall #627: futex(0x1b51910, 265, 13, NULL, NULL, -1) = Ok(0) DETLOG_RECORD={"schema":1,"event":{"kind":"syscall_result","finished_syscall_number":627}}
2026-09-10T03:16:10.676310Z  INFO detcore: DETLOG [syscall][detcore, dtid 3] inbound syscall: futex(0x1b51910, 265, 13, NULL, NULL, -1) = ? DETLOG_RECORD={"schema":1,"event":{"kind":"syscall"}}
2026-09-10T03:16:10.676328Z  INFO detcore: DETLOG [syscall][detcore, dtid 3] finish syscall #628: futex(0x1b51910, 265, 13, NULL, NULL, -1) = Ok(0) DETLOG_RECORD={"schema":1,"event":{"kind":"syscall_result","finished_syscall_number":628}}
2026-09-10T03:16:10.676353Z  INFO detcore: DETLOG [syscall][detcore, dtid 3] inbound syscall: futex(0x1b51910, 265, 13, NULL, NULL, -1) = ? DETLOG_RECORD={"schema":1,"event":{"kind":"syscall"}}
2026-09-10T03:16:10.676370Z  INFO detcore: DETLOG [syscall][detcore, dtid 3] finish syscall #629: futex(0x1b51910, 265, 13, NULL, NULL, -1) = Ok(0) DETLOG_RECORD={"schema":1,"event":{"kind":"syscall_result","finished_syscall_number":629}}
2026-09-10T03:16:10.676396Z  INFO detcore: DETLOG [syscall][detcore, dtid 3] inbound syscall: futex(0x1b51910, 265, 13, NULL, NULL, -1) = ? DETLOG_RECORD={"schema":1,"event":{"kind":"syscall"}}
2026-09-10T03:16:10.676413Z  INFO detcore: DETLOG [syscall][detcore, dtid 3] finish syscall #630: futex(0x1b51910, 265, 13, NULL, NULL, -1) = Ok(0) DETLOG_RECORD={"schema":1,"event":{"kind":"syscall_result","finished_syscall_number":630}}
2026-09-10T03:16:10.676438Z  INFO detcore: DETLOG [syscall][detcore, dtid 3] inbound syscall: futex(0x1b51910, 265, 13, NULL, NULL, -1) = ? DETLOG_RECORD={"schema":1,"event":{"kind":"syscall"}}
2026-09-10T03:16:10.676463Z  INFO detcore: DETLOG [syscall][detcore, dtid 3] finish syscall #631: futex(0x1b51910, 265, 13, NULL, NULL, -1) = Ok(0) DETLOG_RECORD={"schema":1,"event":{"kind":"syscall_result","finished_syscall_number":631}}
2026-09-10T03:16:10.676501Z  INFO detcore: DETLOG [syscall][detcore, dtid 3] inbound syscall: futex(0x1b51910, 265, 13, NULL, NULL, -1) = ? DETLOG_RECORD={"schema":1,"event":{"kind":"syscall"}}
2026-09-10T03:16:10.676522Z  INFO detcore: DETLOG [syscall][detcore, dtid 3] finish syscall #632: futex(0x1b51910, 265, 13, NULL, NULL, -1) = Ok(0) DETLOG_RECORD={"schema":1,"event":{"kind":"syscall_result","finished_syscall_number":632}}
2026-09-10T03:16:10.676548Z  INFO detcore: DETLOG [syscall][detcore, dtid 3] inbound syscall: futex(0x1b51910, 265, 13, NULL, NULL, -1) = ? DETLOG_RECORD={"schema":1,"event":{"kind":"syscall"}}
2026-09-10T03:16:10.676565Z  INFO detcore: DETLOG [syscall][detcore, dtid 3] finish syscall #633: futex(0x1b51910, 265, 13, NULL, NULL, -1) = Ok(0) DETLOG_RECORD={"schema":1,"event":{"kind":"syscall_result","finished_syscall_number":633}}
2026-09-10T03:16:10.676590Z  INFO detcore: DETLOG [syscall][detcore, dtid 3] inbound syscall: futex(0x1b51910, 265, 13, NULL, NULL, -1) = ? DETLOG_RECORD={"schema":1,"event":{"kind":"syscall"}}
2026-09-10T03:16:10.676608Z  INFO detcore: DETLOG [syscall][detcore, dtid 3] finish syscall #634: futex(0x1b51910, 265, 13, NULL, NULL, -1) = Ok(0) DETLOG_RECORD={"schema":1,"event":{"kind":"syscall_result","finished_syscall_number":634}}
2026-09-10T03:16:10.676633Z  INFO detcore: DETLOG [syscall][detcore, dtid 3] inbound syscall: futex(0x1b51910, 265, 13, NULL, NULL, -1) = ? DETLOG_RECORD={"schema":1,"event":{"kind":"syscall"}}
2026-09-10T03:16:10.676651Z  INFO detcore: DETLOG [syscall][detcore, dtid 3] finish syscall #635: futex(0x1b51910, 265, 13, NULL, NULL, -1) = Ok(0) DETLOG_RECORD={"schema":1,"event":{"kind":"syscall_result","finished_syscall_number":635}}
2026-09-10T03:16:10.676676Z  INFO detcore: DETLOG [syscall][detcore, dtid 3] inbound syscall: futex(0x1b51910, 265, 13, NULL, NULL, -1) = ? DETLOG_RECORD={"schema":1,"event":{"kind":"syscall"}}
2026-09-10T03:16:10.676693Z  INFO detcore: DETLOG [syscall][detcore, dtid 3] finish syscall #636: futex(0x1b51910, 265, 13, NULL, NULL, -1) = Ok(0) DETLOG_RECORD={"schema":1,"event":{"kind":"syscall_result","finished_syscall_number":636}}
2026-09-10T03:16:10.676718Z  INFO detcore: DETLOG [syscall][detcore, dtid 3] inbound syscall: futex(0x1b51910, 265, 13, NULL, NULL, -1) = ? DETLOG_RECORD={"schema":1,"event":{"kind":"syscall"}}
2026-09-10T03:16:10.676736Z  INFO detcore: DETLOG [syscall][detcore, dtid 3] finish syscall #637: futex(0x1b51910, 265, 13, NULL, NULL, -1) = Ok(0) DETLOG_RECORD={"schema":1,"event":{"kind":"syscall_result","finished_syscall_number":637}}
2026-09-10T03:16:10.676761Z  INFO detcore: DETLOG [syscall][detcore, dtid 3] inbound syscall: futex(0x1b51910, 265, 13, NULL, NULL, -1) = ? DETLOG_RECORD={"schema":1,"event":{"kind":"syscall"}}
2026-09-10T03:16:10.676783Z  INFO detcore: DETLOG [syscall][detcore, dtid 3] finish syscall #638: futex(0x1b51910, 265, 13, NULL, NULL, -1) = Ok(0) DETLOG_RECORD={"schema":1,"event":{"kind":"syscall_result","finished_syscall_number":638}}
2026-09-10T03:16:10.676809Z  INFO detcore: DETLOG [syscall][detcore, dtid 3] inbound syscall: futex(0x1b51910, 265, 13, NULL, NULL, -1) = ? DETLOG_RECORD={"schema":1,"event":{"kind":"syscall"}}
2026-09-10T03:16:10.676826Z  INFO detcore: DETLOG [syscall][detcore, dtid 3] finish syscall #639: futex(0x1b51910, 265, 13, NULL, NULL, -1) = Ok(0) DETLOG_RECORD={"schema":1,"event":{"kind":"syscall_result","finished_syscall_number":639}}
2026-09-10T03:16:10.676851Z  INFO detcore: DETLOG [syscall][detcore, dtid 3] inbound syscall: futex(0x1b51910, 265, 13, NULL, NULL, -1) = ? DETLOG_RECORD={"schema":1,"event":{"kind":"syscall"}}
2026-09-10T03:16:10.676869Z  INFO detcore: DETLOG [syscall][detcore, dtid 3] finish syscall #640: futex(0x1b51910, 265, 13, NULL, NULL, -1) = Ok(0) DETLOG_RECORD={"schema":1,"event":{"kind":"syscall_result","finished_syscall_number":640}}
2026-09-10T03:16:10.676896Z  INFO detcore: DETLOG [syscall][detcore, dtid 3] inbound syscall: futex(0x1b51910, 265, 13, NULL, NULL, -1) = ? DETLOG_RECORD={"schema":1,"event":{"kind":"syscall"}}
2026-09-10T03:16:10.676914Z  INFO detcore: DETLOG [syscall][detcore, dtid 3] finish syscall #641: futex(0x1b51910, 265, 13, NULL, NULL, -1) = Ok(0) DETLOG_RECORD={"schema":1,"event":{"kind":"syscall_result","finished_syscall_number":641}}
2026-09-10T03:16:10.676939Z  INFO detcore: DETLOG [syscall][detcore, dtid 3] inbound syscall: futex(0x1b51910, 265, 13, NULL, NULL, -1) = ? DETLOG_RECORD={"schema":1,"event":{"kind":"syscall"}}
2026-09-10T03:16:10.676957Z  INFO detcore: DETLOG [syscall][detcore, dtid 3] finish syscall #642: futex(0x1b51910, 265, 13, NULL, NULL, -1) = Ok(0) DETLOG_RECORD={"schema":1,"event":{"kind":"syscall_result","finished_syscall_number":642}}
2026-09-10T03:16:10.676982Z  INFO detcore: DETLOG [syscall][detcore, dtid 3] inbound syscall: futex(0x1b51910, 265, 13, NULL, NULL, -1) = ? DETLOG_RECORD={"schema":1,"event":{"kind":"syscall"}}
2026-09-10T03:16:10.677000Z  INFO detcore: DETLOG [syscall][detcore, dtid 3] finish syscall #643: futex(0x1b51910, 265, 13, NULL, NULL, -1) = Ok(0) DETLOG_RECORD={"schema":1,"event":{"kind":"syscall_result","finished_syscall_number":643}}
2026-09-10T03:16:10.677025Z  INFO detcore: DETLOG [syscall][detcore, dtid 3] inbound syscall: futex(0x1b51910, 265, 13, NULL, NULL, -1) = ? DETLOG_RECORD={"schema":1,"event":{"kind":"syscall"}}
2026-09-10T03:16:10.677042Z  INFO detcore: DETLOG [syscall][detcore, dtid 3] finish syscall #644: futex(0x1b51910, 265, 13, NULL, NULL, -1) = Ok(0) DETLOG_RECORD={"schema":1,"event":{"kind":"syscall_result","finished_syscall_number":644}}
2026-09-10T03:16:10.677067Z  INFO detcore: DETLOG [syscall][detcore, dtid 3] inbound syscall: futex(0x1b51910, 265, 13, NULL, NULL, -1) = ? DETLOG_RECORD={"schema":1,"event":{"kind":"syscall"}}
2026-09-10T03:16:10.677085Z  INFO detcore: DETLOG [syscall][detcore, dtid 3] finish syscall #645: futex(0x1b51910, 265, 13, NULL, NULL, -1) = Ok(0) DETLOG_RECORD={"schema":1,"event":{"kind":"syscall_result","finished_syscall_number":645}}
2026-09-10T03:16:10.677110Z  INFO detcore: DETLOG [syscall][detcore, dtid 3] inbound syscall: futex(0x1b51910, 265, 13, NULL, NULL, -1) = ? DETLOG_RECORD={"schema":1,"event":{"kind":"syscall"}}
2026-09-10T03:16:10.677127Z  INFO detcore: DETLOG [syscall][detcore, dtid 3] finish syscall #646: futex(0x1b51910, 265, 13, NULL, NULL, -1) = Ok(0) DETLOG_RECORD={"schema":1,"event":{"kind":"syscall_result","finished_syscall_number":646}}
2026-09-10T03:16:10.677152Z  INFO detcore: DETLOG [syscall][detcore, dtid 3] inbound syscall: futex(0x1b51910, 265, 13, NULL, NULL, -1) = ? DETLOG_RECORD={"schema":1,"event":{"kind":"syscall"}}
2026-09-10T03:16:10.677169Z  INFO detcore: DETLOG [syscall][detcore, dtid 3] finish syscall #647: futex(0x1b51910, 265, 13, NULL, NULL, -1) = Ok(0) DETLOG_RECORD={"schema":1,"event":{"kind":"syscall_result","finished_syscall_number":647}}
2026-09-10T03:16:10.677194Z  INFO detcore: DETLOG [syscall][detcore, dtid 3] inbound syscall: futex(0x1b51910, 265, 13, NULL, NULL, -1) = ? DETLOG_RECORD={"schema":1,"event":{"kind":"syscall"}}
2026-09-10T03:16:10.677211Z  INFO detcore: DETLOG [syscall][detcore, dtid 3] finish syscall #648: futex(0x1b51910, 265, 13, NULL, NULL, -1) = Ok(0) DETLOG_RECORD={"schema":1,"event":{"kind":"syscall_result","finished_syscall_number":648}}
2026-09-10T03:16:10.677236Z  INFO detcore: DETLOG [syscall][detcore, dtid 3] inbound syscall: futex(0x1b51910, 265, 13, NULL, NULL, -1) = ? DETLOG_RECORD={"schema":1,"event":{"kind":"syscall"}}
2026-09-10T03:16:10.677253Z  INFO detcore: DETLOG [syscall][detcore, dtid 3] finish syscall #649: futex(0x1b51910, 265, 13, NULL, NULL, -1) = Ok(0) DETLOG_RECORD={"schema":1,"event":{"kind":"syscall_result","finished_syscall_number":649}}
2026-09-10T03:16:10.677278Z  INFO detcore: DETLOG [syscall][detcore, dtid 3] inbound syscall: futex(0x1b51910, 265, 13, NULL, NULL, -1) = ? DETLOG_RECORD={"schema":1,"event":{"kind":"syscall"}}
2026-09-10T03:16:10.677297Z  INFO detcore: DETLOG [syscall][detcore, dtid 3] finish syscall #650: futex(0x1b51910, 265, 13, NULL, NULL, -1) = Ok(0) DETLOG_RECORD={"schema":1,"event":{"kind":"syscall_result","finished_syscall_number":650}}
2026-09-10T03:16:10.677323Z  INFO detcore: DETLOG [syscall][detcore, dtid 3] inbound syscall: futex(0x1b51910, 265, 13, NULL, NULL, -1) = ? DETLOG_RECORD={"schema":1,"event":{"kind":"syscall"}}
2026-09-10T03:16:10.677340Z  INFO detcore: DETLOG [syscall][detcore, dtid 3] finish syscall #651: futex(0x1b51910, 265, 13, NULL, NULL, -1) = Ok(0) DETLOG_RECORD={"schema":1,"event":{"kind":"syscall_result","finished_syscall_number":651}}
2026-09-10T03:16:10.677365Z  INFO detcore: DETLOG [syscall][detcore, dtid 3] inbound syscall: futex(0x1b51910, 265, 13, NULL, NULL, -1) = ? DETLOG_RECORD={"schema":1,"event":{"kind":"syscall"}}
2026-09-10T03:16:10.677382Z  INFO detcore: DETLOG [syscall][detcore, dtid 3] finish syscall #652: futex(0x1b51910, 265, 13, NULL, NULL, -1) = Ok(0) DETLOG_RECORD={"schema":1,"event":{"kind":"syscall_result","finished_syscall_number":652}}
2026-09-10T03:16:10.677407Z  INFO detcore: DETLOG [syscall][detcore, dtid 3] inbound syscall: futex(0x1b51910, 265, 13, NULL, NULL, -1) = ? DETLOG_RECORD={"schema":1,"event":{"kind":"syscall"}}
2026-09-10T03:16:10.677425Z  INFO detcore: DETLOG [syscall][detcore, dtid 3] finish syscall #653: futex(0x1b51910, 265, 13, NULL, NULL, -1) = Ok(0) DETLOG_RECORD={"schema":1,"event":{"kind":"syscall_result","finished_syscall_number":653}}
2026-09-10T03:16:10.677449Z  INFO detcore: DETLOG [syscall][detcore, dtid 3] inbound syscall: futex(0x1b51910, 265, 13, NULL, NULL, -1) = ? DETLOG_RECORD={"schema":1,"event":{"kind":"syscall"}}
2026-09-10T03:16:10.677467Z  INFO detcore: DETLOG [syscall][detcore, dtid 3] finish syscall #654: futex(0x1b51910, 265, 13, NULL, NULL, -1) = Ok(0) DETLOG_RECORD={"schema":1,"event":{"kind":"syscall_result","finished_syscall_number":654}}
2026-09-10T03:16:10.677492Z  INFO detcore: DETLOG [syscall][detcore, dtid 3] inbound syscall: futex(0x1b51910, 265, 13, NULL, NULL, -1) = ? DETLOG_RECORD={"schema":1,"event":{"kind":"syscall"}}
2026-09-10T03:16:10.677509Z  INFO detcore: DETLOG [syscall][detcore, dtid 3] finish syscall #655: futex(0x1b51910, 265, 13, NULL, NULL, -1) = Ok(0) DETLOG_RECORD={"schema":1,"event":{"kind":"syscall_result","finished_syscall_number":655}}
2026-09-10T03:16:10.677534Z  INFO detcore: DETLOG [syscall][detcore, dtid 3] inbound syscall: futex(0x1b51910, 265, 13, NULL, NULL, -1) = ? DETLOG_RECORD={"schema":1,"event":{"kind":"syscall"}}
2026-09-10T03:16:10.677552Z  INFO detcore: DETLOG [syscall][detcore, dtid 3] finish syscall #656: futex(0x1b51910, 265, 13, NULL, NULL, -1) = Ok(0) DETLOG_RECORD={"schema":1,"event":{"kind":"syscall_result","finished_syscall_number":656}}
2026-09-10T03:16:10.677576Z  INFO detcore: DETLOG [syscall][detcore, dtid 3] inbound syscall: futex(0x1b51910, 265, 13, NULL, NULL, -1) = ? DETLOG_RECORD={"schema":1,"event":{"kind":"syscall"}}
2026-09-10T03:16:10.677594Z  INFO detcore: DETLOG [syscall][detcore, dtid 3] finish syscall #657: futex(0x1b51910, 265, 13, NULL, NULL, -1) = Ok(0) DETLOG_RECORD={"schema":1,"event":{"kind":"syscall_result","finished_syscall_number":657}}
2026-09-10T03:16:10.677618Z  INFO detcore: DETLOG [syscall][detcore, dtid 3] inbound syscall: futex(0x1b51910, 265, 13, NULL, NULL, -1) = ? DETLOG_RECORD={"schema":1,"event":{"kind":"syscall"}}
2026-09-10T03:16:10.677636Z  INFO detcore: DETLOG [syscall][detcore, dtid 3] finish syscall #658: futex(0x1b51910, 265, 13, NULL, NULL, -1) = Ok(0) DETLOG_RECORD={"schema":1,"event":{"kind":"syscall_result","finished_syscall_number":658}}
2026-09-10T03:16:10.677660Z  INFO detcore: DETLOG [syscall][detcore, dtid 3] inbound syscall: futex(0x1b51910, 265, 13, NULL, NULL, -1) = ? DETLOG_RECORD={"schema":1,"event":{"kind":"syscall"}}
2026-09-10T03:16:10.677678Z  INFO detcore: DETLOG [syscall][detcore, dtid 3] finish syscall #659: futex(0x1b51910, 265, 13, NULL, NULL, -1) = Ok(0) DETLOG_RECORD={"schema":1,"event":{"kind":"syscall_result","finished_syscall_number":659}}
2026-09-10T03:16:10.677704Z  INFO detcore: DETLOG [syscall][detcore, dtid 3] inbound syscall: futex(0x1b51910, 265, 13, NULL, NULL, -1) = ? DETLOG_RECORD={"schema":1,"event":{"kind":"syscall"}}
2026-09-10T03:16:10.678078Z  INFO detcore::syscalls::threads: [detcore, dtid 3] Futex wait running immediately because it will fizzle (0 != 13).
2026-09-10T03:16:10.678092Z  INFO detcore: DETLOG [syscall][detcore, dtid 3] finish syscall #660: futex(0x1b51910, 265, 13, NULL, NULL, -1) = Err(Errno(EAGAIN)) DETLOG_RECORD={"schema":1,"event":{"kind":"syscall_result","finished_syscall_number":660}}
2026-09-10T03:16:10.678120Z  INFO detcore: DETLOG [syscall][detcore, dtid 3] inbound syscall: read(3, 0x3fffeb50, 8) = ? DETLOG_RECORD={"schema":1,"event":{"kind":"syscall"}}
2026-09-10T03:16:10.678201Z  INFO detcore::scheduler: [sched-step5] >>>>>>>

 COMMIT turn 874, dettid 3 using resources {InternalIOPolling: W}, on previously committed 1_767_225_600.279_374_750s DETLOG_RECORD={"schema":1,"event":{"kind":"scheduler_commit","scheduler_turn":874,"virtual_nanoseconds":1767225600279374750,"internal_io_poll":true,"runtime_maps_read":false}}
2026-09-10T03:16:10.678292Z  INFO detcore: DETLOG [syscall][detcore, dtid 3] finish syscall #661: read(3, 0x3fffeb50, 8) = Ok(8) DETLOG_RECORD={"schema":1,"event":{"kind":"syscall_result","finished_syscall_number":661}}
2026-09-10T03:16:10.678319Z  INFO detcore::io_buffers: DETLOG [iobuf][dtid 3] read in fd=3 0x3fffeb50+8->7c9fa136d4413fa6173637e883b6998d32e1d675f88cddff9dcbcf331820f4b8 DETLOG_RECORD={"schema":1,"event":{"kind":"other"}}
2026-09-10T03:16:10.678351Z  INFO detcore: DETLOG [syscall][detcore, dtid 3] inbound syscall: close(3) = ? DETLOG_RECORD={"schema":1,"event":{"kind":"syscall"}}
2026-09-10T03:16:10.678407Z  INFO detcore: DETLOG [syscall][detcore, dtid 3] finish syscall #662: close(3) = Ok(0) DETLOG_RECORD={"schema":1,"event":{"kind":"syscall_result","finished_syscall_number":662}}
2026-09-10T03:16:10.678441Z  INFO detcore: DETLOG [syscall][detcore, dtid 3] inbound syscall: write(1, 0x4293c0, 293) = ? DETLOG_RECORD={"schema":1,"event":{"kind":"syscall"}}
2026-09-10T03:16:10.678499Z  INFO detcore::scheduler: [sched-step5] >>>>>>>

 COMMIT turn 875, dettid 3 using resources {Device(ContainerStdout): W}, on previously committed 1_767_225_600.279_909_750s DETLOG_RECORD={"schema":1,"event":{"kind":"scheduler_commit","scheduler_turn":875,"virtual_nanoseconds":1767225600279909750,"internal_io_poll":false,"runtime_maps_read":false}}
2026-09-10T03:16:10.678558Z  INFO detcore: DETLOG [syscall][detcore, dtid 3] finish syscall #663: write(1, 0x4293c0, 293) = Ok(293) DETLOG_RECORD={"schema":1,"event":{"kind":"syscall_result","finished_syscall_number":663}}
2026-09-10T03:16:10.678608Z  INFO detcore::io_buffers: DETLOG [iobuf][dtid 3] write out fd=1 0x4293c0+293->41afb362458072d4ab4a2ff581d71ca098e3d60171ab81a1bcd29d6c6e12618a chunks=256:67b22276,ca327cdf DETLOG_RECORD={"schema":1,"event":{"kind":"other"}}
2026-09-10T03:16:10.678652Z  INFO detcore: DETLOG [syscall][detcore, dtid 3] inbound syscall: exit_group(0) = ? DETLOG_RECORD={"schema":1,"event":{"kind":"syscall"}}
2026-09-10T03:16:10.678690Z  INFO detcore::scheduler: [sched-step5] >>>>>>>

 COMMIT turn 876, dettid 3 using resources {Exit { group: true, process: DetPid(3), mm: MmId { creator: DetPid(3), generation: 1 } }: RW}, on previously committed 1_767_225_600.280_659_750s DETLOG_RECORD={"schema":1,"event":{"kind":"scheduler_commit","scheduler_turn":876,"virtual_nanoseconds":1767225600280659750,"internal_io_poll":false,"runtime_maps_read":false}}
2026-09-10T03:16:10.678729Z  INFO detcore::tool_global: Scheduler authorized an exit-group scenario, from dettid 3 / detpid 3
2026-09-10T03:16:10.722251Z  INFO detcore::scheduler: logically_kill: Scheduler removing all knowledge of [det]tid 3 in pid 3..
2026-09-10T03:16:10.722600Z  INFO detcore::scheduler: scheduler (step2_process_blocked): zero threads left anywhere, fizzling. DETLOG_RECORD={"schema":1,"event":{"kind":"scheduler_empty_queue_kick"}}
2026-09-10T03:16:10.722671Z  INFO detcore::scheduler: [scheduler] run queue empty, exiting sched_loop.
2026-09-10T03:16:10.722817Z  INFO detcore::tool_global: detcore shut down, destroying global state
2026-09-10T03:16:10.723128Z  INFO detcore::tool_global: 
  ------------------------------ hermit run report ------------------------------
Final thread-tree was: [3 4 5 6 7 8 9 10 11 12 13]
There were 1 group leaders of 11 thread(s) total.
Guest threads completed 744 syscalls.
Internally, the hermit scheduler ran 877 turns, recorded 0 events, replayed 0 events (0 desynced)
Final virtual global (cpu) time: 1_767_225_600.281_159_750s
Elapsed virtual global (cpu) time: 281_159_750ns
Timeslice stats: min=275750ns max=7409000ns mean=933318ns count=11
  timeslice thread 3: min=7409000ns max=7409000ns mean=7409000ns count=1
  timeslice thread 4: min=275750ns max=275750ns mean=275750ns count=1
  timeslice thread 5: min=275750ns max=275750ns mean=275750ns count=1
  timeslice thread 6: min=275750ns max=275750ns mean=275750ns count=1
  timeslice thread 7: min=275750ns max=275750ns mean=275750ns count=1
  timeslice thread 8: min=275750ns max=275750ns mean=275750ns count=1
  timeslice thread 9: min=325750ns max=325750ns mean=325750ns count=1
  timeslice thread 10: min=305750ns max=305750ns mean=305750ns count=1
  timeslice thread 11: min=275750ns max=275750ns mean=275750ns count=1
  timeslice thread 12: min=295750ns max=295750ns mean=295750ns count=1
  timeslice thread 13: min=275750ns max=275750ns mean=275750ns count=1

