2026-09-10T03:16:10.292109Z  INFO hermit::kvm: launching guest through reverie-kvm program=/home/newton/work/dev-hermit/worktrees/slots/integration-pr529-pr538-hermit/target/tmp/preadv2-pwritev2-pipe/preadv2_pwritev2_pipe argv=["/home/newton/work/dev-hermit/worktrees/slots/integration-pr529-pr538-hermit/target/tmp/preadv2-pwritev2-pipe/preadv2_pwritev2_pipe", "matrix"] cwd=/home/newton/work/dev-hermit/worktrees/slots/integration-pr529-pr538-hermit/hermit-cli env_count=5
2026-09-10T03:16:10.295442Z  INFO detcore::scheduler::runqueue: DETLOG SCHEDRAND: seeding scheduler runqueue with seed 0 DETLOG_RECORD={"schema":1,"event":{"kind":"other"}}
2026-09-10T03:16:10.295521Z  INFO detcore::tool_global: [scheduler] daemon task starting up, waiting for guest thread start..
2026-09-10T03:16:10.295666Z  INFO detcore::tool_local: DETLOG USER RAND: seeding PRNG for root thread with seed 0 DETLOG_RECORD={"schema":1,"event":{"kind":"other"}}
2026-09-10T03:16:10.295677Z  INFO detcore::tool_local: DETLOG CHAOSRAND: seeding chaos scheduler with seed 0 DETLOG_RECORD={"schema":1,"event":{"kind":"other"}}
2026-09-10T03:16:10.296011Z  INFO detcore::scheduler: [scheduler] guest in queue, scheduler proceeding..
2026-09-10T03:16:10.296141Z  INFO detcore::scheduler: [sched-step5] >>>>>>>

 COMMIT turn 0, dettid 3 using resources {ParentContinue { parent: DetPid(3), child: DetPid(3) }: W}, on previously committed 1_767_225_600.000_000_000s DETLOG_RECORD={"schema":1,"event":{"kind":"scheduler_commit","scheduler_turn":0,"virtual_nanoseconds":1767225600000000000,"internal_io_poll":false,"runtime_maps_read":false}}
2026-09-10T03:16:10.296270Z  INFO detcore::scheduler: [sched-step5] >>>>>>>

 COMMIT turn 1, dettid 3 using resources {MemAddrSpace(DetPid(3)): RW}, on previously committed 1_767_225_600.000_500_000s DETLOG_RECORD={"schema":1,"event":{"kind":"scheduler_commit","scheduler_turn":1,"virtual_nanoseconds":1767225600000500000,"internal_io_poll":false,"runtime_maps_read":false}}
2026-09-10T03:16:10.296295Z  INFO detcore::tool_global: [detcore, dtid 3] New thread given go-ahead to proceed via <ivar Go(None)>
2026-09-10T03:16:10.296674Z  INFO detcore: DETLOG [post_exec, dtid 3] init auxv AT_RANDOM value to [162, 205, 24, 211, 0, 83, 122, 92, 176, 131, 220, 72, 219, 250, 14, 242] DETLOG_RECORD={"schema":1,"event":{"kind":"other"}}
2026-09-10T03:16:10.296836Z  INFO detcore: DETLOG [syscall][detcore, dtid 3] inbound syscall: brk(NULL) = ? DETLOG_RECORD={"schema":1,"event":{"kind":"syscall"}}
2026-09-10T03:16:10.296900Z  INFO detcore: DETLOG [syscall][detcore, dtid 3] finish syscall #2: brk(NULL) = Ok(4362240) DETLOG_RECORD={"schema":1,"event":{"kind":"syscall_result","finished_syscall_number":2}}
2026-09-10T03:16:10.296979Z  INFO detcore: DETLOG [syscall][detcore, dtid 3] inbound syscall: arch_prctl(12289, 0x3fffec60) = ? DETLOG_RECORD={"schema":1,"event":{"kind":"syscall"}}
2026-09-10T03:16:10.297001Z  INFO detcore: DETLOG [syscall][detcore, dtid 3] finish syscall #3: arch_prctl(12289, 0x3fffec60) = Err(Errno(EINVAL)) DETLOG_RECORD={"schema":1,"event":{"kind":"syscall_result","finished_syscall_number":3}}
2026-09-10T03:16:10.297034Z  INFO detcore: DETLOG [syscall][detcore, dtid 3] inbound syscall: mmap(NULL, 8192, ProtFlags(PROT_READ | PROT_WRITE), MapFlags(MAP_PRIVATE | MAP_ANON), -1, 0) = ? DETLOG_RECORD={"schema":1,"event":{"kind":"syscall"}}
2026-09-10T03:16:10.297097Z  INFO detcore: DETLOG [syscall][detcore, dtid 3] finish syscall #4: mmap(NULL, 8192, ProtFlags(PROT_READ | PROT_WRITE), MapFlags(MAP_PRIVATE | MAP_ANON), -1, 0) = Ok(18067456) DETLOG_RECORD={"schema":1,"event":{"kind":"syscall_result","finished_syscall_number":4}}
2026-09-10T03:16:10.297126Z  INFO detcore: DETLOG [syscall][detcore, dtid 3] inbound syscall: access(0x102ee50 -> "/etc/ld.so.preload", Mode(S_IROTH)) = ? DETLOG_RECORD={"schema":1,"event":{"kind":"syscall"}}
2026-09-10T03:16:10.297197Z  INFO detcore: DETLOG [syscall][detcore, dtid 3] finish syscall #5: access(0x102ee50 -> "/etc/ld.so.preload", Mode(S_IROTH)) = Err(Errno(ENOENT)) DETLOG_RECORD={"schema":1,"event":{"kind":"syscall_result","finished_syscall_number":5}}
2026-09-10T03:16:10.297240Z  INFO detcore: DETLOG [syscall][detcore, dtid 3] inbound syscall: openat(-100, 0x102d266 -> "/etc/ld.so.cache", OFlag(O_CLOEXEC)) = ? DETLOG_RECORD={"schema":1,"event":{"kind":"syscall"}}
2026-09-10T03:16:10.297347Z  INFO detcore::scheduler: [sched-step5] >>>>>>>

 COMMIT turn 2, dettid 3 using resources {Path("/etc/ld.so.cache"): R}, on previously committed 1_767_225_600.001_298_250s DETLOG_RECORD={"schema":1,"event":{"kind":"scheduler_commit","scheduler_turn":2,"virtual_nanoseconds":1767225600001298250,"internal_io_poll":false,"runtime_maps_read":false}}
2026-09-10T03:16:10.297489Z  INFO detcore::syscalls::files: Injecting additional fstat to retrieve file metadata on fd 3.
2026-09-10T03:16:10.297606Z  INFO detcore: DETLOG [syscall][detcore, dtid 3] finish syscall #6: openat(-100, 0x102d266 -> "/etc/ld.so.cache", OFlag(O_CLOEXEC)) = Ok(3) DETLOG_RECORD={"schema":1,"event":{"kind":"syscall_result","finished_syscall_number":6}}
2026-09-10T03:16:10.297655Z  INFO detcore: DETLOG [syscall][detcore, dtid 3] inbound syscall: fstat(3, 0x3fffde90) = ? DETLOG_RECORD={"schema":1,"event":{"kind":"syscall"}}
2026-09-10T03:16:10.297725Z  INFO detcore: DETLOG [syscall][detcore, dtid 3] finish syscall #7: fstat(3, 0x3fffde90) = Ok(0) DETLOG_RECORD={"schema":1,"event":{"kind":"syscall_result","finished_syscall_number":7}}
2026-09-10T03:16:10.297746Z  INFO detcore: DETLOG [syscall][detcore, dtid 3] inbound syscall: mmap(NULL, 28431, ProtFlags(PROT_READ), MapFlags(MAP_PRIVATE), 3, 0) = ? DETLOG_RECORD={"schema":1,"event":{"kind":"syscall"}}
2026-09-10T03:16:10.297804Z  INFO detcore: DETLOG [syscall][detcore, dtid 3] finish syscall #8: mmap(NULL, 28431, ProtFlags(PROT_READ), MapFlags(MAP_PRIVATE), 3, 0) = Ok(18075648) DETLOG_RECORD={"schema":1,"event":{"kind":"syscall_result","finished_syscall_number":8}}
2026-09-10T03:16:10.297828Z  INFO detcore: DETLOG [syscall][detcore, dtid 3] inbound syscall: close(3) = ? DETLOG_RECORD={"schema":1,"event":{"kind":"syscall"}}
2026-09-10T03:16:10.297886Z  INFO detcore: DETLOG [syscall][detcore, dtid 3] finish syscall #9: close(3) = Ok(0) DETLOG_RECORD={"schema":1,"event":{"kind":"syscall_result","finished_syscall_number":9}}
2026-09-10T03:16:10.297919Z  INFO detcore: DETLOG [syscall][detcore, dtid 3] inbound syscall: openat(-100, 0x113b700 -> "/lib64/libc.so.6", OFlag(O_CLOEXEC)) = ? DETLOG_RECORD={"schema":1,"event":{"kind":"syscall"}}
2026-09-10T03:16:10.297983Z  INFO detcore::scheduler: [sched-step5] >>>>>>>

 COMMIT turn 3, dettid 3 using resources {Path("/lib64/libc.so.6"): R}, on previously committed 1_767_225_600.001_861_250s DETLOG_RECORD={"schema":1,"event":{"kind":"scheduler_commit","scheduler_turn":3,"virtual_nanoseconds":1767225600001861250,"internal_io_poll":false,"runtime_maps_read":false}}
2026-09-10T03:16:10.298085Z  INFO detcore::syscalls::files: Injecting additional fstat to retrieve file metadata on fd 3.
2026-09-10T03:16:10.298140Z  INFO detcore: DETLOG [syscall][detcore, dtid 3] finish syscall #10: openat(-100, 0x113b700 -> "/lib64/libc.so.6", OFlag(O_CLOEXEC)) = Ok(3) DETLOG_RECORD={"schema":1,"event":{"kind":"syscall_result","finished_syscall_number":10}}
2026-09-10T03:16:10.298182Z  INFO detcore: DETLOG [syscall][detcore, dtid 3] inbound syscall: read(3, 0x3fffdff8, 832) = ? DETLOG_RECORD={"schema":1,"event":{"kind":"syscall"}}
2026-09-10T03:16:10.298251Z  INFO detcore: DETLOG [syscall][detcore, dtid 3] finish syscall #11: read(3, 0x3fffdff8, 832) = Ok(832) DETLOG_RECORD={"schema":1,"event":{"kind":"syscall_result","finished_syscall_number":11}}
2026-09-10T03:16:10.298333Z  INFO detcore::io_buffers: DETLOG [iobuf][dtid 3] read in fd=3 0x3fffdff8+832->15b999148078ec22238b9ce37d8808a160987f174241919b4824ee233d39b86a chunks=256:06908208,3c92d656,80a5bdd1,fc54247f DETLOG_RECORD={"schema":1,"event":{"kind":"other"}}
2026-09-10T03:16:10.298360Z  INFO detcore: DETLOG [syscall][detcore, dtid 3] inbound syscall: pread64(3, 0x3fffdbf0, 784, 64) = ? DETLOG_RECORD={"schema":1,"event":{"kind":"syscall"}}
2026-09-10T03:16:10.298400Z  INFO detcore: DETLOG [syscall][detcore, dtid 3] finish syscall #12: pread64(3, 0x3fffdbf0, 784, 64) = Ok(784) DETLOG_RECORD={"schema":1,"event":{"kind":"syscall_result","finished_syscall_number":12}}
2026-09-10T03:16:10.298442Z  INFO detcore::io_buffers: DETLOG [iobuf][dtid 3] pread64 in fd=3 0x3fffdbf0+784->608c8f7f2cfaab9177f8398cb045fef4a5de6339376a1b2c6d7bc29efc4e59c6 chunks=256:636b2852,02e1b2bb,c2218f42,70ffaf0c DETLOG_RECORD={"schema":1,"event":{"kind":"other"}}
2026-09-10T03:16:10.298469Z  INFO detcore: DETLOG [syscall][detcore, dtid 3] inbound syscall: pread64(3, 0x3fffdbb0, 48, 848) = ? DETLOG_RECORD={"schema":1,"event":{"kind":"syscall"}}
2026-09-10T03:16:10.298492Z  INFO detcore: DETLOG [syscall][detcore, dtid 3] finish syscall #13: pread64(3, 0x3fffdbb0, 48, 848) = Ok(48) DETLOG_RECORD={"schema":1,"event":{"kind":"syscall_result","finished_syscall_number":13}}
2026-09-10T03:16:10.298506Z  INFO detcore::io_buffers: DETLOG [iobuf][dtid 3] pread64 in fd=3 0x3fffdbb0+48->e970ca17855176340f0bbda4f846524010a9a8c3b6f12236e07387331b6ae7b8 DETLOG_RECORD={"schema":1,"event":{"kind":"other"}}
2026-09-10T03:16:10.298526Z  INFO detcore: DETLOG [syscall][detcore, dtid 3] inbound syscall: pread64(3, 0x3fffdb60, 68, 896) = ? DETLOG_RECORD={"schema":1,"event":{"kind":"syscall"}}
2026-09-10T03:16:10.298546Z  INFO detcore: DETLOG [syscall][detcore, dtid 3] finish syscall #14: pread64(3, 0x3fffdb60, 68, 896) = Ok(68) DETLOG_RECORD={"schema":1,"event":{"kind":"syscall_result","finished_syscall_number":14}}
2026-09-10T03:16:10.298560Z  INFO detcore::io_buffers: DETLOG [iobuf][dtid 3] pread64 in fd=3 0x3fffdb60+68->b9a55448fb8c25fd5a2bec3974908b47a2efdd37b07a2660e1e3213b315263c9 DETLOG_RECORD={"schema":1,"event":{"kind":"other"}}
2026-09-10T03:16:10.298578Z  INFO detcore: DETLOG [syscall][detcore, dtid 3] inbound syscall: fstat(3, 0x3fffde90) = ? DETLOG_RECORD={"schema":1,"event":{"kind":"syscall"}}
2026-09-10T03:16:10.298616Z  INFO detcore: DETLOG [syscall][detcore, dtid 3] finish syscall #15: fstat(3, 0x3fffde90) = Ok(0) DETLOG_RECORD={"schema":1,"event":{"kind":"syscall_result","finished_syscall_number":15}}
2026-09-10T03:16:10.298636Z  INFO detcore: DETLOG [syscall][detcore, dtid 3] inbound syscall: pread64(3, 0x3fffdae0, 784, 64) = ? DETLOG_RECORD={"schema":1,"event":{"kind":"syscall"}}
2026-09-10T03:16:10.298657Z  INFO detcore: DETLOG [syscall][detcore, dtid 3] finish syscall #16: pread64(3, 0x3fffdae0, 784, 64) = Ok(784) DETLOG_RECORD={"schema":1,"event":{"kind":"syscall_result","finished_syscall_number":16}}
2026-09-10T03:16:10.298692Z  INFO detcore::io_buffers: DETLOG [iobuf][dtid 3] pread64 in fd=3 0x3fffdae0+784->608c8f7f2cfaab9177f8398cb045fef4a5de6339376a1b2c6d7bc29efc4e59c6 chunks=256:636b2852,02e1b2bb,c2218f42,70ffaf0c DETLOG_RECORD={"schema":1,"event":{"kind":"other"}}
2026-09-10T03:16:10.298714Z  INFO detcore: DETLOG [syscall][detcore, dtid 3] inbound syscall: mmap(NULL, 2138064, ProtFlags(PROT_READ), MapFlags(MAP_PRIVATE | MAP_DENYWRITE), 3, 0) = ? DETLOG_RECORD={"schema":1,"event":{"kind":"syscall"}}
2026-09-10T03:16:10.299897Z  INFO detcore: DETLOG [syscall][detcore, dtid 3] finish syscall #17: mmap(NULL, 2138064, ProtFlags(PROT_READ), MapFlags(MAP_PRIVATE | MAP_DENYWRITE), 3, 0) = Ok(18104320) DETLOG_RECORD={"schema":1,"event":{"kind":"syscall_result","finished_syscall_number":17}}
2026-09-10T03:16:10.299930Z  INFO detcore: DETLOG [syscall][detcore, dtid 3] inbound syscall: mmap(0x116d000, 1527808, ProtFlags(PROT_READ | PROT_EXEC), MapFlags(MAP_PRIVATE | MAP_FIXED | MAP_DENYWRITE), 3, 167936) = ? DETLOG_RECORD={"schema":1,"event":{"kind":"syscall"}}
2026-09-10T03:16:10.300430Z  INFO detcore: DETLOG [syscall][detcore, dtid 3] finish syscall #18: mmap(0x116d000, 1527808, ProtFlags(PROT_READ | PROT_EXEC), MapFlags(MAP_PRIVATE | MAP_FIXED | MAP_DENYWRITE), 3, 167936) = Ok(18272256) DETLOG_RECORD={"schema":1,"event":{"kind":"syscall_result","finished_syscall_number":18}}
2026-09-10T03:16:10.300458Z  INFO detcore: DETLOG [syscall][detcore, dtid 3] inbound syscall: mmap(0x12e2000, 364544, ProtFlags(PROT_READ), MapFlags(MAP_PRIVATE | MAP_FIXED | MAP_DENYWRITE), 3, 1695744) = ? DETLOG_RECORD={"schema":1,"event":{"kind":"syscall"}}
2026-09-10T03:16:10.300558Z  INFO detcore: DETLOG [syscall][detcore, dtid 3] finish syscall #19: mmap(0x12e2000, 364544, ProtFlags(PROT_READ), MapFlags(MAP_PRIVATE | MAP_FIXED | MAP_DENYWRITE), 3, 1695744) = Ok(19800064) DETLOG_RECORD={"schema":1,"event":{"kind":"syscall_result","finished_syscall_number":19}}
2026-09-10T03:16:10.300587Z  INFO detcore: DETLOG [syscall][detcore, dtid 3] inbound syscall: mmap(0x133b000, 24576, ProtFlags(PROT_READ | PROT_WRITE), MapFlags(MAP_PRIVATE | MAP_FIXED | MAP_DENYWRITE), 3, 2056192) = ? DETLOG_RECORD={"schema":1,"event":{"kind":"syscall"}}
2026-09-10T03:16:10.300613Z  INFO detcore: DETLOG [syscall][detcore, dtid 3] finish syscall #20: mmap(0x133b000, 24576, ProtFlags(PROT_READ | PROT_WRITE), MapFlags(MAP_PRIVATE | MAP_FIXED | MAP_DENYWRITE), 3, 2056192) = Ok(20164608) DETLOG_RECORD={"schema":1,"event":{"kind":"syscall_result","finished_syscall_number":20}}
2026-09-10T03:16:10.300641Z  INFO detcore: DETLOG [syscall][detcore, dtid 3] inbound syscall: mmap(0x1341000, 53200, ProtFlags(PROT_READ | PROT_WRITE), MapFlags(MAP_PRIVATE | MAP_FIXED | MAP_ANON), -1, 0) = ? DETLOG_RECORD={"schema":1,"event":{"kind":"syscall"}}
2026-09-10T03:16:10.300665Z  INFO detcore: DETLOG [syscall][detcore, dtid 3] finish syscall #21: mmap(0x1341000, 53200, ProtFlags(PROT_READ | PROT_WRITE), MapFlags(MAP_PRIVATE | MAP_FIXED | MAP_ANON), -1, 0) = Ok(20189184) DETLOG_RECORD={"schema":1,"event":{"kind":"syscall_result","finished_syscall_number":21}}
2026-09-10T03:16:10.300686Z  INFO detcore: DETLOG [syscall][detcore, dtid 3] inbound syscall: close(3) = ? DETLOG_RECORD={"schema":1,"event":{"kind":"syscall"}}
2026-09-10T03:16:10.300731Z  INFO detcore: DETLOG [syscall][detcore, dtid 3] finish syscall #22: close(3) = Ok(0) DETLOG_RECORD={"schema":1,"event":{"kind":"syscall_result","finished_syscall_number":22}}
2026-09-10T03:16:10.300755Z  INFO detcore: DETLOG [syscall][detcore, dtid 3] inbound syscall: mmap(NULL, 12288, ProtFlags(PROT_READ | PROT_WRITE), MapFlags(MAP_PRIVATE | MAP_ANON), -1, 0) = ? DETLOG_RECORD={"schema":1,"event":{"kind":"syscall"}}
2026-09-10T03:16:10.300813Z  INFO detcore: DETLOG [syscall][detcore, dtid 3] finish syscall #23: mmap(NULL, 12288, ProtFlags(PROT_READ | PROT_WRITE), MapFlags(MAP_PRIVATE | MAP_ANON), -1, 0) = Ok(20242432) DETLOG_RECORD={"schema":1,"event":{"kind":"syscall_result","finished_syscall_number":23}}
2026-09-10T03:16:10.300843Z  INFO detcore: DETLOG [syscall][detcore, dtid 3] inbound syscall: arch_prctl(ARCH_SET_FS, 20244288) = ? DETLOG_RECORD={"schema":1,"event":{"kind":"syscall"}}
2026-09-10T03:16:10.300862Z  INFO detcore: DETLOG [syscall][detcore, dtid 3] finish syscall #24: arch_prctl(ARCH_SET_FS, 20244288) = Ok(0) DETLOG_RECORD={"schema":1,"event":{"kind":"syscall_result","finished_syscall_number":24}}
2026-09-10T03:16:10.300894Z  INFO detcore: DETLOG [syscall][detcore, dtid 3] inbound syscall: set_tid_address(0x134ea10) = ? DETLOG_RECORD={"schema":1,"event":{"kind":"syscall"}}
2026-09-10T03:16:10.300917Z  INFO detcore: DETLOG [syscall][detcore, dtid 3] finish syscall #25: set_tid_address(0x134ea10) = Ok(3) DETLOG_RECORD={"schema":1,"event":{"kind":"syscall_result","finished_syscall_number":25}}
2026-09-10T03:16:10.300946Z  INFO detcore: DETLOG [syscall][detcore, dtid 3] inbound syscall: set_robust_list(0x134ea20, 24) = ? DETLOG_RECORD={"schema":1,"event":{"kind":"syscall"}}
2026-09-10T03:16:10.300987Z  INFO detcore: DETLOG [syscall][detcore, dtid 3] finish syscall #26: set_robust_list(0x134ea20, 24) = Ok(0) DETLOG_RECORD={"schema":1,"event":{"kind":"syscall_result","finished_syscall_number":26}}
2026-09-10T03:16:10.301019Z  INFO detcore: DETLOG [syscall][detcore, dtid 3] inbound syscall: rseq(20246752, 32, 0, 1392848979, 0, 0) = ? DETLOG_RECORD={"schema":1,"event":{"kind":"syscall"}}
2026-09-10T03:16:10.301031Z  INFO detcore: DETLOG [syscall][detcore, dtid 3] finish syscall #27: rseq(20246752, 32, 0, 1392848979, 0, 0) = Err(Errno(ENOSYS)) DETLOG_RECORD={"schema":1,"event":{"kind":"syscall_result","finished_syscall_number":27}}
2026-09-10T03:16:10.301068Z  INFO detcore: DETLOG [syscall][detcore, dtid 3] inbound syscall: mprotect(0x133b000, 16384, ProtFlags(PROT_READ)) = ? DETLOG_RECORD={"schema":1,"event":{"kind":"syscall"}}
2026-09-10T03:16:10.301092Z  INFO detcore: DETLOG [syscall][detcore, dtid 3] finish syscall #28: mprotect(0x133b000, 16384, ProtFlags(PROT_READ)) = Ok(0) DETLOG_RECORD={"schema":1,"event":{"kind":"syscall_result","finished_syscall_number":28}}
2026-09-10T03:16:10.301112Z  INFO detcore: DETLOG [syscall][detcore, dtid 3] inbound syscall: mprotect(0x406000, 4096, ProtFlags(PROT_READ)) = ? DETLOG_RECORD={"schema":1,"event":{"kind":"syscall"}}
2026-09-10T03:16:10.301126Z  INFO detcore: DETLOG [syscall][detcore, dtid 3] finish syscall #29: mprotect(0x406000, 4096, ProtFlags(PROT_READ)) = Ok(0) DETLOG_RECORD={"schema":1,"event":{"kind":"syscall_result","finished_syscall_number":29}}
2026-09-10T03:16:10.301147Z  INFO detcore: DETLOG [syscall][detcore, dtid 3] inbound syscall: mprotect(0x1037000, 8192, ProtFlags(PROT_READ)) = ? DETLOG_RECORD={"schema":1,"event":{"kind":"syscall"}}
2026-09-10T03:16:10.301161Z  INFO detcore: DETLOG [syscall][detcore, dtid 3] finish syscall #30: mprotect(0x1037000, 8192, ProtFlags(PROT_READ)) = Ok(0) DETLOG_RECORD={"schema":1,"event":{"kind":"syscall_result","finished_syscall_number":30}}
2026-09-10T03:16:10.301192Z  INFO detcore: DETLOG [syscall][detcore, dtid 3] inbound syscall: prlimit64(0, 3, NULL, 0x3fffe9d0) = ? DETLOG_RECORD={"schema":1,"event":{"kind":"syscall"}}
2026-09-10T03:16:10.301221Z  INFO detcore::syscalls::sysinfo: DETLOG prlimit64: pid=0, resource=3, mutation=false, old=8388608:18446744073709551615 DETLOG_RECORD={"schema":1,"event":{"kind":"other"}}
2026-09-10T03:16:10.301232Z  INFO detcore: DETLOG [syscall][detcore, dtid 3] finish syscall #31: prlimit64(0, 3, NULL, 0x3fffe9d0) = Ok(0) DETLOG_RECORD={"schema":1,"event":{"kind":"syscall_result","finished_syscall_number":31}}
2026-09-10T03:16:10.301251Z  INFO detcore: DETLOG [syscall][detcore, dtid 3] inbound syscall: munmap(0x113d000, 28431) = ? DETLOG_RECORD={"schema":1,"event":{"kind":"syscall"}}
2026-09-10T03:16:10.301277Z  INFO detcore: DETLOG [syscall][detcore, dtid 3] finish syscall #32: munmap(0x113d000, 28431) = Ok(0) DETLOG_RECORD={"schema":1,"event":{"kind":"syscall_result","finished_syscall_number":32}}
2026-09-10T03:16:10.301299Z  INFO detcore: DETLOG [syscall][detcore, dtid 3] inbound syscall: pipe(0x3fffeb68) = ? DETLOG_RECORD={"schema":1,"event":{"kind":"syscall"}}
2026-09-10T03:16:10.301370Z  INFO detcore::syscalls::files: Injecting additional fstat to retrieve file metadata on fd 3.
2026-09-10T03:16:10.301394Z  INFO detcore::syscalls::files: Injecting additional fstat to retrieve file metadata on fd 4.
2026-09-10T03:16:10.301417Z  INFO detcore: DETLOG [syscall][detcore, dtid 3] finish syscall #33: pipe(0x3fffeb68) = Ok(0) DETLOG_RECORD={"schema":1,"event":{"kind":"syscall_result","finished_syscall_number":33}}
2026-09-10T03:16:10.301441Z  INFO detcore: DETLOG [syscall][detcore, dtid 3] inbound syscall: rt_sigaction(33, 0x3fffe860, NULL, 8) = ? DETLOG_RECORD={"schema":1,"event":{"kind":"syscall"}}
2026-09-10T03:16:10.301477Z  INFO detcore: DETLOG [syscall][detcore, dtid 3] finish syscall #34: rt_sigaction(33, 0x3fffe860, NULL, 8) = Ok(0) DETLOG_RECORD={"schema":1,"event":{"kind":"syscall_result","finished_syscall_number":34}}
2026-09-10T03:16:10.301496Z  INFO detcore: DETLOG [syscall][detcore, dtid 3] inbound syscall: rt_sigprocmask(1, 0x3fffea68, NULL, 8) = ? DETLOG_RECORD={"schema":1,"event":{"kind":"syscall"}}
2026-09-10T03:16:10.301525Z  INFO detcore: DETLOG [syscall][detcore, dtid 3] finish syscall #35: rt_sigprocmask(1, 0x3fffea68, NULL, 8) = Ok(0) DETLOG_RECORD={"schema":1,"event":{"kind":"syscall_result","finished_syscall_number":35}}
2026-09-10T03:16:10.301543Z  INFO detcore: DETLOG [syscall][detcore, dtid 3] inbound syscall: mmap(NULL, 8392704, ProtFlags(0x0), MapFlags(MAP_PRIVATE | MAP_ANON | MAP_STACK), -1, 0) = ? DETLOG_RECORD={"schema":1,"event":{"kind":"syscall"}}
2026-09-10T03:16:10.302826Z  INFO detcore: DETLOG [syscall][detcore, dtid 3] finish syscall #36: mmap(NULL, 8392704, ProtFlags(0x0), MapFlags(MAP_PRIVATE | MAP_ANON | MAP_STACK), -1, 0) = Ok(20254720) DETLOG_RECORD={"schema":1,"event":{"kind":"syscall_result","finished_syscall_number":36}}
2026-09-10T03:16:10.302857Z  INFO detcore: DETLOG [syscall][detcore, dtid 3] inbound syscall: mprotect(0x1352000, 8388608, ProtFlags(PROT_READ | PROT_WRITE)) = ? DETLOG_RECORD={"schema":1,"event":{"kind":"syscall"}}
2026-09-10T03:16:10.303876Z  INFO detcore: DETLOG [syscall][detcore, dtid 3] finish syscall #37: mprotect(0x1352000, 8388608, ProtFlags(PROT_READ | PROT_WRITE)) = Ok(0) DETLOG_RECORD={"schema":1,"event":{"kind":"syscall_result","finished_syscall_number":37}}
2026-09-10T03:16:10.303915Z  INFO detcore: DETLOG [syscall][detcore, dtid 3] inbound syscall: getrandom(0x13464f8, 8, 1) = ? DETLOG_RECORD={"schema":1,"event":{"kind":"syscall"}}
2026-09-10T03:16:10.303957Z  INFO detcore::syscalls::misc: DETLOG [dtid 3] USER RAND [getrandom] Filled guest memory with 8 random bytes, hash of bytes: 9401673912765844831 DETLOG_RECORD={"schema":1,"event":{"kind":"other"}}
2026-09-10T03:16:10.303969Z  INFO detcore: DETLOG [syscall][detcore, dtid 3] finish syscall #38: getrandom(0x13464f8, 8, 1) = Ok(8) DETLOG_RECORD={"schema":1,"event":{"kind":"syscall_result","finished_syscall_number":38}}
2026-09-10T03:16:10.303991Z  INFO detcore::io_buffers: DETLOG [iobuf][dtid 3] getrandom in fd=- 0x13464f8+8->b5617a3bc2e8ddf4b82d23c5f8cd87e27bfa2adffc3c9c36490176e88908d30c DETLOG_RECORD={"schema":1,"event":{"kind":"other"}}
2026-09-10T03:16:10.304012Z  INFO detcore: DETLOG [syscall][detcore, dtid 3] inbound syscall: brk(NULL) = ? DETLOG_RECORD={"schema":1,"event":{"kind":"syscall"}}
2026-09-10T03:16:10.304030Z  INFO detcore: DETLOG [syscall][detcore, dtid 3] finish syscall #39: brk(NULL) = Ok(4362240) DETLOG_RECORD={"schema":1,"event":{"kind":"syscall_result","finished_syscall_number":39}}
2026-09-10T03:16:10.304048Z  INFO detcore: DETLOG [syscall][detcore, dtid 3] inbound syscall: brk(0x44a000) = ? DETLOG_RECORD={"schema":1,"event":{"kind":"syscall"}}
2026-09-10T03:16:10.304081Z  INFO detcore: DETLOG [syscall][detcore, dtid 3] finish syscall #40: brk(0x44a000) = Ok(4497408) DETLOG_RECORD={"schema":1,"event":{"kind":"syscall_result","finished_syscall_number":40}}
2026-09-10T03:16:10.304100Z  INFO detcore: DETLOG [syscall][detcore, dtid 3] inbound syscall: rt_sigprocmask(0, 0x12f7820, 0x3fffea60, 8) = ? DETLOG_RECORD={"schema":1,"event":{"kind":"syscall"}}
2026-09-10T03:16:10.304136Z  INFO detcore: DETLOG [syscall][detcore, dtid 3] finish syscall #41: rt_sigprocmask(0, 0x12f7820, 0x3fffea60, 8) = Ok(0) DETLOG_RECORD={"schema":1,"event":{"kind":"syscall_result","finished_syscall_number":41}}
2026-09-10T03:16:10.304169Z  INFO detcore: DETLOG [syscall][detcore, dtid 3] inbound syscall: clone3(0x3fffe920, 88) = ? DETLOG_RECORD={"schema":1,"event":{"kind":"syscall"}}
2026-09-10T03:16:10.304672Z  INFO detcore::tool_local: DETLOG RNG USER RAND seeding child User pedigree C: [216, 15, 32, 175, 139, 157, 215, 33, 245, 177, 140, 19, 251, 193, 171, 214] from parent Mcg128Xsl64 {} DETLOG_RECORD={"schema":1,"event":{"kind":"other"}}
2026-09-10T03:16:10.304709Z  INFO detcore::tool_local: DETLOG RNG CHAOSRAND seeding child Chaos pedigree C: [198, 17, 254, 181, 112, 1, 149, 199, 5, 144, 191, 30, 76, 152, 180, 41] from parent Mcg128Xsl64 {} DETLOG_RECORD={"schema":1,"event":{"kind":"other"}}
2026-09-10T03:16:10.305072Z  INFO detcore::scheduler: [sched-step5] >>>>>>>

 COMMIT turn 4, dettid 4 using resources {MemAddrSpace(DetPid(3)): RW}, on previously committed 1_767_225_600.002_873_750s DETLOG_RECORD={"schema":1,"event":{"kind":"scheduler_commit","scheduler_turn":4,"virtual_nanoseconds":1767225600002873750,"internal_io_poll":false,"runtime_maps_read":false}}
2026-09-10T03:16:10.305127Z  INFO detcore::tool_global: [detcore, dtid 4] New thread given go-ahead to proceed via <ivar Go(None)>
2026-09-10T03:16:10.305279Z  INFO detcore: DETLOG [syscall][detcore, dtid 4] inbound syscall: set_robust_list(0x1b51920, 24) = ? DETLOG_RECORD={"schema":1,"event":{"kind":"syscall"}}
2026-09-10T03:16:10.305342Z  INFO detcore: DETLOG [syscall][detcore, dtid 4] finish syscall #1: set_robust_list(0x1b51920, 24) = Ok(0) DETLOG_RECORD={"schema":1,"event":{"kind":"syscall_result","finished_syscall_number":1}}
2026-09-10T03:16:10.305376Z  INFO detcore: DETLOG [syscall][detcore, dtid 4] inbound syscall: rt_sigprocmask(2, 0x1b51f30, NULL, 8) = ? DETLOG_RECORD={"schema":1,"event":{"kind":"syscall"}}
2026-09-10T03:16:10.305413Z  INFO detcore: DETLOG [syscall][detcore, dtid 4] finish syscall #2: rt_sigprocmask(2, 0x1b51f30, NULL, 8) = Ok(0) DETLOG_RECORD={"schema":1,"event":{"kind":"syscall_result","finished_syscall_number":2}}
2026-09-10T03:16:10.305446Z  INFO detcore: DETLOG [syscall][detcore, dtid 4] inbound syscall: clock_nanosleep(CLOCK_REALTIME, 0, 0x1b50e40, 0x1b50e40) = ? DETLOG_RECORD={"schema":1,"event":{"kind":"syscall"}}
2026-09-10T03:16:10.305533Z  INFO detcore::scheduler: [sched-step5] >>>>>>>

 COMMIT turn 5, dettid 3 using resources {ParentContinue { parent: DetPid(3), child: DetPid(4) }: W}, on previously committed 1_767_225_600.004_253_000s DETLOG_RECORD={"schema":1,"event":{"kind":"scheduler_commit","scheduler_turn":5,"virtual_nanoseconds":1767225600004253000,"internal_io_poll":false,"runtime_maps_read":false}}
2026-09-10T03:16:10.305604Z  INFO detcore: DETLOG [syscall][detcore, dtid 3] finish syscall #42: clone3(0x3fffe920, 88) = Ok(4) DETLOG_RECORD={"schema":1,"event":{"kind":"syscall_result","finished_syscall_number":42}}
2026-09-10T03:16:10.305642Z  INFO detcore: DETLOG [syscall][detcore, dtid 3] inbound syscall: rt_sigprocmask(2, 0x3fffea60, NULL, 8) = ? DETLOG_RECORD={"schema":1,"event":{"kind":"syscall"}}
2026-09-10T03:16:10.305675Z  INFO detcore: DETLOG [syscall][detcore, dtid 3] finish syscall #43: rt_sigprocmask(2, 0x3fffea60, NULL, 8) = Ok(0) DETLOG_RECORD={"schema":1,"event":{"kind":"syscall_result","finished_syscall_number":43}}
2026-09-10T03:16:10.305697Z  INFO detcore: DETLOG [syscall][detcore, dtid 3] inbound syscall: readv(3, 0x3fffeb70, 2) = ? DETLOG_RECORD={"schema":1,"event":{"kind":"syscall"}}
2026-09-10T03:16:10.305878Z  INFO detcore::scheduler: [scheduler] >>>>>>>

 NONCOMMIT turn 6, SKIP dettid 4 which wanted resource SleepUntil(LogicalTime(1767225600023753000)) (blocking)
2026-09-10T03:16:10.305922Z  INFO detcore::scheduler: [scheduler] >>>>>>>

 NONCOMMIT turn 7, SKIP dettid 3 polling resource Resources { tid: DetPid(3), resources: {InternalIOPolling: W}, poll_attempt: 1, fyi: "readv", signal_interrupt_errno: 512 }
2026-09-10T03:16:10.305957Z  INFO detcore::scheduler: [sched-step5] >>>>>>>

 COMMIT turn 8, dettid 3 using resources {InternalIOPolling: W}, on previously committed 1_767_225_600.004_753_500s DETLOG_RECORD={"schema":1,"event":{"kind":"scheduler_commit","scheduler_turn":8,"virtual_nanoseconds":1767225600004753500,"internal_io_poll":true,"runtime_maps_read":false}}
2026-09-10T03:16:10.306039Z  INFO detcore::scheduler: [scheduler] >>>>>>>

 NONCOMMIT turn 9, SKIP dettid 3 polling resource Resources { tid: DetPid(3), resources: {InternalIOPolling: W}, poll_attempt: 2, fyi: "readv", signal_interrupt_errno: 512 }
2026-09-10T03:16:10.306068Z  INFO detcore::scheduler: [sched-step5] >>>>>>>

 COMMIT turn 10, dettid 3 using resources {InternalIOPolling: W}, on previously committed 1_767_225_600.005_253_500s DETLOG_RECORD={"schema":1,"event":{"kind":"scheduler_commit","scheduler_turn":10,"virtual_nanoseconds":1767225600005253500,"internal_io_poll":true,"runtime_maps_read":false}}
2026-09-10T03:16:10.306120Z  INFO detcore::scheduler: [scheduler] >>>>>>>

 NONCOMMIT turn 11, SKIP dettid 3 polling resource Resources { tid: DetPid(3), resources: {InternalIOPolling: W}, poll_attempt: 3, fyi: "readv", signal_interrupt_errno: 512 }
2026-09-10T03:16:10.306146Z  INFO detcore::scheduler: [sched-step5] >>>>>>>

 COMMIT turn 12, dettid 3 using resources {InternalIOPolling: W}, on previously committed 1_767_225_600.005_753_500s DETLOG_RECORD={"schema":1,"event":{"kind":"scheduler_commit","scheduler_turn":12,"virtual_nanoseconds":1767225600005753500,"internal_io_poll":true,"runtime_maps_read":false}}
2026-09-10T03:16:10.306199Z  INFO detcore::scheduler: [scheduler] >>>>>>>

 NONCOMMIT turn 13, SKIP dettid 3 polling resource Resources { tid: DetPid(3), resources: {InternalIOPolling: W}, poll_attempt: 4, fyi: "readv", signal_interrupt_errno: 512 }
2026-09-10T03:16:10.306229Z  INFO detcore::scheduler: [sched-step5] >>>>>>>

 COMMIT turn 14, dettid 3 using resources {InternalIOPolling: W}, on previously committed 1_767_225_600.006_253_500s DETLOG_RECORD={"schema":1,"event":{"kind":"scheduler_commit","scheduler_turn":14,"virtual_nanoseconds":1767225600006253500,"internal_io_poll":true,"runtime_maps_read":false}}
2026-09-10T03:16:10.306277Z  INFO detcore::scheduler: [scheduler] >>>>>>>

 NONCOMMIT turn 15, SKIP dettid 3 polling resource Resources { tid: DetPid(3), resources: {InternalIOPolling: W}, poll_attempt: 5, fyi: "readv", signal_interrupt_errno: 512 }
2026-09-10T03:16:10.306302Z  INFO detcore::scheduler: [sched-step5] >>>>>>>

 COMMIT turn 16, dettid 3 using resources {InternalIOPolling: W}, on previously committed 1_767_225_600.006_753_500s DETLOG_RECORD={"schema":1,"event":{"kind":"scheduler_commit","scheduler_turn":16,"virtual_nanoseconds":1767225600006753500,"internal_io_poll":true,"runtime_maps_read":false}}
2026-09-10T03:16:10.306348Z  INFO detcore::scheduler: [scheduler] >>>>>>>

 NONCOMMIT turn 17, SKIP dettid 3 polling resource Resources { tid: DetPid(3), resources: {InternalIOPolling: W}, poll_attempt: 6, fyi: "readv", signal_interrupt_errno: 512 }
2026-09-10T03:16:10.306374Z  INFO detcore::scheduler: [sched-step5] >>>>>>>

 COMMIT turn 18, dettid 3 using resources {InternalIOPolling: W}, on previously committed 1_767_225_600.007_253_500s DETLOG_RECORD={"schema":1,"event":{"kind":"scheduler_commit","scheduler_turn":18,"virtual_nanoseconds":1767225600007253500,"internal_io_poll":true,"runtime_maps_read":false}}
2026-09-10T03:16:10.306420Z  INFO detcore::scheduler: [scheduler] >>>>>>>

 NONCOMMIT turn 19, SKIP dettid 3 polling resource Resources { tid: DetPid(3), resources: {InternalIOPolling: W}, poll_attempt: 7, fyi: "readv", signal_interrupt_errno: 512 }
2026-09-10T03:16:10.306447Z  INFO detcore::scheduler: [sched-step5] >>>>>>>

 COMMIT turn 20, dettid 3 using resources {InternalIOPolling: W}, on previously committed 1_767_225_600.007_753_500s DETLOG_RECORD={"schema":1,"event":{"kind":"scheduler_commit","scheduler_turn":20,"virtual_nanoseconds":1767225600007753500,"internal_io_poll":true,"runtime_maps_read":false}}
2026-09-10T03:16:10.306494Z  INFO detcore::scheduler: [scheduler] >>>>>>>

 NONCOMMIT turn 21, SKIP dettid 3 polling resource Resources { tid: DetPid(3), resources: {InternalIOPolling: W}, poll_attempt: 8, fyi: "readv", signal_interrupt_errno: 512 }
2026-09-10T03:16:10.306519Z  INFO detcore::scheduler: [sched-step5] >>>>>>>

 COMMIT turn 22, dettid 3 using resources {InternalIOPolling: W}, on previously committed 1_767_225_600.008_253_500s DETLOG_RECORD={"schema":1,"event":{"kind":"scheduler_commit","scheduler_turn":22,"virtual_nanoseconds":1767225600008253500,"internal_io_poll":true,"runtime_maps_read":false}}
2026-09-10T03:16:10.306565Z  INFO detcore::scheduler: [scheduler] >>>>>>>

 NONCOMMIT turn 23, SKIP dettid 3 polling resource Resources { tid: DetPid(3), resources: {InternalIOPolling: W}, poll_attempt: 9, fyi: "readv", signal_interrupt_errno: 512 }
2026-09-10T03:16:10.306590Z  INFO detcore::scheduler: [sched-step5] >>>>>>>

 COMMIT turn 24, dettid 3 using resources {InternalIOPolling: W}, on previously committed 1_767_225_600.008_753_500s DETLOG_RECORD={"schema":1,"event":{"kind":"scheduler_commit","scheduler_turn":24,"virtual_nanoseconds":1767225600008753500,"internal_io_poll":true,"runtime_maps_read":false}}
2026-09-10T03:16:10.306636Z  INFO detcore::scheduler: [scheduler] >>>>>>>

 NONCOMMIT turn 25, SKIP dettid 3 polling resource Resources { tid: DetPid(3), resources: {InternalIOPolling: W}, poll_attempt: 10, fyi: "readv", signal_interrupt_errno: 512 }
2026-09-10T03:16:10.306664Z  INFO detcore::scheduler: [sched-step5] >>>>>>>

 COMMIT turn 26, dettid 3 using resources {InternalIOPolling: W}, on previously committed 1_767_225_600.009_253_500s DETLOG_RECORD={"schema":1,"event":{"kind":"scheduler_commit","scheduler_turn":26,"virtual_nanoseconds":1767225600009253500,"internal_io_poll":true,"runtime_maps_read":false}}
2026-09-10T03:16:10.306712Z  INFO detcore::scheduler: [scheduler] >>>>>>>

 NONCOMMIT turn 27, SKIP dettid 3 polling resource Resources { tid: DetPid(3), resources: {InternalIOPolling: W}, poll_attempt: 11, fyi: "readv", signal_interrupt_errno: 512 }
2026-09-10T03:16:10.306737Z  INFO detcore::scheduler: [sched-step5] >>>>>>>

 COMMIT turn 28, dettid 3 using resources {InternalIOPolling: W}, on previously committed 1_767_225_600.009_753_500s DETLOG_RECORD={"schema":1,"event":{"kind":"scheduler_commit","scheduler_turn":28,"virtual_nanoseconds":1767225600009753500,"internal_io_poll":true,"runtime_maps_read":false}}
2026-09-10T03:16:10.306791Z  INFO detcore::scheduler: [scheduler] >>>>>>>

 NONCOMMIT turn 29, SKIP dettid 3 polling resource Resources { tid: DetPid(3), resources: {InternalIOPolling: W}, poll_attempt: 12, fyi: "readv", signal_interrupt_errno: 512 }
2026-09-10T03:16:10.306817Z  INFO detcore::scheduler: [sched-step5] >>>>>>>

 COMMIT turn 30, dettid 3 using resources {InternalIOPolling: W}, on previously committed 1_767_225_600.010_253_500s DETLOG_RECORD={"schema":1,"event":{"kind":"scheduler_commit","scheduler_turn":30,"virtual_nanoseconds":1767225600010253500,"internal_io_poll":true,"runtime_maps_read":false}}
2026-09-10T03:16:10.306865Z  INFO detcore::scheduler: [scheduler] >>>>>>>

 NONCOMMIT turn 31, SKIP dettid 3 polling resource Resources { tid: DetPid(3), resources: {InternalIOPolling: W}, poll_attempt: 13, fyi: "readv", signal_interrupt_errno: 512 }
2026-09-10T03:16:10.306890Z  INFO detcore::scheduler: [sched-step5] >>>>>>>

 COMMIT turn 32, dettid 3 using resources {InternalIOPolling: W}, on previously committed 1_767_225_600.010_753_500s DETLOG_RECORD={"schema":1,"event":{"kind":"scheduler_commit","scheduler_turn":32,"virtual_nanoseconds":1767225600010753500,"internal_io_poll":true,"runtime_maps_read":false}}
2026-09-10T03:16:10.306937Z  INFO detcore::scheduler: [scheduler] >>>>>>>

 NONCOMMIT turn 33, SKIP dettid 3 polling resource Resources { tid: DetPid(3), resources: {InternalIOPolling: W}, poll_attempt: 14, fyi: "readv", signal_interrupt_errno: 512 }
2026-09-10T03:16:10.306962Z  INFO detcore::scheduler: [sched-step5] >>>>>>>

 COMMIT turn 34, dettid 3 using resources {InternalIOPolling: W}, on previously committed 1_767_225_600.011_253_500s DETLOG_RECORD={"schema":1,"event":{"kind":"scheduler_commit","scheduler_turn":34,"virtual_nanoseconds":1767225600011253500,"internal_io_poll":true,"runtime_maps_read":false}}
2026-09-10T03:16:10.307009Z  INFO detcore::scheduler: [scheduler] >>>>>>>

 NONCOMMIT turn 35, SKIP dettid 3 polling resource Resources { tid: DetPid(3), resources: {InternalIOPolling: W}, poll_attempt: 15, fyi: "readv", signal_interrupt_errno: 512 }
2026-09-10T03:16:10.307034Z  INFO detcore::scheduler: [sched-step5] >>>>>>>

 COMMIT turn 36, dettid 3 using resources {InternalIOPolling: W}, on previously committed 1_767_225_600.011_753_500s DETLOG_RECORD={"schema":1,"event":{"kind":"scheduler_commit","scheduler_turn":36,"virtual_nanoseconds":1767225600011753500,"internal_io_poll":true,"runtime_maps_read":false}}
2026-09-10T03:16:10.307085Z  INFO detcore::scheduler: [scheduler] >>>>>>>

 NONCOMMIT turn 37, SKIP dettid 3 polling resource Resources { tid: DetPid(3), resources: {InternalIOPolling: W}, poll_attempt: 16, fyi: "readv", signal_interrupt_errno: 512 }
2026-09-10T03:16:10.307111Z  INFO detcore::scheduler: [sched-step5] >>>>>>>

 COMMIT turn 38, dettid 3 using resources {InternalIOPolling: W}, on previously committed 1_767_225_600.012_253_500s DETLOG_RECORD={"schema":1,"event":{"kind":"scheduler_commit","scheduler_turn":38,"virtual_nanoseconds":1767225600012253500,"internal_io_poll":true,"runtime_maps_read":false}}
2026-09-10T03:16:10.307159Z  INFO detcore::scheduler: [scheduler] >>>>>>>

 NONCOMMIT turn 39, SKIP dettid 3 polling resource Resources { tid: DetPid(3), resources: {InternalIOPolling: W}, poll_attempt: 17, fyi: "readv", signal_interrupt_errno: 512 }
2026-09-10T03:16:10.307187Z  INFO detcore::scheduler: [sched-step5] >>>>>>>

 COMMIT turn 40, dettid 3 using resources {InternalIOPolling: W}, on previously committed 1_767_225_600.012_753_500s DETLOG_RECORD={"schema":1,"event":{"kind":"scheduler_commit","scheduler_turn":40,"virtual_nanoseconds":1767225600012753500,"internal_io_poll":true,"runtime_maps_read":false}}
2026-09-10T03:16:10.307234Z  INFO detcore::scheduler: [scheduler] >>>>>>>

 NONCOMMIT turn 41, SKIP dettid 3 polling resource Resources { tid: DetPid(3), resources: {InternalIOPolling: W}, poll_attempt: 18, fyi: "readv", signal_interrupt_errno: 512 }
2026-09-10T03:16:10.307259Z  INFO detcore::scheduler: [sched-step5] >>>>>>>

 COMMIT turn 42, dettid 3 using resources {InternalIOPolling: W}, on previously committed 1_767_225_600.013_253_500s DETLOG_RECORD={"schema":1,"event":{"kind":"scheduler_commit","scheduler_turn":42,"virtual_nanoseconds":1767225600013253500,"internal_io_poll":true,"runtime_maps_read":false}}
2026-09-10T03:16:10.307305Z  INFO detcore::scheduler: [scheduler] >>>>>>>

 NONCOMMIT turn 43, SKIP dettid 3 polling resource Resources { tid: DetPid(3), resources: {InternalIOPolling: W}, poll_attempt: 19, fyi: "readv", signal_interrupt_errno: 512 }
2026-09-10T03:16:10.307330Z  INFO detcore::scheduler: [sched-step5] >>>>>>>

 COMMIT turn 44, dettid 3 using resources {InternalIOPolling: W}, on previously committed 1_767_225_600.013_753_500s DETLOG_RECORD={"schema":1,"event":{"kind":"scheduler_commit","scheduler_turn":44,"virtual_nanoseconds":1767225600013753500,"internal_io_poll":true,"runtime_maps_read":false}}
2026-09-10T03:16:10.307375Z  INFO detcore::scheduler: [scheduler] >>>>>>>

 NONCOMMIT turn 45, SKIP dettid 3 polling resource Resources { tid: DetPid(3), resources: {InternalIOPolling: W}, poll_attempt: 20, fyi: "readv", signal_interrupt_errno: 512 }
2026-09-10T03:16:10.307400Z  INFO detcore::scheduler: [sched-step5] >>>>>>>

 COMMIT turn 46, dettid 3 using resources {InternalIOPolling: W}, on previously committed 1_767_225_600.014_253_500s DETLOG_RECORD={"schema":1,"event":{"kind":"scheduler_commit","scheduler_turn":46,"virtual_nanoseconds":1767225600014253500,"internal_io_poll":true,"runtime_maps_read":false}}
2026-09-10T03:16:10.307446Z  INFO detcore::scheduler: [scheduler] >>>>>>>

 NONCOMMIT turn 47, SKIP dettid 3 polling resource Resources { tid: DetPid(3), resources: {InternalIOPolling: W}, poll_attempt: 21, fyi: "readv", signal_interrupt_errno: 512 }
2026-09-10T03:16:10.307471Z  INFO detcore::scheduler: [sched-step5] >>>>>>>

 COMMIT turn 48, dettid 3 using resources {InternalIOPolling: W}, on previously committed 1_767_225_600.014_753_500s DETLOG_RECORD={"schema":1,"event":{"kind":"scheduler_commit","scheduler_turn":48,"virtual_nanoseconds":1767225600014753500,"internal_io_poll":true,"runtime_maps_read":false}}
2026-09-10T03:16:10.307516Z  INFO detcore::scheduler: [scheduler] >>>>>>>

 NONCOMMIT turn 49, SKIP dettid 3 polling resource Resources { tid: DetPid(3), resources: {InternalIOPolling: W}, poll_attempt: 22, fyi: "readv", signal_interrupt_errno: 512 }
2026-09-10T03:16:10.307541Z  INFO detcore::scheduler: [sched-step5] >>>>>>>

 COMMIT turn 50, dettid 3 using resources {InternalIOPolling: W}, on previously committed 1_767_225_600.015_253_500s DETLOG_RECORD={"schema":1,"event":{"kind":"scheduler_commit","scheduler_turn":50,"virtual_nanoseconds":1767225600015253500,"internal_io_poll":true,"runtime_maps_read":false}}
2026-09-10T03:16:10.307587Z  INFO detcore::scheduler: [scheduler] >>>>>>>

 NONCOMMIT turn 51, SKIP dettid 3 polling resource Resources { tid: DetPid(3), resources: {InternalIOPolling: W}, poll_attempt: 23, fyi: "readv", signal_interrupt_errno: 512 }
2026-09-10T03:16:10.307612Z  INFO detcore::scheduler: [sched-step5] >>>>>>>

 COMMIT turn 52, dettid 3 using resources {InternalIOPolling: W}, on previously committed 1_767_225_600.015_753_500s DETLOG_RECORD={"schema":1,"event":{"kind":"scheduler_commit","scheduler_turn":52,"virtual_nanoseconds":1767225600015753500,"internal_io_poll":true,"runtime_maps_read":false}}
2026-09-10T03:16:10.307660Z  INFO detcore::scheduler: [scheduler] >>>>>>>

 NONCOMMIT turn 53, SKIP dettid 3 polling resource Resources { tid: DetPid(3), resources: {InternalIOPolling: W}, poll_attempt: 24, fyi: "readv", signal_interrupt_errno: 512 }
2026-09-10T03:16:10.307686Z  INFO detcore::scheduler: [sched-step5] >>>>>>>

 COMMIT turn 54, dettid 3 using resources {InternalIOPolling: W}, on previously committed 1_767_225_600.016_253_500s DETLOG_RECORD={"schema":1,"event":{"kind":"scheduler_commit","scheduler_turn":54,"virtual_nanoseconds":1767225600016253500,"internal_io_poll":true,"runtime_maps_read":false}}
2026-09-10T03:16:10.307732Z  INFO detcore::scheduler: [scheduler] >>>>>>>

 NONCOMMIT turn 55, SKIP dettid 3 polling resource Resources { tid: DetPid(3), resources: {InternalIOPolling: W}, poll_attempt: 25, fyi: "readv", signal_interrupt_errno: 512 }
2026-09-10T03:16:10.307757Z  INFO detcore::scheduler: [sched-step5] >>>>>>>

 COMMIT turn 56, dettid 3 using resources {InternalIOPolling: W}, on previously committed 1_767_225_600.016_753_500s DETLOG_RECORD={"schema":1,"event":{"kind":"scheduler_commit","scheduler_turn":56,"virtual_nanoseconds":1767225600016753500,"internal_io_poll":true,"runtime_maps_read":false}}
2026-09-10T03:16:10.307809Z  INFO detcore::scheduler: [scheduler] >>>>>>>

 NONCOMMIT turn 57, SKIP dettid 3 polling resource Resources { tid: DetPid(3), resources: {InternalIOPolling: W}, poll_attempt: 26, fyi: "readv", signal_interrupt_errno: 512 }
2026-09-10T03:16:10.307838Z  INFO detcore::scheduler: [sched-step5] >>>>>>>

 COMMIT turn 58, dettid 3 using resources {InternalIOPolling: W}, on previously committed 1_767_225_600.017_253_500s DETLOG_RECORD={"schema":1,"event":{"kind":"scheduler_commit","scheduler_turn":58,"virtual_nanoseconds":1767225600017253500,"internal_io_poll":true,"runtime_maps_read":false}}
2026-09-10T03:16:10.307886Z  INFO detcore::scheduler: [scheduler] >>>>>>>

 NONCOMMIT turn 59, SKIP dettid 3 polling resource Resources { tid: DetPid(3), resources: {InternalIOPolling: W}, poll_attempt: 27, fyi: "readv", signal_interrupt_errno: 512 }
2026-09-10T03:16:10.307911Z  INFO detcore::scheduler: [sched-step5] >>>>>>>

 COMMIT turn 60, dettid 3 using resources {InternalIOPolling: W}, on previously committed 1_767_225_600.017_753_500s DETLOG_RECORD={"schema":1,"event":{"kind":"scheduler_commit","scheduler_turn":60,"virtual_nanoseconds":1767225600017753500,"internal_io_poll":true,"runtime_maps_read":false}}
2026-09-10T03:16:10.307957Z  INFO detcore::scheduler: [scheduler] >>>>>>>

 NONCOMMIT turn 61, SKIP dettid 3 polling resource Resources { tid: DetPid(3), resources: {InternalIOPolling: W}, poll_attempt: 28, fyi: "readv", signal_interrupt_errno: 512 }
2026-09-10T03:16:10.307982Z  INFO detcore::scheduler: [sched-step5] >>>>>>>

 COMMIT turn 62, dettid 3 using resources {InternalIOPolling: W}, on previously committed 1_767_225_600.018_253_500s DETLOG_RECORD={"schema":1,"event":{"kind":"scheduler_commit","scheduler_turn":62,"virtual_nanoseconds":1767225600018253500,"internal_io_poll":true,"runtime_maps_read":false}}
2026-09-10T03:16:10.308027Z  INFO detcore::scheduler: [scheduler] >>>>>>>

 NONCOMMIT turn 63, SKIP dettid 3 polling resource Resources { tid: DetPid(3), resources: {InternalIOPolling: W}, poll_attempt: 29, fyi: "readv", signal_interrupt_errno: 512 }
2026-09-10T03:16:10.308052Z  INFO detcore::scheduler: [sched-step5] >>>>>>>

 COMMIT turn 64, dettid 3 using resources {InternalIOPolling: W}, on previously committed 1_767_225_600.018_753_500s DETLOG_RECORD={"schema":1,"event":{"kind":"scheduler_commit","scheduler_turn":64,"virtual_nanoseconds":1767225600018753500,"internal_io_poll":true,"runtime_maps_read":false}}
2026-09-10T03:16:10.308101Z  INFO detcore::scheduler: [scheduler] >>>>>>>

 NONCOMMIT turn 65, SKIP dettid 3 polling resource Resources { tid: DetPid(3), resources: {InternalIOPolling: W}, poll_attempt: 30, fyi: "readv", signal_interrupt_errno: 512 }
2026-09-10T03:16:10.308128Z  INFO detcore::scheduler: [sched-step5] >>>>>>>

 COMMIT turn 66, dettid 3 using resources {InternalIOPolling: W}, on previously committed 1_767_225_600.019_253_500s DETLOG_RECORD={"schema":1,"event":{"kind":"scheduler_commit","scheduler_turn":66,"virtual_nanoseconds":1767225600019253500,"internal_io_poll":true,"runtime_maps_read":false}}
2026-09-10T03:16:10.308177Z  INFO detcore::scheduler: [scheduler] >>>>>>>

 NONCOMMIT turn 67, SKIP dettid 3 polling resource Resources { tid: DetPid(3), resources: {InternalIOPolling: W}, poll_attempt: 31, fyi: "readv", signal_interrupt_errno: 512 }
2026-09-10T03:16:10.308202Z  INFO detcore::scheduler: [sched-step5] >>>>>>>

 COMMIT turn 68, dettid 3 using resources {InternalIOPolling: W}, on previously committed 1_767_225_600.019_753_500s DETLOG_RECORD={"schema":1,"event":{"kind":"scheduler_commit","scheduler_turn":68,"virtual_nanoseconds":1767225600019753500,"internal_io_poll":true,"runtime_maps_read":false}}
2026-09-10T03:16:10.308248Z  INFO detcore::scheduler: [scheduler] >>>>>>>

 NONCOMMIT turn 69, SKIP dettid 3 polling resource Resources { tid: DetPid(3), resources: {InternalIOPolling: W}, poll_attempt: 32, fyi: "readv", signal_interrupt_errno: 512 }
2026-09-10T03:16:10.308273Z  INFO detcore::scheduler: [sched-step5] >>>>>>>

 COMMIT turn 70, dettid 3 using resources {InternalIOPolling: W}, on previously committed 1_767_225_600.020_253_500s DETLOG_RECORD={"schema":1,"event":{"kind":"scheduler_commit","scheduler_turn":70,"virtual_nanoseconds":1767225600020253500,"internal_io_poll":true,"runtime_maps_read":false}}
2026-09-10T03:16:10.308318Z  INFO detcore::scheduler: [scheduler] >>>>>>>

 NONCOMMIT turn 71, SKIP dettid 3 polling resource Resources { tid: DetPid(3), resources: {InternalIOPolling: W}, poll_attempt: 33, fyi: "readv", signal_interrupt_errno: 512 }
2026-09-10T03:16:10.308343Z  INFO detcore::scheduler: [sched-step5] >>>>>>>

 COMMIT turn 72, dettid 3 using resources {InternalIOPolling: W}, on previously committed 1_767_225_600.020_753_500s DETLOG_RECORD={"schema":1,"event":{"kind":"scheduler_commit","scheduler_turn":72,"virtual_nanoseconds":1767225600020753500,"internal_io_poll":true,"runtime_maps_read":false}}
2026-09-10T03:16:10.308388Z  INFO detcore::scheduler: [scheduler] >>>>>>>

 NONCOMMIT turn 73, SKIP dettid 3 polling resource Resources { tid: DetPid(3), resources: {InternalIOPolling: W}, poll_attempt: 34, fyi: "readv", signal_interrupt_errno: 512 }
2026-09-10T03:16:10.308413Z  INFO detcore::scheduler: [sched-step5] >>>>>>>

 COMMIT turn 74, dettid 3 using resources {InternalIOPolling: W}, on previously committed 1_767_225_600.021_253_500s DETLOG_RECORD={"schema":1,"event":{"kind":"scheduler_commit","scheduler_turn":74,"virtual_nanoseconds":1767225600021253500,"internal_io_poll":true,"runtime_maps_read":false}}
2026-09-10T03:16:10.308458Z  INFO detcore::scheduler: [scheduler] >>>>>>>

 NONCOMMIT turn 75, SKIP dettid 3 polling resource Resources { tid: DetPid(3), resources: {InternalIOPolling: W}, poll_attempt: 35, fyi: "readv", signal_interrupt_errno: 512 }
2026-09-10T03:16:10.308483Z  INFO detcore::scheduler: [sched-step5] >>>>>>>

 COMMIT turn 76, dettid 3 using resources {InternalIOPolling: W}, on previously committed 1_767_225_600.021_753_500s DETLOG_RECORD={"schema":1,"event":{"kind":"scheduler_commit","scheduler_turn":76,"virtual_nanoseconds":1767225600021753500,"internal_io_poll":true,"runtime_maps_read":false}}
2026-09-10T03:16:10.308528Z  INFO detcore::scheduler: [scheduler] >>>>>>>

 NONCOMMIT turn 77, SKIP dettid 3 polling resource Resources { tid: DetPid(3), resources: {InternalIOPolling: W}, poll_attempt: 36, fyi: "readv", signal_interrupt_errno: 512 }
2026-09-10T03:16:10.308553Z  INFO detcore::scheduler: [sched-step5] >>>>>>>

 COMMIT turn 78, dettid 3 using resources {InternalIOPolling: W}, on previously committed 1_767_225_600.022_253_500s DETLOG_RECORD={"schema":1,"event":{"kind":"scheduler_commit","scheduler_turn":78,"virtual_nanoseconds":1767225600022253500,"internal_io_poll":true,"runtime_maps_read":false}}
2026-09-10T03:16:10.308602Z  INFO detcore::scheduler: [scheduler] >>>>>>>

 NONCOMMIT turn 79, SKIP dettid 3 polling resource Resources { tid: DetPid(3), resources: {InternalIOPolling: W}, poll_attempt: 37, fyi: "readv", signal_interrupt_errno: 512 }
2026-09-10T03:16:10.308629Z  INFO detcore::scheduler: [sched-step5] >>>>>>>

 COMMIT turn 80, dettid 3 using resources {InternalIOPolling: W}, on previously committed 1_767_225_600.022_753_500s DETLOG_RECORD={"schema":1,"event":{"kind":"scheduler_commit","scheduler_turn":80,"virtual_nanoseconds":1767225600022753500,"internal_io_poll":true,"runtime_maps_read":false}}
2026-09-10T03:16:10.308675Z  INFO detcore::scheduler: [scheduler] >>>>>>>

 NONCOMMIT turn 81, SKIP dettid 3 polling resource Resources { tid: DetPid(3), resources: {InternalIOPolling: W}, poll_attempt: 38, fyi: "readv", signal_interrupt_errno: 512 }
2026-09-10T03:16:10.308699Z  INFO detcore::scheduler: [sched-step5] >>>>>>>

 COMMIT turn 82, dettid 3 using resources {InternalIOPolling: W}, on previously committed 1_767_225_600.023_253_500s DETLOG_RECORD={"schema":1,"event":{"kind":"scheduler_commit","scheduler_turn":82,"virtual_nanoseconds":1767225600023253500,"internal_io_poll":true,"runtime_maps_read":false}}
2026-09-10T03:16:10.308769Z  INFO detcore::scheduler: [sched-step5] >>>>>>>

 COMMIT turn 83, dettid 4 using resources {SleepUntil(LogicalTime(1767225600023753000)): W}, on previously committed 1_767_225_600.023_753_500s DETLOG_RECORD={"schema":1,"event":{"kind":"scheduler_commit","scheduler_turn":83,"virtual_nanoseconds":1767225600023753500,"internal_io_poll":false,"runtime_maps_read":false}}
2026-09-10T03:16:10.308818Z  INFO detcore: DETLOG [syscall][detcore, dtid 4] finish syscall #3: clock_nanosleep(CLOCK_REALTIME, 0, 0x1b50e40, 0x1b50e40) = Ok(0) DETLOG_RECORD={"schema":1,"event":{"kind":"syscall_result","finished_syscall_number":3}}
2026-09-10T03:16:10.308869Z  INFO detcore: DETLOG [syscall][detcore, dtid 4] inbound syscall: write(4, 0x4047ec, 2) = ? DETLOG_RECORD={"schema":1,"event":{"kind":"syscall"}}
2026-09-10T03:16:10.308970Z  INFO detcore: DETLOG [syscall][detcore, dtid 4] finish syscall #4: write(4, 0x4047ec, 2) = Ok(2) DETLOG_RECORD={"schema":1,"event":{"kind":"syscall_result","finished_syscall_number":4}}
2026-09-10T03:16:10.308996Z  INFO detcore::io_buffers: DETLOG [iobuf][dtid 4] write out fd=4 0x4047ec+2->38164fbd17603d73f696b8b4d72664d735bb6a7c88577687fd2ae33fd6964153 DETLOG_RECORD={"schema":1,"event":{"kind":"other"}}
2026-09-10T03:16:10.309023Z  INFO detcore: DETLOG [syscall][detcore, dtid 4] inbound syscall: rt_sigprocmask(0, 0x1b51f30, NULL, 8) = ? DETLOG_RECORD={"schema":1,"event":{"kind":"syscall"}}
2026-09-10T03:16:10.309047Z  INFO detcore: DETLOG [syscall][detcore, dtid 4] finish syscall #5: rt_sigprocmask(0, 0x1b51f30, NULL, 8) = Ok(0) DETLOG_RECORD={"schema":1,"event":{"kind":"syscall_result","finished_syscall_number":5}}
2026-09-10T03:16:10.309068Z  INFO detcore: DETLOG [syscall][detcore, dtid 4] inbound syscall: madvise(0x1351000, 8368128, 4) = ? DETLOG_RECORD={"schema":1,"event":{"kind":"syscall"}}
2026-09-10T03:16:10.309091Z  INFO detcore::syscalls::memory: DETLOG [dtid 4] madvise advice 4 is unsupported by this backend DETLOG_RECORD={"schema":1,"event":{"kind":"other"}}
2026-09-10T03:16:10.309101Z  INFO detcore: DETLOG [syscall][detcore, dtid 4] finish syscall #6: madvise(0x1351000, 8368128, 4) = Err(Errno(ENOSYS)) DETLOG_RECORD={"schema":1,"event":{"kind":"syscall_result","finished_syscall_number":6}}
2026-09-10T03:16:10.309124Z  INFO detcore: DETLOG [syscall][detcore, dtid 4] inbound syscall: exit(0) = ? DETLOG_RECORD={"schema":1,"event":{"kind":"syscall"}}
2026-09-10T03:16:10.309193Z  INFO detcore::scheduler: [scheduler] >>>>>>>

 NONCOMMIT turn 84, SKIP dettid 3 polling resource Resources { tid: DetPid(3), resources: {InternalIOPolling: W}, poll_attempt: 39, fyi: "readv", signal_interrupt_errno: 512 }
2026-09-10T03:16:10.309232Z  INFO detcore::scheduler: [sched-step5] >>>>>>>

 COMMIT turn 85, dettid 4 using resources {Exit { group: false, process: DetPid(3), mm: MmId { creator: DetPid(3), generation: 1 } }: RW}, on previously committed 1_767_225_600.024_523_750s DETLOG_RECORD={"schema":1,"event":{"kind":"scheduler_commit","scheduler_turn":85,"virtual_nanoseconds":1767225600024523750,"internal_io_poll":false,"runtime_maps_read":false}}
2026-09-10T03:16:10.309361Z  INFO detcore::scheduler: logically_kill: Scheduler removing all knowledge of [det]tid 4 in pid 3..
2026-09-10T03:16:10.309448Z  INFO detcore::scheduler: [sched-step5] >>>>>>>

 COMMIT turn 86, dettid 3 using resources {InternalIOPolling: W}, on previously committed 1_767_225_600.025_023_750s DETLOG_RECORD={"schema":1,"event":{"kind":"scheduler_commit","scheduler_turn":86,"virtual_nanoseconds":1767225600025023750,"internal_io_poll":true,"runtime_maps_read":false}}
2026-09-10T03:16:10.309554Z  INFO detcore: DETLOG [syscall][detcore, dtid 3] finish syscall #44: readv(3, 0x3fffeb70, 2) = Ok(2) DETLOG_RECORD={"schema":1,"event":{"kind":"syscall_result","finished_syscall_number":44}}
2026-09-10T03:16:10.309582Z  INFO detcore::io_buffers: DETLOG [iobuf][dtid 3] readv in fd=3 0x3fffeb54+1->559aead08264d5795d3909718cdd05abd49572e84fe55590eef31a88a08fdffd DETLOG_RECORD={"schema":1,"event":{"kind":"other"}}
2026-09-10T03:16:10.309598Z  INFO detcore::io_buffers: DETLOG [iobuf][dtid 3] readv in fd=3 0x3fffeb58+1->df7e70e5021544f4834bbee64a9e3789febc4be81470df629cad6ddb03320a5c DETLOG_RECORD={"schema":1,"event":{"kind":"other"}}
2026-09-10T03:16:10.309650Z  INFO detcore: DETLOG [syscall][detcore, dtid 3] inbound syscall: futex(0x1b51910, 265, 4, NULL, NULL, -1) = ? DETLOG_RECORD={"schema":1,"event":{"kind":"syscall"}}
2026-09-10T03:16:10.309697Z  INFO detcore: DETLOG [syscall][detcore, dtid 3] finish syscall #45: futex(0x1b51910, 265, 4, NULL, NULL, -1) = Ok(0) DETLOG_RECORD={"schema":1,"event":{"kind":"syscall_result","finished_syscall_number":45}}
2026-09-10T03:16:10.309726Z  INFO detcore: DETLOG [syscall][detcore, dtid 3] inbound syscall: futex(0x1b51910, 265, 4, NULL, NULL, -1) = ? DETLOG_RECORD={"schema":1,"event":{"kind":"syscall"}}
2026-09-10T03:16:10.309745Z  INFO detcore: DETLOG [syscall][detcore, dtid 3] finish syscall #46: futex(0x1b51910, 265, 4, NULL, NULL, -1) = Ok(0) DETLOG_RECORD={"schema":1,"event":{"kind":"syscall_result","finished_syscall_number":46}}
2026-09-10T03:16:10.309770Z  INFO detcore: DETLOG [syscall][detcore, dtid 3] inbound syscall: futex(0x1b51910, 265, 4, NULL, NULL, -1) = ? DETLOG_RECORD={"schema":1,"event":{"kind":"syscall"}}
2026-09-10T03:16:10.309794Z  INFO detcore: DETLOG [syscall][detcore, dtid 3] finish syscall #47: futex(0x1b51910, 265, 4, NULL, NULL, -1) = Ok(0) DETLOG_RECORD={"schema":1,"event":{"kind":"syscall_result","finished_syscall_number":47}}
2026-09-10T03:16:10.309819Z  INFO detcore: DETLOG [syscall][detcore, dtid 3] inbound syscall: futex(0x1b51910, 265, 4, NULL, NULL, -1) = ? DETLOG_RECORD={"schema":1,"event":{"kind":"syscall"}}
2026-09-10T03:16:10.309836Z  INFO detcore: DETLOG [syscall][detcore, dtid 3] finish syscall #48: futex(0x1b51910, 265, 4, NULL, NULL, -1) = Ok(0) DETLOG_RECORD={"schema":1,"event":{"kind":"syscall_result","finished_syscall_number":48}}
2026-09-10T03:16:10.309861Z  INFO detcore: DETLOG [syscall][detcore, dtid 3] inbound syscall: futex(0x1b51910, 265, 4, NULL, NULL, -1) = ? DETLOG_RECORD={"schema":1,"event":{"kind":"syscall"}}
2026-09-10T03:16:10.309878Z  INFO detcore: DETLOG [syscall][detcore, dtid 3] finish syscall #49: futex(0x1b51910, 265, 4, NULL, NULL, -1) = Ok(0) DETLOG_RECORD={"schema":1,"event":{"kind":"syscall_result","finished_syscall_number":49}}
2026-09-10T03:16:10.309902Z  INFO detcore: DETLOG [syscall][detcore, dtid 3] inbound syscall: futex(0x1b51910, 265, 4, NULL, NULL, -1) = ? DETLOG_RECORD={"schema":1,"event":{"kind":"syscall"}}
2026-09-10T03:16:10.309919Z  INFO detcore: DETLOG [syscall][detcore, dtid 3] finish syscall #50: futex(0x1b51910, 265, 4, NULL, NULL, -1) = Ok(0) DETLOG_RECORD={"schema":1,"event":{"kind":"syscall_result","finished_syscall_number":50}}
2026-09-10T03:16:10.309946Z  INFO detcore: DETLOG [syscall][detcore, dtid 3] inbound syscall: futex(0x1b51910, 265, 4, NULL, NULL, -1) = ? DETLOG_RECORD={"schema":1,"event":{"kind":"syscall"}}
2026-09-10T03:16:10.309966Z  INFO detcore: DETLOG [syscall][detcore, dtid 3] finish syscall #51: futex(0x1b51910, 265, 4, NULL, NULL, -1) = Ok(0) DETLOG_RECORD={"schema":1,"event":{"kind":"syscall_result","finished_syscall_number":51}}
2026-09-10T03:16:10.309990Z  INFO detcore: DETLOG [syscall][detcore, dtid 3] inbound syscall: futex(0x1b51910, 265, 4, NULL, NULL, -1) = ? DETLOG_RECORD={"schema":1,"event":{"kind":"syscall"}}
2026-09-10T03:16:10.310007Z  INFO detcore: DETLOG [syscall][detcore, dtid 3] finish syscall #52: futex(0x1b51910, 265, 4, NULL, NULL, -1) = Ok(0) DETLOG_RECORD={"schema":1,"event":{"kind":"syscall_result","finished_syscall_number":52}}
2026-09-10T03:16:10.310032Z  INFO detcore: DETLOG [syscall][detcore, dtid 3] inbound syscall: futex(0x1b51910, 265, 4, NULL, NULL, -1) = ? DETLOG_RECORD={"schema":1,"event":{"kind":"syscall"}}
2026-09-10T03:16:10.310049Z  INFO detcore: DETLOG [syscall][detcore, dtid 3] finish syscall #53: futex(0x1b51910, 265, 4, NULL, NULL, -1) = Ok(0) DETLOG_RECORD={"schema":1,"event":{"kind":"syscall_result","finished_syscall_number":53}}
2026-09-10T03:16:10.310073Z  INFO detcore: DETLOG [syscall][detcore, dtid 3] inbound syscall: futex(0x1b51910, 265, 4, NULL, NULL, -1) = ? DETLOG_RECORD={"schema":1,"event":{"kind":"syscall"}}
2026-09-10T03:16:10.310090Z  INFO detcore: DETLOG [syscall][detcore, dtid 3] finish syscall #54: futex(0x1b51910, 265, 4, NULL, NULL, -1) = Ok(0) DETLOG_RECORD={"schema":1,"event":{"kind":"syscall_result","finished_syscall_number":54}}
2026-09-10T03:16:10.310114Z  INFO detcore: DETLOG [syscall][detcore, dtid 3] inbound syscall: futex(0x1b51910, 265, 4, NULL, NULL, -1) = ? DETLOG_RECORD={"schema":1,"event":{"kind":"syscall"}}
2026-09-10T03:16:10.310131Z  INFO detcore: DETLOG [syscall][detcore, dtid 3] finish syscall #55: futex(0x1b51910, 265, 4, NULL, NULL, -1) = Ok(0) DETLOG_RECORD={"schema":1,"event":{"kind":"syscall_result","finished_syscall_number":55}}
2026-09-10T03:16:10.310155Z  INFO detcore: DETLOG [syscall][detcore, dtid 3] inbound syscall: futex(0x1b51910, 265, 4, NULL, NULL, -1) = ? DETLOG_RECORD={"schema":1,"event":{"kind":"syscall"}}
2026-09-10T03:16:10.310172Z  INFO detcore: DETLOG [syscall][detcore, dtid 3] finish syscall #56: futex(0x1b51910, 265, 4, NULL, NULL, -1) = Ok(0) DETLOG_RECORD={"schema":1,"event":{"kind":"syscall_result","finished_syscall_number":56}}
2026-09-10T03:16:10.310197Z  INFO detcore: DETLOG [syscall][detcore, dtid 3] inbound syscall: futex(0x1b51910, 265, 4, NULL, NULL, -1) = ? DETLOG_RECORD={"schema":1,"event":{"kind":"syscall"}}
2026-09-10T03:16:10.310214Z  INFO detcore: DETLOG [syscall][detcore, dtid 3] finish syscall #57: futex(0x1b51910, 265, 4, NULL, NULL, -1) = Ok(0) DETLOG_RECORD={"schema":1,"event":{"kind":"syscall_result","finished_syscall_number":57}}
2026-09-10T03:16:10.310239Z  INFO detcore: DETLOG [syscall][detcore, dtid 3] inbound syscall: futex(0x1b51910, 265, 4, NULL, NULL, -1) = ? DETLOG_RECORD={"schema":1,"event":{"kind":"syscall"}}
2026-09-10T03:16:10.310256Z  INFO detcore: DETLOG [syscall][detcore, dtid 3] finish syscall #58: futex(0x1b51910, 265, 4, NULL, NULL, -1) = Ok(0) DETLOG_RECORD={"schema":1,"event":{"kind":"syscall_result","finished_syscall_number":58}}
2026-09-10T03:16:10.310280Z  INFO detcore: DETLOG [syscall][detcore, dtid 3] inbound syscall: futex(0x1b51910, 265, 4, NULL, NULL, -1) = ? DETLOG_RECORD={"schema":1,"event":{"kind":"syscall"}}
2026-09-10T03:16:10.310297Z  INFO detcore: DETLOG [syscall][detcore, dtid 3] finish syscall #59: futex(0x1b51910, 265, 4, NULL, NULL, -1) = Ok(0) DETLOG_RECORD={"schema":1,"event":{"kind":"syscall_result","finished_syscall_number":59}}
2026-09-10T03:16:10.310321Z  INFO detcore: DETLOG [syscall][detcore, dtid 3] inbound syscall: futex(0x1b51910, 265, 4, NULL, NULL, -1) = ? DETLOG_RECORD={"schema":1,"event":{"kind":"syscall"}}
2026-09-10T03:16:10.310340Z  INFO detcore: DETLOG [syscall][detcore, dtid 3] finish syscall #60: futex(0x1b51910, 265, 4, NULL, NULL, -1) = Ok(0) DETLOG_RECORD={"schema":1,"event":{"kind":"syscall_result","finished_syscall_number":60}}
2026-09-10T03:16:10.310365Z  INFO detcore: DETLOG [syscall][detcore, dtid 3] inbound syscall: futex(0x1b51910, 265, 4, NULL, NULL, -1) = ? DETLOG_RECORD={"schema":1,"event":{"kind":"syscall"}}
2026-09-10T03:16:10.310382Z  INFO detcore: DETLOG [syscall][detcore, dtid 3] finish syscall #61: futex(0x1b51910, 265, 4, NULL, NULL, -1) = Ok(0) DETLOG_RECORD={"schema":1,"event":{"kind":"syscall_result","finished_syscall_number":61}}
2026-09-10T03:16:10.310406Z  INFO detcore: DETLOG [syscall][detcore, dtid 3] inbound syscall: futex(0x1b51910, 265, 4, NULL, NULL, -1) = ? DETLOG_RECORD={"schema":1,"event":{"kind":"syscall"}}
2026-09-10T03:16:10.310423Z  INFO detcore: DETLOG [syscall][detcore, dtid 3] finish syscall #62: futex(0x1b51910, 265, 4, NULL, NULL, -1) = Ok(0) DETLOG_RECORD={"schema":1,"event":{"kind":"syscall_result","finished_syscall_number":62}}
2026-09-10T03:16:10.310447Z  INFO detcore: DETLOG [syscall][detcore, dtid 3] inbound syscall: futex(0x1b51910, 265, 4, NULL, NULL, -1) = ? DETLOG_RECORD={"schema":1,"event":{"kind":"syscall"}}
2026-09-10T03:16:10.310464Z  INFO detcore: DETLOG [syscall][detcore, dtid 3] finish syscall #63: futex(0x1b51910, 265, 4, NULL, NULL, -1) = Ok(0) DETLOG_RECORD={"schema":1,"event":{"kind":"syscall_result","finished_syscall_number":63}}
2026-09-10T03:16:10.310489Z  INFO detcore: DETLOG [syscall][detcore, dtid 3] inbound syscall: futex(0x1b51910, 265, 4, NULL, NULL, -1) = ? DETLOG_RECORD={"schema":1,"event":{"kind":"syscall"}}
2026-09-10T03:16:10.310506Z  INFO detcore: DETLOG [syscall][detcore, dtid 3] finish syscall #64: futex(0x1b51910, 265, 4, NULL, NULL, -1) = Ok(0) DETLOG_RECORD={"schema":1,"event":{"kind":"syscall_result","finished_syscall_number":64}}
2026-09-10T03:16:10.310530Z  INFO detcore: DETLOG [syscall][detcore, dtid 3] inbound syscall: futex(0x1b51910, 265, 4, NULL, NULL, -1) = ? DETLOG_RECORD={"schema":1,"event":{"kind":"syscall"}}
2026-09-10T03:16:10.310547Z  INFO detcore: DETLOG [syscall][detcore, dtid 3] finish syscall #65: futex(0x1b51910, 265, 4, NULL, NULL, -1) = Ok(0) DETLOG_RECORD={"schema":1,"event":{"kind":"syscall_result","finished_syscall_number":65}}
2026-09-10T03:16:10.310571Z  INFO detcore: DETLOG [syscall][detcore, dtid 3] inbound syscall: futex(0x1b51910, 265, 4, NULL, NULL, -1) = ? DETLOG_RECORD={"schema":1,"event":{"kind":"syscall"}}
2026-09-10T03:16:10.310588Z  INFO detcore: DETLOG [syscall][detcore, dtid 3] finish syscall #66: futex(0x1b51910, 265, 4, NULL, NULL, -1) = Ok(0) DETLOG_RECORD={"schema":1,"event":{"kind":"syscall_result","finished_syscall_number":66}}
2026-09-10T03:16:10.310612Z  INFO detcore: DETLOG [syscall][detcore, dtid 3] inbound syscall: futex(0x1b51910, 265, 4, NULL, NULL, -1) = ? DETLOG_RECORD={"schema":1,"event":{"kind":"syscall"}}
2026-09-10T03:16:10.310629Z  INFO detcore: DETLOG [syscall][detcore, dtid 3] finish syscall #67: futex(0x1b51910, 265, 4, NULL, NULL, -1) = Ok(0) DETLOG_RECORD={"schema":1,"event":{"kind":"syscall_result","finished_syscall_number":67}}
2026-09-10T03:16:10.310654Z  INFO detcore: DETLOG [syscall][detcore, dtid 3] inbound syscall: futex(0x1b51910, 265, 4, NULL, NULL, -1) = ? DETLOG_RECORD={"schema":1,"event":{"kind":"syscall"}}
2026-09-10T03:16:10.310671Z  INFO detcore: DETLOG [syscall][detcore, dtid 3] finish syscall #68: futex(0x1b51910, 265, 4, NULL, NULL, -1) = Ok(0) DETLOG_RECORD={"schema":1,"event":{"kind":"syscall_result","finished_syscall_number":68}}
2026-09-10T03:16:10.310695Z  INFO detcore: DETLOG [syscall][detcore, dtid 3] inbound syscall: futex(0x1b51910, 265, 4, NULL, NULL, -1) = ? DETLOG_RECORD={"schema":1,"event":{"kind":"syscall"}}
2026-09-10T03:16:10.310712Z  INFO detcore: DETLOG [syscall][detcore, dtid 3] finish syscall #69: futex(0x1b51910, 265, 4, NULL, NULL, -1) = Ok(0) DETLOG_RECORD={"schema":1,"event":{"kind":"syscall_result","finished_syscall_number":69}}
2026-09-10T03:16:10.310737Z  INFO detcore: DETLOG [syscall][detcore, dtid 3] inbound syscall: futex(0x1b51910, 265, 4, NULL, NULL, -1) = ? DETLOG_RECORD={"schema":1,"event":{"kind":"syscall"}}
2026-09-10T03:16:10.310755Z  INFO detcore: DETLOG [syscall][detcore, dtid 3] finish syscall #70: futex(0x1b51910, 265, 4, NULL, NULL, -1) = Ok(0) DETLOG_RECORD={"schema":1,"event":{"kind":"syscall_result","finished_syscall_number":70}}
2026-09-10T03:16:10.310783Z  INFO detcore: DETLOG [syscall][detcore, dtid 3] inbound syscall: futex(0x1b51910, 265, 4, NULL, NULL, -1) = ? DETLOG_RECORD={"schema":1,"event":{"kind":"syscall"}}
2026-09-10T03:16:10.310800Z  INFO detcore: DETLOG [syscall][detcore, dtid 3] finish syscall #71: futex(0x1b51910, 265, 4, NULL, NULL, -1) = Ok(0) DETLOG_RECORD={"schema":1,"event":{"kind":"syscall_result","finished_syscall_number":71}}
2026-09-10T03:16:10.310825Z  INFO detcore: DETLOG [syscall][detcore, dtid 3] inbound syscall: futex(0x1b51910, 265, 4, NULL, NULL, -1) = ? DETLOG_RECORD={"schema":1,"event":{"kind":"syscall"}}
2026-09-10T03:16:10.310842Z  INFO detcore: DETLOG [syscall][detcore, dtid 3] finish syscall #72: futex(0x1b51910, 265, 4, NULL, NULL, -1) = Ok(0) DETLOG_RECORD={"schema":1,"event":{"kind":"syscall_result","finished_syscall_number":72}}
2026-09-10T03:16:10.310866Z  INFO detcore: DETLOG [syscall][detcore, dtid 3] inbound syscall: futex(0x1b51910, 265, 4, NULL, NULL, -1) = ? DETLOG_RECORD={"schema":1,"event":{"kind":"syscall"}}
2026-09-10T03:16:10.310883Z  INFO detcore: DETLOG [syscall][detcore, dtid 3] finish syscall #73: futex(0x1b51910, 265, 4, NULL, NULL, -1) = Ok(0) DETLOG_RECORD={"schema":1,"event":{"kind":"syscall_result","finished_syscall_number":73}}
2026-09-10T03:16:10.310907Z  INFO detcore: DETLOG [syscall][detcore, dtid 3] inbound syscall: futex(0x1b51910, 265, 4, NULL, NULL, -1) = ? DETLOG_RECORD={"schema":1,"event":{"kind":"syscall"}}
2026-09-10T03:16:10.310924Z  INFO detcore: DETLOG [syscall][detcore, dtid 3] finish syscall #74: futex(0x1b51910, 265, 4, NULL, NULL, -1) = Ok(0) DETLOG_RECORD={"schema":1,"event":{"kind":"syscall_result","finished_syscall_number":74}}
2026-09-10T03:16:10.310949Z  INFO detcore: DETLOG [syscall][detcore, dtid 3] inbound syscall: futex(0x1b51910, 265, 4, NULL, NULL, -1) = ? DETLOG_RECORD={"schema":1,"event":{"kind":"syscall"}}
2026-09-10T03:16:10.310966Z  INFO detcore: DETLOG [syscall][detcore, dtid 3] finish syscall #75: futex(0x1b51910, 265, 4, NULL, NULL, -1) = Ok(0) DETLOG_RECORD={"schema":1,"event":{"kind":"syscall_result","finished_syscall_number":75}}
2026-09-10T03:16:10.310990Z  INFO detcore: DETLOG [syscall][detcore, dtid 3] inbound syscall: futex(0x1b51910, 265, 4, NULL, NULL, -1) = ? DETLOG_RECORD={"schema":1,"event":{"kind":"syscall"}}
2026-09-10T03:16:10.311007Z  INFO detcore: DETLOG [syscall][detcore, dtid 3] finish syscall #76: futex(0x1b51910, 265, 4, NULL, NULL, -1) = Ok(0) DETLOG_RECORD={"schema":1,"event":{"kind":"syscall_result","finished_syscall_number":76}}
2026-09-10T03:16:10.311031Z  INFO detcore: DETLOG [syscall][detcore, dtid 3] inbound syscall: futex(0x1b51910, 265, 4, NULL, NULL, -1) = ? DETLOG_RECORD={"schema":1,"event":{"kind":"syscall"}}
2026-09-10T03:16:10.311049Z  INFO detcore: DETLOG [syscall][detcore, dtid 3] finish syscall #77: futex(0x1b51910, 265, 4, NULL, NULL, -1) = Ok(0) DETLOG_RECORD={"schema":1,"event":{"kind":"syscall_result","finished_syscall_number":77}}
2026-09-10T03:16:10.311073Z  INFO detcore: DETLOG [syscall][detcore, dtid 3] inbound syscall: futex(0x1b51910, 265, 4, NULL, NULL, -1) = ? DETLOG_RECORD={"schema":1,"event":{"kind":"syscall"}}
2026-09-10T03:16:10.311090Z  INFO detcore: DETLOG [syscall][detcore, dtid 3] finish syscall #78: futex(0x1b51910, 265, 4, NULL, NULL, -1) = Ok(0) DETLOG_RECORD={"schema":1,"event":{"kind":"syscall_result","finished_syscall_number":78}}
2026-09-10T03:16:10.311114Z  INFO detcore: DETLOG [syscall][detcore, dtid 3] inbound syscall: futex(0x1b51910, 265, 4, NULL, NULL, -1) = ? DETLOG_RECORD={"schema":1,"event":{"kind":"syscall"}}
2026-09-10T03:16:10.311131Z  INFO detcore: DETLOG [syscall][detcore, dtid 3] finish syscall #79: futex(0x1b51910, 265, 4, NULL, NULL, -1) = Ok(0) DETLOG_RECORD={"schema":1,"event":{"kind":"syscall_result","finished_syscall_number":79}}
2026-09-10T03:16:10.311156Z  INFO detcore: DETLOG [syscall][detcore, dtid 3] inbound syscall: futex(0x1b51910, 265, 4, NULL, NULL, -1) = ? DETLOG_RECORD={"schema":1,"event":{"kind":"syscall"}}
2026-09-10T03:16:10.311174Z  INFO detcore: DETLOG [syscall][detcore, dtid 3] finish syscall #80: futex(0x1b51910, 265, 4, NULL, NULL, -1) = Ok(0) DETLOG_RECORD={"schema":1,"event":{"kind":"syscall_result","finished_syscall_number":80}}
2026-09-10T03:16:10.311199Z  INFO detcore: DETLOG [syscall][detcore, dtid 3] inbound syscall: futex(0x1b51910, 265, 4, NULL, NULL, -1) = ? DETLOG_RECORD={"schema":1,"event":{"kind":"syscall"}}
2026-09-10T03:16:10.311216Z  INFO detcore: DETLOG [syscall][detcore, dtid 3] finish syscall #81: futex(0x1b51910, 265, 4, NULL, NULL, -1) = Ok(0) DETLOG_RECORD={"schema":1,"event":{"kind":"syscall_result","finished_syscall_number":81}}
2026-09-10T03:16:10.311240Z  INFO detcore: DETLOG [syscall][detcore, dtid 3] inbound syscall: futex(0x1b51910, 265, 4, NULL, NULL, -1) = ? DETLOG_RECORD={"schema":1,"event":{"kind":"syscall"}}
2026-09-10T03:16:10.311257Z  INFO detcore: DETLOG [syscall][detcore, dtid 3] finish syscall #82: futex(0x1b51910, 265, 4, NULL, NULL, -1) = Ok(0) DETLOG_RECORD={"schema":1,"event":{"kind":"syscall_result","finished_syscall_number":82}}
2026-09-10T03:16:10.311281Z  INFO detcore: DETLOG [syscall][detcore, dtid 3] inbound syscall: futex(0x1b51910, 265, 4, NULL, NULL, -1) = ? DETLOG_RECORD={"schema":1,"event":{"kind":"syscall"}}
2026-09-10T03:16:10.311299Z  INFO detcore: DETLOG [syscall][detcore, dtid 3] finish syscall #83: futex(0x1b51910, 265, 4, NULL, NULL, -1) = Ok(0) DETLOG_RECORD={"schema":1,"event":{"kind":"syscall_result","finished_syscall_number":83}}
2026-09-10T03:16:10.311323Z  INFO detcore: DETLOG [syscall][detcore, dtid 3] inbound syscall: futex(0x1b51910, 265, 4, NULL, NULL, -1) = ? DETLOG_RECORD={"schema":1,"event":{"kind":"syscall"}}
2026-09-10T03:16:10.311340Z  INFO detcore: DETLOG [syscall][detcore, dtid 3] finish syscall #84: futex(0x1b51910, 265, 4, NULL, NULL, -1) = Ok(0) DETLOG_RECORD={"schema":1,"event":{"kind":"syscall_result","finished_syscall_number":84}}
2026-09-10T03:16:10.311364Z  INFO detcore: DETLOG [syscall][detcore, dtid 3] inbound syscall: futex(0x1b51910, 265, 4, NULL, NULL, -1) = ? DETLOG_RECORD={"schema":1,"event":{"kind":"syscall"}}
2026-09-10T03:16:10.311381Z  INFO detcore: DETLOG [syscall][detcore, dtid 3] finish syscall #85: futex(0x1b51910, 265, 4, NULL, NULL, -1) = Ok(0) DETLOG_RECORD={"schema":1,"event":{"kind":"syscall_result","finished_syscall_number":85}}
2026-09-10T03:16:10.311405Z  INFO detcore: DETLOG [syscall][detcore, dtid 3] inbound syscall: futex(0x1b51910, 265, 4, NULL, NULL, -1) = ? DETLOG_RECORD={"schema":1,"event":{"kind":"syscall"}}
2026-09-10T03:16:10.311422Z  INFO detcore: DETLOG [syscall][detcore, dtid 3] finish syscall #86: futex(0x1b51910, 265, 4, NULL, NULL, -1) = Ok(0) DETLOG_RECORD={"schema":1,"event":{"kind":"syscall_result","finished_syscall_number":86}}
2026-09-10T03:16:10.311447Z  INFO detcore: DETLOG [syscall][detcore, dtid 3] inbound syscall: futex(0x1b51910, 265, 4, NULL, NULL, -1) = ? DETLOG_RECORD={"schema":1,"event":{"kind":"syscall"}}
2026-09-10T03:16:10.311464Z  INFO detcore: DETLOG [syscall][detcore, dtid 3] finish syscall #87: futex(0x1b51910, 265, 4, NULL, NULL, -1) = Ok(0) DETLOG_RECORD={"schema":1,"event":{"kind":"syscall_result","finished_syscall_number":87}}
2026-09-10T03:16:10.311488Z  INFO detcore: DETLOG [syscall][detcore, dtid 3] inbound syscall: futex(0x1b51910, 265, 4, NULL, NULL, -1) = ? DETLOG_RECORD={"schema":1,"event":{"kind":"syscall"}}
2026-09-10T03:16:10.311505Z  INFO detcore: DETLOG [syscall][detcore, dtid 3] finish syscall #88: futex(0x1b51910, 265, 4, NULL, NULL, -1) = Ok(0) DETLOG_RECORD={"schema":1,"event":{"kind":"syscall_result","finished_syscall_number":88}}
2026-09-10T03:16:10.311529Z  INFO detcore: DETLOG [syscall][detcore, dtid 3] inbound syscall: futex(0x1b51910, 265, 4, NULL, NULL, -1) = ? DETLOG_RECORD={"schema":1,"event":{"kind":"syscall"}}
2026-09-10T03:16:10.311547Z  INFO detcore: DETLOG [syscall][detcore, dtid 3] finish syscall #89: futex(0x1b51910, 265, 4, NULL, NULL, -1) = Ok(0) DETLOG_RECORD={"schema":1,"event":{"kind":"syscall_result","finished_syscall_number":89}}
2026-09-10T03:16:10.311572Z  INFO detcore: DETLOG [syscall][detcore, dtid 3] inbound syscall: futex(0x1b51910, 265, 4, NULL, NULL, -1) = ? DETLOG_RECORD={"schema":1,"event":{"kind":"syscall"}}
2026-09-10T03:16:10.311589Z  INFO detcore: DETLOG [syscall][detcore, dtid 3] finish syscall #90: futex(0x1b51910, 265, 4, NULL, NULL, -1) = Ok(0) DETLOG_RECORD={"schema":1,"event":{"kind":"syscall_result","finished_syscall_number":90}}
2026-09-10T03:16:10.311614Z  INFO detcore: DETLOG [syscall][detcore, dtid 3] inbound syscall: futex(0x1b51910, 265, 4, NULL, NULL, -1) = ? DETLOG_RECORD={"schema":1,"event":{"kind":"syscall"}}
2026-09-10T03:16:10.311631Z  INFO detcore: DETLOG [syscall][detcore, dtid 3] finish syscall #91: futex(0x1b51910, 265, 4, NULL, NULL, -1) = Ok(0) DETLOG_RECORD={"schema":1,"event":{"kind":"syscall_result","finished_syscall_number":91}}
2026-09-10T03:16:10.311655Z  INFO detcore: DETLOG [syscall][detcore, dtid 3] inbound syscall: futex(0x1b51910, 265, 4, NULL, NULL, -1) = ? DETLOG_RECORD={"schema":1,"event":{"kind":"syscall"}}
2026-09-10T03:16:10.311672Z  INFO detcore: DETLOG [syscall][detcore, dtid 3] finish syscall #92: futex(0x1b51910, 265, 4, NULL, NULL, -1) = Ok(0) DETLOG_RECORD={"schema":1,"event":{"kind":"syscall_result","finished_syscall_number":92}}
2026-09-10T03:16:10.311696Z  INFO detcore: DETLOG [syscall][detcore, dtid 3] inbound syscall: futex(0x1b51910, 265, 4, NULL, NULL, -1) = ? DETLOG_RECORD={"schema":1,"event":{"kind":"syscall"}}
2026-09-10T03:16:10.311713Z  INFO detcore: DETLOG [syscall][detcore, dtid 3] finish syscall #93: futex(0x1b51910, 265, 4, NULL, NULL, -1) = Ok(0) DETLOG_RECORD={"schema":1,"event":{"kind":"syscall_result","finished_syscall_number":93}}
2026-09-10T03:16:10.311737Z  INFO detcore: DETLOG [syscall][detcore, dtid 3] inbound syscall: futex(0x1b51910, 265, 4, NULL, NULL, -1) = ? DETLOG_RECORD={"schema":1,"event":{"kind":"syscall"}}
2026-09-10T03:16:10.311754Z  INFO detcore: DETLOG [syscall][detcore, dtid 3] finish syscall #94: futex(0x1b51910, 265, 4, NULL, NULL, -1) = Ok(0) DETLOG_RECORD={"schema":1,"event":{"kind":"syscall_result","finished_syscall_number":94}}
2026-09-10T03:16:10.311782Z  INFO detcore: DETLOG [syscall][detcore, dtid 3] inbound syscall: futex(0x1b51910, 265, 4, NULL, NULL, -1) = ? DETLOG_RECORD={"schema":1,"event":{"kind":"syscall"}}
2026-09-10T03:16:10.311799Z  INFO detcore: DETLOG [syscall][detcore, dtid 3] finish syscall #95: futex(0x1b51910, 265, 4, NULL, NULL, -1) = Ok(0) DETLOG_RECORD={"schema":1,"event":{"kind":"syscall_result","finished_syscall_number":95}}
2026-09-10T03:16:10.311824Z  INFO detcore: DETLOG [syscall][detcore, dtid 3] inbound syscall: futex(0x1b51910, 265, 4, NULL, NULL, -1) = ? DETLOG_RECORD={"schema":1,"event":{"kind":"syscall"}}
2026-09-10T03:16:10.311841Z  INFO detcore: DETLOG [syscall][detcore, dtid 3] finish syscall #96: futex(0x1b51910, 265, 4, NULL, NULL, -1) = Ok(0) DETLOG_RECORD={"schema":1,"event":{"kind":"syscall_result","finished_syscall_number":96}}
2026-09-10T03:16:10.311865Z  INFO detcore: DETLOG [syscall][detcore, dtid 3] inbound syscall: futex(0x1b51910, 265, 4, NULL, NULL, -1) = ? DETLOG_RECORD={"schema":1,"event":{"kind":"syscall"}}
2026-09-10T03:16:10.311882Z  INFO detcore: DETLOG [syscall][detcore, dtid 3] finish syscall #97: futex(0x1b51910, 265, 4, NULL, NULL, -1) = Ok(0) DETLOG_RECORD={"schema":1,"event":{"kind":"syscall_result","finished_syscall_number":97}}
2026-09-10T03:16:10.311906Z  INFO detcore: DETLOG [syscall][detcore, dtid 3] inbound syscall: futex(0x1b51910, 265, 4, NULL, NULL, -1) = ? DETLOG_RECORD={"schema":1,"event":{"kind":"syscall"}}
2026-09-10T03:16:10.311923Z  INFO detcore: DETLOG [syscall][detcore, dtid 3] finish syscall #98: futex(0x1b51910, 265, 4, NULL, NULL, -1) = Ok(0) DETLOG_RECORD={"schema":1,"event":{"kind":"syscall_result","finished_syscall_number":98}}
2026-09-10T03:16:10.311949Z  INFO detcore: DETLOG [syscall][detcore, dtid 3] inbound syscall: futex(0x1b51910, 265, 4, NULL, NULL, -1) = ? DETLOG_RECORD={"schema":1,"event":{"kind":"syscall"}}
2026-09-10T03:16:10.311967Z  INFO detcore: DETLOG [syscall][detcore, dtid 3] finish syscall #99: futex(0x1b51910, 265, 4, NULL, NULL, -1) = Ok(0) DETLOG_RECORD={"schema":1,"event":{"kind":"syscall_result","finished_syscall_number":99}}
2026-09-10T03:16:10.311991Z  INFO detcore: DETLOG [syscall][detcore, dtid 3] inbound syscall: futex(0x1b51910, 265, 4, NULL, NULL, -1) = ? DETLOG_RECORD={"schema":1,"event":{"kind":"syscall"}}
2026-09-10T03:16:10.312008Z  INFO detcore: DETLOG [syscall][detcore, dtid 3] finish syscall #100: futex(0x1b51910, 265, 4, NULL, NULL, -1) = Ok(0) DETLOG_RECORD={"schema":1,"event":{"kind":"syscall_result","finished_syscall_number":100}}
2026-09-10T03:16:10.312032Z  INFO detcore: DETLOG [syscall][detcore, dtid 3] inbound syscall: futex(0x1b51910, 265, 4, NULL, NULL, -1) = ? DETLOG_RECORD={"schema":1,"event":{"kind":"syscall"}}
2026-09-10T03:16:10.312049Z  INFO detcore: DETLOG [syscall][detcore, dtid 3] finish syscall #101: futex(0x1b51910, 265, 4, NULL, NULL, -1) = Ok(0) DETLOG_RECORD={"schema":1,"event":{"kind":"syscall_result","finished_syscall_number":101}}
2026-09-10T03:16:10.312074Z  INFO detcore: DETLOG [syscall][detcore, dtid 3] inbound syscall: futex(0x1b51910, 265, 4, NULL, NULL, -1) = ? DETLOG_RECORD={"schema":1,"event":{"kind":"syscall"}}
2026-09-10T03:16:10.312091Z  INFO detcore: DETLOG [syscall][detcore, dtid 3] finish syscall #102: futex(0x1b51910, 265, 4, NULL, NULL, -1) = Ok(0) DETLOG_RECORD={"schema":1,"event":{"kind":"syscall_result","finished_syscall_number":102}}
2026-09-10T03:16:10.312116Z  INFO detcore: DETLOG [syscall][detcore, dtid 3] inbound syscall: futex(0x1b51910, 265, 4, NULL, NULL, -1) = ? DETLOG_RECORD={"schema":1,"event":{"kind":"syscall"}}
2026-09-10T03:16:10.312132Z  INFO detcore: DETLOG [syscall][detcore, dtid 3] finish syscall #103: futex(0x1b51910, 265, 4, NULL, NULL, -1) = Ok(0) DETLOG_RECORD={"schema":1,"event":{"kind":"syscall_result","finished_syscall_number":103}}
2026-09-10T03:16:10.312157Z  INFO detcore: DETLOG [syscall][detcore, dtid 3] inbound syscall: futex(0x1b51910, 265, 4, NULL, NULL, -1) = ? DETLOG_RECORD={"schema":1,"event":{"kind":"syscall"}}
2026-09-10T03:16:10.312174Z  INFO detcore: DETLOG [syscall][detcore, dtid 3] finish syscall #104: futex(0x1b51910, 265, 4, NULL, NULL, -1) = Ok(0) DETLOG_RECORD={"schema":1,"event":{"kind":"syscall_result","finished_syscall_number":104}}
2026-09-10T03:16:10.312198Z  INFO detcore: DETLOG [syscall][detcore, dtid 3] inbound syscall: futex(0x1b51910, 265, 4, NULL, NULL, -1) = ? DETLOG_RECORD={"schema":1,"event":{"kind":"syscall"}}
2026-09-10T03:16:10.312215Z  INFO detcore: DETLOG [syscall][detcore, dtid 3] finish syscall #105: futex(0x1b51910, 265, 4, NULL, NULL, -1) = Ok(0) DETLOG_RECORD={"schema":1,"event":{"kind":"syscall_result","finished_syscall_number":105}}
2026-09-10T03:16:10.312681Z  INFO detcore: DETLOG [syscall][detcore, dtid 3] inbound syscall: close(3) = ? DETLOG_RECORD={"schema":1,"event":{"kind":"syscall"}}
2026-09-10T03:16:10.312753Z  INFO detcore: DETLOG [syscall][detcore, dtid 3] finish syscall #106: close(3) = Ok(0) DETLOG_RECORD={"schema":1,"event":{"kind":"syscall_result","finished_syscall_number":106}}
2026-09-10T03:16:10.312783Z  INFO detcore: DETLOG [syscall][detcore, dtid 3] inbound syscall: close(4) = ? DETLOG_RECORD={"schema":1,"event":{"kind":"syscall"}}
2026-09-10T03:16:10.312807Z  INFO detcore: DETLOG [syscall][detcore, dtid 3] finish syscall #107: close(4) = Ok(0) DETLOG_RECORD={"schema":1,"event":{"kind":"syscall_result","finished_syscall_number":107}}
2026-09-10T03:16:10.312828Z  INFO detcore: DETLOG [syscall][detcore, dtid 3] inbound syscall: fstat(1, 0x3fffe3d0) = ? DETLOG_RECORD={"schema":1,"event":{"kind":"syscall"}}
2026-09-10T03:16:10.312877Z  INFO detcore: DETLOG [syscall][detcore, dtid 3] finish syscall #108: fstat(1, 0x3fffe3d0) = Ok(0) DETLOG_RECORD={"schema":1,"event":{"kind":"syscall_result","finished_syscall_number":108}}
2026-09-10T03:16:10.312908Z  INFO detcore: DETLOG [syscall][detcore, dtid 3] inbound syscall: socketpair(1, 1, 0, 0x3fffeb68) = ? DETLOG_RECORD={"schema":1,"event":{"kind":"syscall"}}
2026-09-10T03:16:10.312966Z  INFO detcore::syscalls::files: Injecting additional fstat to retrieve file metadata on fd 3.
2026-09-10T03:16:10.312991Z  INFO detcore::syscalls::files: Injecting additional fstat to retrieve file metadata on fd 4.
2026-09-10T03:16:10.313011Z  INFO detcore: DETLOG [syscall][detcore, dtid 3] finish syscall #109: socketpair(1, 1, 0, 0x3fffeb68) = Ok(0) DETLOG_RECORD={"schema":1,"event":{"kind":"syscall_result","finished_syscall_number":109}}
2026-09-10T03:16:10.313037Z  INFO detcore: DETLOG [syscall][detcore, dtid 3] inbound syscall: rt_sigprocmask(0, 0x12f7820, 0x3fffea60, 8) = ? DETLOG_RECORD={"schema":1,"event":{"kind":"syscall"}}
2026-09-10T03:16:10.313065Z  INFO detcore: DETLOG [syscall][detcore, dtid 3] finish syscall #110: rt_sigprocmask(0, 0x12f7820, 0x3fffea60, 8) = Ok(0) DETLOG_RECORD={"schema":1,"event":{"kind":"syscall_result","finished_syscall_number":110}}
2026-09-10T03:16:10.313101Z  INFO detcore: DETLOG [syscall][detcore, dtid 3] inbound syscall: clone3(0x3fffe920, 88) = ? DETLOG_RECORD={"schema":1,"event":{"kind":"syscall"}}
2026-09-10T03:16:10.313579Z  INFO detcore::tool_local: DETLOG RNG USER RAND seeding child User pedigree PC: [72, 70, 197, 255, 81, 226, 246, 42, 187, 131, 204, 189, 103, 200, 246, 221] from parent Mcg128Xsl64 {} DETLOG_RECORD={"schema":1,"event":{"kind":"other"}}
2026-09-10T03:16:10.313611Z  INFO detcore::tool_local: DETLOG RNG CHAOSRAND seeding child Chaos pedigree PC: [56, 24, 90, 132, 6, 85, 175, 72, 94, 58, 11, 5, 41, 213, 26, 244] from parent Mcg128Xsl64 {} DETLOG_RECORD={"schema":1,"event":{"kind":"other"}}
2026-09-10T03:16:10.313880Z  INFO detcore::scheduler: [sched-step5] >>>>>>>

 COMMIT turn 87, dettid 5 using resources {MemAddrSpace(DetPid(3)): RW}, on previously committed 1_767_225_600.026_182_000s DETLOG_RECORD={"schema":1,"event":{"kind":"scheduler_commit","scheduler_turn":87,"virtual_nanoseconds":1767225600026182000,"internal_io_poll":false,"runtime_maps_read":false}}
2026-09-10T03:16:10.313937Z  INFO detcore::tool_global: [detcore, dtid 5] New thread given go-ahead to proceed via <ivar Go(None)>
2026-09-10T03:16:10.314092Z  INFO detcore: DETLOG [syscall][detcore, dtid 5] inbound syscall: set_robust_list(0x1b51920, 24) = ? DETLOG_RECORD={"schema":1,"event":{"kind":"syscall"}}
2026-09-10T03:16:10.314148Z  INFO detcore: DETLOG [syscall][detcore, dtid 5] finish syscall #1: set_robust_list(0x1b51920, 24) = Ok(0) DETLOG_RECORD={"schema":1,"event":{"kind":"syscall_result","finished_syscall_number":1}}
2026-09-10T03:16:10.314177Z  INFO detcore: DETLOG [syscall][detcore, dtid 5] inbound syscall: rt_sigprocmask(2, 0x1b51f30, NULL, 8) = ? DETLOG_RECORD={"schema":1,"event":{"kind":"syscall"}}
2026-09-10T03:16:10.314211Z  INFO detcore: DETLOG [syscall][detcore, dtid 5] finish syscall #2: rt_sigprocmask(2, 0x1b51f30, NULL, 8) = Ok(0) DETLOG_RECORD={"schema":1,"event":{"kind":"syscall_result","finished_syscall_number":2}}
2026-09-10T03:16:10.314242Z  INFO detcore: DETLOG [syscall][detcore, dtid 5] inbound syscall: clock_nanosleep(CLOCK_REALTIME, 0, 0x1b50e40, 0x1b50e40) = ? DETLOG_RECORD={"schema":1,"event":{"kind":"syscall"}}
2026-09-10T03:16:10.314313Z  INFO detcore::scheduler: [sched-step5] >>>>>>>

 COMMIT turn 88, dettid 3 using resources {ParentContinue { parent: DetPid(3), child: DetPid(5) }: W}, on previously committed 1_767_225_600.028_220_000s DETLOG_RECORD={"schema":1,"event":{"kind":"scheduler_commit","scheduler_turn":88,"virtual_nanoseconds":1767225600028220000,"internal_io_poll":false,"runtime_maps_read":false}}
2026-09-10T03:16:10.314374Z  INFO detcore: DETLOG [syscall][detcore, dtid 3] finish syscall #111: clone3(0x3fffe920, 88) = Ok(5) DETLOG_RECORD={"schema":1,"event":{"kind":"syscall_result","finished_syscall_number":111}}
2026-09-10T03:16:10.314415Z  INFO detcore: DETLOG [syscall][detcore, dtid 3] inbound syscall: rt_sigprocmask(2, 0x3fffea60, NULL, 8) = ? DETLOG_RECORD={"schema":1,"event":{"kind":"syscall"}}
2026-09-10T03:16:10.314452Z  INFO detcore: DETLOG [syscall][detcore, dtid 3] finish syscall #112: rt_sigprocmask(2, 0x3fffea60, NULL, 8) = Ok(0) DETLOG_RECORD={"schema":1,"event":{"kind":"syscall_result","finished_syscall_number":112}}
2026-09-10T03:16:10.314473Z  INFO detcore: DETLOG [syscall][detcore, dtid 3] inbound syscall: readv(3, 0x3fffeb70, 2) = ? DETLOG_RECORD={"schema":1,"event":{"kind":"syscall"}}
2026-09-10T03:16:10.314606Z  INFO detcore::scheduler: [scheduler] >>>>>>>

 NONCOMMIT turn 89, SKIP dettid 5 which wanted resource SleepUntil(LogicalTime(1767225600047720000)) (blocking)
2026-09-10T03:16:10.314642Z  INFO detcore::scheduler: [scheduler] >>>>>>>

 NONCOMMIT turn 90, SKIP dettid 3 polling resource Resources { tid: DetPid(3), resources: {InternalIOPolling: W}, poll_attempt: 1, fyi: "readv", signal_interrupt_errno: 512 }
2026-09-10T03:16:10.314677Z  INFO detcore::scheduler: [sched-step5] >>>>>>>

 COMMIT turn 91, dettid 3 using resources {InternalIOPolling: W}, on previously committed 1_767_225_600.028_720_500s DETLOG_RECORD={"schema":1,"event":{"kind":"scheduler_commit","scheduler_turn":91,"virtual_nanoseconds":1767225600028720500,"internal_io_poll":true,"runtime_maps_read":false}}
2026-09-10T03:16:10.314755Z  INFO detcore::scheduler: [scheduler] >>>>>>>

 NONCOMMIT turn 92, SKIP dettid 3 polling resource Resources { tid: DetPid(3), resources: {InternalIOPolling: W}, poll_attempt: 2, fyi: "readv", signal_interrupt_errno: 512 }
2026-09-10T03:16:10.314790Z  INFO detcore::scheduler: [sched-step5] >>>>>>>

 COMMIT turn 93, dettid 3 using resources {InternalIOPolling: W}, on previously committed 1_767_225_600.029_220_500s DETLOG_RECORD={"schema":1,"event":{"kind":"scheduler_commit","scheduler_turn":93,"virtual_nanoseconds":1767225600029220500,"internal_io_poll":true,"runtime_maps_read":false}}
2026-09-10T03:16:10.314846Z  INFO detcore::scheduler: [scheduler] >>>>>>>

 NONCOMMIT turn 94, SKIP dettid 3 polling resource Resources { tid: DetPid(3), resources: {InternalIOPolling: W}, poll_attempt: 3, fyi: "readv", signal_interrupt_errno: 512 }
2026-09-10T03:16:10.314873Z  INFO detcore::scheduler: [sched-step5] >>>>>>>

 COMMIT turn 95, dettid 3 using resources {InternalIOPolling: W}, on previously committed 1_767_225_600.029_720_500s DETLOG_RECORD={"schema":1,"event":{"kind":"scheduler_commit","scheduler_turn":95,"virtual_nanoseconds":1767225600029720500,"internal_io_poll":true,"runtime_maps_read":false}}
2026-09-10T03:16:10.314927Z  INFO detcore::scheduler: [scheduler] >>>>>>>

 NONCOMMIT turn 96, SKIP dettid 3 polling resource Resources { tid: DetPid(3), resources: {InternalIOPolling: W}, poll_attempt: 4, fyi: "readv", signal_interrupt_errno: 512 }
2026-09-10T03:16:10.314953Z  INFO detcore::scheduler: [sched-step5] >>>>>>>

 COMMIT turn 97, dettid 3 using resources {InternalIOPolling: W}, on previously committed 1_767_225_600.030_220_500s DETLOG_RECORD={"schema":1,"event":{"kind":"scheduler_commit","scheduler_turn":97,"virtual_nanoseconds":1767225600030220500,"internal_io_poll":true,"runtime_maps_read":false}}
2026-09-10T03:16:10.315000Z  INFO detcore::scheduler: [scheduler] >>>>>>>

 NONCOMMIT turn 98, SKIP dettid 3 polling resource Resources { tid: DetPid(3), resources: {InternalIOPolling: W}, poll_attempt: 5, fyi: "readv", signal_interrupt_errno: 512 }
2026-09-10T03:16:10.315026Z  INFO detcore::scheduler: [sched-step5] >>>>>>>

 COMMIT turn 99, dettid 3 using resources {InternalIOPolling: W}, on previously committed 1_767_225_600.030_720_500s DETLOG_RECORD={"schema":1,"event":{"kind":"scheduler_commit","scheduler_turn":99,"virtual_nanoseconds":1767225600030720500,"internal_io_poll":true,"runtime_maps_read":false}}
2026-09-10T03:16:10.315072Z  INFO detcore::scheduler: [scheduler] >>>>>>>

 NONCOMMIT turn 100, SKIP dettid 3 polling resource Resources { tid: DetPid(3), resources: {InternalIOPolling: W}, poll_attempt: 6, fyi: "readv", signal_interrupt_errno: 512 }
2026-09-10T03:16:10.315101Z  INFO detcore::scheduler: [sched-step5] >>>>>>>

 COMMIT turn 101, dettid 3 using resources {InternalIOPolling: W}, on previously committed 1_767_225_600.031_220_500s DETLOG_RECORD={"schema":1,"event":{"kind":"scheduler_commit","scheduler_turn":101,"virtual_nanoseconds":1767225600031220500,"internal_io_poll":true,"runtime_maps_read":false}}
2026-09-10T03:16:10.315152Z  INFO detcore::scheduler: [scheduler] >>>>>>>

 NONCOMMIT turn 102, SKIP dettid 3 polling resource Resources { tid: DetPid(3), resources: {InternalIOPolling: W}, poll_attempt: 7, fyi: "readv", signal_interrupt_errno: 512 }
2026-09-10T03:16:10.315178Z  INFO detcore::scheduler: [sched-step5] >>>>>>>

 COMMIT turn 103, dettid 3 using resources {InternalIOPolling: W}, on previously committed 1_767_225_600.031_720_500s DETLOG_RECORD={"schema":1,"event":{"kind":"scheduler_commit","scheduler_turn":103,"virtual_nanoseconds":1767225600031720500,"internal_io_poll":true,"runtime_maps_read":false}}
2026-09-10T03:16:10.315226Z  INFO detcore::scheduler: [scheduler] >>>>>>>

 NONCOMMIT turn 104, SKIP dettid 3 polling resource Resources { tid: DetPid(3), resources: {InternalIOPolling: W}, poll_attempt: 8, fyi: "readv", signal_interrupt_errno: 512 }
2026-09-10T03:16:10.315251Z  INFO detcore::scheduler: [sched-step5] >>>>>>>

 COMMIT turn 105, dettid 3 using resources {InternalIOPolling: W}, on previously committed 1_767_225_600.032_220_500s DETLOG_RECORD={"schema":1,"event":{"kind":"scheduler_commit","scheduler_turn":105,"virtual_nanoseconds":1767225600032220500,"internal_io_poll":true,"runtime_maps_read":false}}
2026-09-10T03:16:10.315298Z  INFO detcore::scheduler: [scheduler] >>>>>>>

 NONCOMMIT turn 106, SKIP dettid 3 polling resource Resources { tid: DetPid(3), resources: {InternalIOPolling: W}, poll_attempt: 9, fyi: "readv", signal_interrupt_errno: 512 }
2026-09-10T03:16:10.315323Z  INFO detcore::scheduler: [sched-step5] >>>>>>>

 COMMIT turn 107, dettid 3 using resources {InternalIOPolling: W}, on previously committed 1_767_225_600.032_720_500s DETLOG_RECORD={"schema":1,"event":{"kind":"scheduler_commit","scheduler_turn":107,"virtual_nanoseconds":1767225600032720500,"internal_io_poll":true,"runtime_maps_read":false}}
2026-09-10T03:16:10.315370Z  INFO detcore::scheduler: [scheduler] >>>>>>>

 NONCOMMIT turn 108, SKIP dettid 3 polling resource Resources { tid: DetPid(3), resources: {InternalIOPolling: W}, poll_attempt: 10, fyi: "readv", signal_interrupt_errno: 512 }
2026-09-10T03:16:10.315395Z  INFO detcore::scheduler: [sched-step5] >>>>>>>

 COMMIT turn 109, dettid 3 using resources {InternalIOPolling: W}, on previously committed 1_767_225_600.033_220_500s DETLOG_RECORD={"schema":1,"event":{"kind":"scheduler_commit","scheduler_turn":109,"virtual_nanoseconds":1767225600033220500,"internal_io_poll":true,"runtime_maps_read":false}}
2026-09-10T03:16:10.315443Z  INFO detcore::scheduler: [scheduler] >>>>>>>

 NONCOMMIT turn 110, SKIP dettid 3 polling resource Resources { tid: DetPid(3), resources: {InternalIOPolling: W}, poll_attempt: 11, fyi: "readv", signal_interrupt_errno: 512 }
2026-09-10T03:16:10.315468Z  INFO detcore::scheduler: [sched-step5] >>>>>>>

 COMMIT turn 111, dettid 3 using resources {InternalIOPolling: W}, on previously committed 1_767_225_600.033_720_500s DETLOG_RECORD={"schema":1,"event":{"kind":"scheduler_commit","scheduler_turn":111,"virtual_nanoseconds":1767225600033720500,"internal_io_poll":true,"runtime_maps_read":false}}
2026-09-10T03:16:10.315515Z  INFO detcore::scheduler: [scheduler] >>>>>>>

 NONCOMMIT turn 112, SKIP dettid 3 polling resource Resources { tid: DetPid(3), resources: {InternalIOPolling: W}, poll_attempt: 12, fyi: "readv", signal_interrupt_errno: 512 }
2026-09-10T03:16:10.315539Z  INFO detcore::scheduler: [sched-step5] >>>>>>>

 COMMIT turn 113, dettid 3 using resources {InternalIOPolling: W}, on previously committed 1_767_225_600.034_220_500s DETLOG_RECORD={"schema":1,"event":{"kind":"scheduler_commit","scheduler_turn":113,"virtual_nanoseconds":1767225600034220500,"internal_io_poll":true,"runtime_maps_read":false}}
2026-09-10T03:16:10.315589Z  INFO detcore::scheduler: [scheduler] >>>>>>>

 NONCOMMIT turn 114, SKIP dettid 3 polling resource Resources { tid: DetPid(3), resources: {InternalIOPolling: W}, poll_attempt: 13, fyi: "readv", signal_interrupt_errno: 512 }
2026-09-10T03:16:10.315616Z  INFO detcore::scheduler: [sched-step5] >>>>>>>

 COMMIT turn 115, dettid 3 using resources {InternalIOPolling: W}, on previously committed 1_767_225_600.034_720_500s DETLOG_RECORD={"schema":1,"event":{"kind":"scheduler_commit","scheduler_turn":115,"virtual_nanoseconds":1767225600034720500,"internal_io_poll":true,"runtime_maps_read":false}}
2026-09-10T03:16:10.315672Z  INFO detcore::scheduler: [scheduler] >>>>>>>

 NONCOMMIT turn 116, SKIP dettid 3 polling resource Resources { tid: DetPid(3), resources: {InternalIOPolling: W}, poll_attempt: 14, fyi: "readv", signal_interrupt_errno: 512 }
2026-09-10T03:16:10.315698Z  INFO detcore::scheduler: [sched-step5] >>>>>>>

 COMMIT turn 117, dettid 3 using resources {InternalIOPolling: W}, on previously committed 1_767_225_600.035_220_500s DETLOG_RECORD={"schema":1,"event":{"kind":"scheduler_commit","scheduler_turn":117,"virtual_nanoseconds":1767225600035220500,"internal_io_poll":true,"runtime_maps_read":false}}
2026-09-10T03:16:10.315745Z  INFO detcore::scheduler: [scheduler] >>>>>>>

 NONCOMMIT turn 118, SKIP dettid 3 polling resource Resources { tid: DetPid(3), resources: {InternalIOPolling: W}, poll_attempt: 15, fyi: "readv", signal_interrupt_errno: 512 }
2026-09-10T03:16:10.315770Z  INFO detcore::scheduler: [sched-step5] >>>>>>>

 COMMIT turn 119, dettid 3 using resources {InternalIOPolling: W}, on previously committed 1_767_225_600.035_720_500s DETLOG_RECORD={"schema":1,"event":{"kind":"scheduler_commit","scheduler_turn":119,"virtual_nanoseconds":1767225600035720500,"internal_io_poll":true,"runtime_maps_read":false}}
2026-09-10T03:16:10.315826Z  INFO detcore::scheduler: [scheduler] >>>>>>>

 NONCOMMIT turn 120, SKIP dettid 3 polling resource Resources { tid: DetPid(3), resources: {InternalIOPolling: W}, poll_attempt: 16, fyi: "readv", signal_interrupt_errno: 512 }
2026-09-10T03:16:10.315852Z  INFO detcore::scheduler: [sched-step5] >>>>>>>

 COMMIT turn 121, dettid 3 using resources {InternalIOPolling: W}, on previously committed 1_767_225_600.036_220_500s DETLOG_RECORD={"schema":1,"event":{"kind":"scheduler_commit","scheduler_turn":121,"virtual_nanoseconds":1767225600036220500,"internal_io_poll":true,"runtime_maps_read":false}}
2026-09-10T03:16:10.315899Z  INFO detcore::scheduler: [scheduler] >>>>>>>

 NONCOMMIT turn 122, SKIP dettid 3 polling resource Resources { tid: DetPid(3), resources: {InternalIOPolling: W}, poll_attempt: 17, fyi: "readv", signal_interrupt_errno: 512 }
2026-09-10T03:16:10.315925Z  INFO detcore::scheduler: [sched-step5] >>>>>>>

 COMMIT turn 123, dettid 3 using resources {InternalIOPolling: W}, on previously committed 1_767_225_600.036_720_500s DETLOG_RECORD={"schema":1,"event":{"kind":"scheduler_commit","scheduler_turn":123,"virtual_nanoseconds":1767225600036720500,"internal_io_poll":true,"runtime_maps_read":false}}
2026-09-10T03:16:10.315971Z  INFO detcore::scheduler: [scheduler] >>>>>>>

 NONCOMMIT turn 124, SKIP dettid 3 polling resource Resources { tid: DetPid(3), resources: {InternalIOPolling: W}, poll_attempt: 18, fyi: "readv", signal_interrupt_errno: 512 }
2026-09-10T03:16:10.315997Z  INFO detcore::scheduler: [sched-step5] >>>>>>>

 COMMIT turn 125, dettid 3 using resources {InternalIOPolling: W}, on previously committed 1_767_225_600.037_220_500s DETLOG_RECORD={"schema":1,"event":{"kind":"scheduler_commit","scheduler_turn":125,"virtual_nanoseconds":1767225600037220500,"internal_io_poll":true,"runtime_maps_read":false}}
2026-09-10T03:16:10.316047Z  INFO detcore::scheduler: [scheduler] >>>>>>>

 NONCOMMIT turn 126, SKIP dettid 3 polling resource Resources { tid: DetPid(3), resources: {InternalIOPolling: W}, poll_attempt: 19, fyi: "readv", signal_interrupt_errno: 512 }
2026-09-10T03:16:10.316074Z  INFO detcore::scheduler: [sched-step5] >>>>>>>

 COMMIT turn 127, dettid 3 using resources {InternalIOPolling: W}, on previously committed 1_767_225_600.037_720_500s DETLOG_RECORD={"schema":1,"event":{"kind":"scheduler_commit","scheduler_turn":127,"virtual_nanoseconds":1767225600037720500,"internal_io_poll":true,"runtime_maps_read":false}}
2026-09-10T03:16:10.316124Z  INFO detcore::scheduler: [scheduler] >>>>>>>

 NONCOMMIT turn 128, SKIP dettid 3 polling resource Resources { tid: DetPid(3), resources: {InternalIOPolling: W}, poll_attempt: 20, fyi: "readv", signal_interrupt_errno: 512 }
2026-09-10T03:16:10.316149Z  INFO detcore::scheduler: [sched-step5] >>>>>>>

 COMMIT turn 129, dettid 3 using resources {InternalIOPolling: W}, on previously committed 1_767_225_600.038_220_500s DETLOG_RECORD={"schema":1,"event":{"kind":"scheduler_commit","scheduler_turn":129,"virtual_nanoseconds":1767225600038220500,"internal_io_poll":true,"runtime_maps_read":false}}
2026-09-10T03:16:10.316196Z  INFO detcore::scheduler: [scheduler] >>>>>>>

 NONCOMMIT turn 130, SKIP dettid 3 polling resource Resources { tid: DetPid(3), resources: {InternalIOPolling: W}, poll_attempt: 21, fyi: "readv", signal_interrupt_errno: 512 }
2026-09-10T03:16:10.316222Z  INFO detcore::scheduler: [sched-step5] >>>>>>>

 COMMIT turn 131, dettid 3 using resources {InternalIOPolling: W}, on previously committed 1_767_225_600.038_720_500s DETLOG_RECORD={"schema":1,"event":{"kind":"scheduler_commit","scheduler_turn":131,"virtual_nanoseconds":1767225600038720500,"internal_io_poll":true,"runtime_maps_read":false}}
2026-09-10T03:16:10.316269Z  INFO detcore::scheduler: [scheduler] >>>>>>>

 NONCOMMIT turn 132, SKIP dettid 3 polling resource Resources { tid: DetPid(3), resources: {InternalIOPolling: W}, poll_attempt: 22, fyi: "readv", signal_interrupt_errno: 512 }
2026-09-10T03:16:10.316294Z  INFO detcore::scheduler: [sched-step5] >>>>>>>

 COMMIT turn 133, dettid 3 using resources {InternalIOPolling: W}, on previously committed 1_767_225_600.039_220_500s DETLOG_RECORD={"schema":1,"event":{"kind":"scheduler_commit","scheduler_turn":133,"virtual_nanoseconds":1767225600039220500,"internal_io_poll":true,"runtime_maps_read":false}}
2026-09-10T03:16:10.316340Z  INFO detcore::scheduler: [scheduler] >>>>>>>

 NONCOMMIT turn 134, SKIP dettid 3 polling resource Resources { tid: DetPid(3), resources: {InternalIOPolling: W}, poll_attempt: 23, fyi: "readv", signal_interrupt_errno: 512 }
2026-09-10T03:16:10.316365Z  INFO detcore::scheduler: [sched-step5] >>>>>>>

 COMMIT turn 135, dettid 3 using resources {InternalIOPolling: W}, on previously committed 1_767_225_600.039_720_500s DETLOG_RECORD={"schema":1,"event":{"kind":"scheduler_commit","scheduler_turn":135,"virtual_nanoseconds":1767225600039720500,"internal_io_poll":true,"runtime_maps_read":false}}
2026-09-10T03:16:10.316412Z  INFO detcore::scheduler: [scheduler] >>>>>>>

 NONCOMMIT turn 136, SKIP dettid 3 polling resource Resources { tid: DetPid(3), resources: {InternalIOPolling: W}, poll_attempt: 24, fyi: "readv", signal_interrupt_errno: 512 }
2026-09-10T03:16:10.316437Z  INFO detcore::scheduler: [sched-step5] >>>>>>>

 COMMIT turn 137, dettid 3 using resources {InternalIOPolling: W}, on previously committed 1_767_225_600.040_220_500s DETLOG_RECORD={"schema":1,"event":{"kind":"scheduler_commit","scheduler_turn":137,"virtual_nanoseconds":1767225600040220500,"internal_io_poll":true,"runtime_maps_read":false}}
2026-09-10T03:16:10.316484Z  INFO detcore::scheduler: [scheduler] >>>>>>>

 NONCOMMIT turn 138, SKIP dettid 3 polling resource Resources { tid: DetPid(3), resources: {InternalIOPolling: W}, poll_attempt: 25, fyi: "readv", signal_interrupt_errno: 512 }
2026-09-10T03:16:10.316508Z  INFO detcore::scheduler: [sched-step5] >>>>>>>

 COMMIT turn 139, dettid 3 using resources {InternalIOPolling: W}, on previously committed 1_767_225_600.040_720_500s DETLOG_RECORD={"schema":1,"event":{"kind":"scheduler_commit","scheduler_turn":139,"virtual_nanoseconds":1767225600040720500,"internal_io_poll":true,"runtime_maps_read":false}}
2026-09-10T03:16:10.316557Z  INFO detcore::scheduler: [scheduler] >>>>>>>

 NONCOMMIT turn 140, SKIP dettid 3 polling resource Resources { tid: DetPid(3), resources: {InternalIOPolling: W}, poll_attempt: 26, fyi: "readv", signal_interrupt_errno: 512 }
2026-09-10T03:16:10.316584Z  INFO detcore::scheduler: [sched-step5] >>>>>>>

 COMMIT turn 141, dettid 3 using resources {InternalIOPolling: W}, on previously committed 1_767_225_600.041_220_500s DETLOG_RECORD={"schema":1,"event":{"kind":"scheduler_commit","scheduler_turn":141,"virtual_nanoseconds":1767225600041220500,"internal_io_poll":true,"runtime_maps_read":false}}
2026-09-10T03:16:10.316631Z  INFO detcore::scheduler: [scheduler] >>>>>>>

 NONCOMMIT turn 142, SKIP dettid 3 polling resource Resources { tid: DetPid(3), resources: {InternalIOPolling: W}, poll_attempt: 27, fyi: "readv", signal_interrupt_errno: 512 }
2026-09-10T03:16:10.316656Z  INFO detcore::scheduler: [sched-step5] >>>>>>>

 COMMIT turn 143, dettid 3 using resources {InternalIOPolling: W}, on previously committed 1_767_225_600.041_720_500s DETLOG_RECORD={"schema":1,"event":{"kind":"scheduler_commit","scheduler_turn":143,"virtual_nanoseconds":1767225600041720500,"internal_io_poll":true,"runtime_maps_read":false}}
2026-09-10T03:16:10.316702Z  INFO detcore::scheduler: [scheduler] >>>>>>>

 NONCOMMIT turn 144, SKIP dettid 3 polling resource Resources { tid: DetPid(3), resources: {InternalIOPolling: W}, poll_attempt: 28, fyi: "readv", signal_interrupt_errno: 512 }
2026-09-10T03:16:10.316727Z  INFO detcore::scheduler: [sched-step5] >>>>>>>

 COMMIT turn 145, dettid 3 using resources {InternalIOPolling: W}, on previously committed 1_767_225_600.042_220_500s DETLOG_RECORD={"schema":1,"event":{"kind":"scheduler_commit","scheduler_turn":145,"virtual_nanoseconds":1767225600042220500,"internal_io_poll":true,"runtime_maps_read":false}}
2026-09-10T03:16:10.316784Z  INFO detcore::scheduler: [scheduler] >>>>>>>

 NONCOMMIT turn 146, SKIP dettid 3 polling resource Resources { tid: DetPid(3), resources: {InternalIOPolling: W}, poll_attempt: 29, fyi: "readv", signal_interrupt_errno: 512 }
2026-09-10T03:16:10.316810Z  INFO detcore::scheduler: [sched-step5] >>>>>>>

 COMMIT turn 147, dettid 3 using resources {InternalIOPolling: W}, on previously committed 1_767_225_600.042_720_500s DETLOG_RECORD={"schema":1,"event":{"kind":"scheduler_commit","scheduler_turn":147,"virtual_nanoseconds":1767225600042720500,"internal_io_poll":true,"runtime_maps_read":false}}
2026-09-10T03:16:10.316856Z  INFO detcore::scheduler: [scheduler] >>>>>>>

 NONCOMMIT turn 148, SKIP dettid 3 polling resource Resources { tid: DetPid(3), resources: {InternalIOPolling: W}, poll_attempt: 30, fyi: "readv", signal_interrupt_errno: 512 }
2026-09-10T03:16:10.316881Z  INFO detcore::scheduler: [sched-step5] >>>>>>>

 COMMIT turn 149, dettid 3 using resources {InternalIOPolling: W}, on previously committed 1_767_225_600.043_220_500s DETLOG_RECORD={"schema":1,"event":{"kind":"scheduler_commit","scheduler_turn":149,"virtual_nanoseconds":1767225600043220500,"internal_io_poll":true,"runtime_maps_read":false}}
2026-09-10T03:16:10.316928Z  INFO detcore::scheduler: [scheduler] >>>>>>>

 NONCOMMIT turn 150, SKIP dettid 3 polling resource Resources { tid: DetPid(3), resources: {InternalIOPolling: W}, poll_attempt: 31, fyi: "readv", signal_interrupt_errno: 512 }
2026-09-10T03:16:10.316953Z  INFO detcore::scheduler: [sched-step5] >>>>>>>

 COMMIT turn 151, dettid 3 using resources {InternalIOPolling: W}, on previously committed 1_767_225_600.043_720_500s DETLOG_RECORD={"schema":1,"event":{"kind":"scheduler_commit","scheduler_turn":151,"virtual_nanoseconds":1767225600043720500,"internal_io_poll":true,"runtime_maps_read":false}}
2026-09-10T03:16:10.317001Z  INFO detcore::scheduler: [scheduler] >>>>>>>

 NONCOMMIT turn 152, SKIP dettid 3 polling resource Resources { tid: DetPid(3), resources: {InternalIOPolling: W}, poll_attempt: 32, fyi: "readv", signal_interrupt_errno: 512 }
2026-09-10T03:16:10.317026Z  INFO detcore::scheduler: [sched-step5] >>>>>>>

 COMMIT turn 153, dettid 3 using resources {InternalIOPolling: W}, on previously committed 1_767_225_600.044_220_500s DETLOG_RECORD={"schema":1,"event":{"kind":"scheduler_commit","scheduler_turn":153,"virtual_nanoseconds":1767225600044220500,"internal_io_poll":true,"runtime_maps_read":false}}
2026-09-10T03:16:10.317078Z  INFO detcore::scheduler: [scheduler] >>>>>>>

 NONCOMMIT turn 154, SKIP dettid 3 polling resource Resources { tid: DetPid(3), resources: {InternalIOPolling: W}, poll_attempt: 33, fyi: "readv", signal_interrupt_errno: 512 }
2026-09-10T03:16:10.317106Z  INFO detcore::scheduler: [sched-step5] >>>>>>>

 COMMIT turn 155, dettid 3 using resources {InternalIOPolling: W}, on previously committed 1_767_225_600.044_720_500s DETLOG_RECORD={"schema":1,"event":{"kind":"scheduler_commit","scheduler_turn":155,"virtual_nanoseconds":1767225600044720500,"internal_io_poll":true,"runtime_maps_read":false}}
2026-09-10T03:16:10.317153Z  INFO detcore::scheduler: [scheduler] >>>>>>>

 NONCOMMIT turn 156, SKIP dettid 3 polling resource Resources { tid: DetPid(3), resources: {InternalIOPolling: W}, poll_attempt: 34, fyi: "readv", signal_interrupt_errno: 512 }
2026-09-10T03:16:10.317178Z  INFO detcore::scheduler: [sched-step5] >>>>>>>

 COMMIT turn 157, dettid 3 using resources {InternalIOPolling: W}, on previously committed 1_767_225_600.045_220_500s DETLOG_RECORD={"schema":1,"event":{"kind":"scheduler_commit","scheduler_turn":157,"virtual_nanoseconds":1767225600045220500,"internal_io_poll":true,"runtime_maps_read":false}}
2026-09-10T03:16:10.317225Z  INFO detcore::scheduler: [scheduler] >>>>>>>

 NONCOMMIT turn 158, SKIP dettid 3 polling resource Resources { tid: DetPid(3), resources: {InternalIOPolling: W}, poll_attempt: 35, fyi: "readv", signal_interrupt_errno: 512 }
2026-09-10T03:16:10.317250Z  INFO detcore::scheduler: [sched-step5] >>>>>>>

 COMMIT turn 159, dettid 3 using resources {InternalIOPolling: W}, on previously committed 1_767_225_600.045_720_500s DETLOG_RECORD={"schema":1,"event":{"kind":"scheduler_commit","scheduler_turn":159,"virtual_nanoseconds":1767225600045720500,"internal_io_poll":true,"runtime_maps_read":false}}
2026-09-10T03:16:10.317297Z  INFO detcore::scheduler: [scheduler] >>>>>>>

 NONCOMMIT turn 160, SKIP dettid 3 polling resource Resources { tid: DetPid(3), resources: {InternalIOPolling: W}, poll_attempt: 36, fyi: "readv", signal_interrupt_errno: 512 }
2026-09-10T03:16:10.317322Z  INFO detcore::scheduler: [sched-step5] >>>>>>>

 COMMIT turn 161, dettid 3 using resources {InternalIOPolling: W}, on previously committed 1_767_225_600.046_220_500s DETLOG_RECORD={"schema":1,"event":{"kind":"scheduler_commit","scheduler_turn":161,"virtual_nanoseconds":1767225600046220500,"internal_io_poll":true,"runtime_maps_read":false}}
2026-09-10T03:16:10.317369Z  INFO detcore::scheduler: [scheduler] >>>>>>>

 NONCOMMIT turn 162, SKIP dettid 3 polling resource Resources { tid: DetPid(3), resources: {InternalIOPolling: W}, poll_attempt: 37, fyi: "readv", signal_interrupt_errno: 512 }
2026-09-10T03:16:10.317394Z  INFO detcore::scheduler: [sched-step5] >>>>>>>

 COMMIT turn 163, dettid 3 using resources {InternalIOPolling: W}, on previously committed 1_767_225_600.046_720_500s DETLOG_RECORD={"schema":1,"event":{"kind":"scheduler_commit","scheduler_turn":163,"virtual_nanoseconds":1767225600046720500,"internal_io_poll":true,"runtime_maps_read":false}}
2026-09-10T03:16:10.317440Z  INFO detcore::scheduler: [scheduler] >>>>>>>

 NONCOMMIT turn 164, SKIP dettid 3 polling resource Resources { tid: DetPid(3), resources: {InternalIOPolling: W}, poll_attempt: 38, fyi: "readv", signal_interrupt_errno: 512 }
2026-09-10T03:16:10.317465Z  INFO detcore::scheduler: [sched-step5] >>>>>>>

 COMMIT turn 165, dettid 3 using resources {InternalIOPolling: W}, on previously committed 1_767_225_600.047_220_500s DETLOG_RECORD={"schema":1,"event":{"kind":"scheduler_commit","scheduler_turn":165,"virtual_nanoseconds":1767225600047220500,"internal_io_poll":true,"runtime_maps_read":false}}
2026-09-10T03:16:10.317528Z  INFO detcore::scheduler: [sched-step5] >>>>>>>

 COMMIT turn 166, dettid 5 using resources {SleepUntil(LogicalTime(1767225600047720000)): W}, on previously committed 1_767_225_600.047_720_500s DETLOG_RECORD={"schema":1,"event":{"kind":"scheduler_commit","scheduler_turn":166,"virtual_nanoseconds":1767225600047720500,"internal_io_poll":false,"runtime_maps_read":false}}
2026-09-10T03:16:10.317571Z  INFO detcore: DETLOG [syscall][detcore, dtid 5] finish syscall #3: clock_nanosleep(CLOCK_REALTIME, 0, 0x1b50e40, 0x1b50e40) = Ok(0) DETLOG_RECORD={"schema":1,"event":{"kind":"syscall_result","finished_syscall_number":3}}
2026-09-10T03:16:10.317622Z  INFO detcore: DETLOG [syscall][detcore, dtid 5] inbound syscall: write(4, 0x4047ec, 2) = ? DETLOG_RECORD={"schema":1,"event":{"kind":"syscall"}}
2026-09-10T03:16:10.317728Z  INFO detcore::scheduler: [scheduler] >>>>>>>

 NONCOMMIT turn 167, SKIP dettid 3 polling resource Resources { tid: DetPid(3), resources: {InternalIOPolling: W}, poll_attempt: 39, fyi: "readv", signal_interrupt_errno: 512 }
2026-09-10T03:16:10.317762Z  INFO detcore::scheduler: [sched-step5] >>>>>>>

 COMMIT turn 168, dettid 5 using resources {InternalIOPolling: W}, on previously committed 1_767_225_600.048_230_500s DETLOG_RECORD={"schema":1,"event":{"kind":"scheduler_commit","scheduler_turn":168,"virtual_nanoseconds":1767225600048230500,"internal_io_poll":true,"runtime_maps_read":false}}
2026-09-10T03:16:10.317839Z  INFO detcore: DETLOG [syscall][detcore, dtid 5] finish syscall #4: write(4, 0x4047ec, 2) = Ok(2) DETLOG_RECORD={"schema":1,"event":{"kind":"syscall_result","finished_syscall_number":4}}
2026-09-10T03:16:10.317865Z  INFO detcore::io_buffers: DETLOG [iobuf][dtid 5] write out fd=4 0x4047ec+2->38164fbd17603d73f696b8b4d72664d735bb6a7c88577687fd2ae33fd6964153 DETLOG_RECORD={"schema":1,"event":{"kind":"other"}}
2026-09-10T03:16:10.317899Z  INFO detcore: DETLOG [syscall][detcore, dtid 5] inbound syscall: rt_sigprocmask(0, 0x1b51f30, NULL, 8) = ? DETLOG_RECORD={"schema":1,"event":{"kind":"syscall"}}
2026-09-10T03:16:10.317930Z  INFO detcore: DETLOG [syscall][detcore, dtid 5] finish syscall #5: rt_sigprocmask(0, 0x1b51f30, NULL, 8) = Ok(0) DETLOG_RECORD={"schema":1,"event":{"kind":"syscall_result","finished_syscall_number":5}}
2026-09-10T03:16:10.317951Z  INFO detcore: DETLOG [syscall][detcore, dtid 5] inbound syscall: madvise(0x1351000, 8368128, 4) = ? DETLOG_RECORD={"schema":1,"event":{"kind":"syscall"}}
2026-09-10T03:16:10.317966Z  INFO detcore::syscalls::memory: DETLOG [dtid 5] madvise advice 4 is unsupported by this backend DETLOG_RECORD={"schema":1,"event":{"kind":"other"}}
2026-09-10T03:16:10.317976Z  INFO detcore: DETLOG [syscall][detcore, dtid 5] finish syscall #6: madvise(0x1351000, 8368128, 4) = Err(Errno(ENOSYS)) DETLOG_RECORD={"schema":1,"event":{"kind":"syscall_result","finished_syscall_number":6}}
2026-09-10T03:16:10.317997Z  INFO detcore: DETLOG [syscall][detcore, dtid 5] inbound syscall: exit(0) = ? DETLOG_RECORD={"schema":1,"event":{"kind":"syscall"}}
2026-09-10T03:16:10.318057Z  INFO detcore::scheduler: [sched-step5] >>>>>>>

 COMMIT turn 169, dettid 5 using resources {Exit { group: false, process: DetPid(3), mm: MmId { creator: DetPid(3), generation: 1 } }: RW}, on previously committed 1_767_225_600.048_990_750s DETLOG_RECORD={"schema":1,"event":{"kind":"scheduler_commit","scheduler_turn":169,"virtual_nanoseconds":1767225600048990750,"internal_io_poll":false,"runtime_maps_read":false}}
2026-09-10T03:16:10.318151Z  INFO detcore::scheduler: logically_kill: Scheduler removing all knowledge of [det]tid 5 in pid 3..
2026-09-10T03:16:10.318211Z  INFO detcore::scheduler: [sched-step5] >>>>>>>

 COMMIT turn 170, dettid 3 using resources {InternalIOPolling: W}, on previously committed 1_767_225_600.049_490_750s DETLOG_RECORD={"schema":1,"event":{"kind":"scheduler_commit","scheduler_turn":170,"virtual_nanoseconds":1767225600049490750,"internal_io_poll":true,"runtime_maps_read":false}}
2026-09-10T03:16:10.318311Z  INFO detcore: DETLOG [syscall][detcore, dtid 3] finish syscall #113: readv(3, 0x3fffeb70, 2) = Ok(2) DETLOG_RECORD={"schema":1,"event":{"kind":"syscall_result","finished_syscall_number":113}}
2026-09-10T03:16:10.318342Z  INFO detcore::io_buffers: DETLOG [iobuf][dtid 3] readv in fd=3 0x3fffeb54+1->559aead08264d5795d3909718cdd05abd49572e84fe55590eef31a88a08fdffd DETLOG_RECORD={"schema":1,"event":{"kind":"other"}}
2026-09-10T03:16:10.318360Z  INFO detcore::io_buffers: DETLOG [iobuf][dtid 3] readv in fd=3 0x3fffeb58+1->df7e70e5021544f4834bbee64a9e3789febc4be81470df629cad6ddb03320a5c DETLOG_RECORD={"schema":1,"event":{"kind":"other"}}
2026-09-10T03:16:10.318408Z  INFO detcore: DETLOG [syscall][detcore, dtid 3] inbound syscall: futex(0x1b51910, 265, 5, NULL, NULL, -1) = ? DETLOG_RECORD={"schema":1,"event":{"kind":"syscall"}}
2026-09-10T03:16:10.318443Z  INFO detcore: DETLOG [syscall][detcore, dtid 3] finish syscall #114: futex(0x1b51910, 265, 5, NULL, NULL, -1) = Ok(0) DETLOG_RECORD={"schema":1,"event":{"kind":"syscall_result","finished_syscall_number":114}}
2026-09-10T03:16:10.318471Z  INFO detcore: DETLOG [syscall][detcore, dtid 3] inbound syscall: futex(0x1b51910, 265, 5, NULL, NULL, -1) = ? DETLOG_RECORD={"schema":1,"event":{"kind":"syscall"}}
2026-09-10T03:16:10.318489Z  INFO detcore: DETLOG [syscall][detcore, dtid 3] finish syscall #115: futex(0x1b51910, 265, 5, NULL, NULL, -1) = Ok(0) DETLOG_RECORD={"schema":1,"event":{"kind":"syscall_result","finished_syscall_number":115}}
2026-09-10T03:16:10.318514Z  INFO detcore: DETLOG [syscall][detcore, dtid 3] inbound syscall: futex(0x1b51910, 265, 5, NULL, NULL, -1) = ? DETLOG_RECORD={"schema":1,"event":{"kind":"syscall"}}
2026-09-10T03:16:10.318531Z  INFO detcore: DETLOG [syscall][detcore, dtid 3] finish syscall #116: futex(0x1b51910, 265, 5, NULL, NULL, -1) = Ok(0) DETLOG_RECORD={"schema":1,"event":{"kind":"syscall_result","finished_syscall_number":116}}
2026-09-10T03:16:10.318556Z  INFO detcore: DETLOG [syscall][detcore, dtid 3] inbound syscall: futex(0x1b51910, 265, 5, NULL, NULL, -1) = ? DETLOG_RECORD={"schema":1,"event":{"kind":"syscall"}}
2026-09-10T03:16:10.318573Z  INFO detcore: DETLOG [syscall][detcore, dtid 3] finish syscall #117: futex(0x1b51910, 265, 5, NULL, NULL, -1) = Ok(0) DETLOG_RECORD={"schema":1,"event":{"kind":"syscall_result","finished_syscall_number":117}}
2026-09-10T03:16:10.318597Z  INFO detcore: DETLOG [syscall][detcore, dtid 3] inbound syscall: futex(0x1b51910, 265, 5, NULL, NULL, -1) = ? DETLOG_RECORD={"schema":1,"event":{"kind":"syscall"}}
2026-09-10T03:16:10.318614Z  INFO detcore: DETLOG [syscall][detcore, dtid 3] finish syscall #118: futex(0x1b51910, 265, 5, NULL, NULL, -1) = Ok(0) DETLOG_RECORD={"schema":1,"event":{"kind":"syscall_result","finished_syscall_number":118}}
2026-09-10T03:16:10.318639Z  INFO detcore: DETLOG [syscall][detcore, dtid 3] inbound syscall: futex(0x1b51910, 265, 5, NULL, NULL, -1) = ? DETLOG_RECORD={"schema":1,"event":{"kind":"syscall"}}
2026-09-10T03:16:10.318656Z  INFO detcore: DETLOG [syscall][detcore, dtid 3] finish syscall #119: futex(0x1b51910, 265, 5, NULL, NULL, -1) = Ok(0) DETLOG_RECORD={"schema":1,"event":{"kind":"syscall_result","finished_syscall_number":119}}
2026-09-10T03:16:10.318681Z  INFO detcore: DETLOG [syscall][detcore, dtid 3] inbound syscall: futex(0x1b51910, 265, 5, NULL, NULL, -1) = ? DETLOG_RECORD={"schema":1,"event":{"kind":"syscall"}}
2026-09-10T03:16:10.318701Z  INFO detcore: DETLOG [syscall][detcore, dtid 3] finish syscall #120: futex(0x1b51910, 265, 5, NULL, NULL, -1) = Ok(0) DETLOG_RECORD={"schema":1,"event":{"kind":"syscall_result","finished_syscall_number":120}}
2026-09-10T03:16:10.318726Z  INFO detcore: DETLOG [syscall][detcore, dtid 3] inbound syscall: futex(0x1b51910, 265, 5, NULL, NULL, -1) = ? DETLOG_RECORD={"schema":1,"event":{"kind":"syscall"}}
2026-09-10T03:16:10.318743Z  INFO detcore: DETLOG [syscall][detcore, dtid 3] finish syscall #121: futex(0x1b51910, 265, 5, NULL, NULL, -1) = Ok(0) DETLOG_RECORD={"schema":1,"event":{"kind":"syscall_result","finished_syscall_number":121}}
2026-09-10T03:16:10.318767Z  INFO detcore: DETLOG [syscall][detcore, dtid 3] inbound syscall: futex(0x1b51910, 265, 5, NULL, NULL, -1) = ? DETLOG_RECORD={"schema":1,"event":{"kind":"syscall"}}
2026-09-10T03:16:10.318791Z  INFO detcore: DETLOG [syscall][detcore, dtid 3] finish syscall #122: futex(0x1b51910, 265, 5, NULL, NULL, -1) = Ok(0) DETLOG_RECORD={"schema":1,"event":{"kind":"syscall_result","finished_syscall_number":122}}
2026-09-10T03:16:10.318818Z  INFO detcore: DETLOG [syscall][detcore, dtid 3] inbound syscall: futex(0x1b51910, 265, 5, NULL, NULL, -1) = ? DETLOG_RECORD={"schema":1,"event":{"kind":"syscall"}}
2026-09-10T03:16:10.318835Z  INFO detcore: DETLOG [syscall][detcore, dtid 3] finish syscall #123: futex(0x1b51910, 265, 5, NULL, NULL, -1) = Ok(0) DETLOG_RECORD={"schema":1,"event":{"kind":"syscall_result","finished_syscall_number":123}}
2026-09-10T03:16:10.318860Z  INFO detcore: DETLOG [syscall][detcore, dtid 3] inbound syscall: futex(0x1b51910, 265, 5, NULL, NULL, -1) = ? DETLOG_RECORD={"schema":1,"event":{"kind":"syscall"}}
2026-09-10T03:16:10.318877Z  INFO detcore: DETLOG [syscall][detcore, dtid 3] finish syscall #124: futex(0x1b51910, 265, 5, NULL, NULL, -1) = Ok(0) DETLOG_RECORD={"schema":1,"event":{"kind":"syscall_result","finished_syscall_number":124}}
2026-09-10T03:16:10.318901Z  INFO detcore: DETLOG [syscall][detcore, dtid 3] inbound syscall: futex(0x1b51910, 265, 5, NULL, NULL, -1) = ? DETLOG_RECORD={"schema":1,"event":{"kind":"syscall"}}
2026-09-10T03:16:10.318918Z  INFO detcore: DETLOG [syscall][detcore, dtid 3] finish syscall #125: futex(0x1b51910, 265, 5, NULL, NULL, -1) = Ok(0) DETLOG_RECORD={"schema":1,"event":{"kind":"syscall_result","finished_syscall_number":125}}
2026-09-10T03:16:10.318942Z  INFO detcore: DETLOG [syscall][detcore, dtid 3] inbound syscall: futex(0x1b51910, 265, 5, NULL, NULL, -1) = ? DETLOG_RECORD={"schema":1,"event":{"kind":"syscall"}}
2026-09-10T03:16:10.318959Z  INFO detcore: DETLOG [syscall][detcore, dtid 3] finish syscall #126: futex(0x1b51910, 265, 5, NULL, NULL, -1) = Ok(0) DETLOG_RECORD={"schema":1,"event":{"kind":"syscall_result","finished_syscall_number":126}}
2026-09-10T03:16:10.318983Z  INFO detcore: DETLOG [syscall][detcore, dtid 3] inbound syscall: futex(0x1b51910, 265, 5, NULL, NULL, -1) = ? DETLOG_RECORD={"schema":1,"event":{"kind":"syscall"}}
2026-09-10T03:16:10.319000Z  INFO detcore: DETLOG [syscall][detcore, dtid 3] finish syscall #127: futex(0x1b51910, 265, 5, NULL, NULL, -1) = Ok(0) DETLOG_RECORD={"schema":1,"event":{"kind":"syscall_result","finished_syscall_number":127}}
2026-09-10T03:16:10.319024Z  INFO detcore: DETLOG [syscall][detcore, dtid 3] inbound syscall: futex(0x1b51910, 265, 5, NULL, NULL, -1) = ? DETLOG_RECORD={"schema":1,"event":{"kind":"syscall"}}
2026-09-10T03:16:10.319042Z  INFO detcore: DETLOG [syscall][detcore, dtid 3] finish syscall #128: futex(0x1b51910, 265, 5, NULL, NULL, -1) = Ok(0) DETLOG_RECORD={"schema":1,"event":{"kind":"syscall_result","finished_syscall_number":128}}
2026-09-10T03:16:10.319066Z  INFO detcore: DETLOG [syscall][detcore, dtid 3] inbound syscall: futex(0x1b51910, 265, 5, NULL, NULL, -1) = ? DETLOG_RECORD={"schema":1,"event":{"kind":"syscall"}}
2026-09-10T03:16:10.319083Z  INFO detcore: DETLOG [syscall][detcore, dtid 3] finish syscall #129: futex(0x1b51910, 265, 5, NULL, NULL, -1) = Ok(0) DETLOG_RECORD={"schema":1,"event":{"kind":"syscall_result","finished_syscall_number":129}}
2026-09-10T03:16:10.319107Z  INFO detcore: DETLOG [syscall][detcore, dtid 3] inbound syscall: futex(0x1b51910, 265, 5, NULL, NULL, -1) = ? DETLOG_RECORD={"schema":1,"event":{"kind":"syscall"}}
2026-09-10T03:16:10.319124Z  INFO detcore: DETLOG [syscall][detcore, dtid 3] finish syscall #130: futex(0x1b51910, 265, 5, NULL, NULL, -1) = Ok(0) DETLOG_RECORD={"schema":1,"event":{"kind":"syscall_result","finished_syscall_number":130}}
2026-09-10T03:16:10.319148Z  INFO detcore: DETLOG [syscall][detcore, dtid 3] inbound syscall: futex(0x1b51910, 265, 5, NULL, NULL, -1) = ? DETLOG_RECORD={"schema":1,"event":{"kind":"syscall"}}
2026-09-10T03:16:10.319165Z  INFO detcore: DETLOG [syscall][detcore, dtid 3] finish syscall #131: futex(0x1b51910, 265, 5, NULL, NULL, -1) = Ok(0) DETLOG_RECORD={"schema":1,"event":{"kind":"syscall_result","finished_syscall_number":131}}
2026-09-10T03:16:10.319191Z  INFO detcore: DETLOG [syscall][detcore, dtid 3] inbound syscall: futex(0x1b51910, 265, 5, NULL, NULL, -1) = ? DETLOG_RECORD={"schema":1,"event":{"kind":"syscall"}}
2026-09-10T03:16:10.319208Z  INFO detcore: DETLOG [syscall][detcore, dtid 3] finish syscall #132: futex(0x1b51910, 265, 5, NULL, NULL, -1) = Ok(0) DETLOG_RECORD={"schema":1,"event":{"kind":"syscall_result","finished_syscall_number":132}}
2026-09-10T03:16:10.319232Z  INFO detcore: DETLOG [syscall][detcore, dtid 3] inbound syscall: futex(0x1b51910, 265, 5, NULL, NULL, -1) = ? DETLOG_RECORD={"schema":1,"event":{"kind":"syscall"}}
2026-09-10T03:16:10.319249Z  INFO detcore: DETLOG [syscall][detcore, dtid 3] finish syscall #133: futex(0x1b51910, 265, 5, NULL, NULL, -1) = Ok(0) DETLOG_RECORD={"schema":1,"event":{"kind":"syscall_result","finished_syscall_number":133}}
2026-09-10T03:16:10.319273Z  INFO detcore: DETLOG [syscall][detcore, dtid 3] inbound syscall: futex(0x1b51910, 265, 5, NULL, NULL, -1) = ? DETLOG_RECORD={"schema":1,"event":{"kind":"syscall"}}
2026-09-10T03:16:10.319292Z  INFO detcore: DETLOG [syscall][detcore, dtid 3] finish syscall #134: futex(0x1b51910, 265, 5, NULL, NULL, -1) = Ok(0) DETLOG_RECORD={"schema":1,"event":{"kind":"syscall_result","finished_syscall_number":134}}
2026-09-10T03:16:10.319316Z  INFO detcore: DETLOG [syscall][detcore, dtid 3] inbound syscall: futex(0x1b51910, 265, 5, NULL, NULL, -1) = ? DETLOG_RECORD={"schema":1,"event":{"kind":"syscall"}}
2026-09-10T03:16:10.319333Z  INFO detcore: DETLOG [syscall][detcore, dtid 3] finish syscall #135: futex(0x1b51910, 265, 5, NULL, NULL, -1) = Ok(0) DETLOG_RECORD={"schema":1,"event":{"kind":"syscall_result","finished_syscall_number":135}}
2026-09-10T03:16:10.319357Z  INFO detcore: DETLOG [syscall][detcore, dtid 3] inbound syscall: futex(0x1b51910, 265, 5, NULL, NULL, -1) = ? DETLOG_RECORD={"schema":1,"event":{"kind":"syscall"}}
2026-09-10T03:16:10.319374Z  INFO detcore: DETLOG [syscall][detcore, dtid 3] finish syscall #136: futex(0x1b51910, 265, 5, NULL, NULL, -1) = Ok(0) DETLOG_RECORD={"schema":1,"event":{"kind":"syscall_result","finished_syscall_number":136}}
2026-09-10T03:16:10.319398Z  INFO detcore: DETLOG [syscall][detcore, dtid 3] inbound syscall: futex(0x1b51910, 265, 5, NULL, NULL, -1) = ? DETLOG_RECORD={"schema":1,"event":{"kind":"syscall"}}
2026-09-10T03:16:10.319415Z  INFO detcore: DETLOG [syscall][detcore, dtid 3] finish syscall #137: futex(0x1b51910, 265, 5, NULL, NULL, -1) = Ok(0) DETLOG_RECORD={"schema":1,"event":{"kind":"syscall_result","finished_syscall_number":137}}
2026-09-10T03:16:10.319439Z  INFO detcore: DETLOG [syscall][detcore, dtid 3] inbound syscall: futex(0x1b51910, 265, 5, NULL, NULL, -1) = ? DETLOG_RECORD={"schema":1,"event":{"kind":"syscall"}}
2026-09-10T03:16:10.319456Z  INFO detcore: DETLOG [syscall][detcore, dtid 3] finish syscall #138: futex(0x1b51910, 265, 5, NULL, NULL, -1) = Ok(0) DETLOG_RECORD={"schema":1,"event":{"kind":"syscall_result","finished_syscall_number":138}}
2026-09-10T03:16:10.319480Z  INFO detcore: DETLOG [syscall][detcore, dtid 3] inbound syscall: futex(0x1b51910, 265, 5, NULL, NULL, -1) = ? DETLOG_RECORD={"schema":1,"event":{"kind":"syscall"}}
2026-09-10T03:16:10.319497Z  INFO detcore: DETLOG [syscall][detcore, dtid 3] finish syscall #139: futex(0x1b51910, 265, 5, NULL, NULL, -1) = Ok(0) DETLOG_RECORD={"schema":1,"event":{"kind":"syscall_result","finished_syscall_number":139}}
2026-09-10T03:16:10.319521Z  INFO detcore: DETLOG [syscall][detcore, dtid 3] inbound syscall: futex(0x1b51910, 265, 5, NULL, NULL, -1) = ? DETLOG_RECORD={"schema":1,"event":{"kind":"syscall"}}
2026-09-10T03:16:10.319538Z  INFO detcore: DETLOG [syscall][detcore, dtid 3] finish syscall #140: futex(0x1b51910, 265, 5, NULL, NULL, -1) = Ok(0) DETLOG_RECORD={"schema":1,"event":{"kind":"syscall_result","finished_syscall_number":140}}
2026-09-10T03:16:10.319562Z  INFO detcore: DETLOG [syscall][detcore, dtid 3] inbound syscall: futex(0x1b51910, 265, 5, NULL, NULL, -1) = ? DETLOG_RECORD={"schema":1,"event":{"kind":"syscall"}}
2026-09-10T03:16:10.319580Z  INFO detcore: DETLOG [syscall][detcore, dtid 3] finish syscall #141: futex(0x1b51910, 265, 5, NULL, NULL, -1) = Ok(0) DETLOG_RECORD={"schema":1,"event":{"kind":"syscall_result","finished_syscall_number":141}}
2026-09-10T03:16:10.319605Z  INFO detcore: DETLOG [syscall][detcore, dtid 3] inbound syscall: futex(0x1b51910, 265, 5, NULL, NULL, -1) = ? DETLOG_RECORD={"schema":1,"event":{"kind":"syscall"}}
2026-09-10T03:16:10.319622Z  INFO detcore: DETLOG [syscall][detcore, dtid 3] finish syscall #142: futex(0x1b51910, 265, 5, NULL, NULL, -1) = Ok(0) DETLOG_RECORD={"schema":1,"event":{"kind":"syscall_result","finished_syscall_number":142}}
2026-09-10T03:16:10.319646Z  INFO detcore: DETLOG [syscall][detcore, dtid 3] inbound syscall: futex(0x1b51910, 265, 5, NULL, NULL, -1) = ? DETLOG_RECORD={"schema":1,"event":{"kind":"syscall"}}
2026-09-10T03:16:10.319663Z  INFO detcore: DETLOG [syscall][detcore, dtid 3] finish syscall #143: futex(0x1b51910, 265, 5, NULL, NULL, -1) = Ok(0) DETLOG_RECORD={"schema":1,"event":{"kind":"syscall_result","finished_syscall_number":143}}
2026-09-10T03:16:10.319687Z  INFO detcore: DETLOG [syscall][detcore, dtid 3] inbound syscall: futex(0x1b51910, 265, 5, NULL, NULL, -1) = ? DETLOG_RECORD={"schema":1,"event":{"kind":"syscall"}}
2026-09-10T03:16:10.319704Z  INFO detcore: DETLOG [syscall][detcore, dtid 3] finish syscall #144: futex(0x1b51910, 265, 5, NULL, NULL, -1) = Ok(0) DETLOG_RECORD={"schema":1,"event":{"kind":"syscall_result","finished_syscall_number":144}}
2026-09-10T03:16:10.319728Z  INFO detcore: DETLOG [syscall][detcore, dtid 3] inbound syscall: futex(0x1b51910, 265, 5, NULL, NULL, -1) = ? DETLOG_RECORD={"schema":1,"event":{"kind":"syscall"}}
2026-09-10T03:16:10.319746Z  INFO detcore: DETLOG [syscall][detcore, dtid 3] finish syscall #145: futex(0x1b51910, 265, 5, NULL, NULL, -1) = Ok(0) DETLOG_RECORD={"schema":1,"event":{"kind":"syscall_result","finished_syscall_number":145}}
2026-09-10T03:16:10.319770Z  INFO detcore: DETLOG [syscall][detcore, dtid 3] inbound syscall: futex(0x1b51910, 265, 5, NULL, NULL, -1) = ? DETLOG_RECORD={"schema":1,"event":{"kind":"syscall"}}
2026-09-10T03:16:10.319790Z  INFO detcore: DETLOG [syscall][detcore, dtid 3] finish syscall #146: futex(0x1b51910, 265, 5, NULL, NULL, -1) = Ok(0) DETLOG_RECORD={"schema":1,"event":{"kind":"syscall_result","finished_syscall_number":146}}
2026-09-10T03:16:10.319815Z  INFO detcore: DETLOG [syscall][detcore, dtid 3] inbound syscall: futex(0x1b51910, 265, 5, NULL, NULL, -1) = ? DETLOG_RECORD={"schema":1,"event":{"kind":"syscall"}}
2026-09-10T03:16:10.319832Z  INFO detcore: DETLOG [syscall][detcore, dtid 3] finish syscall #147: futex(0x1b51910, 265, 5, NULL, NULL, -1) = Ok(0) DETLOG_RECORD={"schema":1,"event":{"kind":"syscall_result","finished_syscall_number":147}}
2026-09-10T03:16:10.319856Z  INFO detcore: DETLOG [syscall][detcore, dtid 3] inbound syscall: futex(0x1b51910, 265, 5, NULL, NULL, -1) = ? DETLOG_RECORD={"schema":1,"event":{"kind":"syscall"}}
2026-09-10T03:16:10.319873Z  INFO detcore: DETLOG [syscall][detcore, dtid 3] finish syscall #148: futex(0x1b51910, 265, 5, NULL, NULL, -1) = Ok(0) DETLOG_RECORD={"schema":1,"event":{"kind":"syscall_result","finished_syscall_number":148}}
2026-09-10T03:16:10.319897Z  INFO detcore: DETLOG [syscall][detcore, dtid 3] inbound syscall: futex(0x1b51910, 265, 5, NULL, NULL, -1) = ? DETLOG_RECORD={"schema":1,"event":{"kind":"syscall"}}
2026-09-10T03:16:10.319914Z  INFO detcore: DETLOG [syscall][detcore, dtid 3] finish syscall #149: futex(0x1b51910, 265, 5, NULL, NULL, -1) = Ok(0) DETLOG_RECORD={"schema":1,"event":{"kind":"syscall_result","finished_syscall_number":149}}
2026-09-10T03:16:10.319938Z  INFO detcore: DETLOG [syscall][detcore, dtid 3] inbound syscall: futex(0x1b51910, 265, 5, NULL, NULL, -1) = ? DETLOG_RECORD={"schema":1,"event":{"kind":"syscall"}}
2026-09-10T03:16:10.319956Z  INFO detcore: DETLOG [syscall][detcore, dtid 3] finish syscall #150: futex(0x1b51910, 265, 5, NULL, NULL, -1) = Ok(0) DETLOG_RECORD={"schema":1,"event":{"kind":"syscall_result","finished_syscall_number":150}}
2026-09-10T03:16:10.319981Z  INFO detcore: DETLOG [syscall][detcore, dtid 3] inbound syscall: futex(0x1b51910, 265, 5, NULL, NULL, -1) = ? DETLOG_RECORD={"schema":1,"event":{"kind":"syscall"}}
2026-09-10T03:16:10.320000Z  INFO detcore: DETLOG [syscall][detcore, dtid 3] finish syscall #151: futex(0x1b51910, 265, 5, NULL, NULL, -1) = Ok(0) DETLOG_RECORD={"schema":1,"event":{"kind":"syscall_result","finished_syscall_number":151}}
2026-09-10T03:16:10.320025Z  INFO detcore: DETLOG [syscall][detcore, dtid 3] inbound syscall: futex(0x1b51910, 265, 5, NULL, NULL, -1) = ? DETLOG_RECORD={"schema":1,"event":{"kind":"syscall"}}
2026-09-10T03:16:10.320042Z  INFO detcore: DETLOG [syscall][detcore, dtid 3] finish syscall #152: futex(0x1b51910, 265, 5, NULL, NULL, -1) = Ok(0) DETLOG_RECORD={"schema":1,"event":{"kind":"syscall_result","finished_syscall_number":152}}
2026-09-10T03:16:10.320066Z  INFO detcore: DETLOG [syscall][detcore, dtid 3] inbound syscall: futex(0x1b51910, 265, 5, NULL, NULL, -1) = ? DETLOG_RECORD={"schema":1,"event":{"kind":"syscall"}}
2026-09-10T03:16:10.320083Z  INFO detcore: DETLOG [syscall][detcore, dtid 3] finish syscall #153: futex(0x1b51910, 265, 5, NULL, NULL, -1) = Ok(0) DETLOG_RECORD={"schema":1,"event":{"kind":"syscall_result","finished_syscall_number":153}}
2026-09-10T03:16:10.320107Z  INFO detcore: DETLOG [syscall][detcore, dtid 3] inbound syscall: futex(0x1b51910, 265, 5, NULL, NULL, -1) = ? DETLOG_RECORD={"schema":1,"event":{"kind":"syscall"}}
2026-09-10T03:16:10.320124Z  INFO detcore: DETLOG [syscall][detcore, dtid 3] finish syscall #154: futex(0x1b51910, 265, 5, NULL, NULL, -1) = Ok(0) DETLOG_RECORD={"schema":1,"event":{"kind":"syscall_result","finished_syscall_number":154}}
2026-09-10T03:16:10.320148Z  INFO detcore: DETLOG [syscall][detcore, dtid 3] inbound syscall: futex(0x1b51910, 265, 5, NULL, NULL, -1) = ? DETLOG_RECORD={"schema":1,"event":{"kind":"syscall"}}
2026-09-10T03:16:10.320165Z  INFO detcore: DETLOG [syscall][detcore, dtid 3] finish syscall #155: futex(0x1b51910, 265, 5, NULL, NULL, -1) = Ok(0) DETLOG_RECORD={"schema":1,"event":{"kind":"syscall_result","finished_syscall_number":155}}
2026-09-10T03:16:10.320189Z  INFO detcore: DETLOG [syscall][detcore, dtid 3] inbound syscall: futex(0x1b51910, 265, 5, NULL, NULL, -1) = ? DETLOG_RECORD={"schema":1,"event":{"kind":"syscall"}}
2026-09-10T03:16:10.320206Z  INFO detcore: DETLOG [syscall][detcore, dtid 3] finish syscall #156: futex(0x1b51910, 265, 5, NULL, NULL, -1) = Ok(0) DETLOG_RECORD={"schema":1,"event":{"kind":"syscall_result","finished_syscall_number":156}}
2026-09-10T03:16:10.320231Z  INFO detcore: DETLOG [syscall][detcore, dtid 3] inbound syscall: futex(0x1b51910, 265, 5, NULL, NULL, -1) = ? DETLOG_RECORD={"schema":1,"event":{"kind":"syscall"}}
2026-09-10T03:16:10.320248Z  INFO detcore: DETLOG [syscall][detcore, dtid 3] finish syscall #157: futex(0x1b51910, 265, 5, NULL, NULL, -1) = Ok(0) DETLOG_RECORD={"schema":1,"event":{"kind":"syscall_result","finished_syscall_number":157}}
2026-09-10T03:16:10.320272Z  INFO detcore: DETLOG [syscall][detcore, dtid 3] inbound syscall: futex(0x1b51910, 265, 5, NULL, NULL, -1) = ? DETLOG_RECORD={"schema":1,"event":{"kind":"syscall"}}
2026-09-10T03:16:10.320289Z  INFO detcore: DETLOG [syscall][detcore, dtid 3] finish syscall #158: futex(0x1b51910, 265, 5, NULL, NULL, -1) = Ok(0) DETLOG_RECORD={"schema":1,"event":{"kind":"syscall_result","finished_syscall_number":158}}
2026-09-10T03:16:10.320313Z  INFO detcore: DETLOG [syscall][detcore, dtid 3] inbound syscall: futex(0x1b51910, 265, 5, NULL, NULL, -1) = ? DETLOG_RECORD={"schema":1,"event":{"kind":"syscall"}}
2026-09-10T03:16:10.320330Z  INFO detcore: DETLOG [syscall][detcore, dtid 3] finish syscall #159: futex(0x1b51910, 265, 5, NULL, NULL, -1) = Ok(0) DETLOG_RECORD={"schema":1,"event":{"kind":"syscall_result","finished_syscall_number":159}}
2026-09-10T03:16:10.320354Z  INFO detcore: DETLOG [syscall][detcore, dtid 3] inbound syscall: futex(0x1b51910, 265, 5, NULL, NULL, -1) = ? DETLOG_RECORD={"schema":1,"event":{"kind":"syscall"}}
2026-09-10T03:16:10.320372Z  INFO detcore: DETLOG [syscall][detcore, dtid 3] finish syscall #160: futex(0x1b51910, 265, 5, NULL, NULL, -1) = Ok(0) DETLOG_RECORD={"schema":1,"event":{"kind":"syscall_result","finished_syscall_number":160}}
2026-09-10T03:16:10.320397Z  INFO detcore: DETLOG [syscall][detcore, dtid 3] inbound syscall: futex(0x1b51910, 265, 5, NULL, NULL, -1) = ? DETLOG_RECORD={"schema":1,"event":{"kind":"syscall"}}
2026-09-10T03:16:10.320414Z  INFO detcore: DETLOG [syscall][detcore, dtid 3] finish syscall #161: futex(0x1b51910, 265, 5, NULL, NULL, -1) = Ok(0) DETLOG_RECORD={"schema":1,"event":{"kind":"syscall_result","finished_syscall_number":161}}
2026-09-10T03:16:10.320438Z  INFO detcore: DETLOG [syscall][detcore, dtid 3] inbound syscall: futex(0x1b51910, 265, 5, NULL, NULL, -1) = ? DETLOG_RECORD={"schema":1,"event":{"kind":"syscall"}}
2026-09-10T03:16:10.320455Z  INFO detcore: DETLOG [syscall][detcore, dtid 3] finish syscall #162: futex(0x1b51910, 265, 5, NULL, NULL, -1) = Ok(0) DETLOG_RECORD={"schema":1,"event":{"kind":"syscall_result","finished_syscall_number":162}}
2026-09-10T03:16:10.320479Z  INFO detcore: DETLOG [syscall][detcore, dtid 3] inbound syscall: futex(0x1b51910, 265, 5, NULL, NULL, -1) = ? DETLOG_RECORD={"schema":1,"event":{"kind":"syscall"}}
2026-09-10T03:16:10.320496Z  INFO detcore: DETLOG [syscall][detcore, dtid 3] finish syscall #163: futex(0x1b51910, 265, 5, NULL, NULL, -1) = Ok(0) DETLOG_RECORD={"schema":1,"event":{"kind":"syscall_result","finished_syscall_number":163}}
2026-09-10T03:16:10.320520Z  INFO detcore: DETLOG [syscall][detcore, dtid 3] inbound syscall: futex(0x1b51910, 265, 5, NULL, NULL, -1) = ? DETLOG_RECORD={"schema":1,"event":{"kind":"syscall"}}
2026-09-10T03:16:10.320538Z  INFO detcore: DETLOG [syscall][detcore, dtid 3] finish syscall #164: futex(0x1b51910, 265, 5, NULL, NULL, -1) = Ok(0) DETLOG_RECORD={"schema":1,"event":{"kind":"syscall_result","finished_syscall_number":164}}
2026-09-10T03:16:10.320562Z  INFO detcore: DETLOG [syscall][detcore, dtid 3] inbound syscall: futex(0x1b51910, 265, 5, NULL, NULL, -1) = ? DETLOG_RECORD={"schema":1,"event":{"kind":"syscall"}}
2026-09-10T03:16:10.320579Z  INFO detcore: DETLOG [syscall][detcore, dtid 3] finish syscall #165: futex(0x1b51910, 265, 5, NULL, NULL, -1) = Ok(0) DETLOG_RECORD={"schema":1,"event":{"kind":"syscall_result","finished_syscall_number":165}}
2026-09-10T03:16:10.320603Z  INFO detcore: DETLOG [syscall][detcore, dtid 3] inbound syscall: futex(0x1b51910, 265, 5, NULL, NULL, -1) = ? DETLOG_RECORD={"schema":1,"event":{"kind":"syscall"}}
2026-09-10T03:16:10.320620Z  INFO detcore: DETLOG [syscall][detcore, dtid 3] finish syscall #166: futex(0x1b51910, 265, 5, NULL, NULL, -1) = Ok(0) DETLOG_RECORD={"schema":1,"event":{"kind":"syscall_result","finished_syscall_number":166}}
2026-09-10T03:16:10.320644Z  INFO detcore: DETLOG [syscall][detcore, dtid 3] inbound syscall: futex(0x1b51910, 265, 5, NULL, NULL, -1) = ? DETLOG_RECORD={"schema":1,"event":{"kind":"syscall"}}
2026-09-10T03:16:10.320661Z  INFO detcore: DETLOG [syscall][detcore, dtid 3] finish syscall #167: futex(0x1b51910, 265, 5, NULL, NULL, -1) = Ok(0) DETLOG_RECORD={"schema":1,"event":{"kind":"syscall_result","finished_syscall_number":167}}
2026-09-10T03:16:10.320686Z  INFO detcore: DETLOG [syscall][detcore, dtid 3] inbound syscall: futex(0x1b51910, 265, 5, NULL, NULL, -1) = ? DETLOG_RECORD={"schema":1,"event":{"kind":"syscall"}}
2026-09-10T03:16:10.320703Z  INFO detcore: DETLOG [syscall][detcore, dtid 3] finish syscall #168: futex(0x1b51910, 265, 5, NULL, NULL, -1) = Ok(0) DETLOG_RECORD={"schema":1,"event":{"kind":"syscall_result","finished_syscall_number":168}}
2026-09-10T03:16:10.320727Z  INFO detcore: DETLOG [syscall][detcore, dtid 3] inbound syscall: futex(0x1b51910, 265, 5, NULL, NULL, -1) = ? DETLOG_RECORD={"schema":1,"event":{"kind":"syscall"}}
2026-09-10T03:16:10.320744Z  INFO detcore: DETLOG [syscall][detcore, dtid 3] finish syscall #169: futex(0x1b51910, 265, 5, NULL, NULL, -1) = Ok(0) DETLOG_RECORD={"schema":1,"event":{"kind":"syscall_result","finished_syscall_number":169}}
2026-09-10T03:16:10.320769Z  INFO detcore: DETLOG [syscall][detcore, dtid 3] inbound syscall: futex(0x1b51910, 265, 5, NULL, NULL, -1) = ? DETLOG_RECORD={"schema":1,"event":{"kind":"syscall"}}
2026-09-10T03:16:10.320791Z  INFO detcore: DETLOG [syscall][detcore, dtid 3] finish syscall #170: futex(0x1b51910, 265, 5, NULL, NULL, -1) = Ok(0) DETLOG_RECORD={"schema":1,"event":{"kind":"syscall_result","finished_syscall_number":170}}
2026-09-10T03:16:10.320816Z  INFO detcore: DETLOG [syscall][detcore, dtid 3] inbound syscall: futex(0x1b51910, 265, 5, NULL, NULL, -1) = ? DETLOG_RECORD={"schema":1,"event":{"kind":"syscall"}}
2026-09-10T03:16:10.320833Z  INFO detcore: DETLOG [syscall][detcore, dtid 3] finish syscall #171: futex(0x1b51910, 265, 5, NULL, NULL, -1) = Ok(0) DETLOG_RECORD={"schema":1,"event":{"kind":"syscall_result","finished_syscall_number":171}}
2026-09-10T03:16:10.320857Z  INFO detcore: DETLOG [syscall][detcore, dtid 3] inbound syscall: futex(0x1b51910, 265, 5, NULL, NULL, -1) = ? DETLOG_RECORD={"schema":1,"event":{"kind":"syscall"}}
2026-09-10T03:16:10.320874Z  INFO detcore: DETLOG [syscall][detcore, dtid 3] finish syscall #172: futex(0x1b51910, 265, 5, NULL, NULL, -1) = Ok(0) DETLOG_RECORD={"schema":1,"event":{"kind":"syscall_result","finished_syscall_number":172}}
2026-09-10T03:16:10.320899Z  INFO detcore: DETLOG [syscall][detcore, dtid 3] inbound syscall: futex(0x1b51910, 265, 5, NULL, NULL, -1) = ? DETLOG_RECORD={"schema":1,"event":{"kind":"syscall"}}
2026-09-10T03:16:10.320916Z  INFO detcore: DETLOG [syscall][detcore, dtid 3] finish syscall #173: futex(0x1b51910, 265, 5, NULL, NULL, -1) = Ok(0) DETLOG_RECORD={"schema":1,"event":{"kind":"syscall_result","finished_syscall_number":173}}
2026-09-10T03:16:10.320940Z  INFO detcore: DETLOG [syscall][detcore, dtid 3] inbound syscall: futex(0x1b51910, 265, 5, NULL, NULL, -1) = ? DETLOG_RECORD={"schema":1,"event":{"kind":"syscall"}}
2026-09-10T03:16:10.320957Z  INFO detcore: DETLOG [syscall][detcore, dtid 3] finish syscall #174: futex(0x1b51910, 265, 5, NULL, NULL, -1) = Ok(0) DETLOG_RECORD={"schema":1,"event":{"kind":"syscall_result","finished_syscall_number":174}}
2026-09-10T03:16:10.320982Z  INFO detcore: DETLOG [syscall][detcore, dtid 3] inbound syscall: futex(0x1b51910, 265, 5, NULL, NULL, -1) = ? DETLOG_RECORD={"schema":1,"event":{"kind":"syscall"}}
2026-09-10T03:16:10.321306Z  INFO detcore: DETLOG [syscall][detcore, dtid 3] finish syscall #175: futex(0x1b51910, 265, 5, NULL, NULL, -1) = Ok(0) DETLOG_RECORD={"schema":1,"event":{"kind":"syscall_result","finished_syscall_number":175}}
2026-09-10T03:16:10.321338Z  INFO detcore: DETLOG [syscall][detcore, dtid 3] inbound syscall: close(3) = ? DETLOG_RECORD={"schema":1,"event":{"kind":"syscall"}}
2026-09-10T03:16:10.321395Z  INFO detcore: DETLOG [syscall][detcore, dtid 3] finish syscall #176: close(3) = Ok(0) DETLOG_RECORD={"schema":1,"event":{"kind":"syscall_result","finished_syscall_number":176}}
2026-09-10T03:16:10.321415Z  INFO detcore: DETLOG [syscall][detcore, dtid 3] inbound syscall: close(4) = ? DETLOG_RECORD={"schema":1,"event":{"kind":"syscall"}}
2026-09-10T03:16:10.321438Z  INFO detcore: DETLOG [syscall][detcore, dtid 3] finish syscall #177: close(4) = Ok(0) DETLOG_RECORD={"schema":1,"event":{"kind":"syscall_result","finished_syscall_number":177}}
2026-09-10T03:16:10.321472Z  INFO detcore: DETLOG [syscall][detcore, dtid 3] inbound syscall: eventfd2(0, EfdFlags(0x0)) = ? DETLOG_RECORD={"schema":1,"event":{"kind":"syscall"}}
2026-09-10T03:16:10.321511Z  INFO detcore::syscalls::files: Injecting additional fstat to retrieve file metadata on fd 3.
2026-09-10T03:16:10.321543Z  INFO detcore: DETLOG [syscall][detcore, dtid 3] finish syscall #178: eventfd2(0, EfdFlags(0x0)) = Ok(3) DETLOG_RECORD={"schema":1,"event":{"kind":"syscall_result","finished_syscall_number":178}}
2026-09-10T03:16:10.321566Z  INFO detcore: DETLOG [syscall][detcore, dtid 3] inbound syscall: rt_sigprocmask(0, 0x12f7820, 0x3fffea60, 8) = ? DETLOG_RECORD={"schema":1,"event":{"kind":"syscall"}}
2026-09-10T03:16:10.321596Z  INFO detcore: DETLOG [syscall][detcore, dtid 3] finish syscall #179: rt_sigprocmask(0, 0x12f7820, 0x3fffea60, 8) = Ok(0) DETLOG_RECORD={"schema":1,"event":{"kind":"syscall_result","finished_syscall_number":179}}
2026-09-10T03:16:10.321632Z  INFO detcore: DETLOG [syscall][detcore, dtid 3] inbound syscall: clone3(0x3fffe920, 88) = ? DETLOG_RECORD={"schema":1,"event":{"kind":"syscall"}}
2026-09-10T03:16:10.322070Z  INFO detcore::tool_local: DETLOG RNG USER RAND seeding child User pedigree PPC: [157, 214, 223, 185, 49, 166, 229, 87, 243, 114, 213, 36, 192, 169, 237, 74] from parent Mcg128Xsl64 {} DETLOG_RECORD={"schema":1,"event":{"kind":"other"}}
2026-09-10T03:16:10.322102Z  INFO detcore::tool_local: DETLOG RNG CHAOSRAND seeding child Chaos pedigree PPC: [213, 128, 86, 208, 94, 35, 245, 235, 89, 247, 219, 223, 138, 92, 224, 110] from parent Mcg128Xsl64 {} DETLOG_RECORD={"schema":1,"event":{"kind":"other"}}
2026-09-10T03:16:10.322352Z  INFO detcore::scheduler: [sched-step5] >>>>>>>

 COMMIT turn 171, dettid 6 using resources {MemAddrSpace(DetPid(3)): RW}, on previously committed 1_767_225_600.050_626_000s DETLOG_RECORD={"schema":1,"event":{"kind":"scheduler_commit","scheduler_turn":171,"virtual_nanoseconds":1767225600050626000,"internal_io_poll":false,"runtime_maps_read":false}}
2026-09-10T03:16:10.322401Z  INFO detcore::tool_global: [detcore, dtid 6] New thread given go-ahead to proceed via <ivar Go(None)>
2026-09-10T03:16:10.322569Z  INFO detcore: DETLOG [syscall][detcore, dtid 6] inbound syscall: set_robust_list(0x1b51920, 24) = ? DETLOG_RECORD={"schema":1,"event":{"kind":"syscall"}}
2026-09-10T03:16:10.322621Z  INFO detcore: DETLOG [syscall][detcore, dtid 6] finish syscall #1: set_robust_list(0x1b51920, 24) = Ok(0) DETLOG_RECORD={"schema":1,"event":{"kind":"syscall_result","finished_syscall_number":1}}
2026-09-10T03:16:10.322650Z  INFO detcore: DETLOG [syscall][detcore, dtid 6] inbound syscall: rt_sigprocmask(2, 0x1b51f30, NULL, 8) = ? DETLOG_RECORD={"schema":1,"event":{"kind":"syscall"}}
2026-09-10T03:16:10.322684Z  INFO detcore: DETLOG [syscall][detcore, dtid 6] finish syscall #2: rt_sigprocmask(2, 0x1b51f30, NULL, 8) = Ok(0) DETLOG_RECORD={"schema":1,"event":{"kind":"syscall_result","finished_syscall_number":2}}
2026-09-10T03:16:10.322715Z  INFO detcore: DETLOG [syscall][detcore, dtid 6] inbound syscall: clock_nanosleep(CLOCK_REALTIME, 0, 0x1b50e40, 0x1b50e40) = ? DETLOG_RECORD={"schema":1,"event":{"kind":"syscall"}}
2026-09-10T03:16:10.322784Z  INFO detcore::scheduler: [sched-step5] >>>>>>>

 COMMIT turn 172, dettid 3 using resources {ParentContinue { parent: DetPid(3), child: DetPid(6) }: W}, on previously committed 1_767_225_600.053_299_750s DETLOG_RECORD={"schema":1,"event":{"kind":"scheduler_commit","scheduler_turn":172,"virtual_nanoseconds":1767225600053299750,"internal_io_poll":false,"runtime_maps_read":false}}
2026-09-10T03:16:10.322844Z  INFO detcore: DETLOG [syscall][detcore, dtid 3] finish syscall #180: clone3(0x3fffe920, 88) = Ok(6) DETLOG_RECORD={"schema":1,"event":{"kind":"syscall_result","finished_syscall_number":180}}
2026-09-10T03:16:10.322881Z  INFO detcore: DETLOG [syscall][detcore, dtid 3] inbound syscall: rt_sigprocmask(2, 0x3fffea60, NULL, 8) = ? DETLOG_RECORD={"schema":1,"event":{"kind":"syscall"}}
2026-09-10T03:16:10.322912Z  INFO detcore: DETLOG [syscall][detcore, dtid 3] finish syscall #181: rt_sigprocmask(2, 0x3fffea60, NULL, 8) = Ok(0) DETLOG_RECORD={"schema":1,"event":{"kind":"syscall_result","finished_syscall_number":181}}
2026-09-10T03:16:10.322932Z  INFO detcore: DETLOG [syscall][detcore, dtid 3] inbound syscall: readv(3, 0x3fffeb70, 2) = ? DETLOG_RECORD={"schema":1,"event":{"kind":"syscall"}}
2026-09-10T03:16:10.323051Z  INFO detcore::scheduler: [scheduler] >>>>>>>

 NONCOMMIT turn 173, SKIP dettid 6 which wanted resource SleepUntil(LogicalTime(1767225600072799750)) (blocking)
2026-09-10T03:16:10.323084Z  INFO detcore::scheduler: [scheduler] >>>>>>>

 NONCOMMIT turn 174, SKIP dettid 3 polling resource Resources { tid: DetPid(3), resources: {InternalIOPolling: W}, poll_attempt: 1, fyi: "readv", signal_interrupt_errno: 512 }
2026-09-10T03:16:10.323123Z  INFO detcore::scheduler: [sched-step5] >>>>>>>

 COMMIT turn 175, dettid 3 using resources {InternalIOPolling: W}, on previously committed 1_767_225_600.053_800_250s DETLOG_RECORD={"schema":1,"event":{"kind":"scheduler_commit","scheduler_turn":175,"virtual_nanoseconds":1767225600053800250,"internal_io_poll":true,"runtime_maps_read":false}}
2026-09-10T03:16:10.323202Z  INFO detcore::scheduler: [scheduler] >>>>>>>

 NONCOMMIT turn 176, SKIP dettid 3 polling resource Resources { tid: DetPid(3), resources: {InternalIOPolling: W}, poll_attempt: 2, fyi: "readv", signal_interrupt_errno: 512 }
2026-09-10T03:16:10.323232Z  INFO detcore::scheduler: [sched-step5] >>>>>>>

 COMMIT turn 177, dettid 3 using resources {InternalIOPolling: W}, on previously committed 1_767_225_600.054_300_250s DETLOG_RECORD={"schema":1,"event":{"kind":"scheduler_commit","scheduler_turn":177,"virtual_nanoseconds":1767225600054300250,"internal_io_poll":true,"runtime_maps_read":false}}
2026-09-10T03:16:10.323282Z  INFO detcore::scheduler: [scheduler] >>>>>>>

 NONCOMMIT turn 178, SKIP dettid 3 polling resource Resources { tid: DetPid(3), resources: {InternalIOPolling: W}, poll_attempt: 3, fyi: "readv", signal_interrupt_errno: 512 }
2026-09-10T03:16:10.323308Z  INFO detcore::scheduler: [sched-step5] >>>>>>>

 COMMIT turn 179, dettid 3 using resources {InternalIOPolling: W}, on previously committed 1_767_225_600.054_800_250s DETLOG_RECORD={"schema":1,"event":{"kind":"scheduler_commit","scheduler_turn":179,"virtual_nanoseconds":1767225600054800250,"internal_io_poll":true,"runtime_maps_read":false}}
2026-09-10T03:16:10.323355Z  INFO detcore::scheduler: [scheduler] >>>>>>>

 NONCOMMIT turn 180, SKIP dettid 3 polling resource Resources { tid: DetPid(3), resources: {InternalIOPolling: W}, poll_attempt: 4, fyi: "readv", signal_interrupt_errno: 512 }
2026-09-10T03:16:10.323380Z  INFO detcore::scheduler: [sched-step5] >>>>>>>

 COMMIT turn 181, dettid 3 using resources {InternalIOPolling: W}, on previously committed 1_767_225_600.055_300_250s DETLOG_RECORD={"schema":1,"event":{"kind":"scheduler_commit","scheduler_turn":181,"virtual_nanoseconds":1767225600055300250,"internal_io_poll":true,"runtime_maps_read":false}}
2026-09-10T03:16:10.323427Z  INFO detcore::scheduler: [scheduler] >>>>>>>

 NONCOMMIT turn 182, SKIP dettid 3 polling resource Resources { tid: DetPid(3), resources: {InternalIOPolling: W}, poll_attempt: 5, fyi: "readv", signal_interrupt_errno: 512 }
2026-09-10T03:16:10.323452Z  INFO detcore::scheduler: [sched-step5] >>>>>>>

 COMMIT turn 183, dettid 3 using resources {InternalIOPolling: W}, on previously committed 1_767_225_600.055_800_250s DETLOG_RECORD={"schema":1,"event":{"kind":"scheduler_commit","scheduler_turn":183,"virtual_nanoseconds":1767225600055800250,"internal_io_poll":true,"runtime_maps_read":false}}
2026-09-10T03:16:10.323499Z  INFO detcore::scheduler: [scheduler] >>>>>>>

 NONCOMMIT turn 184, SKIP dettid 3 polling resource Resources { tid: DetPid(3), resources: {InternalIOPolling: W}, poll_attempt: 6, fyi: "readv", signal_interrupt_errno: 512 }
2026-09-10T03:16:10.323524Z  INFO detcore::scheduler: [sched-step5] >>>>>>>

 COMMIT turn 185, dettid 3 using resources {InternalIOPolling: W}, on previously committed 1_767_225_600.056_300_250s DETLOG_RECORD={"schema":1,"event":{"kind":"scheduler_commit","scheduler_turn":185,"virtual_nanoseconds":1767225600056300250,"internal_io_poll":true,"runtime_maps_read":false}}
2026-09-10T03:16:10.323573Z  INFO detcore::scheduler: [scheduler] >>>>>>>

 NONCOMMIT turn 186, SKIP dettid 3 polling resource Resources { tid: DetPid(3), resources: {InternalIOPolling: W}, poll_attempt: 7, fyi: "readv", signal_interrupt_errno: 512 }
2026-09-10T03:16:10.323599Z  INFO detcore::scheduler: [sched-step5] >>>>>>>

 COMMIT turn 187, dettid 3 using resources {InternalIOPolling: W}, on previously committed 1_767_225_600.056_800_250s DETLOG_RECORD={"schema":1,"event":{"kind":"scheduler_commit","scheduler_turn":187,"virtual_nanoseconds":1767225600056800250,"internal_io_poll":true,"runtime_maps_read":false}}
2026-09-10T03:16:10.323647Z  INFO detcore::scheduler: [scheduler] >>>>>>>

 NONCOMMIT turn 188, SKIP dettid 3 polling resource Resources { tid: DetPid(3), resources: {InternalIOPolling: W}, poll_attempt: 8, fyi: "readv", signal_interrupt_errno: 512 }
2026-09-10T03:16:10.323674Z  INFO detcore::scheduler: [sched-step5] >>>>>>>

 COMMIT turn 189, dettid 3 using resources {InternalIOPolling: W}, on previously committed 1_767_225_600.057_300_250s DETLOG_RECORD={"schema":1,"event":{"kind":"scheduler_commit","scheduler_turn":189,"virtual_nanoseconds":1767225600057300250,"internal_io_poll":true,"runtime_maps_read":false}}
2026-09-10T03:16:10.323720Z  INFO detcore::scheduler: [scheduler] >>>>>>>

 NONCOMMIT turn 190, SKIP dettid 3 polling resource Resources { tid: DetPid(3), resources: {InternalIOPolling: W}, poll_attempt: 9, fyi: "readv", signal_interrupt_errno: 512 }
2026-09-10T03:16:10.323746Z  INFO detcore::scheduler: [sched-step5] >>>>>>>

 COMMIT turn 191, dettid 3 using resources {InternalIOPolling: W}, on previously committed 1_767_225_600.057_800_250s DETLOG_RECORD={"schema":1,"event":{"kind":"scheduler_commit","scheduler_turn":191,"virtual_nanoseconds":1767225600057800250,"internal_io_poll":true,"runtime_maps_read":false}}
2026-09-10T03:16:10.323799Z  INFO detcore::scheduler: [scheduler] >>>>>>>

 NONCOMMIT turn 192, SKIP dettid 3 polling resource Resources { tid: DetPid(3), resources: {InternalIOPolling: W}, poll_attempt: 10, fyi: "readv", signal_interrupt_errno: 512 }
2026-09-10T03:16:10.323825Z  INFO detcore::scheduler: [sched-step5] >>>>>>>

 COMMIT turn 193, dettid 3 using resources {InternalIOPolling: W}, on previously committed 1_767_225_600.058_300_250s DETLOG_RECORD={"schema":1,"event":{"kind":"scheduler_commit","scheduler_turn":193,"virtual_nanoseconds":1767225600058300250,"internal_io_poll":true,"runtime_maps_read":false}}
2026-09-10T03:16:10.323870Z  INFO detcore::scheduler: [scheduler] >>>>>>>

 NONCOMMIT turn 194, SKIP dettid 3 polling resource Resources { tid: DetPid(3), resources: {InternalIOPolling: W}, poll_attempt: 11, fyi: "readv", signal_interrupt_errno: 512 }
2026-09-10T03:16:10.323895Z  INFO detcore::scheduler: [sched-step5] >>>>>>>

 COMMIT turn 195, dettid 3 using resources {InternalIOPolling: W}, on previously committed 1_767_225_600.058_800_250s DETLOG_RECORD={"schema":1,"event":{"kind":"scheduler_commit","scheduler_turn":195,"virtual_nanoseconds":1767225600058800250,"internal_io_poll":true,"runtime_maps_read":false}}
2026-09-10T03:16:10.323942Z  INFO detcore::scheduler: [scheduler] >>>>>>>

 NONCOMMIT turn 196, SKIP dettid 3 polling resource Resources { tid: DetPid(3), resources: {InternalIOPolling: W}, poll_attempt: 12, fyi: "readv", signal_interrupt_errno: 512 }
2026-09-10T03:16:10.323973Z  INFO detcore::scheduler: [sched-step5] >>>>>>>

 COMMIT turn 197, dettid 3 using resources {InternalIOPolling: W}, on previously committed 1_767_225_600.059_300_250s DETLOG_RECORD={"schema":1,"event":{"kind":"scheduler_commit","scheduler_turn":197,"virtual_nanoseconds":1767225600059300250,"internal_io_poll":true,"runtime_maps_read":false}}
2026-09-10T03:16:10.324019Z  INFO detcore::scheduler: [scheduler] >>>>>>>

 NONCOMMIT turn 198, SKIP dettid 3 polling resource Resources { tid: DetPid(3), resources: {InternalIOPolling: W}, poll_attempt: 13, fyi: "readv", signal_interrupt_errno: 512 }
2026-09-10T03:16:10.324044Z  INFO detcore::scheduler: [sched-step5] >>>>>>>

 COMMIT turn 199, dettid 3 using resources {InternalIOPolling: W}, on previously committed 1_767_225_600.059_800_250s DETLOG_RECORD={"schema":1,"event":{"kind":"scheduler_commit","scheduler_turn":199,"virtual_nanoseconds":1767225600059800250,"internal_io_poll":true,"runtime_maps_read":false}}
2026-09-10T03:16:10.324090Z  INFO detcore::scheduler: [scheduler] >>>>>>>

 NONCOMMIT turn 200, SKIP dettid 3 polling resource Resources { tid: DetPid(3), resources: {InternalIOPolling: W}, poll_attempt: 14, fyi: "readv", signal_interrupt_errno: 512 }
2026-09-10T03:16:10.324115Z  INFO detcore::scheduler: [sched-step5] >>>>>>>

 COMMIT turn 201, dettid 3 using resources {InternalIOPolling: W}, on previously committed 1_767_225_600.060_300_250s DETLOG_RECORD={"schema":1,"event":{"kind":"scheduler_commit","scheduler_turn":201,"virtual_nanoseconds":1767225600060300250,"internal_io_poll":true,"runtime_maps_read":false}}
2026-09-10T03:16:10.324163Z  INFO detcore::scheduler: [scheduler] >>>>>>>

 NONCOMMIT turn 202, SKIP dettid 3 polling resource Resources { tid: DetPid(3), resources: {InternalIOPolling: W}, poll_attempt: 15, fyi: "readv", signal_interrupt_errno: 512 }
2026-09-10T03:16:10.324191Z  INFO detcore::scheduler: [sched-step5] >>>>>>>

 COMMIT turn 203, dettid 3 using resources {InternalIOPolling: W}, on previously committed 1_767_225_600.060_800_250s DETLOG_RECORD={"schema":1,"event":{"kind":"scheduler_commit","scheduler_turn":203,"virtual_nanoseconds":1767225600060800250,"internal_io_poll":true,"runtime_maps_read":false}}
2026-09-10T03:16:10.324237Z  INFO detcore::scheduler: [scheduler] >>>>>>>

 NONCOMMIT turn 204, SKIP dettid 3 polling resource Resources { tid: DetPid(3), resources: {InternalIOPolling: W}, poll_attempt: 16, fyi: "readv", signal_interrupt_errno: 512 }
2026-09-10T03:16:10.324262Z  INFO detcore::scheduler: [sched-step5] >>>>>>>

 COMMIT turn 205, dettid 3 using resources {InternalIOPolling: W}, on previously committed 1_767_225_600.061_300_250s DETLOG_RECORD={"schema":1,"event":{"kind":"scheduler_commit","scheduler_turn":205,"virtual_nanoseconds":1767225600061300250,"internal_io_poll":true,"runtime_maps_read":false}}
2026-09-10T03:16:10.324308Z  INFO detcore::scheduler: [scheduler] >>>>>>>

 NONCOMMIT turn 206, SKIP dettid 3 polling resource Resources { tid: DetPid(3), resources: {InternalIOPolling: W}, poll_attempt: 17, fyi: "readv", signal_interrupt_errno: 512 }
2026-09-10T03:16:10.324333Z  INFO detcore::scheduler: [sched-step5] >>>>>>>

 COMMIT turn 207, dettid 3 using resources {InternalIOPolling: W}, on previously committed 1_767_225_600.061_800_250s DETLOG_RECORD={"schema":1,"event":{"kind":"scheduler_commit","scheduler_turn":207,"virtual_nanoseconds":1767225600061800250,"internal_io_poll":true,"runtime_maps_read":false}}
2026-09-10T03:16:10.324378Z  INFO detcore::scheduler: [scheduler] >>>>>>>

 NONCOMMIT turn 208, SKIP dettid 3 polling resource Resources { tid: DetPid(3), resources: {InternalIOPolling: W}, poll_attempt: 18, fyi: "readv", signal_interrupt_errno: 512 }
2026-09-10T03:16:10.324403Z  INFO detcore::scheduler: [sched-step5] >>>>>>>

 COMMIT turn 209, dettid 3 using resources {InternalIOPolling: W}, on previously committed 1_767_225_600.062_300_250s DETLOG_RECORD={"schema":1,"event":{"kind":"scheduler_commit","scheduler_turn":209,"virtual_nanoseconds":1767225600062300250,"internal_io_poll":true,"runtime_maps_read":false}}
2026-09-10T03:16:10.324448Z  INFO detcore::scheduler: [scheduler] >>>>>>>

 NONCOMMIT turn 210, SKIP dettid 3 polling resource Resources { tid: DetPid(3), resources: {InternalIOPolling: W}, poll_attempt: 19, fyi: "readv", signal_interrupt_errno: 512 }
2026-09-10T03:16:10.324473Z  INFO detcore::scheduler: [sched-step5] >>>>>>>

 COMMIT turn 211, dettid 3 using resources {InternalIOPolling: W}, on previously committed 1_767_225_600.062_800_250s DETLOG_RECORD={"schema":1,"event":{"kind":"scheduler_commit","scheduler_turn":211,"virtual_nanoseconds":1767225600062800250,"internal_io_poll":true,"runtime_maps_read":false}}
2026-09-10T03:16:10.324519Z  INFO detcore::scheduler: [scheduler] >>>>>>>

 NONCOMMIT turn 212, SKIP dettid 3 polling resource Resources { tid: DetPid(3), resources: {InternalIOPolling: W}, poll_attempt: 20, fyi: "readv", signal_interrupt_errno: 512 }
2026-09-10T03:16:10.324543Z  INFO detcore::scheduler: [sched-step5] >>>>>>>

 COMMIT turn 213, dettid 3 using resources {InternalIOPolling: W}, on previously committed 1_767_225_600.063_300_250s DETLOG_RECORD={"schema":1,"event":{"kind":"scheduler_commit","scheduler_turn":213,"virtual_nanoseconds":1767225600063300250,"internal_io_poll":true,"runtime_maps_read":false}}
2026-09-10T03:16:10.324593Z  INFO detcore::scheduler: [scheduler] >>>>>>>

 NONCOMMIT turn 214, SKIP dettid 3 polling resource Resources { tid: DetPid(3), resources: {InternalIOPolling: W}, poll_attempt: 21, fyi: "readv", signal_interrupt_errno: 512 }
2026-09-10T03:16:10.324620Z  INFO detcore::scheduler: [sched-step5] >>>>>>>

 COMMIT turn 215, dettid 3 using resources {InternalIOPolling: W}, on previously committed 1_767_225_600.063_800_250s DETLOG_RECORD={"schema":1,"event":{"kind":"scheduler_commit","scheduler_turn":215,"virtual_nanoseconds":1767225600063800250,"internal_io_poll":true,"runtime_maps_read":false}}
2026-09-10T03:16:10.324667Z  INFO detcore::scheduler: [scheduler] >>>>>>>

 NONCOMMIT turn 216, SKIP dettid 3 polling resource Resources { tid: DetPid(3), resources: {InternalIOPolling: W}, poll_attempt: 22, fyi: "readv", signal_interrupt_errno: 512 }
2026-09-10T03:16:10.324692Z  INFO detcore::scheduler: [sched-step5] >>>>>>>

 COMMIT turn 217, dettid 3 using resources {InternalIOPolling: W}, on previously committed 1_767_225_600.064_300_250s DETLOG_RECORD={"schema":1,"event":{"kind":"scheduler_commit","scheduler_turn":217,"virtual_nanoseconds":1767225600064300250,"internal_io_poll":true,"runtime_maps_read":false}}
2026-09-10T03:16:10.324738Z  INFO detcore::scheduler: [scheduler] >>>>>>>

 NONCOMMIT turn 218, SKIP dettid 3 polling resource Resources { tid: DetPid(3), resources: {InternalIOPolling: W}, poll_attempt: 23, fyi: "readv", signal_interrupt_errno: 512 }
2026-09-10T03:16:10.324763Z  INFO detcore::scheduler: [sched-step5] >>>>>>>

 COMMIT turn 219, dettid 3 using resources {InternalIOPolling: W}, on previously committed 1_767_225_600.064_800_250s DETLOG_RECORD={"schema":1,"event":{"kind":"scheduler_commit","scheduler_turn":219,"virtual_nanoseconds":1767225600064800250,"internal_io_poll":true,"runtime_maps_read":false}}
2026-09-10T03:16:10.324818Z  INFO detcore::scheduler: [scheduler] >>>>>>>

 NONCOMMIT turn 220, SKIP dettid 3 polling resource Resources { tid: DetPid(3), resources: {InternalIOPolling: W}, poll_attempt: 24, fyi: "readv", signal_interrupt_errno: 512 }
2026-09-10T03:16:10.324845Z  INFO detcore::scheduler: [sched-step5] >>>>>>>

 COMMIT turn 221, dettid 3 using resources {InternalIOPolling: W}, on previously committed 1_767_225_600.065_300_250s DETLOG_RECORD={"schema":1,"event":{"kind":"scheduler_commit","scheduler_turn":221,"virtual_nanoseconds":1767225600065300250,"internal_io_poll":true,"runtime_maps_read":false}}
2026-09-10T03:16:10.324890Z  INFO detcore::scheduler: [scheduler] >>>>>>>

 NONCOMMIT turn 222, SKIP dettid 3 polling resource Resources { tid: DetPid(3), resources: {InternalIOPolling: W}, poll_attempt: 25, fyi: "readv", signal_interrupt_errno: 512 }
2026-09-10T03:16:10.324915Z  INFO detcore::scheduler: [sched-step5] >>>>>>>

 COMMIT turn 223, dettid 3 using resources {InternalIOPolling: W}, on previously committed 1_767_225_600.065_800_250s DETLOG_RECORD={"schema":1,"event":{"kind":"scheduler_commit","scheduler_turn":223,"virtual_nanoseconds":1767225600065800250,"internal_io_poll":true,"runtime_maps_read":false}}
2026-09-10T03:16:10.324961Z  INFO detcore::scheduler: [scheduler] >>>>>>>

 NONCOMMIT turn 224, SKIP dettid 3 polling resource Resources { tid: DetPid(3), resources: {InternalIOPolling: W}, poll_attempt: 26, fyi: "readv", signal_interrupt_errno: 512 }
2026-09-10T03:16:10.324985Z  INFO detcore::scheduler: [sched-step5] >>>>>>>

 COMMIT turn 225, dettid 3 using resources {InternalIOPolling: W}, on previously committed 1_767_225_600.066_300_250s DETLOG_RECORD={"schema":1,"event":{"kind":"scheduler_commit","scheduler_turn":225,"virtual_nanoseconds":1767225600066300250,"internal_io_poll":true,"runtime_maps_read":false}}
2026-09-10T03:16:10.325031Z  INFO detcore::scheduler: [scheduler] >>>>>>>

 NONCOMMIT turn 226, SKIP dettid 3 polling resource Resources { tid: DetPid(3), resources: {InternalIOPolling: W}, poll_attempt: 27, fyi: "readv", signal_interrupt_errno: 512 }
2026-09-10T03:16:10.325055Z  INFO detcore::scheduler: [sched-step5] >>>>>>>

 COMMIT turn 227, dettid 3 using resources {InternalIOPolling: W}, on previously committed 1_767_225_600.066_800_250s DETLOG_RECORD={"schema":1,"event":{"kind":"scheduler_commit","scheduler_turn":227,"virtual_nanoseconds":1767225600066800250,"internal_io_poll":true,"runtime_maps_read":false}}
2026-09-10T03:16:10.325102Z  INFO detcore::scheduler: [scheduler] >>>>>>>

 NONCOMMIT turn 228, SKIP dettid 3 polling resource Resources { tid: DetPid(3), resources: {InternalIOPolling: W}, poll_attempt: 28, fyi: "readv", signal_interrupt_errno: 512 }
2026-09-10T03:16:10.325129Z  INFO detcore::scheduler: [sched-step5] >>>>>>>

 COMMIT turn 229, dettid 3 using resources {InternalIOPolling: W}, on previously committed 1_767_225_600.067_300_250s DETLOG_RECORD={"schema":1,"event":{"kind":"scheduler_commit","scheduler_turn":229,"virtual_nanoseconds":1767225600067300250,"internal_io_poll":true,"runtime_maps_read":false}}
2026-09-10T03:16:10.325174Z  INFO detcore::scheduler: [scheduler] >>>>>>>

 NONCOMMIT turn 230, SKIP dettid 3 polling resource Resources { tid: DetPid(3), resources: {InternalIOPolling: W}, poll_attempt: 29, fyi: "readv", signal_interrupt_errno: 512 }
2026-09-10T03:16:10.325200Z  INFO detcore::scheduler: [sched-step5] >>>>>>>

 COMMIT turn 231, dettid 3 using resources {InternalIOPolling: W}, on previously committed 1_767_225_600.067_800_250s DETLOG_RECORD={"schema":1,"event":{"kind":"scheduler_commit","scheduler_turn":231,"virtual_nanoseconds":1767225600067800250,"internal_io_poll":true,"runtime_maps_read":false}}
2026-09-10T03:16:10.325252Z  INFO detcore::scheduler: [scheduler] >>>>>>>

 NONCOMMIT turn 232, SKIP dettid 3 polling resource Resources { tid: DetPid(3), resources: {InternalIOPolling: W}, poll_attempt: 30, fyi: "readv", signal_interrupt_errno: 512 }
2026-09-10T03:16:10.325277Z  INFO detcore::scheduler: [sched-step5] >>>>>>>

 COMMIT turn 233, dettid 3 using resources {InternalIOPolling: W}, on previously committed 1_767_225_600.068_300_250s DETLOG_RECORD={"schema":1,"event":{"kind":"scheduler_commit","scheduler_turn":233,"virtual_nanoseconds":1767225600068300250,"internal_io_poll":true,"runtime_maps_read":false}}
2026-09-10T03:16:10.325323Z  INFO detcore::scheduler: [scheduler] >>>>>>>

 NONCOMMIT turn 234, SKIP dettid 3 polling resource Resources { tid: DetPid(3), resources: {InternalIOPolling: W}, poll_attempt: 31, fyi: "readv", signal_interrupt_errno: 512 }
2026-09-10T03:16:10.325349Z  INFO detcore::scheduler: [sched-step5] >>>>>>>

 COMMIT turn 235, dettid 3 using resources {InternalIOPolling: W}, on previously committed 1_767_225_600.068_800_250s DETLOG_RECORD={"schema":1,"event":{"kind":"scheduler_commit","scheduler_turn":235,"virtual_nanoseconds":1767225600068800250,"internal_io_poll":true,"runtime_maps_read":false}}
2026-09-10T03:16:10.325394Z  INFO detcore::scheduler: [scheduler] >>>>>>>

 NONCOMMIT turn 236, SKIP dettid 3 polling resource Resources { tid: DetPid(3), resources: {InternalIOPolling: W}, poll_attempt: 32, fyi: "readv", signal_interrupt_errno: 512 }
2026-09-10T03:16:10.325419Z  INFO detcore::scheduler: [sched-step5] >>>>>>>

 COMMIT turn 237, dettid 3 using resources {InternalIOPolling: W}, on previously committed 1_767_225_600.069_300_250s DETLOG_RECORD={"schema":1,"event":{"kind":"scheduler_commit","scheduler_turn":237,"virtual_nanoseconds":1767225600069300250,"internal_io_poll":true,"runtime_maps_read":false}}
2026-09-10T03:16:10.325465Z  INFO detcore::scheduler: [scheduler] >>>>>>>

 NONCOMMIT turn 238, SKIP dettid 3 polling resource Resources { tid: DetPid(3), resources: {InternalIOPolling: W}, poll_attempt: 33, fyi: "readv", signal_interrupt_errno: 512 }
2026-09-10T03:16:10.325490Z  INFO detcore::scheduler: [sched-step5] >>>>>>>

 COMMIT turn 239, dettid 3 using resources {InternalIOPolling: W}, on previously committed 1_767_225_600.069_800_250s DETLOG_RECORD={"schema":1,"event":{"kind":"scheduler_commit","scheduler_turn":239,"virtual_nanoseconds":1767225600069800250,"internal_io_poll":true,"runtime_maps_read":false}}
2026-09-10T03:16:10.325535Z  INFO detcore::scheduler: [scheduler] >>>>>>>

 NONCOMMIT turn 240, SKIP dettid 3 polling resource Resources { tid: DetPid(3), resources: {InternalIOPolling: W}, poll_attempt: 34, fyi: "readv", signal_interrupt_errno: 512 }
2026-09-10T03:16:10.325562Z  INFO detcore::scheduler: [sched-step5] >>>>>>>

 COMMIT turn 241, dettid 3 using resources {InternalIOPolling: W}, on previously committed 1_767_225_600.070_300_250s DETLOG_RECORD={"schema":1,"event":{"kind":"scheduler_commit","scheduler_turn":241,"virtual_nanoseconds":1767225600070300250,"internal_io_poll":true,"runtime_maps_read":false}}
2026-09-10T03:16:10.325612Z  INFO detcore::scheduler: [scheduler] >>>>>>>

 NONCOMMIT turn 242, SKIP dettid 3 polling resource Resources { tid: DetPid(3), resources: {InternalIOPolling: W}, poll_attempt: 35, fyi: "readv", signal_interrupt_errno: 512 }
2026-09-10T03:16:10.325638Z  INFO detcore::scheduler: [sched-step5] >>>>>>>

 COMMIT turn 243, dettid 3 using resources {InternalIOPolling: W}, on previously committed 1_767_225_600.070_800_250s DETLOG_RECORD={"schema":1,"event":{"kind":"scheduler_commit","scheduler_turn":243,"virtual_nanoseconds":1767225600070800250,"internal_io_poll":true,"runtime_maps_read":false}}
2026-09-10T03:16:10.325683Z  INFO detcore::scheduler: [scheduler] >>>>>>>

 NONCOMMIT turn 244, SKIP dettid 3 polling resource Resources { tid: DetPid(3), resources: {InternalIOPolling: W}, poll_attempt: 36, fyi: "readv", signal_interrupt_errno: 512 }
2026-09-10T03:16:10.325708Z  INFO detcore::scheduler: [sched-step5] >>>>>>>

 COMMIT turn 245, dettid 3 using resources {InternalIOPolling: W}, on previously committed 1_767_225_600.071_300_250s DETLOG_RECORD={"schema":1,"event":{"kind":"scheduler_commit","scheduler_turn":245,"virtual_nanoseconds":1767225600071300250,"internal_io_poll":true,"runtime_maps_read":false}}
2026-09-10T03:16:10.325754Z  INFO detcore::scheduler: [scheduler] >>>>>>>

 NONCOMMIT turn 246, SKIP dettid 3 polling resource Resources { tid: DetPid(3), resources: {InternalIOPolling: W}, poll_attempt: 37, fyi: "readv", signal_interrupt_errno: 512 }
2026-09-10T03:16:10.325783Z  INFO detcore::scheduler: [sched-step5] >>>>>>>

 COMMIT turn 247, dettid 3 using resources {InternalIOPolling: W}, on previously committed 1_767_225_600.071_800_250s DETLOG_RECORD={"schema":1,"event":{"kind":"scheduler_commit","scheduler_turn":247,"virtual_nanoseconds":1767225600071800250,"internal_io_poll":true,"runtime_maps_read":false}}
2026-09-10T03:16:10.325831Z  INFO detcore::scheduler: [scheduler] >>>>>>>

 NONCOMMIT turn 248, SKIP dettid 3 polling resource Resources { tid: DetPid(3), resources: {InternalIOPolling: W}, poll_attempt: 38, fyi: "readv", signal_interrupt_errno: 512 }
2026-09-10T03:16:10.325856Z  INFO detcore::scheduler: [sched-step5] >>>>>>>

 COMMIT turn 249, dettid 3 using resources {InternalIOPolling: W}, on previously committed 1_767_225_600.072_300_250s DETLOG_RECORD={"schema":1,"event":{"kind":"scheduler_commit","scheduler_turn":249,"virtual_nanoseconds":1767225600072300250,"internal_io_poll":true,"runtime_maps_read":false}}
2026-09-10T03:16:10.325915Z  INFO detcore::scheduler: [sched-step5] >>>>>>>

 COMMIT turn 250, dettid 6 using resources {SleepUntil(LogicalTime(1767225600072799750)): W}, on previously committed 1_767_225_600.072_800_250s DETLOG_RECORD={"schema":1,"event":{"kind":"scheduler_commit","scheduler_turn":250,"virtual_nanoseconds":1767225600072800250,"internal_io_poll":false,"runtime_maps_read":false}}
2026-09-10T03:16:10.325956Z  INFO detcore: DETLOG [syscall][detcore, dtid 6] finish syscall #3: clock_nanosleep(CLOCK_REALTIME, 0, 0x1b50e40, 0x1b50e40) = Ok(0) DETLOG_RECORD={"schema":1,"event":{"kind":"syscall_result","finished_syscall_number":3}}
2026-09-10T03:16:10.326005Z  INFO detcore: DETLOG [syscall][detcore, dtid 6] inbound syscall: write(3, 0x1b50e38, 8) = ? DETLOG_RECORD={"schema":1,"event":{"kind":"syscall"}}
2026-09-10T03:16:10.326085Z  INFO detcore::scheduler: [scheduler] >>>>>>>

 NONCOMMIT turn 251, SKIP dettid 3 polling resource Resources { tid: DetPid(3), resources: {InternalIOPolling: W}, poll_attempt: 39, fyi: "readv", signal_interrupt_errno: 512 }
2026-09-10T03:16:10.326122Z  INFO detcore::scheduler: [sched-step5] >>>>>>>

 COMMIT turn 252, dettid 6 using resources {InternalIOPolling: W}, on previously committed 1_767_225_600.073_310_250s DETLOG_RECORD={"schema":1,"event":{"kind":"scheduler_commit","scheduler_turn":252,"virtual_nanoseconds":1767225600073310250,"internal_io_poll":true,"runtime_maps_read":false}}
2026-09-10T03:16:10.326183Z  INFO detcore: DETLOG [syscall][detcore, dtid 6] finish syscall #4: write(3, 0x1b50e38, 8) = Ok(8) DETLOG_RECORD={"schema":1,"event":{"kind":"syscall_result","finished_syscall_number":4}}
2026-09-10T03:16:10.326209Z  INFO detcore::io_buffers: DETLOG [iobuf][dtid 6] write out fd=3 0x1b50e38+8->7c9fa136d4413fa6173637e883b6998d32e1d675f88cddff9dcbcf331820f4b8 DETLOG_RECORD={"schema":1,"event":{"kind":"other"}}
2026-09-10T03:16:10.326243Z  INFO detcore: DETLOG [syscall][detcore, dtid 6] inbound syscall: rt_sigprocmask(0, 0x1b51f30, NULL, 8) = ? DETLOG_RECORD={"schema":1,"event":{"kind":"syscall"}}
2026-09-10T03:16:10.326274Z  INFO detcore: DETLOG [syscall][detcore, dtid 6] finish syscall #5: rt_sigprocmask(0, 0x1b51f30, NULL, 8) = Ok(0) DETLOG_RECORD={"schema":1,"event":{"kind":"syscall_result","finished_syscall_number":5}}
2026-09-10T03:16:10.326295Z  INFO detcore: DETLOG [syscall][detcore, dtid 6] inbound syscall: madvise(0x1351000, 8368128, 4) = ? DETLOG_RECORD={"schema":1,"event":{"kind":"syscall"}}
2026-09-10T03:16:10.326309Z  INFO detcore::syscalls::memory: DETLOG [dtid 6] madvise advice 4 is unsupported by this backend DETLOG_RECORD={"schema":1,"event":{"kind":"other"}}
2026-09-10T03:16:10.326318Z  INFO detcore: DETLOG [syscall][detcore, dtid 6] finish syscall #6: madvise(0x1351000, 8368128, 4) = Err(Errno(ENOSYS)) DETLOG_RECORD={"schema":1,"event":{"kind":"syscall_result","finished_syscall_number":6}}
2026-09-10T03:16:10.326340Z  INFO detcore: DETLOG [syscall][detcore, dtid 6] inbound syscall: exit(0) = ? DETLOG_RECORD={"schema":1,"event":{"kind":"syscall"}}
2026-09-10T03:16:10.326399Z  INFO detcore::scheduler: [sched-step5] >>>>>>>

 COMMIT turn 253, dettid 6 using resources {Exit { group: false, process: DetPid(3), mm: MmId { creator: DetPid(3), generation: 1 } }: RW}, on previously committed 1_767_225_600.074_070_500s DETLOG_RECORD={"schema":1,"event":{"kind":"scheduler_commit","scheduler_turn":253,"virtual_nanoseconds":1767225600074070500,"internal_io_poll":false,"runtime_maps_read":false}}
2026-09-10T03:16:10.326486Z  INFO detcore::scheduler: logically_kill: Scheduler removing all knowledge of [det]tid 6 in pid 3..
2026-09-10T03:16:10.326545Z  INFO detcore::scheduler: [sched-step5] >>>>>>>

 COMMIT turn 254, dettid 3 using resources {InternalIOPolling: W}, on previously committed 1_767_225_600.074_570_500s DETLOG_RECORD={"schema":1,"event":{"kind":"scheduler_commit","scheduler_turn":254,"virtual_nanoseconds":1767225600074570500,"internal_io_poll":true,"runtime_maps_read":false}}
2026-09-10T03:16:10.326643Z  INFO detcore: DETLOG [syscall][detcore, dtid 3] finish syscall #182: readv(3, 0x3fffeb70, 2) = Ok(8) DETLOG_RECORD={"schema":1,"event":{"kind":"syscall_result","finished_syscall_number":182}}
2026-09-10T03:16:10.326670Z  INFO detcore::io_buffers: DETLOG [iobuf][dtid 3] readv in fd=3 0x3fffeb54+4->67abdd721024f0ff4e0b3f4c2fc13bc5bad42d0b7851d456d88d203d15aaa450 DETLOG_RECORD={"schema":1,"event":{"kind":"other"}}
2026-09-10T03:16:10.326685Z  INFO detcore::io_buffers: DETLOG [iobuf][dtid 3] readv in fd=3 0x3fffeb58+4->df3f619804a92fdb4057192dc43dd748ea778adc52bc498ce80524c014b81119 DETLOG_RECORD={"schema":1,"event":{"kind":"other"}}
2026-09-10T03:16:10.326733Z  INFO detcore: DETLOG [syscall][detcore, dtid 3] inbound syscall: futex(0x1b51910, 265, 6, NULL, NULL, -1) = ? DETLOG_RECORD={"schema":1,"event":{"kind":"syscall"}}
2026-09-10T03:16:10.326766Z  INFO detcore: DETLOG [syscall][detcore, dtid 3] finish syscall #183: futex(0x1b51910, 265, 6, NULL, NULL, -1) = Ok(0) DETLOG_RECORD={"schema":1,"event":{"kind":"syscall_result","finished_syscall_number":183}}
2026-09-10T03:16:10.326800Z  INFO detcore: DETLOG [syscall][detcore, dtid 3] inbound syscall: futex(0x1b51910, 265, 6, NULL, NULL, -1) = ? DETLOG_RECORD={"schema":1,"event":{"kind":"syscall"}}
2026-09-10T03:16:10.326822Z  INFO detcore: DETLOG [syscall][detcore, dtid 3] finish syscall #184: futex(0x1b51910, 265, 6, NULL, NULL, -1) = Ok(0) DETLOG_RECORD={"schema":1,"event":{"kind":"syscall_result","finished_syscall_number":184}}
2026-09-10T03:16:10.326850Z  INFO detcore: DETLOG [syscall][detcore, dtid 3] inbound syscall: futex(0x1b51910, 265, 6, NULL, NULL, -1) = ? DETLOG_RECORD={"schema":1,"event":{"kind":"syscall"}}
2026-09-10T03:16:10.326867Z  INFO detcore: DETLOG [syscall][detcore, dtid 3] finish syscall #185: futex(0x1b51910, 265, 6, NULL, NULL, -1) = Ok(0) DETLOG_RECORD={"schema":1,"event":{"kind":"syscall_result","finished_syscall_number":185}}
2026-09-10T03:16:10.326892Z  INFO detcore: DETLOG [syscall][detcore, dtid 3] inbound syscall: futex(0x1b51910, 265, 6, NULL, NULL, -1) = ? DETLOG_RECORD={"schema":1,"event":{"kind":"syscall"}}
2026-09-10T03:16:10.326909Z  INFO detcore: DETLOG [syscall][detcore, dtid 3] finish syscall #186: futex(0x1b51910, 265, 6, NULL, NULL, -1) = Ok(0) DETLOG_RECORD={"schema":1,"event":{"kind":"syscall_result","finished_syscall_number":186}}
2026-09-10T03:16:10.326933Z  INFO detcore: DETLOG [syscall][detcore, dtid 3] inbound syscall: futex(0x1b51910, 265, 6, NULL, NULL, -1) = ? DETLOG_RECORD={"schema":1,"event":{"kind":"syscall"}}
2026-09-10T03:16:10.326950Z  INFO detcore: DETLOG [syscall][detcore, dtid 3] finish syscall #187: futex(0x1b51910, 265, 6, NULL, NULL, -1) = Ok(0) DETLOG_RECORD={"schema":1,"event":{"kind":"syscall_result","finished_syscall_number":187}}
2026-09-10T03:16:10.326974Z  INFO detcore: DETLOG [syscall][detcore, dtid 3] inbound syscall: futex(0x1b51910, 265, 6, NULL, NULL, -1) = ? DETLOG_RECORD={"schema":1,"event":{"kind":"syscall"}}
2026-09-10T03:16:10.326991Z  INFO detcore: DETLOG [syscall][detcore, dtid 3] finish syscall #188: futex(0x1b51910, 265, 6, NULL, NULL, -1) = Ok(0) DETLOG_RECORD={"schema":1,"event":{"kind":"syscall_result","finished_syscall_number":188}}
2026-09-10T03:16:10.327016Z  INFO detcore: DETLOG [syscall][detcore, dtid 3] inbound syscall: futex(0x1b51910, 265, 6, NULL, NULL, -1) = ? DETLOG_RECORD={"schema":1,"event":{"kind":"syscall"}}
2026-09-10T03:16:10.327032Z  INFO detcore: DETLOG [syscall][detcore, dtid 3] finish syscall #189: futex(0x1b51910, 265, 6, NULL, NULL, -1) = Ok(0) DETLOG_RECORD={"schema":1,"event":{"kind":"syscall_result","finished_syscall_number":189}}
2026-09-10T03:16:10.327057Z  INFO detcore: DETLOG [syscall][detcore, dtid 3] inbound syscall: futex(0x1b51910, 265, 6, NULL, NULL, -1) = ? DETLOG_RECORD={"schema":1,"event":{"kind":"syscall"}}
2026-09-10T03:16:10.327074Z  INFO detcore: DETLOG [syscall][detcore, dtid 3] finish syscall #190: futex(0x1b51910, 265, 6, NULL, NULL, -1) = Ok(0) DETLOG_RECORD={"schema":1,"event":{"kind":"syscall_result","finished_syscall_number":190}}
2026-09-10T03:16:10.327098Z  INFO detcore: DETLOG [syscall][detcore, dtid 3] inbound syscall: futex(0x1b51910, 265, 6, NULL, NULL, -1) = ? DETLOG_RECORD={"schema":1,"event":{"kind":"syscall"}}
2026-09-10T03:16:10.327115Z  INFO detcore: DETLOG [syscall][detcore, dtid 3] finish syscall #191: futex(0x1b51910, 265, 6, NULL, NULL, -1) = Ok(0) DETLOG_RECORD={"schema":1,"event":{"kind":"syscall_result","finished_syscall_number":191}}
2026-09-10T03:16:10.327139Z  INFO detcore: DETLOG [syscall][detcore, dtid 3] inbound syscall: futex(0x1b51910, 265, 6, NULL, NULL, -1) = ? DETLOG_RECORD={"schema":1,"event":{"kind":"syscall"}}
2026-09-10T03:16:10.327156Z  INFO detcore: DETLOG [syscall][detcore, dtid 3] finish syscall #192: futex(0x1b51910, 265, 6, NULL, NULL, -1) = Ok(0) DETLOG_RECORD={"schema":1,"event":{"kind":"syscall_result","finished_syscall_number":192}}
2026-09-10T03:16:10.327180Z  INFO detcore: DETLOG [syscall][detcore, dtid 3] inbound syscall: futex(0x1b51910, 265, 6, NULL, NULL, -1) = ? DETLOG_RECORD={"schema":1,"event":{"kind":"syscall"}}
2026-09-10T03:16:10.327198Z  INFO detcore: DETLOG [syscall][detcore, dtid 3] finish syscall #193: futex(0x1b51910, 265, 6, NULL, NULL, -1) = Ok(0) DETLOG_RECORD={"schema":1,"event":{"kind":"syscall_result","finished_syscall_number":193}}
2026-09-10T03:16:10.327223Z  INFO detcore: DETLOG [syscall][detcore, dtid 3] inbound syscall: futex(0x1b51910, 265, 6, NULL, NULL, -1) = ? DETLOG_RECORD={"schema":1,"event":{"kind":"syscall"}}
2026-09-10T03:16:10.327241Z  INFO detcore: DETLOG [syscall][detcore, dtid 3] finish syscall #194: futex(0x1b51910, 265, 6, NULL, NULL, -1) = Ok(0) DETLOG_RECORD={"schema":1,"event":{"kind":"syscall_result","finished_syscall_number":194}}
2026-09-10T03:16:10.327265Z  INFO detcore: DETLOG [syscall][detcore, dtid 3] inbound syscall: futex(0x1b51910, 265, 6, NULL, NULL, -1) = ? DETLOG_RECORD={"schema":1,"event":{"kind":"syscall"}}
2026-09-10T03:16:10.327282Z  INFO detcore: DETLOG [syscall][detcore, dtid 3] finish syscall #195: futex(0x1b51910, 265, 6, NULL, NULL, -1) = Ok(0) DETLOG_RECORD={"schema":1,"event":{"kind":"syscall_result","finished_syscall_number":195}}
2026-09-10T03:16:10.327307Z  INFO detcore: DETLOG [syscall][detcore, dtid 3] inbound syscall: futex(0x1b51910, 265, 6, NULL, NULL, -1) = ? DETLOG_RECORD={"schema":1,"event":{"kind":"syscall"}}
2026-09-10T03:16:10.327323Z  INFO detcore: DETLOG [syscall][detcore, dtid 3] finish syscall #196: futex(0x1b51910, 265, 6, NULL, NULL, -1) = Ok(0) DETLOG_RECORD={"schema":1,"event":{"kind":"syscall_result","finished_syscall_number":196}}
2026-09-10T03:16:10.327348Z  INFO detcore: DETLOG [syscall][detcore, dtid 3] inbound syscall: futex(0x1b51910, 265, 6, NULL, NULL, -1) = ? DETLOG_RECORD={"schema":1,"event":{"kind":"syscall"}}
2026-09-10T03:16:10.327365Z  INFO detcore: DETLOG [syscall][detcore, dtid 3] finish syscall #197: futex(0x1b51910, 265, 6, NULL, NULL, -1) = Ok(0) DETLOG_RECORD={"schema":1,"event":{"kind":"syscall_result","finished_syscall_number":197}}
2026-09-10T03:16:10.327389Z  INFO detcore: DETLOG [syscall][detcore, dtid 3] inbound syscall: futex(0x1b51910, 265, 6, NULL, NULL, -1) = ? DETLOG_RECORD={"schema":1,"event":{"kind":"syscall"}}
2026-09-10T03:16:10.327406Z  INFO detcore: DETLOG [syscall][detcore, dtid 3] finish syscall #198: futex(0x1b51910, 265, 6, NULL, NULL, -1) = Ok(0) DETLOG_RECORD={"schema":1,"event":{"kind":"syscall_result","finished_syscall_number":198}}
2026-09-10T03:16:10.327430Z  INFO detcore: DETLOG [syscall][detcore, dtid 3] inbound syscall: futex(0x1b51910, 265, 6, NULL, NULL, -1) = ? DETLOG_RECORD={"schema":1,"event":{"kind":"syscall"}}
2026-09-10T03:16:10.327447Z  INFO detcore: DETLOG [syscall][detcore, dtid 3] finish syscall #199: futex(0x1b51910, 265, 6, NULL, NULL, -1) = Ok(0) DETLOG_RECORD={"schema":1,"event":{"kind":"syscall_result","finished_syscall_number":199}}
2026-09-10T03:16:10.327472Z  INFO detcore: DETLOG [syscall][detcore, dtid 3] inbound syscall: futex(0x1b51910, 265, 6, NULL, NULL, -1) = ? DETLOG_RECORD={"schema":1,"event":{"kind":"syscall"}}
2026-09-10T03:16:10.327489Z  INFO detcore: DETLOG [syscall][detcore, dtid 3] finish syscall #200: futex(0x1b51910, 265, 6, NULL, NULL, -1) = Ok(0) DETLOG_RECORD={"schema":1,"event":{"kind":"syscall_result","finished_syscall_number":200}}
2026-09-10T03:16:10.327513Z  INFO detcore: DETLOG [syscall][detcore, dtid 3] inbound syscall: futex(0x1b51910, 265, 6, NULL, NULL, -1) = ? DETLOG_RECORD={"schema":1,"event":{"kind":"syscall"}}
2026-09-10T03:16:10.327530Z  INFO detcore: DETLOG [syscall][detcore, dtid 3] finish syscall #201: futex(0x1b51910, 265, 6, NULL, NULL, -1) = Ok(0) DETLOG_RECORD={"schema":1,"event":{"kind":"syscall_result","finished_syscall_number":201}}
2026-09-10T03:16:10.327555Z  INFO detcore: DETLOG [syscall][detcore, dtid 3] inbound syscall: futex(0x1b51910, 265, 6, NULL, NULL, -1) = ? DETLOG_RECORD={"schema":1,"event":{"kind":"syscall"}}
2026-09-10T03:16:10.327572Z  INFO detcore: DETLOG [syscall][detcore, dtid 3] finish syscall #202: futex(0x1b51910, 265, 6, NULL, NULL, -1) = Ok(0) DETLOG_RECORD={"schema":1,"event":{"kind":"syscall_result","finished_syscall_number":202}}
2026-09-10T03:16:10.327596Z  INFO detcore: DETLOG [syscall][detcore, dtid 3] inbound syscall: futex(0x1b51910, 265, 6, NULL, NULL, -1) = ? DETLOG_RECORD={"schema":1,"event":{"kind":"syscall"}}
2026-09-10T03:16:10.327614Z  INFO detcore: DETLOG [syscall][detcore, dtid 3] finish syscall #203: futex(0x1b51910, 265, 6, NULL, NULL, -1) = Ok(0) DETLOG_RECORD={"schema":1,"event":{"kind":"syscall_result","finished_syscall_number":203}}
2026-09-10T03:16:10.327639Z  INFO detcore: DETLOG [syscall][detcore, dtid 3] inbound syscall: futex(0x1b51910, 265, 6, NULL, NULL, -1) = ? DETLOG_RECORD={"schema":1,"event":{"kind":"syscall"}}
2026-09-10T03:16:10.327656Z  INFO detcore: DETLOG [syscall][detcore, dtid 3] finish syscall #204: futex(0x1b51910, 265, 6, NULL, NULL, -1) = Ok(0) DETLOG_RECORD={"schema":1,"event":{"kind":"syscall_result","finished_syscall_number":204}}
2026-09-10T03:16:10.327680Z  INFO detcore: DETLOG [syscall][detcore, dtid 3] inbound syscall: futex(0x1b51910, 265, 6, NULL, NULL, -1) = ? DETLOG_RECORD={"schema":1,"event":{"kind":"syscall"}}
2026-09-10T03:16:10.327697Z  INFO detcore: DETLOG [syscall][detcore, dtid 3] finish syscall #205: futex(0x1b51910, 265, 6, NULL, NULL, -1) = Ok(0) DETLOG_RECORD={"schema":1,"event":{"kind":"syscall_result","finished_syscall_number":205}}
2026-09-10T03:16:10.327721Z  INFO detcore: DETLOG [syscall][detcore, dtid 3] inbound syscall: futex(0x1b51910, 265, 6, NULL, NULL, -1) = ? DETLOG_RECORD={"schema":1,"event":{"kind":"syscall"}}
2026-09-10T03:16:10.327738Z  INFO detcore: DETLOG [syscall][detcore, dtid 3] finish syscall #206: futex(0x1b51910, 265, 6, NULL, NULL, -1) = Ok(0) DETLOG_RECORD={"schema":1,"event":{"kind":"syscall_result","finished_syscall_number":206}}
2026-09-10T03:16:10.327763Z  INFO detcore: DETLOG [syscall][detcore, dtid 3] inbound syscall: futex(0x1b51910, 265, 6, NULL, NULL, -1) = ? DETLOG_RECORD={"schema":1,"event":{"kind":"syscall"}}
2026-09-10T03:16:10.327785Z  INFO detcore: DETLOG [syscall][detcore, dtid 3] finish syscall #207: futex(0x1b51910, 265, 6, NULL, NULL, -1) = Ok(0) DETLOG_RECORD={"schema":1,"event":{"kind":"syscall_result","finished_syscall_number":207}}
2026-09-10T03:16:10.327810Z  INFO detcore: DETLOG [syscall][detcore, dtid 3] inbound syscall: futex(0x1b51910, 265, 6, NULL, NULL, -1) = ? DETLOG_RECORD={"schema":1,"event":{"kind":"syscall"}}
2026-09-10T03:16:10.327827Z  INFO detcore: DETLOG [syscall][detcore, dtid 3] finish syscall #208: futex(0x1b51910, 265, 6, NULL, NULL, -1) = Ok(0) DETLOG_RECORD={"schema":1,"event":{"kind":"syscall_result","finished_syscall_number":208}}
2026-09-10T03:16:10.327851Z  INFO detcore: DETLOG [syscall][detcore, dtid 3] inbound syscall: futex(0x1b51910, 265, 6, NULL, NULL, -1) = ? DETLOG_RECORD={"schema":1,"event":{"kind":"syscall"}}
2026-09-10T03:16:10.327868Z  INFO detcore: DETLOG [syscall][detcore, dtid 3] finish syscall #209: futex(0x1b51910, 265, 6, NULL, NULL, -1) = Ok(0) DETLOG_RECORD={"schema":1,"event":{"kind":"syscall_result","finished_syscall_number":209}}
2026-09-10T03:16:10.327893Z  INFO detcore: DETLOG [syscall][detcore, dtid 3] inbound syscall: futex(0x1b51910, 265, 6, NULL, NULL, -1) = ? DETLOG_RECORD={"schema":1,"event":{"kind":"syscall"}}
2026-09-10T03:16:10.327910Z  INFO detcore: DETLOG [syscall][detcore, dtid 3] finish syscall #210: futex(0x1b51910, 265, 6, NULL, NULL, -1) = Ok(0) DETLOG_RECORD={"schema":1,"event":{"kind":"syscall_result","finished_syscall_number":210}}
2026-09-10T03:16:10.327934Z  INFO detcore: DETLOG [syscall][detcore, dtid 3] inbound syscall: futex(0x1b51910, 265, 6, NULL, NULL, -1) = ? DETLOG_RECORD={"schema":1,"event":{"kind":"syscall"}}
2026-09-10T03:16:10.327951Z  INFO detcore: DETLOG [syscall][detcore, dtid 3] finish syscall #211: futex(0x1b51910, 265, 6, NULL, NULL, -1) = Ok(0) DETLOG_RECORD={"schema":1,"event":{"kind":"syscall_result","finished_syscall_number":211}}
2026-09-10T03:16:10.327975Z  INFO detcore: DETLOG [syscall][detcore, dtid 3] inbound syscall: futex(0x1b51910, 265, 6, NULL, NULL, -1) = ? DETLOG_RECORD={"schema":1,"event":{"kind":"syscall"}}
2026-09-10T03:16:10.327992Z  INFO detcore: DETLOG [syscall][detcore, dtid 3] finish syscall #212: futex(0x1b51910, 265, 6, NULL, NULL, -1) = Ok(0) DETLOG_RECORD={"schema":1,"event":{"kind":"syscall_result","finished_syscall_number":212}}
2026-09-10T03:16:10.328018Z  INFO detcore: DETLOG [syscall][detcore, dtid 3] inbound syscall: futex(0x1b51910, 265, 6, NULL, NULL, -1) = ? DETLOG_RECORD={"schema":1,"event":{"kind":"syscall"}}
2026-09-10T03:16:10.328036Z  INFO detcore: DETLOG [syscall][detcore, dtid 3] finish syscall #213: futex(0x1b51910, 265, 6, NULL, NULL, -1) = Ok(0) DETLOG_RECORD={"schema":1,"event":{"kind":"syscall_result","finished_syscall_number":213}}
2026-09-10T03:16:10.328060Z  INFO detcore: DETLOG [syscall][detcore, dtid 3] inbound syscall: futex(0x1b51910, 265, 6, NULL, NULL, -1) = ? DETLOG_RECORD={"schema":1,"event":{"kind":"syscall"}}
2026-09-10T03:16:10.328077Z  INFO detcore: DETLOG [syscall][detcore, dtid 3] finish syscall #214: futex(0x1b51910, 265, 6, NULL, NULL, -1) = Ok(0) DETLOG_RECORD={"schema":1,"event":{"kind":"syscall_result","finished_syscall_number":214}}
2026-09-10T03:16:10.328101Z  INFO detcore: DETLOG [syscall][detcore, dtid 3] inbound syscall: futex(0x1b51910, 265, 6, NULL, NULL, -1) = ? DETLOG_RECORD={"schema":1,"event":{"kind":"syscall"}}
2026-09-10T03:16:10.328118Z  INFO detcore: DETLOG [syscall][detcore, dtid 3] finish syscall #215: futex(0x1b51910, 265, 6, NULL, NULL, -1) = Ok(0) DETLOG_RECORD={"schema":1,"event":{"kind":"syscall_result","finished_syscall_number":215}}
2026-09-10T03:16:10.328142Z  INFO detcore: DETLOG [syscall][detcore, dtid 3] inbound syscall: futex(0x1b51910, 265, 6, NULL, NULL, -1) = ? DETLOG_RECORD={"schema":1,"event":{"kind":"syscall"}}
2026-09-10T03:16:10.328159Z  INFO detcore: DETLOG [syscall][detcore, dtid 3] finish syscall #216: futex(0x1b51910, 265, 6, NULL, NULL, -1) = Ok(0) DETLOG_RECORD={"schema":1,"event":{"kind":"syscall_result","finished_syscall_number":216}}
2026-09-10T03:16:10.328184Z  INFO detcore: DETLOG [syscall][detcore, dtid 3] inbound syscall: futex(0x1b51910, 265, 6, NULL, NULL, -1) = ? DETLOG_RECORD={"schema":1,"event":{"kind":"syscall"}}
2026-09-10T03:16:10.328201Z  INFO detcore: DETLOG [syscall][detcore, dtid 3] finish syscall #217: futex(0x1b51910, 265, 6, NULL, NULL, -1) = Ok(0) DETLOG_RECORD={"schema":1,"event":{"kind":"syscall_result","finished_syscall_number":217}}
2026-09-10T03:16:10.328225Z  INFO detcore: DETLOG [syscall][detcore, dtid 3] inbound syscall: futex(0x1b51910, 265, 6, NULL, NULL, -1) = ? DETLOG_RECORD={"schema":1,"event":{"kind":"syscall"}}
2026-09-10T03:16:10.328242Z  INFO detcore: DETLOG [syscall][detcore, dtid 3] finish syscall #218: futex(0x1b51910, 265, 6, NULL, NULL, -1) = Ok(0) DETLOG_RECORD={"schema":1,"event":{"kind":"syscall_result","finished_syscall_number":218}}
2026-09-10T03:16:10.328266Z  INFO detcore: DETLOG [syscall][detcore, dtid 3] inbound syscall: futex(0x1b51910, 265, 6, NULL, NULL, -1) = ? DETLOG_RECORD={"schema":1,"event":{"kind":"syscall"}}
2026-09-10T03:16:10.328283Z  INFO detcore: DETLOG [syscall][detcore, dtid 3] finish syscall #219: futex(0x1b51910, 265, 6, NULL, NULL, -1) = Ok(0) DETLOG_RECORD={"schema":1,"event":{"kind":"syscall_result","finished_syscall_number":219}}
2026-09-10T03:16:10.328307Z  INFO detcore: DETLOG [syscall][detcore, dtid 3] inbound syscall: futex(0x1b51910, 265, 6, NULL, NULL, -1) = ? DETLOG_RECORD={"schema":1,"event":{"kind":"syscall"}}
2026-09-10T03:16:10.328324Z  INFO detcore: DETLOG [syscall][detcore, dtid 3] finish syscall #220: futex(0x1b51910, 265, 6, NULL, NULL, -1) = Ok(0) DETLOG_RECORD={"schema":1,"event":{"kind":"syscall_result","finished_syscall_number":220}}
2026-09-10T03:16:10.328348Z  INFO detcore: DETLOG [syscall][detcore, dtid 3] inbound syscall: futex(0x1b51910, 265, 6, NULL, NULL, -1) = ? DETLOG_RECORD={"schema":1,"event":{"kind":"syscall"}}
2026-09-10T03:16:10.328365Z  INFO detcore: DETLOG [syscall][detcore, dtid 3] finish syscall #221: futex(0x1b51910, 265, 6, NULL, NULL, -1) = Ok(0) DETLOG_RECORD={"schema":1,"event":{"kind":"syscall_result","finished_syscall_number":221}}
2026-09-10T03:16:10.328390Z  INFO detcore: DETLOG [syscall][detcore, dtid 3] inbound syscall: futex(0x1b51910, 265, 6, NULL, NULL, -1) = ? DETLOG_RECORD={"schema":1,"event":{"kind":"syscall"}}
2026-09-10T03:16:10.328408Z  INFO detcore: DETLOG [syscall][detcore, dtid 3] finish syscall #222: futex(0x1b51910, 265, 6, NULL, NULL, -1) = Ok(0) DETLOG_RECORD={"schema":1,"event":{"kind":"syscall_result","finished_syscall_number":222}}
2026-09-10T03:16:10.328433Z  INFO detcore: DETLOG [syscall][detcore, dtid 3] inbound syscall: futex(0x1b51910, 265, 6, NULL, NULL, -1) = ? DETLOG_RECORD={"schema":1,"event":{"kind":"syscall"}}
2026-09-10T03:16:10.328451Z  INFO detcore: DETLOG [syscall][detcore, dtid 3] finish syscall #223: futex(0x1b51910, 265, 6, NULL, NULL, -1) = Ok(0) DETLOG_RECORD={"schema":1,"event":{"kind":"syscall_result","finished_syscall_number":223}}
2026-09-10T03:16:10.328475Z  INFO detcore: DETLOG [syscall][detcore, dtid 3] inbound syscall: futex(0x1b51910, 265, 6, NULL, NULL, -1) = ? DETLOG_RECORD={"schema":1,"event":{"kind":"syscall"}}
2026-09-10T03:16:10.328492Z  INFO detcore: DETLOG [syscall][detcore, dtid 3] finish syscall #224: futex(0x1b51910, 265, 6, NULL, NULL, -1) = Ok(0) DETLOG_RECORD={"schema":1,"event":{"kind":"syscall_result","finished_syscall_number":224}}
2026-09-10T03:16:10.328516Z  INFO detcore: DETLOG [syscall][detcore, dtid 3] inbound syscall: futex(0x1b51910, 265, 6, NULL, NULL, -1) = ? DETLOG_RECORD={"schema":1,"event":{"kind":"syscall"}}
2026-09-10T03:16:10.328533Z  INFO detcore: DETLOG [syscall][detcore, dtid 3] finish syscall #225: futex(0x1b51910, 265, 6, NULL, NULL, -1) = Ok(0) DETLOG_RECORD={"schema":1,"event":{"kind":"syscall_result","finished_syscall_number":225}}
2026-09-10T03:16:10.328558Z  INFO detcore: DETLOG [syscall][detcore, dtid 3] inbound syscall: futex(0x1b51910, 265, 6, NULL, NULL, -1) = ? DETLOG_RECORD={"schema":1,"event":{"kind":"syscall"}}
2026-09-10T03:16:10.328575Z  INFO detcore: DETLOG [syscall][detcore, dtid 3] finish syscall #226: futex(0x1b51910, 265, 6, NULL, NULL, -1) = Ok(0) DETLOG_RECORD={"schema":1,"event":{"kind":"syscall_result","finished_syscall_number":226}}
2026-09-10T03:16:10.328599Z  INFO detcore: DETLOG [syscall][detcore, dtid 3] inbound syscall: futex(0x1b51910, 265, 6, NULL, NULL, -1) = ? DETLOG_RECORD={"schema":1,"event":{"kind":"syscall"}}
2026-09-10T03:16:10.328616Z  INFO detcore: DETLOG [syscall][detcore, dtid 3] finish syscall #227: futex(0x1b51910, 265, 6, NULL, NULL, -1) = Ok(0) DETLOG_RECORD={"schema":1,"event":{"kind":"syscall_result","finished_syscall_number":227}}
2026-09-10T03:16:10.328640Z  INFO detcore: DETLOG [syscall][detcore, dtid 3] inbound syscall: futex(0x1b51910, 265, 6, NULL, NULL, -1) = ? DETLOG_RECORD={"schema":1,"event":{"kind":"syscall"}}
2026-09-10T03:16:10.328657Z  INFO detcore: DETLOG [syscall][detcore, dtid 3] finish syscall #228: futex(0x1b51910, 265, 6, NULL, NULL, -1) = Ok(0) DETLOG_RECORD={"schema":1,"event":{"kind":"syscall_result","finished_syscall_number":228}}
2026-09-10T03:16:10.328681Z  INFO detcore: DETLOG [syscall][detcore, dtid 3] inbound syscall: futex(0x1b51910, 265, 6, NULL, NULL, -1) = ? DETLOG_RECORD={"schema":1,"event":{"kind":"syscall"}}
2026-09-10T03:16:10.328698Z  INFO detcore: DETLOG [syscall][detcore, dtid 3] finish syscall #229: futex(0x1b51910, 265, 6, NULL, NULL, -1) = Ok(0) DETLOG_RECORD={"schema":1,"event":{"kind":"syscall_result","finished_syscall_number":229}}
2026-09-10T03:16:10.328723Z  INFO detcore: DETLOG [syscall][detcore, dtid 3] inbound syscall: futex(0x1b51910, 265, 6, NULL, NULL, -1) = ? DETLOG_RECORD={"schema":1,"event":{"kind":"syscall"}}
2026-09-10T03:16:10.328740Z  INFO detcore: DETLOG [syscall][detcore, dtid 3] finish syscall #230: futex(0x1b51910, 265, 6, NULL, NULL, -1) = Ok(0) DETLOG_RECORD={"schema":1,"event":{"kind":"syscall_result","finished_syscall_number":230}}
2026-09-10T03:16:10.328764Z  INFO detcore: DETLOG [syscall][detcore, dtid 3] inbound syscall: futex(0x1b51910, 265, 6, NULL, NULL, -1) = ? DETLOG_RECORD={"schema":1,"event":{"kind":"syscall"}}
2026-09-10T03:16:10.328785Z  INFO detcore: DETLOG [syscall][detcore, dtid 3] finish syscall #231: futex(0x1b51910, 265, 6, NULL, NULL, -1) = Ok(0) DETLOG_RECORD={"schema":1,"event":{"kind":"syscall_result","finished_syscall_number":231}}
2026-09-10T03:16:10.328811Z  INFO detcore: DETLOG [syscall][detcore, dtid 3] inbound syscall: futex(0x1b51910, 265, 6, NULL, NULL, -1) = ? DETLOG_RECORD={"schema":1,"event":{"kind":"syscall"}}
2026-09-10T03:16:10.328829Z  INFO detcore: DETLOG [syscall][detcore, dtid 3] finish syscall #232: futex(0x1b51910, 265, 6, NULL, NULL, -1) = Ok(0) DETLOG_RECORD={"schema":1,"event":{"kind":"syscall_result","finished_syscall_number":232}}
2026-09-10T03:16:10.328853Z  INFO detcore: DETLOG [syscall][detcore, dtid 3] inbound syscall: futex(0x1b51910, 265, 6, NULL, NULL, -1) = ? DETLOG_RECORD={"schema":1,"event":{"kind":"syscall"}}
2026-09-10T03:16:10.328870Z  INFO detcore: DETLOG [syscall][detcore, dtid 3] finish syscall #233: futex(0x1b51910, 265, 6, NULL, NULL, -1) = Ok(0) DETLOG_RECORD={"schema":1,"event":{"kind":"syscall_result","finished_syscall_number":233}}
2026-09-10T03:16:10.328894Z  INFO detcore: DETLOG [syscall][detcore, dtid 3] inbound syscall: futex(0x1b51910, 265, 6, NULL, NULL, -1) = ? DETLOG_RECORD={"schema":1,"event":{"kind":"syscall"}}
2026-09-10T03:16:10.328912Z  INFO detcore: DETLOG [syscall][detcore, dtid 3] finish syscall #234: futex(0x1b51910, 265, 6, NULL, NULL, -1) = Ok(0) DETLOG_RECORD={"schema":1,"event":{"kind":"syscall_result","finished_syscall_number":234}}
2026-09-10T03:16:10.328936Z  INFO detcore: DETLOG [syscall][detcore, dtid 3] inbound syscall: futex(0x1b51910, 265, 6, NULL, NULL, -1) = ? DETLOG_RECORD={"schema":1,"event":{"kind":"syscall"}}
2026-09-10T03:16:10.328953Z  INFO detcore: DETLOG [syscall][detcore, dtid 3] finish syscall #235: futex(0x1b51910, 265, 6, NULL, NULL, -1) = Ok(0) DETLOG_RECORD={"schema":1,"event":{"kind":"syscall_result","finished_syscall_number":235}}
2026-09-10T03:16:10.328977Z  INFO detcore: DETLOG [syscall][detcore, dtid 3] inbound syscall: futex(0x1b51910, 265, 6, NULL, NULL, -1) = ? DETLOG_RECORD={"schema":1,"event":{"kind":"syscall"}}
2026-09-10T03:16:10.328994Z  INFO detcore: DETLOG [syscall][detcore, dtid 3] finish syscall #236: futex(0x1b51910, 265, 6, NULL, NULL, -1) = Ok(0) DETLOG_RECORD={"schema":1,"event":{"kind":"syscall_result","finished_syscall_number":236}}
2026-09-10T03:16:10.329019Z  INFO detcore: DETLOG [syscall][detcore, dtid 3] inbound syscall: futex(0x1b51910, 265, 6, NULL, NULL, -1) = ? DETLOG_RECORD={"schema":1,"event":{"kind":"syscall"}}
2026-09-10T03:16:10.329036Z  INFO detcore: DETLOG [syscall][detcore, dtid 3] finish syscall #237: futex(0x1b51910, 265, 6, NULL, NULL, -1) = Ok(0) DETLOG_RECORD={"schema":1,"event":{"kind":"syscall_result","finished_syscall_number":237}}
2026-09-10T03:16:10.329060Z  INFO detcore: DETLOG [syscall][detcore, dtid 3] inbound syscall: futex(0x1b51910, 265, 6, NULL, NULL, -1) = ? DETLOG_RECORD={"schema":1,"event":{"kind":"syscall"}}
2026-09-10T03:16:10.329077Z  INFO detcore: DETLOG [syscall][detcore, dtid 3] finish syscall #238: futex(0x1b51910, 265, 6, NULL, NULL, -1) = Ok(0) DETLOG_RECORD={"schema":1,"event":{"kind":"syscall_result","finished_syscall_number":238}}
2026-09-10T03:16:10.329101Z  INFO detcore: DETLOG [syscall][detcore, dtid 3] inbound syscall: futex(0x1b51910, 265, 6, NULL, NULL, -1) = ? DETLOG_RECORD={"schema":1,"event":{"kind":"syscall"}}
2026-09-10T03:16:10.329118Z  INFO detcore: DETLOG [syscall][detcore, dtid 3] finish syscall #239: futex(0x1b51910, 265, 6, NULL, NULL, -1) = Ok(0) DETLOG_RECORD={"schema":1,"event":{"kind":"syscall_result","finished_syscall_number":239}}
2026-09-10T03:16:10.329142Z  INFO detcore: DETLOG [syscall][detcore, dtid 3] inbound syscall: futex(0x1b51910, 265, 6, NULL, NULL, -1) = ? DETLOG_RECORD={"schema":1,"event":{"kind":"syscall"}}
2026-09-10T03:16:10.329159Z  INFO detcore: DETLOG [syscall][detcore, dtid 3] finish syscall #240: futex(0x1b51910, 265, 6, NULL, NULL, -1) = Ok(0) DETLOG_RECORD={"schema":1,"event":{"kind":"syscall_result","finished_syscall_number":240}}
2026-09-10T03:16:10.329183Z  INFO detcore: DETLOG [syscall][detcore, dtid 3] inbound syscall: futex(0x1b51910, 265, 6, NULL, NULL, -1) = ? DETLOG_RECORD={"schema":1,"event":{"kind":"syscall"}}
2026-09-10T03:16:10.329202Z  INFO detcore: DETLOG [syscall][detcore, dtid 3] finish syscall #241: futex(0x1b51910, 265, 6, NULL, NULL, -1) = Ok(0) DETLOG_RECORD={"schema":1,"event":{"kind":"syscall_result","finished_syscall_number":241}}
2026-09-10T03:16:10.329227Z  INFO detcore: DETLOG [syscall][detcore, dtid 3] inbound syscall: futex(0x1b51910, 265, 6, NULL, NULL, -1) = ? DETLOG_RECORD={"schema":1,"event":{"kind":"syscall"}}
2026-09-10T03:16:10.329244Z  INFO detcore: DETLOG [syscall][detcore, dtid 3] finish syscall #242: futex(0x1b51910, 265, 6, NULL, NULL, -1) = Ok(0) DETLOG_RECORD={"schema":1,"event":{"kind":"syscall_result","finished_syscall_number":242}}
2026-09-10T03:16:10.329268Z  INFO detcore: DETLOG [syscall][detcore, dtid 3] inbound syscall: futex(0x1b51910, 265, 6, NULL, NULL, -1) = ? DETLOG_RECORD={"schema":1,"event":{"kind":"syscall"}}
2026-09-10T03:16:10.329285Z  INFO detcore: DETLOG [syscall][detcore, dtid 3] finish syscall #243: futex(0x1b51910, 265, 6, NULL, NULL, -1) = Ok(0) DETLOG_RECORD={"schema":1,"event":{"kind":"syscall_result","finished_syscall_number":243}}
2026-09-10T03:16:10.329309Z  INFO detcore: DETLOG [syscall][detcore, dtid 3] inbound syscall: futex(0x1b51910, 265, 6, NULL, NULL, -1) = ? DETLOG_RECORD={"schema":1,"event":{"kind":"syscall"}}
2026-09-10T03:16:10.329326Z  INFO detcore: DETLOG [syscall][detcore, dtid 3] finish syscall #244: futex(0x1b51910, 265, 6, NULL, NULL, -1) = Ok(0) DETLOG_RECORD={"schema":1,"event":{"kind":"syscall_result","finished_syscall_number":244}}
2026-09-10T03:16:10.329640Z  INFO detcore: DETLOG [syscall][detcore, dtid 3] inbound syscall: close(3) = ? DETLOG_RECORD={"schema":1,"event":{"kind":"syscall"}}
2026-09-10T03:16:10.329692Z  INFO detcore: DETLOG [syscall][detcore, dtid 3] finish syscall #245: close(3) = Ok(0) DETLOG_RECORD={"schema":1,"event":{"kind":"syscall_result","finished_syscall_number":245}}
2026-09-10T03:16:10.329717Z  INFO detcore: DETLOG [syscall][detcore, dtid 3] inbound syscall: socketpair(1, 1, 0, 0x3fffeb68) = ? DETLOG_RECORD={"schema":1,"event":{"kind":"syscall"}}
2026-09-10T03:16:10.329764Z  INFO detcore::syscalls::files: Injecting additional fstat to retrieve file metadata on fd 3.
2026-09-10T03:16:10.329794Z  INFO detcore::syscalls::files: Injecting additional fstat to retrieve file metadata on fd 4.
2026-09-10T03:16:10.329813Z  INFO detcore: DETLOG [syscall][detcore, dtid 3] finish syscall #246: socketpair(1, 1, 0, 0x3fffeb68) = Ok(0) DETLOG_RECORD={"schema":1,"event":{"kind":"syscall_result","finished_syscall_number":246}}
2026-09-10T03:16:10.329837Z  INFO detcore: DETLOG [syscall][detcore, dtid 3] inbound syscall: rt_sigprocmask(0, 0x12f7820, 0x3fffea60, 8) = ? DETLOG_RECORD={"schema":1,"event":{"kind":"syscall"}}
2026-09-10T03:16:10.329864Z  INFO detcore: DETLOG [syscall][detcore, dtid 3] finish syscall #247: rt_sigprocmask(0, 0x12f7820, 0x3fffea60, 8) = Ok(0) DETLOG_RECORD={"schema":1,"event":{"kind":"syscall_result","finished_syscall_number":247}}
2026-09-10T03:16:10.329900Z  INFO detcore: DETLOG [syscall][detcore, dtid 3] inbound syscall: clone3(0x3fffe920, 88) = ? DETLOG_RECORD={"schema":1,"event":{"kind":"syscall"}}
2026-09-10T03:16:10.330331Z  INFO detcore::tool_local: DETLOG RNG USER RAND seeding child User pedigree PPPC: [204, 114, 124, 215, 78, 124, 61, 251, 186, 10, 164, 22, 55, 41, 69, 86] from parent Mcg128Xsl64 {} DETLOG_RECORD={"schema":1,"event":{"kind":"other"}}
2026-09-10T03:16:10.330361Z  INFO detcore::tool_local: DETLOG RNG CHAOSRAND seeding child Chaos pedigree PPPC: [205, 215, 58, 118, 90, 171, 249, 113, 202, 0, 63, 53, 121, 72, 208, 63] from parent Mcg128Xsl64 {} DETLOG_RECORD={"schema":1,"event":{"kind":"other"}}
2026-09-10T03:16:10.330612Z  INFO detcore::scheduler: [sched-step5] >>>>>>>

 COMMIT turn 255, dettid 7 using resources {MemAddrSpace(DetPid(3)): RW}, on previously committed 1_767_225_600.075_705_750s DETLOG_RECORD={"schema":1,"event":{"kind":"scheduler_commit","scheduler_turn":255,"virtual_nanoseconds":1767225600075705750,"internal_io_poll":false,"runtime_maps_read":false}}
2026-09-10T03:16:10.330662Z  INFO detcore::tool_global: [detcore, dtid 7] New thread given go-ahead to proceed via <ivar Go(None)>
2026-09-10T03:16:10.330820Z  INFO detcore: DETLOG [syscall][detcore, dtid 7] inbound syscall: set_robust_list(0x1b51920, 24) = ? DETLOG_RECORD={"schema":1,"event":{"kind":"syscall"}}
2026-09-10T03:16:10.330873Z  INFO detcore: DETLOG [syscall][detcore, dtid 7] finish syscall #1: set_robust_list(0x1b51920, 24) = Ok(0) DETLOG_RECORD={"schema":1,"event":{"kind":"syscall_result","finished_syscall_number":1}}
2026-09-10T03:16:10.330903Z  INFO detcore: DETLOG [syscall][detcore, dtid 7] inbound syscall: rt_sigprocmask(2, 0x1b51f30, NULL, 8) = ? DETLOG_RECORD={"schema":1,"event":{"kind":"syscall"}}
2026-09-10T03:16:10.330936Z  INFO detcore: DETLOG [syscall][detcore, dtid 7] finish syscall #2: rt_sigprocmask(2, 0x1b51f30, NULL, 8) = Ok(0) DETLOG_RECORD={"schema":1,"event":{"kind":"syscall_result","finished_syscall_number":2}}
2026-09-10T03:16:10.330968Z  INFO detcore: DETLOG [syscall][detcore, dtid 7] inbound syscall: clock_nanosleep(CLOCK_REALTIME, 0, 0x1b50e40, 0x1b50e40) = ? DETLOG_RECORD={"schema":1,"event":{"kind":"syscall"}}
2026-09-10T03:16:10.331033Z  INFO detcore::scheduler: [sched-step5] >>>>>>>

 COMMIT turn 256, dettid 3 using resources {ParentContinue { parent: DetPid(3), child: DetPid(7) }: W}, on previously committed 1_767_225_600.079_015_250s DETLOG_RECORD={"schema":1,"event":{"kind":"scheduler_commit","scheduler_turn":256,"virtual_nanoseconds":1767225600079015250,"internal_io_poll":false,"runtime_maps_read":false}}
2026-09-10T03:16:10.331094Z  INFO detcore: DETLOG [syscall][detcore, dtid 3] finish syscall #248: clone3(0x3fffe920, 88) = Ok(7) DETLOG_RECORD={"schema":1,"event":{"kind":"syscall_result","finished_syscall_number":248}}
2026-09-10T03:16:10.331131Z  INFO detcore: DETLOG [syscall][detcore, dtid 3] inbound syscall: rt_sigprocmask(2, 0x3fffea60, NULL, 8) = ? DETLOG_RECORD={"schema":1,"event":{"kind":"syscall"}}
2026-09-10T03:16:10.331164Z  INFO detcore: DETLOG [syscall][detcore, dtid 3] finish syscall #249: rt_sigprocmask(2, 0x3fffea60, NULL, 8) = Ok(0) DETLOG_RECORD={"schema":1,"event":{"kind":"syscall_result","finished_syscall_number":249}}
2026-09-10T03:16:10.331199Z  INFO detcore: DETLOG [syscall][detcore, dtid 3] inbound syscall: preadv2(3, 0x3fffeb70, 2, 18446744073709551615, 0, 0) = ? DETLOG_RECORD={"schema":1,"event":{"kind":"syscall"}}
2026-09-10T03:16:10.331325Z  INFO detcore::scheduler: [scheduler] >>>>>>>

 NONCOMMIT turn 257, SKIP dettid 7 which wanted resource SleepUntil(LogicalTime(1767225600098515250)) (blocking)
2026-09-10T03:16:10.331357Z  INFO detcore::scheduler: [scheduler] >>>>>>>

 NONCOMMIT turn 258, SKIP dettid 3 polling resource Resources { tid: DetPid(3), resources: {InternalIOPolling: W}, poll_attempt: 1, fyi: "preadv2", signal_interrupt_errno: 512 }
2026-09-10T03:16:10.331391Z  INFO detcore::scheduler: [sched-step5] >>>>>>>

 COMMIT turn 259, dettid 3 using resources {InternalIOPolling: W}, on previously committed 1_767_225_600.079_515_750s DETLOG_RECORD={"schema":1,"event":{"kind":"scheduler_commit","scheduler_turn":259,"virtual_nanoseconds":1767225600079515750,"internal_io_poll":true,"runtime_maps_read":false}}
2026-09-10T03:16:10.331464Z  INFO detcore::scheduler: [scheduler] >>>>>>>

 NONCOMMIT turn 260, SKIP dettid 3 polling resource Resources { tid: DetPid(3), resources: {InternalIOPolling: W}, poll_attempt: 2, fyi: "preadv2", signal_interrupt_errno: 512 }
2026-09-10T03:16:10.331493Z  INFO detcore::scheduler: [sched-step5] >>>>>>>

 COMMIT turn 261, dettid 3 using resources {InternalIOPolling: W}, on previously committed 1_767_225_600.080_015_750s DETLOG_RECORD={"schema":1,"event":{"kind":"scheduler_commit","scheduler_turn":261,"virtual_nanoseconds":1767225600080015750,"internal_io_poll":true,"runtime_maps_read":false}}
2026-09-10T03:16:10.331544Z  INFO detcore::scheduler: [scheduler] >>>>>>>

 NONCOMMIT turn 262, SKIP dettid 3 polling resource Resources { tid: DetPid(3), resources: {InternalIOPolling: W}, poll_attempt: 3, fyi: "preadv2", signal_interrupt_errno: 512 }
2026-09-10T03:16:10.331574Z  INFO detcore::scheduler: [sched-step5] >>>>>>>

 COMMIT turn 263, dettid 3 using resources {InternalIOPolling: W}, on previously committed 1_767_225_600.080_515_750s DETLOG_RECORD={"schema":1,"event":{"kind":"scheduler_commit","scheduler_turn":263,"virtual_nanoseconds":1767225600080515750,"internal_io_poll":true,"runtime_maps_read":false}}
2026-09-10T03:16:10.331628Z  INFO detcore::scheduler: [scheduler] >>>>>>>

 NONCOMMIT turn 264, SKIP dettid 3 polling resource Resources { tid: DetPid(3), resources: {InternalIOPolling: W}, poll_attempt: 4, fyi: "preadv2", signal_interrupt_errno: 512 }
2026-09-10T03:16:10.331655Z  INFO detcore::scheduler: [sched-step5] >>>>>>>

 COMMIT turn 265, dettid 3 using resources {InternalIOPolling: W}, on previously committed 1_767_225_600.081_015_750s DETLOG_RECORD={"schema":1,"event":{"kind":"scheduler_commit","scheduler_turn":265,"virtual_nanoseconds":1767225600081015750,"internal_io_poll":true,"runtime_maps_read":false}}
2026-09-10T03:16:10.331721Z  INFO detcore::scheduler: [scheduler] >>>>>>>

 NONCOMMIT turn 266, SKIP dettid 3 polling resource Resources { tid: DetPid(3), resources: {InternalIOPolling: W}, poll_attempt: 5, fyi: "preadv2", signal_interrupt_errno: 512 }
2026-09-10T03:16:10.331747Z  INFO detcore::scheduler: [sched-step5] >>>>>>>

 COMMIT turn 267, dettid 3 using resources {InternalIOPolling: W}, on previously committed 1_767_225_600.081_515_750s DETLOG_RECORD={"schema":1,"event":{"kind":"scheduler_commit","scheduler_turn":267,"virtual_nanoseconds":1767225600081515750,"internal_io_poll":true,"runtime_maps_read":false}}
2026-09-10T03:16:10.331801Z  INFO detcore::scheduler: [scheduler] >>>>>>>

 NONCOMMIT turn 268, SKIP dettid 3 polling resource Resources { tid: DetPid(3), resources: {InternalIOPolling: W}, poll_attempt: 6, fyi: "preadv2", signal_interrupt_errno: 512 }
2026-09-10T03:16:10.331828Z  INFO detcore::scheduler: [sched-step5] >>>>>>>

 COMMIT turn 269, dettid 3 using resources {InternalIOPolling: W}, on previously committed 1_767_225_600.082_015_750s DETLOG_RECORD={"schema":1,"event":{"kind":"scheduler_commit","scheduler_turn":269,"virtual_nanoseconds":1767225600082015750,"internal_io_poll":true,"runtime_maps_read":false}}
2026-09-10T03:16:10.331875Z  INFO detcore::scheduler: [scheduler] >>>>>>>

 NONCOMMIT turn 270, SKIP dettid 3 polling resource Resources { tid: DetPid(3), resources: {InternalIOPolling: W}, poll_attempt: 7, fyi: "preadv2", signal_interrupt_errno: 512 }
2026-09-10T03:16:10.331901Z  INFO detcore::scheduler: [sched-step5] >>>>>>>

 COMMIT turn 271, dettid 3 using resources {InternalIOPolling: W}, on previously committed 1_767_225_600.082_515_750s DETLOG_RECORD={"schema":1,"event":{"kind":"scheduler_commit","scheduler_turn":271,"virtual_nanoseconds":1767225600082515750,"internal_io_poll":true,"runtime_maps_read":false}}
2026-09-10T03:16:10.331947Z  INFO detcore::scheduler: [scheduler] >>>>>>>

 NONCOMMIT turn 272, SKIP dettid 3 polling resource Resources { tid: DetPid(3), resources: {InternalIOPolling: W}, poll_attempt: 8, fyi: "preadv2", signal_interrupt_errno: 512 }
2026-09-10T03:16:10.331973Z  INFO detcore::scheduler: [sched-step5] >>>>>>>

 COMMIT turn 273, dettid 3 using resources {InternalIOPolling: W}, on previously committed 1_767_225_600.083_015_750s DETLOG_RECORD={"schema":1,"event":{"kind":"scheduler_commit","scheduler_turn":273,"virtual_nanoseconds":1767225600083015750,"internal_io_poll":true,"runtime_maps_read":false}}
2026-09-10T03:16:10.332024Z  INFO detcore::scheduler: [scheduler] >>>>>>>

 NONCOMMIT turn 274, SKIP dettid 3 polling resource Resources { tid: DetPid(3), resources: {InternalIOPolling: W}, poll_attempt: 9, fyi: "preadv2", signal_interrupt_errno: 512 }
2026-09-10T03:16:10.332050Z  INFO detcore::scheduler: [sched-step5] >>>>>>>

 COMMIT turn 275, dettid 3 using resources {InternalIOPolling: W}, on previously committed 1_767_225_600.083_515_750s DETLOG_RECORD={"schema":1,"event":{"kind":"scheduler_commit","scheduler_turn":275,"virtual_nanoseconds":1767225600083515750,"internal_io_poll":true,"runtime_maps_read":false}}
2026-09-10T03:16:10.332099Z  INFO detcore::scheduler: [scheduler] >>>>>>>

 NONCOMMIT turn 276, SKIP dettid 3 polling resource Resources { tid: DetPid(3), resources: {InternalIOPolling: W}, poll_attempt: 10, fyi: "preadv2", signal_interrupt_errno: 512 }
2026-09-10T03:16:10.332127Z  INFO detcore::scheduler: [sched-step5] >>>>>>>

 COMMIT turn 277, dettid 3 using resources {InternalIOPolling: W}, on previously committed 1_767_225_600.084_015_750s DETLOG_RECORD={"schema":1,"event":{"kind":"scheduler_commit","scheduler_turn":277,"virtual_nanoseconds":1767225600084015750,"internal_io_poll":true,"runtime_maps_read":false}}
2026-09-10T03:16:10.332174Z  INFO detcore::scheduler: [scheduler] >>>>>>>

 NONCOMMIT turn 278, SKIP dettid 3 polling resource Resources { tid: DetPid(3), resources: {InternalIOPolling: W}, poll_attempt: 11, fyi: "preadv2", signal_interrupt_errno: 512 }
2026-09-10T03:16:10.332199Z  INFO detcore::scheduler: [sched-step5] >>>>>>>

 COMMIT turn 279, dettid 3 using resources {InternalIOPolling: W}, on previously committed 1_767_225_600.084_515_750s DETLOG_RECORD={"schema":1,"event":{"kind":"scheduler_commit","scheduler_turn":279,"virtual_nanoseconds":1767225600084515750,"internal_io_poll":true,"runtime_maps_read":false}}
2026-09-10T03:16:10.332247Z  INFO detcore::scheduler: [scheduler] >>>>>>>

 NONCOMMIT turn 280, SKIP dettid 3 polling resource Resources { tid: DetPid(3), resources: {InternalIOPolling: W}, poll_attempt: 12, fyi: "preadv2", signal_interrupt_errno: 512 }
2026-09-10T03:16:10.332272Z  INFO detcore::scheduler: [sched-step5] >>>>>>>

 COMMIT turn 281, dettid 3 using resources {InternalIOPolling: W}, on previously committed 1_767_225_600.085_015_750s DETLOG_RECORD={"schema":1,"event":{"kind":"scheduler_commit","scheduler_turn":281,"virtual_nanoseconds":1767225600085015750,"internal_io_poll":true,"runtime_maps_read":false}}
2026-09-10T03:16:10.332319Z  INFO detcore::scheduler: [scheduler] >>>>>>>

 NONCOMMIT turn 282, SKIP dettid 3 polling resource Resources { tid: DetPid(3), resources: {InternalIOPolling: W}, poll_attempt: 13, fyi: "preadv2", signal_interrupt_errno: 512 }
2026-09-10T03:16:10.332344Z  INFO detcore::scheduler: [sched-step5] >>>>>>>

 COMMIT turn 283, dettid 3 using resources {InternalIOPolling: W}, on previously committed 1_767_225_600.085_515_750s DETLOG_RECORD={"schema":1,"event":{"kind":"scheduler_commit","scheduler_turn":283,"virtual_nanoseconds":1767225600085515750,"internal_io_poll":true,"runtime_maps_read":false}}
2026-09-10T03:16:10.332391Z  INFO detcore::scheduler: [scheduler] >>>>>>>

 NONCOMMIT turn 284, SKIP dettid 3 polling resource Resources { tid: DetPid(3), resources: {InternalIOPolling: W}, poll_attempt: 14, fyi: "preadv2", signal_interrupt_errno: 512 }
2026-09-10T03:16:10.332416Z  INFO detcore::scheduler: [sched-step5] >>>>>>>

 COMMIT turn 285, dettid 3 using resources {InternalIOPolling: W}, on previously committed 1_767_225_600.086_015_750s DETLOG_RECORD={"schema":1,"event":{"kind":"scheduler_commit","scheduler_turn":285,"virtual_nanoseconds":1767225600086015750,"internal_io_poll":true,"runtime_maps_read":false}}
2026-09-10T03:16:10.332462Z  INFO detcore::scheduler: [scheduler] >>>>>>>

 NONCOMMIT turn 286, SKIP dettid 3 polling resource Resources { tid: DetPid(3), resources: {InternalIOPolling: W}, poll_attempt: 15, fyi: "preadv2", signal_interrupt_errno: 512 }
2026-09-10T03:16:10.332487Z  INFO detcore::scheduler: [sched-step5] >>>>>>>

 COMMIT turn 287, dettid 3 using resources {InternalIOPolling: W}, on previously committed 1_767_225_600.086_515_750s DETLOG_RECORD={"schema":1,"event":{"kind":"scheduler_commit","scheduler_turn":287,"virtual_nanoseconds":1767225600086515750,"internal_io_poll":true,"runtime_maps_read":false}}
2026-09-10T03:16:10.332533Z  INFO detcore::scheduler: [scheduler] >>>>>>>

 NONCOMMIT turn 288, SKIP dettid 3 polling resource Resources { tid: DetPid(3), resources: {InternalIOPolling: W}, poll_attempt: 16, fyi: "preadv2", signal_interrupt_errno: 512 }
2026-09-10T03:16:10.332561Z  INFO detcore::scheduler: [sched-step5] >>>>>>>

 COMMIT turn 289, dettid 3 using resources {InternalIOPolling: W}, on previously committed 1_767_225_600.087_015_750s DETLOG_RECORD={"schema":1,"event":{"kind":"scheduler_commit","scheduler_turn":289,"virtual_nanoseconds":1767225600087015750,"internal_io_poll":true,"runtime_maps_read":false}}
2026-09-10T03:16:10.332609Z  INFO detcore::scheduler: [scheduler] >>>>>>>

 NONCOMMIT turn 290, SKIP dettid 3 polling resource Resources { tid: DetPid(3), resources: {InternalIOPolling: W}, poll_attempt: 17, fyi: "preadv2", signal_interrupt_errno: 512 }
2026-09-10T03:16:10.332635Z  INFO detcore::scheduler: [sched-step5] >>>>>>>

 COMMIT turn 291, dettid 3 using resources {InternalIOPolling: W}, on previously committed 1_767_225_600.087_515_750s DETLOG_RECORD={"schema":1,"event":{"kind":"scheduler_commit","scheduler_turn":291,"virtual_nanoseconds":1767225600087515750,"internal_io_poll":true,"runtime_maps_read":false}}
2026-09-10T03:16:10.332681Z  INFO detcore::scheduler: [scheduler] >>>>>>>

 NONCOMMIT turn 292, SKIP dettid 3 polling resource Resources { tid: DetPid(3), resources: {InternalIOPolling: W}, poll_attempt: 18, fyi: "preadv2", signal_interrupt_errno: 512 }
2026-09-10T03:16:10.332707Z  INFO detcore::scheduler: [sched-step5] >>>>>>>

 COMMIT turn 293, dettid 3 using resources {InternalIOPolling: W}, on previously committed 1_767_225_600.088_015_750s DETLOG_RECORD={"schema":1,"event":{"kind":"scheduler_commit","scheduler_turn":293,"virtual_nanoseconds":1767225600088015750,"internal_io_poll":true,"runtime_maps_read":false}}
2026-09-10T03:16:10.332753Z  INFO detcore::scheduler: [scheduler] >>>>>>>

 NONCOMMIT turn 294, SKIP dettid 3 polling resource Resources { tid: DetPid(3), resources: {InternalIOPolling: W}, poll_attempt: 19, fyi: "preadv2", signal_interrupt_errno: 512 }
2026-09-10T03:16:10.332784Z  INFO detcore::scheduler: [sched-step5] >>>>>>>

 COMMIT turn 295, dettid 3 using resources {InternalIOPolling: W}, on previously committed 1_767_225_600.088_515_750s DETLOG_RECORD={"schema":1,"event":{"kind":"scheduler_commit","scheduler_turn":295,"virtual_nanoseconds":1767225600088515750,"internal_io_poll":true,"runtime_maps_read":false}}
2026-09-10T03:16:10.332847Z  INFO detcore::scheduler: [scheduler] >>>>>>>

 NONCOMMIT turn 296, SKIP dettid 3 polling resource Resources { tid: DetPid(3), resources: {InternalIOPolling: W}, poll_attempt: 20, fyi: "preadv2", signal_interrupt_errno: 512 }
2026-09-10T03:16:10.332873Z  INFO detcore::scheduler: [sched-step5] >>>>>>>

 COMMIT turn 297, dettid 3 using resources {InternalIOPolling: W}, on previously committed 1_767_225_600.089_015_750s DETLOG_RECORD={"schema":1,"event":{"kind":"scheduler_commit","scheduler_turn":297,"virtual_nanoseconds":1767225600089015750,"internal_io_poll":true,"runtime_maps_read":false}}
2026-09-10T03:16:10.332919Z  INFO detcore::scheduler: [scheduler] >>>>>>>

 NONCOMMIT turn 298, SKIP dettid 3 polling resource Resources { tid: DetPid(3), resources: {InternalIOPolling: W}, poll_attempt: 21, fyi: "preadv2", signal_interrupt_errno: 512 }
2026-09-10T03:16:10.332944Z  INFO detcore::scheduler: [sched-step5] >>>>>>>

 COMMIT turn 299, dettid 3 using resources {InternalIOPolling: W}, on previously committed 1_767_225_600.089_515_750s DETLOG_RECORD={"schema":1,"event":{"kind":"scheduler_commit","scheduler_turn":299,"virtual_nanoseconds":1767225600089515750,"internal_io_poll":true,"runtime_maps_read":false}}
2026-09-10T03:16:10.332991Z  INFO detcore::scheduler: [scheduler] >>>>>>>

 NONCOMMIT turn 300, SKIP dettid 3 polling resource Resources { tid: DetPid(3), resources: {InternalIOPolling: W}, poll_attempt: 22, fyi: "preadv2", signal_interrupt_errno: 512 }
2026-09-10T03:16:10.333016Z  INFO detcore::scheduler: [sched-step5] >>>>>>>

 COMMIT turn 301, dettid 3 using resources {InternalIOPolling: W}, on previously committed 1_767_225_600.090_015_750s DETLOG_RECORD={"schema":1,"event":{"kind":"scheduler_commit","scheduler_turn":301,"virtual_nanoseconds":1767225600090015750,"internal_io_poll":true,"runtime_maps_read":false}}
2026-09-10T03:16:10.333068Z  INFO detcore::scheduler: [scheduler] >>>>>>>

 NONCOMMIT turn 302, SKIP dettid 3 polling resource Resources { tid: DetPid(3), resources: {InternalIOPolling: W}, poll_attempt: 23, fyi: "preadv2", signal_interrupt_errno: 512 }
2026-09-10T03:16:10.333095Z  INFO detcore::scheduler: [sched-step5] >>>>>>>

 COMMIT turn 303, dettid 3 using resources {InternalIOPolling: W}, on previously committed 1_767_225_600.090_515_750s DETLOG_RECORD={"schema":1,"event":{"kind":"scheduler_commit","scheduler_turn":303,"virtual_nanoseconds":1767225600090515750,"internal_io_poll":true,"runtime_maps_read":false}}
2026-09-10T03:16:10.333142Z  INFO detcore::scheduler: [scheduler] >>>>>>>

 NONCOMMIT turn 304, SKIP dettid 3 polling resource Resources { tid: DetPid(3), resources: {InternalIOPolling: W}, poll_attempt: 24, fyi: "preadv2", signal_interrupt_errno: 512 }
2026-09-10T03:16:10.333167Z  INFO detcore::scheduler: [sched-step5] >>>>>>>

 COMMIT turn 305, dettid 3 using resources {InternalIOPolling: W}, on previously committed 1_767_225_600.091_015_750s DETLOG_RECORD={"schema":1,"event":{"kind":"scheduler_commit","scheduler_turn":305,"virtual_nanoseconds":1767225600091015750,"internal_io_poll":true,"runtime_maps_read":false}}
2026-09-10T03:16:10.333214Z  INFO detcore::scheduler: [scheduler] >>>>>>>

 NONCOMMIT turn 306, SKIP dettid 3 polling resource Resources { tid: DetPid(3), resources: {InternalIOPolling: W}, poll_attempt: 25, fyi: "preadv2", signal_interrupt_errno: 512 }
2026-09-10T03:16:10.333239Z  INFO detcore::scheduler: [sched-step5] >>>>>>>

 COMMIT turn 307, dettid 3 using resources {InternalIOPolling: W}, on previously committed 1_767_225_600.091_515_750s DETLOG_RECORD={"schema":1,"event":{"kind":"scheduler_commit","scheduler_turn":307,"virtual_nanoseconds":1767225600091515750,"internal_io_poll":true,"runtime_maps_read":false}}
2026-09-10T03:16:10.333285Z  INFO detcore::scheduler: [scheduler] >>>>>>>

 NONCOMMIT turn 308, SKIP dettid 3 polling resource Resources { tid: DetPid(3), resources: {InternalIOPolling: W}, poll_attempt: 26, fyi: "preadv2", signal_interrupt_errno: 512 }
2026-09-10T03:16:10.333310Z  INFO detcore::scheduler: [sched-step5] >>>>>>>

 COMMIT turn 309, dettid 3 using resources {InternalIOPolling: W}, on previously committed 1_767_225_600.092_015_750s DETLOG_RECORD={"schema":1,"event":{"kind":"scheduler_commit","scheduler_turn":309,"virtual_nanoseconds":1767225600092015750,"internal_io_poll":true,"runtime_maps_read":false}}
2026-09-10T03:16:10.333356Z  INFO detcore::scheduler: [scheduler] >>>>>>>

 NONCOMMIT turn 310, SKIP dettid 3 polling resource Resources { tid: DetPid(3), resources: {InternalIOPolling: W}, poll_attempt: 27, fyi: "preadv2", signal_interrupt_errno: 512 }
2026-09-10T03:16:10.333381Z  INFO detcore::scheduler: [sched-step5] >>>>>>>

 COMMIT turn 311, dettid 3 using resources {InternalIOPolling: W}, on previously committed 1_767_225_600.092_515_750s DETLOG_RECORD={"schema":1,"event":{"kind":"scheduler_commit","scheduler_turn":311,"virtual_nanoseconds":1767225600092515750,"internal_io_poll":true,"runtime_maps_read":false}}
2026-09-10T03:16:10.333427Z  INFO detcore::scheduler: [scheduler] >>>>>>>

 NONCOMMIT turn 312, SKIP dettid 3 polling resource Resources { tid: DetPid(3), resources: {InternalIOPolling: W}, poll_attempt: 28, fyi: "preadv2", signal_interrupt_errno: 512 }
2026-09-10T03:16:10.333452Z  INFO detcore::scheduler: [sched-step5] >>>>>>>

 COMMIT turn 313, dettid 3 using resources {InternalIOPolling: W}, on previously committed 1_767_225_600.093_015_750s DETLOG_RECORD={"schema":1,"event":{"kind":"scheduler_commit","scheduler_turn":313,"virtual_nanoseconds":1767225600093015750,"internal_io_poll":true,"runtime_maps_read":false}}
2026-09-10T03:16:10.333506Z  INFO detcore::scheduler: [scheduler] >>>>>>>

 NONCOMMIT turn 314, SKIP dettid 3 polling resource Resources { tid: DetPid(3), resources: {InternalIOPolling: W}, poll_attempt: 29, fyi: "preadv2", signal_interrupt_errno: 512 }
2026-09-10T03:16:10.333533Z  INFO detcore::scheduler: [sched-step5] >>>>>>>

 COMMIT turn 315, dettid 3 using resources {InternalIOPolling: W}, on previously committed 1_767_225_600.093_515_750s DETLOG_RECORD={"schema":1,"event":{"kind":"scheduler_commit","scheduler_turn":315,"virtual_nanoseconds":1767225600093515750,"internal_io_poll":true,"runtime_maps_read":false}}
2026-09-10T03:16:10.333583Z  INFO detcore::scheduler: [scheduler] >>>>>>>

 NONCOMMIT turn 316, SKIP dettid 3 polling resource Resources { tid: DetPid(3), resources: {InternalIOPolling: W}, poll_attempt: 30, fyi: "preadv2", signal_interrupt_errno: 512 }
2026-09-10T03:16:10.333610Z  INFO detcore::scheduler: [sched-step5] >>>>>>>

 COMMIT turn 317, dettid 3 using resources {InternalIOPolling: W}, on previously committed 1_767_225_600.094_015_750s DETLOG_RECORD={"schema":1,"event":{"kind":"scheduler_commit","scheduler_turn":317,"virtual_nanoseconds":1767225600094015750,"internal_io_poll":true,"runtime_maps_read":false}}
2026-09-10T03:16:10.333657Z  INFO detcore::scheduler: [scheduler] >>>>>>>

 NONCOMMIT turn 318, SKIP dettid 3 polling resource Resources { tid: DetPid(3), resources: {InternalIOPolling: W}, poll_attempt: 31, fyi: "preadv2", signal_interrupt_errno: 512 }
2026-09-10T03:16:10.333683Z  INFO detcore::scheduler: [sched-step5] >>>>>>>

 COMMIT turn 319, dettid 3 using resources {InternalIOPolling: W}, on previously committed 1_767_225_600.094_515_750s DETLOG_RECORD={"schema":1,"event":{"kind":"scheduler_commit","scheduler_turn":319,"virtual_nanoseconds":1767225600094515750,"internal_io_poll":true,"runtime_maps_read":false}}
2026-09-10T03:16:10.333729Z  INFO detcore::scheduler: [scheduler] >>>>>>>

 NONCOMMIT turn 320, SKIP dettid 3 polling resource Resources { tid: DetPid(3), resources: {InternalIOPolling: W}, poll_attempt: 32, fyi: "preadv2", signal_interrupt_errno: 512 }
2026-09-10T03:16:10.333754Z  INFO detcore::scheduler: [sched-step5] >>>>>>>

 COMMIT turn 321, dettid 3 using resources {InternalIOPolling: W}, on previously committed 1_767_225_600.095_015_750s DETLOG_RECORD={"schema":1,"event":{"kind":"scheduler_commit","scheduler_turn":321,"virtual_nanoseconds":1767225600095015750,"internal_io_poll":true,"runtime_maps_read":false}}
2026-09-10T03:16:10.333807Z  INFO detcore::scheduler: [scheduler] >>>>>>>

 NONCOMMIT turn 322, SKIP dettid 3 polling resource Resources { tid: DetPid(3), resources: {InternalIOPolling: W}, poll_attempt: 33, fyi: "preadv2", signal_interrupt_errno: 512 }
2026-09-10T03:16:10.333833Z  INFO detcore::scheduler: [sched-step5] >>>>>>>

 COMMIT turn 323, dettid 3 using resources {InternalIOPolling: W}, on previously committed 1_767_225_600.095_515_750s DETLOG_RECORD={"schema":1,"event":{"kind":"scheduler_commit","scheduler_turn":323,"virtual_nanoseconds":1767225600095515750,"internal_io_poll":true,"runtime_maps_read":false}}
2026-09-10T03:16:10.333879Z  INFO detcore::scheduler: [scheduler] >>>>>>>

 NONCOMMIT turn 324, SKIP dettid 3 polling resource Resources { tid: DetPid(3), resources: {InternalIOPolling: W}, poll_attempt: 34, fyi: "preadv2", signal_interrupt_errno: 512 }
2026-09-10T03:16:10.333904Z  INFO detcore::scheduler: [sched-step5] >>>>>>>

 COMMIT turn 325, dettid 3 using resources {InternalIOPolling: W}, on previously committed 1_767_225_600.096_015_750s DETLOG_RECORD={"schema":1,"event":{"kind":"scheduler_commit","scheduler_turn":325,"virtual_nanoseconds":1767225600096015750,"internal_io_poll":true,"runtime_maps_read":false}}
2026-09-10T03:16:10.333950Z  INFO detcore::scheduler: [scheduler] >>>>>>>

 NONCOMMIT turn 326, SKIP dettid 3 polling resource Resources { tid: DetPid(3), resources: {InternalIOPolling: W}, poll_attempt: 35, fyi: "preadv2", signal_interrupt_errno: 512 }
2026-09-10T03:16:10.333975Z  INFO detcore::scheduler: [sched-step5] >>>>>>>

 COMMIT turn 327, dettid 3 using resources {InternalIOPolling: W}, on previously committed 1_767_225_600.096_515_750s DETLOG_RECORD={"schema":1,"event":{"kind":"scheduler_commit","scheduler_turn":327,"virtual_nanoseconds":1767225600096515750,"internal_io_poll":true,"runtime_maps_read":false}}
2026-09-10T03:16:10.334023Z  INFO detcore::scheduler: [scheduler] >>>>>>>

 NONCOMMIT turn 328, SKIP dettid 3 polling resource Resources { tid: DetPid(3), resources: {InternalIOPolling: W}, poll_attempt: 36, fyi: "preadv2", signal_interrupt_errno: 512 }
2026-09-10T03:16:10.334052Z  INFO detcore::scheduler: [sched-step5] >>>>>>>

 COMMIT turn 329, dettid 3 using resources {InternalIOPolling: W}, on previously committed 1_767_225_600.097_015_750s DETLOG_RECORD={"schema":1,"event":{"kind":"scheduler_commit","scheduler_turn":329,"virtual_nanoseconds":1767225600097015750,"internal_io_poll":true,"runtime_maps_read":false}}
2026-09-10T03:16:10.334098Z  INFO detcore::scheduler: [scheduler] >>>>>>>

 NONCOMMIT turn 330, SKIP dettid 3 polling resource Resources { tid: DetPid(3), resources: {InternalIOPolling: W}, poll_attempt: 37, fyi: "preadv2", signal_interrupt_errno: 512 }
2026-09-10T03:16:10.334123Z  INFO detcore::scheduler: [sched-step5] >>>>>>>

 COMMIT turn 331, dettid 3 using resources {InternalIOPolling: W}, on previously committed 1_767_225_600.097_515_750s DETLOG_RECORD={"schema":1,"event":{"kind":"scheduler_commit","scheduler_turn":331,"virtual_nanoseconds":1767225600097515750,"internal_io_poll":true,"runtime_maps_read":false}}
2026-09-10T03:16:10.334172Z  INFO detcore::scheduler: [scheduler] >>>>>>>

 NONCOMMIT turn 332, SKIP dettid 3 polling resource Resources { tid: DetPid(3), resources: {InternalIOPolling: W}, poll_attempt: 38, fyi: "preadv2", signal_interrupt_errno: 512 }
2026-09-10T03:16:10.334197Z  INFO detcore::scheduler: [sched-step5] >>>>>>>

 COMMIT turn 333, dettid 3 using resources {InternalIOPolling: W}, on previously committed 1_767_225_600.098_015_750s DETLOG_RECORD={"schema":1,"event":{"kind":"scheduler_commit","scheduler_turn":333,"virtual_nanoseconds":1767225600098015750,"internal_io_poll":true,"runtime_maps_read":false}}
2026-09-10T03:16:10.334257Z  INFO detcore::scheduler: [sched-step5] >>>>>>>

 COMMIT turn 334, dettid 7 using resources {SleepUntil(LogicalTime(1767225600098515250)): W}, on previously committed 1_767_225_600.098_515_750s DETLOG_RECORD={"schema":1,"event":{"kind":"scheduler_commit","scheduler_turn":334,"virtual_nanoseconds":1767225600098515750,"internal_io_poll":false,"runtime_maps_read":false}}
2026-09-10T03:16:10.334297Z  INFO detcore: DETLOG [syscall][detcore, dtid 7] finish syscall #3: clock_nanosleep(CLOCK_REALTIME, 0, 0x1b50e40, 0x1b50e40) = Ok(0) DETLOG_RECORD={"schema":1,"event":{"kind":"syscall_result","finished_syscall_number":3}}
2026-09-10T03:16:10.334346Z  INFO detcore: DETLOG [syscall][detcore, dtid 7] inbound syscall: write(4, 0x4047ec, 2) = ? DETLOG_RECORD={"schema":1,"event":{"kind":"syscall"}}
2026-09-10T03:16:10.334423Z  INFO detcore::scheduler: [scheduler] >>>>>>>

 NONCOMMIT turn 335, SKIP dettid 3 polling resource Resources { tid: DetPid(3), resources: {InternalIOPolling: W}, poll_attempt: 39, fyi: "preadv2", signal_interrupt_errno: 512 }
2026-09-10T03:16:10.334457Z  INFO detcore::scheduler: [sched-step5] >>>>>>>

 COMMIT turn 336, dettid 7 using resources {InternalIOPolling: W}, on previously committed 1_767_225_600.099_025_750s DETLOG_RECORD={"schema":1,"event":{"kind":"scheduler_commit","scheduler_turn":336,"virtual_nanoseconds":1767225600099025750,"internal_io_poll":true,"runtime_maps_read":false}}
2026-09-10T03:16:10.334515Z  INFO detcore: DETLOG [syscall][detcore, dtid 7] finish syscall #4: write(4, 0x4047ec, 2) = Ok(2) DETLOG_RECORD={"schema":1,"event":{"kind":"syscall_result","finished_syscall_number":4}}
2026-09-10T03:16:10.334541Z  INFO detcore::io_buffers: DETLOG [iobuf][dtid 7] write out fd=4 0x4047ec+2->38164fbd17603d73f696b8b4d72664d735bb6a7c88577687fd2ae33fd6964153 DETLOG_RECORD={"schema":1,"event":{"kind":"other"}}
2026-09-10T03:16:10.334575Z  INFO detcore: DETLOG [syscall][detcore, dtid 7] inbound syscall: rt_sigprocmask(0, 0x1b51f30, NULL, 8) = ? DETLOG_RECORD={"schema":1,"event":{"kind":"syscall"}}
2026-09-10T03:16:10.334606Z  INFO detcore: DETLOG [syscall][detcore, dtid 7] finish syscall #5: rt_sigprocmask(0, 0x1b51f30, NULL, 8) = Ok(0) DETLOG_RECORD={"schema":1,"event":{"kind":"syscall_result","finished_syscall_number":5}}
2026-09-10T03:16:10.334630Z  INFO detcore: DETLOG [syscall][detcore, dtid 7] inbound syscall: madvise(0x1351000, 8368128, 4) = ? DETLOG_RECORD={"schema":1,"event":{"kind":"syscall"}}
2026-09-10T03:16:10.334646Z  INFO detcore::syscalls::memory: DETLOG [dtid 7] madvise advice 4 is unsupported by this backend DETLOG_RECORD={"schema":1,"event":{"kind":"other"}}
2026-09-10T03:16:10.334656Z  INFO detcore: DETLOG [syscall][detcore, dtid 7] finish syscall #6: madvise(0x1351000, 8368128, 4) = Err(Errno(ENOSYS)) DETLOG_RECORD={"schema":1,"event":{"kind":"syscall_result","finished_syscall_number":6}}
2026-09-10T03:16:10.334677Z  INFO detcore: DETLOG [syscall][detcore, dtid 7] inbound syscall: exit(0) = ? DETLOG_RECORD={"schema":1,"event":{"kind":"syscall"}}
2026-09-10T03:16:10.334737Z  INFO detcore::scheduler: [sched-step5] >>>>>>>

 COMMIT turn 337, dettid 7 using resources {Exit { group: false, process: DetPid(3), mm: MmId { creator: DetPid(3), generation: 1 } }: RW}, on previously committed 1_767_225_600.099_786_000s DETLOG_RECORD={"schema":1,"event":{"kind":"scheduler_commit","scheduler_turn":337,"virtual_nanoseconds":1767225600099786000,"internal_io_poll":false,"runtime_maps_read":false}}
2026-09-10T03:16:10.334865Z  INFO detcore::scheduler: logically_kill: Scheduler removing all knowledge of [det]tid 7 in pid 3..
2026-09-10T03:16:10.334926Z  INFO detcore::scheduler: [sched-step5] >>>>>>>

 COMMIT turn 338, dettid 3 using resources {InternalIOPolling: W}, on previously committed 1_767_225_600.100_286_000s DETLOG_RECORD={"schema":1,"event":{"kind":"scheduler_commit","scheduler_turn":338,"virtual_nanoseconds":1767225600100286000,"internal_io_poll":true,"runtime_maps_read":false}}
2026-09-10T03:16:10.335026Z  INFO detcore: DETLOG [syscall][detcore, dtid 3] finish syscall #250: preadv2(3, 0x3fffeb70, 2, 18446744073709551615, 0, 0) = Ok(2) DETLOG_RECORD={"schema":1,"event":{"kind":"syscall_result","finished_syscall_number":250}}
2026-09-10T03:16:10.335055Z  INFO detcore::io_buffers: DETLOG [iobuf][dtid 3] preadv2 in fd=3 0x3fffeb54+1->559aead08264d5795d3909718cdd05abd49572e84fe55590eef31a88a08fdffd DETLOG_RECORD={"schema":1,"event":{"kind":"other"}}
2026-09-10T03:16:10.335071Z  INFO detcore::io_buffers: DETLOG [iobuf][dtid 3] preadv2 in fd=3 0x3fffeb58+1->df7e70e5021544f4834bbee64a9e3789febc4be81470df629cad6ddb03320a5c DETLOG_RECORD={"schema":1,"event":{"kind":"other"}}
2026-09-10T03:16:10.335119Z  INFO detcore: DETLOG [syscall][detcore, dtid 3] inbound syscall: futex(0x1b51910, 265, 7, NULL, NULL, -1) = ? DETLOG_RECORD={"schema":1,"event":{"kind":"syscall"}}
2026-09-10T03:16:10.335152Z  INFO detcore: DETLOG [syscall][detcore, dtid 3] finish syscall #251: futex(0x1b51910, 265, 7, NULL, NULL, -1) = Ok(0) DETLOG_RECORD={"schema":1,"event":{"kind":"syscall_result","finished_syscall_number":251}}
2026-09-10T03:16:10.335181Z  INFO detcore: DETLOG [syscall][detcore, dtid 3] inbound syscall: futex(0x1b51910, 265, 7, NULL, NULL, -1) = ? DETLOG_RECORD={"schema":1,"event":{"kind":"syscall"}}
2026-09-10T03:16:10.335199Z  INFO detcore: DETLOG [syscall][detcore, dtid 3] finish syscall #252: futex(0x1b51910, 265, 7, NULL, NULL, -1) = Ok(0) DETLOG_RECORD={"schema":1,"event":{"kind":"syscall_result","finished_syscall_number":252}}
2026-09-10T03:16:10.335223Z  INFO detcore: DETLOG [syscall][detcore, dtid 3] inbound syscall: futex(0x1b51910, 265, 7, NULL, NULL, -1) = ? DETLOG_RECORD={"schema":1,"event":{"kind":"syscall"}}
2026-09-10T03:16:10.335240Z  INFO detcore: DETLOG [syscall][detcore, dtid 3] finish syscall #253: futex(0x1b51910, 265, 7, NULL, NULL, -1) = Ok(0) DETLOG_RECORD={"schema":1,"event":{"kind":"syscall_result","finished_syscall_number":253}}
2026-09-10T03:16:10.335265Z  INFO detcore: DETLOG [syscall][detcore, dtid 3] inbound syscall: futex(0x1b51910, 265, 7, NULL, NULL, -1) = ? DETLOG_RECORD={"schema":1,"event":{"kind":"syscall"}}
2026-09-10T03:16:10.335282Z  INFO detcore: DETLOG [syscall][detcore, dtid 3] finish syscall #254: futex(0x1b51910, 265, 7, NULL, NULL, -1) = Ok(0) DETLOG_RECORD={"schema":1,"event":{"kind":"syscall_result","finished_syscall_number":254}}
2026-09-10T03:16:10.335310Z  INFO detcore: DETLOG [syscall][detcore, dtid 3] inbound syscall: futex(0x1b51910, 265, 7, NULL, NULL, -1) = ? DETLOG_RECORD={"schema":1,"event":{"kind":"syscall"}}
2026-09-10T03:16:10.335330Z  INFO detcore: DETLOG [syscall][detcore, dtid 3] finish syscall #255: futex(0x1b51910, 265, 7, NULL, NULL, -1) = Ok(0) DETLOG_RECORD={"schema":1,"event":{"kind":"syscall_result","finished_syscall_number":255}}
2026-09-10T03:16:10.335354Z  INFO detcore: DETLOG [syscall][detcore, dtid 3] inbound syscall: futex(0x1b51910, 265, 7, NULL, NULL, -1) = ? DETLOG_RECORD={"schema":1,"event":{"kind":"syscall"}}
2026-09-10T03:16:10.335371Z  INFO detcore: DETLOG [syscall][detcore, dtid 3] finish syscall #256: futex(0x1b51910, 265, 7, NULL, NULL, -1) = Ok(0) DETLOG_RECORD={"schema":1,"event":{"kind":"syscall_result","finished_syscall_number":256}}
2026-09-10T03:16:10.335395Z  INFO detcore: DETLOG [syscall][detcore, dtid 3] inbound syscall: futex(0x1b51910, 265, 7, NULL, NULL, -1) = ? DETLOG_RECORD={"schema":1,"event":{"kind":"syscall"}}
2026-09-10T03:16:10.335412Z  INFO detcore: DETLOG [syscall][detcore, dtid 3] finish syscall #257: futex(0x1b51910, 265, 7, NULL, NULL, -1) = Ok(0) DETLOG_RECORD={"schema":1,"event":{"kind":"syscall_result","finished_syscall_number":257}}
2026-09-10T03:16:10.335437Z  INFO detcore: DETLOG [syscall][detcore, dtid 3] inbound syscall: futex(0x1b51910, 265, 7, NULL, NULL, -1) = ? DETLOG_RECORD={"schema":1,"event":{"kind":"syscall"}}
2026-09-10T03:16:10.335454Z  INFO detcore: DETLOG [syscall][detcore, dtid 3] finish syscall #258: futex(0x1b51910, 265, 7, NULL, NULL, -1) = Ok(0) DETLOG_RECORD={"schema":1,"event":{"kind":"syscall_result","finished_syscall_number":258}}
2026-09-10T03:16:10.335478Z  INFO detcore: DETLOG [syscall][detcore, dtid 3] inbound syscall: futex(0x1b51910, 265, 7, NULL, NULL, -1) = ? DETLOG_RECORD={"schema":1,"event":{"kind":"syscall"}}
2026-09-10T03:16:10.335495Z  INFO detcore: DETLOG [syscall][detcore, dtid 3] finish syscall #259: futex(0x1b51910, 265, 7, NULL, NULL, -1) = Ok(0) DETLOG_RECORD={"schema":1,"event":{"kind":"syscall_result","finished_syscall_number":259}}
2026-09-10T03:16:10.335519Z  INFO detcore: DETLOG [syscall][detcore, dtid 3] inbound syscall: futex(0x1b51910, 265, 7, NULL, NULL, -1) = ? DETLOG_RECORD={"schema":1,"event":{"kind":"syscall"}}
2026-09-10T03:16:10.335536Z  INFO detcore: DETLOG [syscall][detcore, dtid 3] finish syscall #260: futex(0x1b51910, 265, 7, NULL, NULL, -1) = Ok(0) DETLOG_RECORD={"schema":1,"event":{"kind":"syscall_result","finished_syscall_number":260}}
2026-09-10T03:16:10.335560Z  INFO detcore: DETLOG [syscall][detcore, dtid 3] inbound syscall: futex(0x1b51910, 265, 7, NULL, NULL, -1) = ? DETLOG_RECORD={"schema":1,"event":{"kind":"syscall"}}
2026-09-10T03:16:10.335577Z  INFO detcore: DETLOG [syscall][detcore, dtid 3] finish syscall #261: futex(0x1b51910, 265, 7, NULL, NULL, -1) = Ok(0) DETLOG_RECORD={"schema":1,"event":{"kind":"syscall_result","finished_syscall_number":261}}
2026-09-10T03:16:10.335602Z  INFO detcore: DETLOG [syscall][detcore, dtid 3] inbound syscall: futex(0x1b51910, 265, 7, NULL, NULL, -1) = ? DETLOG_RECORD={"schema":1,"event":{"kind":"syscall"}}
2026-09-10T03:16:10.335619Z  INFO detcore: DETLOG [syscall][detcore, dtid 3] finish syscall #262: futex(0x1b51910, 265, 7, NULL, NULL, -1) = Ok(0) DETLOG_RECORD={"schema":1,"event":{"kind":"syscall_result","finished_syscall_number":262}}
2026-09-10T03:16:10.335643Z  INFO detcore: DETLOG [syscall][detcore, dtid 3] inbound syscall: futex(0x1b51910, 265, 7, NULL, NULL, -1) = ? DETLOG_RECORD={"schema":1,"event":{"kind":"syscall"}}
2026-09-10T03:16:10.335660Z  INFO detcore: DETLOG [syscall][detcore, dtid 3] finish syscall #263: futex(0x1b51910, 265, 7, NULL, NULL, -1) = Ok(0) DETLOG_RECORD={"schema":1,"event":{"kind":"syscall_result","finished_syscall_number":263}}
2026-09-10T03:16:10.335684Z  INFO detcore: DETLOG [syscall][detcore, dtid 3] inbound syscall: futex(0x1b51910, 265, 7, NULL, NULL, -1) = ? DETLOG_RECORD={"schema":1,"event":{"kind":"syscall"}}
2026-09-10T03:16:10.335702Z  INFO detcore: DETLOG [syscall][detcore, dtid 3] finish syscall #264: futex(0x1b51910, 265, 7, NULL, NULL, -1) = Ok(0) DETLOG_RECORD={"schema":1,"event":{"kind":"syscall_result","finished_syscall_number":264}}
2026-09-10T03:16:10.335728Z  INFO detcore: DETLOG [syscall][detcore, dtid 3] inbound syscall: futex(0x1b51910, 265, 7, NULL, NULL, -1) = ? DETLOG_RECORD={"schema":1,"event":{"kind":"syscall"}}
2026-09-10T03:16:10.335745Z  INFO detcore: DETLOG [syscall][detcore, dtid 3] finish syscall #265: futex(0x1b51910, 265, 7, NULL, NULL, -1) = Ok(0) DETLOG_RECORD={"schema":1,"event":{"kind":"syscall_result","finished_syscall_number":265}}
2026-09-10T03:16:10.335769Z  INFO detcore: DETLOG [syscall][detcore, dtid 3] inbound syscall: futex(0x1b51910, 265, 7, NULL, NULL, -1) = ? DETLOG_RECORD={"schema":1,"event":{"kind":"syscall"}}
2026-09-10T03:16:10.335813Z  INFO detcore: DETLOG [syscall][detcore, dtid 3] finish syscall #266: futex(0x1b51910, 265, 7, NULL, NULL, -1) = Ok(0) DETLOG_RECORD={"schema":1,"event":{"kind":"syscall_result","finished_syscall_number":266}}
2026-09-10T03:16:10.335855Z  INFO detcore: DETLOG [syscall][detcore, dtid 3] inbound syscall: futex(0x1b51910, 265, 7, NULL, NULL, -1) = ? DETLOG_RECORD={"schema":1,"event":{"kind":"syscall"}}
2026-09-10T03:16:10.335872Z  INFO detcore: DETLOG [syscall][detcore, dtid 3] finish syscall #267: futex(0x1b51910, 265, 7, NULL, NULL, -1) = Ok(0) DETLOG_RECORD={"schema":1,"event":{"kind":"syscall_result","finished_syscall_number":267}}
2026-09-10T03:16:10.335897Z  INFO detcore: DETLOG [syscall][detcore, dtid 3] inbound syscall: futex(0x1b51910, 265, 7, NULL, NULL, -1) = ? DETLOG_RECORD={"schema":1,"event":{"kind":"syscall"}}
2026-09-10T03:16:10.335914Z  INFO detcore: DETLOG [syscall][detcore, dtid 3] finish syscall #268: futex(0x1b51910, 265, 7, NULL, NULL, -1) = Ok(0) DETLOG_RECORD={"schema":1,"event":{"kind":"syscall_result","finished_syscall_number":268}}
2026-09-10T03:16:10.335938Z  INFO detcore: DETLOG [syscall][detcore, dtid 3] inbound syscall: futex(0x1b51910, 265, 7, NULL, NULL, -1) = ? DETLOG_RECORD={"schema":1,"event":{"kind":"syscall"}}
2026-09-10T03:16:10.335955Z  INFO detcore: DETLOG [syscall][detcore, dtid 3] finish syscall #269: futex(0x1b51910, 265, 7, NULL, NULL, -1) = Ok(0) DETLOG_RECORD={"schema":1,"event":{"kind":"syscall_result","finished_syscall_number":269}}
2026-09-10T03:16:10.335980Z  INFO detcore: DETLOG [syscall][detcore, dtid 3] inbound syscall: futex(0x1b51910, 265, 7, NULL, NULL, -1) = ? DETLOG_RECORD={"schema":1,"event":{"kind":"syscall"}}
2026-09-10T03:16:10.335997Z  INFO detcore: DETLOG [syscall][detcore, dtid 3] finish syscall #270: futex(0x1b51910, 265, 7, NULL, NULL, -1) = Ok(0) DETLOG_RECORD={"schema":1,"event":{"kind":"syscall_result","finished_syscall_number":270}}
2026-09-10T03:16:10.336021Z  INFO detcore: DETLOG [syscall][detcore, dtid 3] inbound syscall: futex(0x1b51910, 265, 7, NULL, NULL, -1) = ? DETLOG_RECORD={"schema":1,"event":{"kind":"syscall"}}
2026-09-10T03:16:10.336038Z  INFO detcore: DETLOG [syscall][detcore, dtid 3] finish syscall #271: futex(0x1b51910, 265, 7, NULL, NULL, -1) = Ok(0) DETLOG_RECORD={"schema":1,"event":{"kind":"syscall_result","finished_syscall_number":271}}
2026-09-10T03:16:10.336062Z  INFO detcore: DETLOG [syscall][detcore, dtid 3] inbound syscall: futex(0x1b51910, 265, 7, NULL, NULL, -1) = ? DETLOG_RECORD={"schema":1,"event":{"kind":"syscall"}}
2026-09-10T03:16:10.336079Z  INFO detcore: DETLOG [syscall][detcore, dtid 3] finish syscall #272: futex(0x1b51910, 265, 7, NULL, NULL, -1) = Ok(0) DETLOG_RECORD={"schema":1,"event":{"kind":"syscall_result","finished_syscall_number":272}}
2026-09-10T03:16:10.336104Z  INFO detcore: DETLOG [syscall][detcore, dtid 3] inbound syscall: futex(0x1b51910, 265, 7, NULL, NULL, -1) = ? DETLOG_RECORD={"schema":1,"event":{"kind":"syscall"}}
2026-09-10T03:16:10.336120Z  INFO detcore: DETLOG [syscall][detcore, dtid 3] finish syscall #273: futex(0x1b51910, 265, 7, NULL, NULL, -1) = Ok(0) DETLOG_RECORD={"schema":1,"event":{"kind":"syscall_result","finished_syscall_number":273}}
2026-09-10T03:16:10.336146Z  INFO detcore: DETLOG [syscall][detcore, dtid 3] inbound syscall: futex(0x1b51910, 265, 7, NULL, NULL, -1) = ? DETLOG_RECORD={"schema":1,"event":{"kind":"syscall"}}
2026-09-10T03:16:10.336164Z  INFO detcore: DETLOG [syscall][detcore, dtid 3] finish syscall #274: futex(0x1b51910, 265, 7, NULL, NULL, -1) = Ok(0) DETLOG_RECORD={"schema":1,"event":{"kind":"syscall_result","finished_syscall_number":274}}
2026-09-10T03:16:10.336188Z  INFO detcore: DETLOG [syscall][detcore, dtid 3] inbound syscall: futex(0x1b51910, 265, 7, NULL, NULL, -1) = ? DETLOG_RECORD={"schema":1,"event":{"kind":"syscall"}}
2026-09-10T03:16:10.336205Z  INFO detcore: DETLOG [syscall][detcore, dtid 3] finish syscall #275: futex(0x1b51910, 265, 7, NULL, NULL, -1) = Ok(0) DETLOG_RECORD={"schema":1,"event":{"kind":"syscall_result","finished_syscall_number":275}}
2026-09-10T03:16:10.336229Z  INFO detcore: DETLOG [syscall][detcore, dtid 3] inbound syscall: futex(0x1b51910, 265, 7, NULL, NULL, -1) = ? DETLOG_RECORD={"schema":1,"event":{"kind":"syscall"}}
2026-09-10T03:16:10.336246Z  INFO detcore: DETLOG [syscall][detcore, dtid 3] finish syscall #276: futex(0x1b51910, 265, 7, NULL, NULL, -1) = Ok(0) DETLOG_RECORD={"schema":1,"event":{"kind":"syscall_result","finished_syscall_number":276}}
2026-09-10T03:16:10.336271Z  INFO detcore: DETLOG [syscall][detcore, dtid 3] inbound syscall: futex(0x1b51910, 265, 7, NULL, NULL, -1) = ? DETLOG_RECORD={"schema":1,"event":{"kind":"syscall"}}
2026-09-10T03:16:10.336288Z  INFO detcore: DETLOG [syscall][detcore, dtid 3] finish syscall #277: futex(0x1b51910, 265, 7, NULL, NULL, -1) = Ok(0) DETLOG_RECORD={"schema":1,"event":{"kind":"syscall_result","finished_syscall_number":277}}
2026-09-10T03:16:10.336896Z  INFO detcore: DETLOG [syscall][detcore, dtid 3] inbound syscall: close(3) = ? DETLOG_RECORD={"schema":1,"event":{"kind":"syscall"}}
2026-09-10T03:16:10.336987Z  INFO detcore: DETLOG [syscall][detcore, dtid 3] finish syscall #278: close(3) = Ok(0) DETLOG_RECORD={"schema":1,"event":{"kind":"syscall_result","finished_syscall_number":278}}
2026-09-10T03:16:10.337029Z  INFO detcore: DETLOG [syscall][detcore, dtid 3] inbound syscall: close(4) = ? DETLOG_RECORD={"schema":1,"event":{"kind":"syscall"}}
2026-09-10T03:16:10.337065Z  INFO detcore: DETLOG [syscall][detcore, dtid 3] finish syscall #279: close(4) = Ok(0) DETLOG_RECORD={"schema":1,"event":{"kind":"syscall_result","finished_syscall_number":279}}
2026-09-10T03:16:10.337113Z  INFO detcore: DETLOG [syscall][detcore, dtid 3] inbound syscall: eventfd2(0, EfdFlags(0x0)) = ? DETLOG_RECORD={"schema":1,"event":{"kind":"syscall"}}
2026-09-10T03:16:10.337150Z  INFO detcore::syscalls::files: Injecting additional fstat to retrieve file metadata on fd 3.
2026-09-10T03:16:10.337193Z  INFO detcore: DETLOG [syscall][detcore, dtid 3] finish syscall #280: eventfd2(0, EfdFlags(0x0)) = Ok(3) DETLOG_RECORD={"schema":1,"event":{"kind":"syscall_result","finished_syscall_number":280}}
2026-09-10T03:16:10.337228Z  INFO detcore: DETLOG [syscall][detcore, dtid 3] inbound syscall: rt_sigprocmask(0, 0x12f7820, 0x3fffea60, 8) = ? DETLOG_RECORD={"schema":1,"event":{"kind":"syscall"}}
2026-09-10T03:16:10.337268Z  INFO detcore: DETLOG [syscall][detcore, dtid 3] finish syscall #281: rt_sigprocmask(0, 0x12f7820, 0x3fffea60, 8) = Ok(0) DETLOG_RECORD={"schema":1,"event":{"kind":"syscall_result","finished_syscall_number":281}}
2026-09-10T03:16:10.337316Z  INFO detcore: DETLOG [syscall][detcore, dtid 3] inbound syscall: clone3(0x3fffe920, 88) = ? DETLOG_RECORD={"schema":1,"event":{"kind":"syscall"}}
2026-09-10T03:16:10.337840Z  INFO detcore::tool_local: DETLOG RNG USER RAND seeding child User pedigree PPPPC: [71, 29, 139, 255, 39, 177, 97, 140, 173, 44, 136, 206, 92, 156, 159, 26] from parent Mcg128Xsl64 {} DETLOG_RECORD={"schema":1,"event":{"kind":"other"}}
2026-09-10T03:16:10.337888Z  INFO detcore::tool_local: DETLOG RNG CHAOSRAND seeding child Chaos pedigree PPPPC: [58, 0, 156, 6, 78, 163, 106, 136, 201, 1, 236, 177, 111, 54, 171, 80] from parent Mcg128Xsl64 {} DETLOG_RECORD={"schema":1,"event":{"kind":"other"}}
2026-09-10T03:16:10.338190Z  INFO detcore::scheduler: [sched-step5] >>>>>>>

 COMMIT turn 339, dettid 8 using resources {MemAddrSpace(DetPid(3)): RW}, on previously committed 1_767_225_600.101_246_250s DETLOG_RECORD={"schema":1,"event":{"kind":"scheduler_commit","scheduler_turn":339,"virtual_nanoseconds":1767225600101246250,"internal_io_poll":false,"runtime_maps_read":false}}
2026-09-10T03:16:10.338258Z  INFO detcore::tool_global: [detcore, dtid 8] New thread given go-ahead to proceed via <ivar Go(None)>
2026-09-10T03:16:10.338422Z  INFO detcore: DETLOG [syscall][detcore, dtid 8] inbound syscall: set_robust_list(0x1b51920, 24) = ? DETLOG_RECORD={"schema":1,"event":{"kind":"syscall"}}
2026-09-10T03:16:10.338487Z  INFO detcore: DETLOG [syscall][detcore, dtid 8] finish syscall #1: set_robust_list(0x1b51920, 24) = Ok(0) DETLOG_RECORD={"schema":1,"event":{"kind":"syscall_result","finished_syscall_number":1}}
2026-09-10T03:16:10.338529Z  INFO detcore: DETLOG [syscall][detcore, dtid 8] inbound syscall: rt_sigprocmask(2, 0x1b51f30, NULL, 8) = ? DETLOG_RECORD={"schema":1,"event":{"kind":"syscall"}}
2026-09-10T03:16:10.338576Z  INFO detcore: DETLOG [syscall][detcore, dtid 8] finish syscall #2: rt_sigprocmask(2, 0x1b51f30, NULL, 8) = Ok(0) DETLOG_RECORD={"schema":1,"event":{"kind":"syscall_result","finished_syscall_number":2}}
2026-09-10T03:16:10.338624Z  INFO detcore: DETLOG [syscall][detcore, dtid 8] inbound syscall: clock_nanosleep(CLOCK_REALTIME, 0, 0x1b50e40, 0x1b50e40) = ? DETLOG_RECORD={"schema":1,"event":{"kind":"syscall"}}
2026-09-10T03:16:10.338718Z  INFO detcore::scheduler: [sched-step5] >>>>>>>

 COMMIT turn 340, dettid 3 using resources {ParentContinue { parent: DetPid(3), child: DetPid(8) }: W}, on previously committed 1_767_225_600.105_016_500s DETLOG_RECORD={"schema":1,"event":{"kind":"scheduler_commit","scheduler_turn":340,"virtual_nanoseconds":1767225600105016500,"internal_io_poll":false,"runtime_maps_read":false}}
2026-09-10T03:16:10.338806Z  INFO detcore: DETLOG [syscall][detcore, dtid 3] finish syscall #282: clone3(0x3fffe920, 88) = Ok(8) DETLOG_RECORD={"schema":1,"event":{"kind":"syscall_result","finished_syscall_number":282}}
2026-09-10T03:16:10.338852Z  INFO detcore: DETLOG [syscall][detcore, dtid 3] inbound syscall: rt_sigprocmask(2, 0x3fffea60, NULL, 8) = ? DETLOG_RECORD={"schema":1,"event":{"kind":"syscall"}}
2026-09-10T03:16:10.338889Z  INFO detcore: DETLOG [syscall][detcore, dtid 3] finish syscall #283: rt_sigprocmask(2, 0x3fffea60, NULL, 8) = Ok(0) DETLOG_RECORD={"schema":1,"event":{"kind":"syscall_result","finished_syscall_number":283}}
2026-09-10T03:16:10.338927Z  INFO detcore: DETLOG [syscall][detcore, dtid 3] inbound syscall: preadv2(3, 0x3fffeb70, 2, 18446744073709551615, 0, 0) = ? DETLOG_RECORD={"schema":1,"event":{"kind":"syscall"}}
2026-09-10T03:16:10.339052Z  INFO detcore::scheduler: [scheduler] >>>>>>>

 NONCOMMIT turn 341, SKIP dettid 8 which wanted resource SleepUntil(LogicalTime(1767225600124516500)) (blocking)
2026-09-10T03:16:10.339086Z  INFO detcore::scheduler: [scheduler] >>>>>>>

 NONCOMMIT turn 342, SKIP dettid 3 polling resource Resources { tid: DetPid(3), resources: {InternalIOPolling: W}, poll_attempt: 1, fyi: "preadv2", signal_interrupt_errno: 512 }
2026-09-10T03:16:10.339121Z  INFO detcore::scheduler: [sched-step5] >>>>>>>

 COMMIT turn 343, dettid 3 using resources {InternalIOPolling: W}, on previously committed 1_767_225_600.105_517_000s DETLOG_RECORD={"schema":1,"event":{"kind":"scheduler_commit","scheduler_turn":343,"virtual_nanoseconds":1767225600105517000,"internal_io_poll":true,"runtime_maps_read":false}}
2026-09-10T03:16:10.339192Z  INFO detcore::scheduler: [scheduler] >>>>>>>

 NONCOMMIT turn 344, SKIP dettid 3 polling resource Resources { tid: DetPid(3), resources: {InternalIOPolling: W}, poll_attempt: 2, fyi: "preadv2", signal_interrupt_errno: 512 }
2026-09-10T03:16:10.339220Z  INFO detcore::scheduler: [sched-step5] >>>>>>>

 COMMIT turn 345, dettid 3 using resources {InternalIOPolling: W}, on previously committed 1_767_225_600.106_017_000s DETLOG_RECORD={"schema":1,"event":{"kind":"scheduler_commit","scheduler_turn":345,"virtual_nanoseconds":1767225600106017000,"internal_io_poll":true,"runtime_maps_read":false}}
2026-09-10T03:16:10.339275Z  INFO detcore::scheduler: [scheduler] >>>>>>>

 NONCOMMIT turn 346, SKIP dettid 3 polling resource Resources { tid: DetPid(3), resources: {InternalIOPolling: W}, poll_attempt: 3, fyi: "preadv2", signal_interrupt_errno: 512 }
2026-09-10T03:16:10.339306Z  INFO detcore::scheduler: [sched-step5] >>>>>>>

 COMMIT turn 347, dettid 3 using resources {InternalIOPolling: W}, on previously committed 1_767_225_600.106_517_000s DETLOG_RECORD={"schema":1,"event":{"kind":"scheduler_commit","scheduler_turn":347,"virtual_nanoseconds":1767225600106517000,"internal_io_poll":true,"runtime_maps_read":false}}
2026-09-10T03:16:10.339353Z  INFO detcore::scheduler: [scheduler] >>>>>>>

 NONCOMMIT turn 348, SKIP dettid 3 polling resource Resources { tid: DetPid(3), resources: {InternalIOPolling: W}, poll_attempt: 4, fyi: "preadv2", signal_interrupt_errno: 512 }
2026-09-10T03:16:10.339379Z  INFO detcore::scheduler: [sched-step5] >>>>>>>

 COMMIT turn 349, dettid 3 using resources {InternalIOPolling: W}, on previously committed 1_767_225_600.107_017_000s DETLOG_RECORD={"schema":1,"event":{"kind":"scheduler_commit","scheduler_turn":349,"virtual_nanoseconds":1767225600107017000,"internal_io_poll":true,"runtime_maps_read":false}}
2026-09-10T03:16:10.339424Z  INFO detcore::scheduler: [scheduler] >>>>>>>

 NONCOMMIT turn 350, SKIP dettid 3 polling resource Resources { tid: DetPid(3), resources: {InternalIOPolling: W}, poll_attempt: 5, fyi: "preadv2", signal_interrupt_errno: 512 }
2026-09-10T03:16:10.339449Z  INFO detcore::scheduler: [sched-step5] >>>>>>>

 COMMIT turn 351, dettid 3 using resources {InternalIOPolling: W}, on previously committed 1_767_225_600.107_517_000s DETLOG_RECORD={"schema":1,"event":{"kind":"scheduler_commit","scheduler_turn":351,"virtual_nanoseconds":1767225600107517000,"internal_io_poll":true,"runtime_maps_read":false}}
2026-09-10T03:16:10.339495Z  INFO detcore::scheduler: [scheduler] >>>>>>>

 NONCOMMIT turn 352, SKIP dettid 3 polling resource Resources { tid: DetPid(3), resources: {InternalIOPolling: W}, poll_attempt: 6, fyi: "preadv2", signal_interrupt_errno: 512 }
2026-09-10T03:16:10.339520Z  INFO detcore::scheduler: [sched-step5] >>>>>>>

 COMMIT turn 353, dettid 3 using resources {InternalIOPolling: W}, on previously committed 1_767_225_600.108_017_000s DETLOG_RECORD={"schema":1,"event":{"kind":"scheduler_commit","scheduler_turn":353,"virtual_nanoseconds":1767225600108017000,"internal_io_poll":true,"runtime_maps_read":false}}
2026-09-10T03:16:10.339565Z  INFO detcore::scheduler: [scheduler] >>>>>>>

 NONCOMMIT turn 354, SKIP dettid 3 polling resource Resources { tid: DetPid(3), resources: {InternalIOPolling: W}, poll_attempt: 7, fyi: "preadv2", signal_interrupt_errno: 512 }
2026-09-10T03:16:10.339590Z  INFO detcore::scheduler: [sched-step5] >>>>>>>

 COMMIT turn 355, dettid 3 using resources {InternalIOPolling: W}, on previously committed 1_767_225_600.108_517_000s DETLOG_RECORD={"schema":1,"event":{"kind":"scheduler_commit","scheduler_turn":355,"virtual_nanoseconds":1767225600108517000,"internal_io_poll":true,"runtime_maps_read":false}}
2026-09-10T03:16:10.339636Z  INFO detcore::scheduler: [scheduler] >>>>>>>

 NONCOMMIT turn 356, SKIP dettid 3 polling resource Resources { tid: DetPid(3), resources: {InternalIOPolling: W}, poll_attempt: 8, fyi: "preadv2", signal_interrupt_errno: 512 }
2026-09-10T03:16:10.339661Z  INFO detcore::scheduler: [sched-step5] >>>>>>>

 COMMIT turn 357, dettid 3 using resources {InternalIOPolling: W}, on previously committed 1_767_225_600.109_017_000s DETLOG_RECORD={"schema":1,"event":{"kind":"scheduler_commit","scheduler_turn":357,"virtual_nanoseconds":1767225600109017000,"internal_io_poll":true,"runtime_maps_read":false}}
2026-09-10T03:16:10.339706Z  INFO detcore::scheduler: [scheduler] >>>>>>>

 NONCOMMIT turn 358, SKIP dettid 3 polling resource Resources { tid: DetPid(3), resources: {InternalIOPolling: W}, poll_attempt: 9, fyi: "preadv2", signal_interrupt_errno: 512 }
2026-09-10T03:16:10.339734Z  INFO detcore::scheduler: [sched-step5] >>>>>>>

 COMMIT turn 359, dettid 3 using resources {InternalIOPolling: W}, on previously committed 1_767_225_600.109_517_000s DETLOG_RECORD={"schema":1,"event":{"kind":"scheduler_commit","scheduler_turn":359,"virtual_nanoseconds":1767225600109517000,"internal_io_poll":true,"runtime_maps_read":false}}
2026-09-10T03:16:10.339790Z  INFO detcore::scheduler: [scheduler] >>>>>>>

 NONCOMMIT turn 360, SKIP dettid 3 polling resource Resources { tid: DetPid(3), resources: {InternalIOPolling: W}, poll_attempt: 10, fyi: "preadv2", signal_interrupt_errno: 512 }
2026-09-10T03:16:10.339817Z  INFO detcore::scheduler: [sched-step5] >>>>>>>

 COMMIT turn 361, dettid 3 using resources {InternalIOPolling: W}, on previously committed 1_767_225_600.110_017_000s DETLOG_RECORD={"schema":1,"event":{"kind":"scheduler_commit","scheduler_turn":361,"virtual_nanoseconds":1767225600110017000,"internal_io_poll":true,"runtime_maps_read":false}}
2026-09-10T03:16:10.339863Z  INFO detcore::scheduler: [scheduler] >>>>>>>

 NONCOMMIT turn 362, SKIP dettid 3 polling resource Resources { tid: DetPid(3), resources: {InternalIOPolling: W}, poll_attempt: 11, fyi: "preadv2", signal_interrupt_errno: 512 }
2026-09-10T03:16:10.339888Z  INFO detcore::scheduler: [sched-step5] >>>>>>>

 COMMIT turn 363, dettid 3 using resources {InternalIOPolling: W}, on previously committed 1_767_225_600.110_517_000s DETLOG_RECORD={"schema":1,"event":{"kind":"scheduler_commit","scheduler_turn":363,"virtual_nanoseconds":1767225600110517000,"internal_io_poll":true,"runtime_maps_read":false}}
2026-09-10T03:16:10.339933Z  INFO detcore::scheduler: [scheduler] >>>>>>>

 NONCOMMIT turn 364, SKIP dettid 3 polling resource Resources { tid: DetPid(3), resources: {InternalIOPolling: W}, poll_attempt: 12, fyi: "preadv2", signal_interrupt_errno: 512 }
2026-09-10T03:16:10.339958Z  INFO detcore::scheduler: [sched-step5] >>>>>>>

 COMMIT turn 365, dettid 3 using resources {InternalIOPolling: W}, on previously committed 1_767_225_600.111_017_000s DETLOG_RECORD={"schema":1,"event":{"kind":"scheduler_commit","scheduler_turn":365,"virtual_nanoseconds":1767225600111017000,"internal_io_poll":true,"runtime_maps_read":false}}
2026-09-10T03:16:10.340003Z  INFO detcore::scheduler: [scheduler] >>>>>>>

 NONCOMMIT turn 366, SKIP dettid 3 polling resource Resources { tid: DetPid(3), resources: {InternalIOPolling: W}, poll_attempt: 13, fyi: "preadv2", signal_interrupt_errno: 512 }
2026-09-10T03:16:10.340029Z  INFO detcore::scheduler: [sched-step5] >>>>>>>

 COMMIT turn 367, dettid 3 using resources {InternalIOPolling: W}, on previously committed 1_767_225_600.111_517_000s DETLOG_RECORD={"schema":1,"event":{"kind":"scheduler_commit","scheduler_turn":367,"virtual_nanoseconds":1767225600111517000,"internal_io_poll":true,"runtime_maps_read":false}}
2026-09-10T03:16:10.340078Z  INFO detcore::scheduler: [scheduler] >>>>>>>

 NONCOMMIT turn 368, SKIP dettid 3 polling resource Resources { tid: DetPid(3), resources: {InternalIOPolling: W}, poll_attempt: 14, fyi: "preadv2", signal_interrupt_errno: 512 }
2026-09-10T03:16:10.340103Z  INFO detcore::scheduler: [sched-step5] >>>>>>>

 COMMIT turn 369, dettid 3 using resources {InternalIOPolling: W}, on previously committed 1_767_225_600.112_017_000s DETLOG_RECORD={"schema":1,"event":{"kind":"scheduler_commit","scheduler_turn":369,"virtual_nanoseconds":1767225600112017000,"internal_io_poll":true,"runtime_maps_read":false}}
2026-09-10T03:16:10.340149Z  INFO detcore::scheduler: [scheduler] >>>>>>>

 NONCOMMIT turn 370, SKIP dettid 3 polling resource Resources { tid: DetPid(3), resources: {InternalIOPolling: W}, poll_attempt: 15, fyi: "preadv2", signal_interrupt_errno: 512 }
2026-09-10T03:16:10.340174Z  INFO detcore::scheduler: [sched-step5] >>>>>>>

 COMMIT turn 371, dettid 3 using resources {InternalIOPolling: W}, on previously committed 1_767_225_600.112_517_000s DETLOG_RECORD={"schema":1,"event":{"kind":"scheduler_commit","scheduler_turn":371,"virtual_nanoseconds":1767225600112517000,"internal_io_poll":true,"runtime_maps_read":false}}
2026-09-10T03:16:10.340222Z  INFO detcore::scheduler: [scheduler] >>>>>>>

 NONCOMMIT turn 372, SKIP dettid 3 polling resource Resources { tid: DetPid(3), resources: {InternalIOPolling: W}, poll_attempt: 16, fyi: "preadv2", signal_interrupt_errno: 512 }
2026-09-10T03:16:10.340250Z  INFO detcore::scheduler: [sched-step5] >>>>>>>

 COMMIT turn 373, dettid 3 using resources {InternalIOPolling: W}, on previously committed 1_767_225_600.113_017_000s DETLOG_RECORD={"schema":1,"event":{"kind":"scheduler_commit","scheduler_turn":373,"virtual_nanoseconds":1767225600113017000,"internal_io_poll":true,"runtime_maps_read":false}}
2026-09-10T03:16:10.340296Z  INFO detcore::scheduler: [scheduler] >>>>>>>

 NONCOMMIT turn 374, SKIP dettid 3 polling resource Resources { tid: DetPid(3), resources: {InternalIOPolling: W}, poll_attempt: 17, fyi: "preadv2", signal_interrupt_errno: 512 }
2026-09-10T03:16:10.340321Z  INFO detcore::scheduler: [sched-step5] >>>>>>>

 COMMIT turn 375, dettid 3 using resources {InternalIOPolling: W}, on previously committed 1_767_225_600.113_517_000s DETLOG_RECORD={"schema":1,"event":{"kind":"scheduler_commit","scheduler_turn":375,"virtual_nanoseconds":1767225600113517000,"internal_io_poll":true,"runtime_maps_read":false}}
2026-09-10T03:16:10.340367Z  INFO detcore::scheduler: [scheduler] >>>>>>>

 NONCOMMIT turn 376, SKIP dettid 3 polling resource Resources { tid: DetPid(3), resources: {InternalIOPolling: W}, poll_attempt: 18, fyi: "preadv2", signal_interrupt_errno: 512 }
2026-09-10T03:16:10.340392Z  INFO detcore::scheduler: [sched-step5] >>>>>>>

 COMMIT turn 377, dettid 3 using resources {InternalIOPolling: W}, on previously committed 1_767_225_600.114_017_000s DETLOG_RECORD={"schema":1,"event":{"kind":"scheduler_commit","scheduler_turn":377,"virtual_nanoseconds":1767225600114017000,"internal_io_poll":true,"runtime_maps_read":false}}
2026-09-10T03:16:10.340437Z  INFO detcore::scheduler: [scheduler] >>>>>>>

 NONCOMMIT turn 378, SKIP dettid 3 polling resource Resources { tid: DetPid(3), resources: {InternalIOPolling: W}, poll_attempt: 19, fyi: "preadv2", signal_interrupt_errno: 512 }
2026-09-10T03:16:10.340462Z  INFO detcore::scheduler: [sched-step5] >>>>>>>

 COMMIT turn 379, dettid 3 using resources {InternalIOPolling: W}, on previously committed 1_767_225_600.114_517_000s DETLOG_RECORD={"schema":1,"event":{"kind":"scheduler_commit","scheduler_turn":379,"virtual_nanoseconds":1767225600114517000,"internal_io_poll":true,"runtime_maps_read":false}}
2026-09-10T03:16:10.340507Z  INFO detcore::scheduler: [scheduler] >>>>>>>

 NONCOMMIT turn 380, SKIP dettid 3 polling resource Resources { tid: DetPid(3), resources: {InternalIOPolling: W}, poll_attempt: 20, fyi: "preadv2", signal_interrupt_errno: 512 }
2026-09-10T03:16:10.340532Z  INFO detcore::scheduler: [sched-step5] >>>>>>>

 COMMIT turn 381, dettid 3 using resources {InternalIOPolling: W}, on previously committed 1_767_225_600.115_017_000s DETLOG_RECORD={"schema":1,"event":{"kind":"scheduler_commit","scheduler_turn":381,"virtual_nanoseconds":1767225600115017000,"internal_io_poll":true,"runtime_maps_read":false}}
2026-09-10T03:16:10.340577Z  INFO detcore::scheduler: [scheduler] >>>>>>>

 NONCOMMIT turn 382, SKIP dettid 3 polling resource Resources { tid: DetPid(3), resources: {InternalIOPolling: W}, poll_attempt: 21, fyi: "preadv2", signal_interrupt_errno: 512 }
2026-09-10T03:16:10.340601Z  INFO detcore::scheduler: [sched-step5] >>>>>>>

 COMMIT turn 383, dettid 3 using resources {InternalIOPolling: W}, on previously committed 1_767_225_600.115_517_000s DETLOG_RECORD={"schema":1,"event":{"kind":"scheduler_commit","scheduler_turn":383,"virtual_nanoseconds":1767225600115517000,"internal_io_poll":true,"runtime_maps_read":false}}
2026-09-10T03:16:10.340646Z  INFO detcore::scheduler: [scheduler] >>>>>>>

 NONCOMMIT turn 384, SKIP dettid 3 polling resource Resources { tid: DetPid(3), resources: {InternalIOPolling: W}, poll_attempt: 22, fyi: "preadv2", signal_interrupt_errno: 512 }
2026-09-10T03:16:10.340673Z  INFO detcore::scheduler: [sched-step5] >>>>>>>

 COMMIT turn 385, dettid 3 using resources {InternalIOPolling: W}, on previously committed 1_767_225_600.116_017_000s DETLOG_RECORD={"schema":1,"event":{"kind":"scheduler_commit","scheduler_turn":385,"virtual_nanoseconds":1767225600116017000,"internal_io_poll":true,"runtime_maps_read":false}}
2026-09-10T03:16:10.340722Z  INFO detcore::scheduler: [scheduler] >>>>>>>

 NONCOMMIT turn 386, SKIP dettid 3 polling resource Resources { tid: DetPid(3), resources: {InternalIOPolling: W}, poll_attempt: 23, fyi: "preadv2", signal_interrupt_errno: 512 }
2026-09-10T03:16:10.340747Z  INFO detcore::scheduler: [sched-step5] >>>>>>>

 COMMIT turn 387, dettid 3 using resources {InternalIOPolling: W}, on previously committed 1_767_225_600.116_517_000s DETLOG_RECORD={"schema":1,"event":{"kind":"scheduler_commit","scheduler_turn":387,"virtual_nanoseconds":1767225600116517000,"internal_io_poll":true,"runtime_maps_read":false}}
2026-09-10T03:16:10.340800Z  INFO detcore::scheduler: [scheduler] >>>>>>>

 NONCOMMIT turn 388, SKIP dettid 3 polling resource Resources { tid: DetPid(3), resources: {InternalIOPolling: W}, poll_attempt: 24, fyi: "preadv2", signal_interrupt_errno: 512 }
2026-09-10T03:16:10.340826Z  INFO detcore::scheduler: [sched-step5] >>>>>>>

 COMMIT turn 389, dettid 3 using resources {InternalIOPolling: W}, on previously committed 1_767_225_600.117_017_000s DETLOG_RECORD={"schema":1,"event":{"kind":"scheduler_commit","scheduler_turn":389,"virtual_nanoseconds":1767225600117017000,"internal_io_poll":true,"runtime_maps_read":false}}
2026-09-10T03:16:10.340872Z  INFO detcore::scheduler: [scheduler] >>>>>>>

 NONCOMMIT turn 390, SKIP dettid 3 polling resource Resources { tid: DetPid(3), resources: {InternalIOPolling: W}, poll_attempt: 25, fyi: "preadv2", signal_interrupt_errno: 512 }
2026-09-10T03:16:10.340897Z  INFO detcore::scheduler: [sched-step5] >>>>>>>

 COMMIT turn 391, dettid 3 using resources {InternalIOPolling: W}, on previously committed 1_767_225_600.117_517_000s DETLOG_RECORD={"schema":1,"event":{"kind":"scheduler_commit","scheduler_turn":391,"virtual_nanoseconds":1767225600117517000,"internal_io_poll":true,"runtime_maps_read":false}}
2026-09-10T03:16:10.340948Z  INFO detcore::scheduler: [scheduler] >>>>>>>

 NONCOMMIT turn 392, SKIP dettid 3 polling resource Resources { tid: DetPid(3), resources: {InternalIOPolling: W}, poll_attempt: 26, fyi: "preadv2", signal_interrupt_errno: 512 }
2026-09-10T03:16:10.340973Z  INFO detcore::scheduler: [sched-step5] >>>>>>>

 COMMIT turn 393, dettid 3 using resources {InternalIOPolling: W}, on previously committed 1_767_225_600.118_017_000s DETLOG_RECORD={"schema":1,"event":{"kind":"scheduler_commit","scheduler_turn":393,"virtual_nanoseconds":1767225600118017000,"internal_io_poll":true,"runtime_maps_read":false}}
2026-09-10T03:16:10.341018Z  INFO detcore::scheduler: [scheduler] >>>>>>>

 NONCOMMIT turn 394, SKIP dettid 3 polling resource Resources { tid: DetPid(3), resources: {InternalIOPolling: W}, poll_attempt: 27, fyi: "preadv2", signal_interrupt_errno: 512 }
2026-09-10T03:16:10.341047Z  INFO detcore::scheduler: [sched-step5] >>>>>>>

 COMMIT turn 395, dettid 3 using resources {InternalIOPolling: W}, on previously committed 1_767_225_600.118_517_000s DETLOG_RECORD={"schema":1,"event":{"kind":"scheduler_commit","scheduler_turn":395,"virtual_nanoseconds":1767225600118517000,"internal_io_poll":true,"runtime_maps_read":false}}
2026-09-10T03:16:10.341099Z  INFO detcore::scheduler: [scheduler] >>>>>>>

 NONCOMMIT turn 396, SKIP dettid 3 polling resource Resources { tid: DetPid(3), resources: {InternalIOPolling: W}, poll_attempt: 28, fyi: "preadv2", signal_interrupt_errno: 512 }
2026-09-10T03:16:10.341125Z  INFO detcore::scheduler: [sched-step5] >>>>>>>

 COMMIT turn 397, dettid 3 using resources {InternalIOPolling: W}, on previously committed 1_767_225_600.119_017_000s DETLOG_RECORD={"schema":1,"event":{"kind":"scheduler_commit","scheduler_turn":397,"virtual_nanoseconds":1767225600119017000,"internal_io_poll":true,"runtime_maps_read":false}}
2026-09-10T03:16:10.341177Z  INFO detcore::scheduler: [scheduler] >>>>>>>

 NONCOMMIT turn 398, SKIP dettid 3 polling resource Resources { tid: DetPid(3), resources: {InternalIOPolling: W}, poll_attempt: 29, fyi: "preadv2", signal_interrupt_errno: 512 }
2026-09-10T03:16:10.341205Z  INFO detcore::scheduler: [sched-step5] >>>>>>>

 COMMIT turn 399, dettid 3 using resources {InternalIOPolling: W}, on previously committed 1_767_225_600.119_517_000s DETLOG_RECORD={"schema":1,"event":{"kind":"scheduler_commit","scheduler_turn":399,"virtual_nanoseconds":1767225600119517000,"internal_io_poll":true,"runtime_maps_read":false}}
2026-09-10T03:16:10.341252Z  INFO detcore::scheduler: [scheduler] >>>>>>>

 NONCOMMIT turn 400, SKIP dettid 3 polling resource Resources { tid: DetPid(3), resources: {InternalIOPolling: W}, poll_attempt: 30, fyi: "preadv2", signal_interrupt_errno: 512 }
2026-09-10T03:16:10.341277Z  INFO detcore::scheduler: [sched-step5] >>>>>>>

 COMMIT turn 401, dettid 3 using resources {InternalIOPolling: W}, on previously committed 1_767_225_600.120_017_000s DETLOG_RECORD={"schema":1,"event":{"kind":"scheduler_commit","scheduler_turn":401,"virtual_nanoseconds":1767225600120017000,"internal_io_poll":true,"runtime_maps_read":false}}
2026-09-10T03:16:10.341322Z  INFO detcore::scheduler: [scheduler] >>>>>>>

 NONCOMMIT turn 402, SKIP dettid 3 polling resource Resources { tid: DetPid(3), resources: {InternalIOPolling: W}, poll_attempt: 31, fyi: "preadv2", signal_interrupt_errno: 512 }
2026-09-10T03:16:10.341347Z  INFO detcore::scheduler: [sched-step5] >>>>>>>

 COMMIT turn 403, dettid 3 using resources {InternalIOPolling: W}, on previously committed 1_767_225_600.120_517_000s DETLOG_RECORD={"schema":1,"event":{"kind":"scheduler_commit","scheduler_turn":403,"virtual_nanoseconds":1767225600120517000,"internal_io_poll":true,"runtime_maps_read":false}}
2026-09-10T03:16:10.341392Z  INFO detcore::scheduler: [scheduler] >>>>>>>

 NONCOMMIT turn 404, SKIP dettid 3 polling resource Resources { tid: DetPid(3), resources: {InternalIOPolling: W}, poll_attempt: 32, fyi: "preadv2", signal_interrupt_errno: 512 }
2026-09-10T03:16:10.341417Z  INFO detcore::scheduler: [sched-step5] >>>>>>>

 COMMIT turn 405, dettid 3 using resources {InternalIOPolling: W}, on previously committed 1_767_225_600.121_017_000s DETLOG_RECORD={"schema":1,"event":{"kind":"scheduler_commit","scheduler_turn":405,"virtual_nanoseconds":1767225600121017000,"internal_io_poll":true,"runtime_maps_read":false}}
2026-09-10T03:16:10.341463Z  INFO detcore::scheduler: [scheduler] >>>>>>>

 NONCOMMIT turn 406, SKIP dettid 3 polling resource Resources { tid: DetPid(3), resources: {InternalIOPolling: W}, poll_attempt: 33, fyi: "preadv2", signal_interrupt_errno: 512 }
2026-09-10T03:16:10.341488Z  INFO detcore::scheduler: [sched-step5] >>>>>>>

 COMMIT turn 407, dettid 3 using resources {InternalIOPolling: W}, on previously committed 1_767_225_600.121_517_000s DETLOG_RECORD={"schema":1,"event":{"kind":"scheduler_commit","scheduler_turn":407,"virtual_nanoseconds":1767225600121517000,"internal_io_poll":true,"runtime_maps_read":false}}
2026-09-10T03:16:10.341533Z  INFO detcore::scheduler: [scheduler] >>>>>>>

 NONCOMMIT turn 408, SKIP dettid 3 polling resource Resources { tid: DetPid(3), resources: {InternalIOPolling: W}, poll_attempt: 34, fyi: "preadv2", signal_interrupt_errno: 512 }
2026-09-10T03:16:10.341558Z  INFO detcore::scheduler: [sched-step5] >>>>>>>

 COMMIT turn 409, dettid 3 using resources {InternalIOPolling: W}, on previously committed 1_767_225_600.122_017_000s DETLOG_RECORD={"schema":1,"event":{"kind":"scheduler_commit","scheduler_turn":409,"virtual_nanoseconds":1767225600122017000,"internal_io_poll":true,"runtime_maps_read":false}}
2026-09-10T03:16:10.341602Z  INFO detcore::scheduler: [scheduler] >>>>>>>

 NONCOMMIT turn 410, SKIP dettid 3 polling resource Resources { tid: DetPid(3), resources: {InternalIOPolling: W}, poll_attempt: 35, fyi: "preadv2", signal_interrupt_errno: 512 }
2026-09-10T03:16:10.341629Z  INFO detcore::scheduler: [sched-step5] >>>>>>>

 COMMIT turn 411, dettid 3 using resources {InternalIOPolling: W}, on previously committed 1_767_225_600.122_517_000s DETLOG_RECORD={"schema":1,"event":{"kind":"scheduler_commit","scheduler_turn":411,"virtual_nanoseconds":1767225600122517000,"internal_io_poll":true,"runtime_maps_read":false}}
2026-09-10T03:16:10.341675Z  INFO detcore::scheduler: [scheduler] >>>>>>>

 NONCOMMIT turn 412, SKIP dettid 3 polling resource Resources { tid: DetPid(3), resources: {InternalIOPolling: W}, poll_attempt: 36, fyi: "preadv2", signal_interrupt_errno: 512 }
2026-09-10T03:16:10.341701Z  INFO detcore::scheduler: [sched-step5] >>>>>>>

 COMMIT turn 413, dettid 3 using resources {InternalIOPolling: W}, on previously committed 1_767_225_600.123_017_000s DETLOG_RECORD={"schema":1,"event":{"kind":"scheduler_commit","scheduler_turn":413,"virtual_nanoseconds":1767225600123017000,"internal_io_poll":true,"runtime_maps_read":false}}
2026-09-10T03:16:10.341745Z  INFO detcore::scheduler: [scheduler] >>>>>>>

 NONCOMMIT turn 414, SKIP dettid 3 polling resource Resources { tid: DetPid(3), resources: {InternalIOPolling: W}, poll_attempt: 37, fyi: "preadv2", signal_interrupt_errno: 512 }
2026-09-10T03:16:10.341770Z  INFO detcore::scheduler: [sched-step5] >>>>>>>

 COMMIT turn 415, dettid 3 using resources {InternalIOPolling: W}, on previously committed 1_767_225_600.123_517_000s DETLOG_RECORD={"schema":1,"event":{"kind":"scheduler_commit","scheduler_turn":415,"virtual_nanoseconds":1767225600123517000,"internal_io_poll":true,"runtime_maps_read":false}}
2026-09-10T03:16:10.341820Z  INFO detcore::scheduler: [scheduler] >>>>>>>

 NONCOMMIT turn 416, SKIP dettid 3 polling resource Resources { tid: DetPid(3), resources: {InternalIOPolling: W}, poll_attempt: 38, fyi: "preadv2", signal_interrupt_errno: 512 }
2026-09-10T03:16:10.341846Z  INFO detcore::scheduler: [sched-step5] >>>>>>>

 COMMIT turn 417, dettid 3 using resources {InternalIOPolling: W}, on previously committed 1_767_225_600.124_017_000s DETLOG_RECORD={"schema":1,"event":{"kind":"scheduler_commit","scheduler_turn":417,"virtual_nanoseconds":1767225600124017000,"internal_io_poll":true,"runtime_maps_read":false}}
2026-09-10T03:16:10.341904Z  INFO detcore::scheduler: [sched-step5] >>>>>>>

 COMMIT turn 418, dettid 8 using resources {SleepUntil(LogicalTime(1767225600124516500)): W}, on previously committed 1_767_225_600.124_517_000s DETLOG_RECORD={"schema":1,"event":{"kind":"scheduler_commit","scheduler_turn":418,"virtual_nanoseconds":1767225600124517000,"internal_io_poll":false,"runtime_maps_read":false}}
2026-09-10T03:16:10.341944Z  INFO detcore: DETLOG [syscall][detcore, dtid 8] finish syscall #3: clock_nanosleep(CLOCK_REALTIME, 0, 0x1b50e40, 0x1b50e40) = Ok(0) DETLOG_RECORD={"schema":1,"event":{"kind":"syscall_result","finished_syscall_number":3}}
2026-09-10T03:16:10.341993Z  INFO detcore: DETLOG [syscall][detcore, dtid 8] inbound syscall: write(3, 0x1b50e38, 8) = ? DETLOG_RECORD={"schema":1,"event":{"kind":"syscall"}}
2026-09-10T03:16:10.342071Z  INFO detcore::scheduler: [scheduler] >>>>>>>

 NONCOMMIT turn 419, SKIP dettid 3 polling resource Resources { tid: DetPid(3), resources: {InternalIOPolling: W}, poll_attempt: 39, fyi: "preadv2", signal_interrupt_errno: 512 }
2026-09-10T03:16:10.342104Z  INFO detcore::scheduler: [sched-step5] >>>>>>>

 COMMIT turn 420, dettid 8 using resources {InternalIOPolling: W}, on previously committed 1_767_225_600.125_027_000s DETLOG_RECORD={"schema":1,"event":{"kind":"scheduler_commit","scheduler_turn":420,"virtual_nanoseconds":1767225600125027000,"internal_io_poll":true,"runtime_maps_read":false}}
2026-09-10T03:16:10.342160Z  INFO detcore: DETLOG [syscall][detcore, dtid 8] finish syscall #4: write(3, 0x1b50e38, 8) = Ok(8) DETLOG_RECORD={"schema":1,"event":{"kind":"syscall_result","finished_syscall_number":4}}
2026-09-10T03:16:10.342187Z  INFO detcore::io_buffers: DETLOG [iobuf][dtid 8] write out fd=3 0x1b50e38+8->7c9fa136d4413fa6173637e883b6998d32e1d675f88cddff9dcbcf331820f4b8 DETLOG_RECORD={"schema":1,"event":{"kind":"other"}}
2026-09-10T03:16:10.342224Z  INFO detcore: DETLOG [syscall][detcore, dtid 8] inbound syscall: rt_sigprocmask(0, 0x1b51f30, NULL, 8) = ? DETLOG_RECORD={"schema":1,"event":{"kind":"syscall"}}
2026-09-10T03:16:10.342257Z  INFO detcore: DETLOG [syscall][detcore, dtid 8] finish syscall #5: rt_sigprocmask(0, 0x1b51f30, NULL, 8) = Ok(0) DETLOG_RECORD={"schema":1,"event":{"kind":"syscall_result","finished_syscall_number":5}}
2026-09-10T03:16:10.342279Z  INFO detcore: DETLOG [syscall][detcore, dtid 8] inbound syscall: madvise(0x1351000, 8368128, 4) = ? DETLOG_RECORD={"schema":1,"event":{"kind":"syscall"}}
2026-09-10T03:16:10.342292Z  INFO detcore::syscalls::memory: DETLOG [dtid 8] madvise advice 4 is unsupported by this backend DETLOG_RECORD={"schema":1,"event":{"kind":"other"}}
2026-09-10T03:16:10.342302Z  INFO detcore: DETLOG [syscall][detcore, dtid 8] finish syscall #6: madvise(0x1351000, 8368128, 4) = Err(Errno(ENOSYS)) DETLOG_RECORD={"schema":1,"event":{"kind":"syscall_result","finished_syscall_number":6}}
2026-09-10T03:16:10.342323Z  INFO detcore: DETLOG [syscall][detcore, dtid 8] inbound syscall: exit(0) = ? DETLOG_RECORD={"schema":1,"event":{"kind":"syscall"}}
2026-09-10T03:16:10.342383Z  INFO detcore::scheduler: [sched-step5] >>>>>>>

 COMMIT turn 421, dettid 8 using resources {Exit { group: false, process: DetPid(3), mm: MmId { creator: DetPid(3), generation: 1 } }: RW}, on previously committed 1_767_225_600.125_787_250s DETLOG_RECORD={"schema":1,"event":{"kind":"scheduler_commit","scheduler_turn":421,"virtual_nanoseconds":1767225600125787250,"internal_io_poll":false,"runtime_maps_read":false}}
2026-09-10T03:16:10.342469Z  INFO detcore::scheduler: logically_kill: Scheduler removing all knowledge of [det]tid 8 in pid 3..
2026-09-10T03:16:10.342530Z  INFO detcore::scheduler: [sched-step5] >>>>>>>

 COMMIT turn 422, dettid 3 using resources {InternalIOPolling: W}, on previously committed 1_767_225_600.126_287_250s DETLOG_RECORD={"schema":1,"event":{"kind":"scheduler_commit","scheduler_turn":422,"virtual_nanoseconds":1767225600126287250,"internal_io_poll":true,"runtime_maps_read":false}}
2026-09-10T03:16:10.342627Z  INFO detcore: DETLOG [syscall][detcore, dtid 3] finish syscall #284: preadv2(3, 0x3fffeb70, 2, 18446744073709551615, 0, 0) = Ok(8) DETLOG_RECORD={"schema":1,"event":{"kind":"syscall_result","finished_syscall_number":284}}
2026-09-10T03:16:10.342656Z  INFO detcore::io_buffers: DETLOG [iobuf][dtid 3] preadv2 in fd=3 0x3fffeb54+4->67abdd721024f0ff4e0b3f4c2fc13bc5bad42d0b7851d456d88d203d15aaa450 DETLOG_RECORD={"schema":1,"event":{"kind":"other"}}
2026-09-10T03:16:10.342671Z  INFO detcore::io_buffers: DETLOG [iobuf][dtid 3] preadv2 in fd=3 0x3fffeb58+4->df3f619804a92fdb4057192dc43dd748ea778adc52bc498ce80524c014b81119 DETLOG_RECORD={"schema":1,"event":{"kind":"other"}}
2026-09-10T03:16:10.342719Z  INFO detcore: DETLOG [syscall][detcore, dtid 3] inbound syscall: futex(0x1b51910, 265, 8, NULL, NULL, -1) = ? DETLOG_RECORD={"schema":1,"event":{"kind":"syscall"}}
2026-09-10T03:16:10.342752Z  INFO detcore: DETLOG [syscall][detcore, dtid 3] finish syscall #285: futex(0x1b51910, 265, 8, NULL, NULL, -1) = Ok(0) DETLOG_RECORD={"schema":1,"event":{"kind":"syscall_result","finished_syscall_number":285}}
2026-09-10T03:16:10.342784Z  INFO detcore: DETLOG [syscall][detcore, dtid 3] inbound syscall: futex(0x1b51910, 265, 8, NULL, NULL, -1) = ? DETLOG_RECORD={"schema":1,"event":{"kind":"syscall"}}
2026-09-10T03:16:10.342803Z  INFO detcore: DETLOG [syscall][detcore, dtid 3] finish syscall #286: futex(0x1b51910, 265, 8, NULL, NULL, -1) = Ok(0) DETLOG_RECORD={"schema":1,"event":{"kind":"syscall_result","finished_syscall_number":286}}
2026-09-10T03:16:10.342828Z  INFO detcore: DETLOG [syscall][detcore, dtid 3] inbound syscall: futex(0x1b51910, 265, 8, NULL, NULL, -1) = ? DETLOG_RECORD={"schema":1,"event":{"kind":"syscall"}}
2026-09-10T03:16:10.342846Z  INFO detcore: DETLOG [syscall][detcore, dtid 3] finish syscall #287: futex(0x1b51910, 265, 8, NULL, NULL, -1) = Ok(0) DETLOG_RECORD={"schema":1,"event":{"kind":"syscall_result","finished_syscall_number":287}}
2026-09-10T03:16:10.342874Z  INFO detcore: DETLOG [syscall][detcore, dtid 3] inbound syscall: futex(0x1b51910, 265, 8, NULL, NULL, -1) = ? DETLOG_RECORD={"schema":1,"event":{"kind":"syscall"}}
2026-09-10T03:16:10.342894Z  INFO detcore: DETLOG [syscall][detcore, dtid 3] finish syscall #288: futex(0x1b51910, 265, 8, NULL, NULL, -1) = Ok(0) DETLOG_RECORD={"schema":1,"event":{"kind":"syscall_result","finished_syscall_number":288}}
2026-09-10T03:16:10.342918Z  INFO detcore: DETLOG [syscall][detcore, dtid 3] inbound syscall: futex(0x1b51910, 265, 8, NULL, NULL, -1) = ? DETLOG_RECORD={"schema":1,"event":{"kind":"syscall"}}
2026-09-10T03:16:10.342935Z  INFO detcore: DETLOG [syscall][detcore, dtid 3] finish syscall #289: futex(0x1b51910, 265, 8, NULL, NULL, -1) = Ok(0) DETLOG_RECORD={"schema":1,"event":{"kind":"syscall_result","finished_syscall_number":289}}
2026-09-10T03:16:10.342960Z  INFO detcore: DETLOG [syscall][detcore, dtid 3] inbound syscall: futex(0x1b51910, 265, 8, NULL, NULL, -1) = ? DETLOG_RECORD={"schema":1,"event":{"kind":"syscall"}}
2026-09-10T03:16:10.342977Z  INFO detcore: DETLOG [syscall][detcore, dtid 3] finish syscall #290: futex(0x1b51910, 265, 8, NULL, NULL, -1) = Ok(0) DETLOG_RECORD={"schema":1,"event":{"kind":"syscall_result","finished_syscall_number":290}}
2026-09-10T03:16:10.343001Z  INFO detcore: DETLOG [syscall][detcore, dtid 3] inbound syscall: futex(0x1b51910, 265, 8, NULL, NULL, -1) = ? DETLOG_RECORD={"schema":1,"event":{"kind":"syscall"}}
2026-09-10T03:16:10.343018Z  INFO detcore: DETLOG [syscall][detcore, dtid 3] finish syscall #291: futex(0x1b51910, 265, 8, NULL, NULL, -1) = Ok(0) DETLOG_RECORD={"schema":1,"event":{"kind":"syscall_result","finished_syscall_number":291}}
2026-09-10T03:16:10.343043Z  INFO detcore: DETLOG [syscall][detcore, dtid 3] inbound syscall: futex(0x1b51910, 265, 8, NULL, NULL, -1) = ? DETLOG_RECORD={"schema":1,"event":{"kind":"syscall"}}
2026-09-10T03:16:10.343060Z  INFO detcore: DETLOG [syscall][detcore, dtid 3] finish syscall #292: futex(0x1b51910, 265, 8, NULL, NULL, -1) = Ok(0) DETLOG_RECORD={"schema":1,"event":{"kind":"syscall_result","finished_syscall_number":292}}
2026-09-10T03:16:10.343084Z  INFO detcore: DETLOG [syscall][detcore, dtid 3] inbound syscall: futex(0x1b51910, 265, 8, NULL, NULL, -1) = ? DETLOG_RECORD={"schema":1,"event":{"kind":"syscall"}}
2026-09-10T03:16:10.343101Z  INFO detcore: DETLOG [syscall][detcore, dtid 3] finish syscall #293: futex(0x1b51910, 265, 8, NULL, NULL, -1) = Ok(0) DETLOG_RECORD={"schema":1,"event":{"kind":"syscall_result","finished_syscall_number":293}}
2026-09-10T03:16:10.343125Z  INFO detcore: DETLOG [syscall][detcore, dtid 3] inbound syscall: futex(0x1b51910, 265, 8, NULL, NULL, -1) = ? DETLOG_RECORD={"schema":1,"event":{"kind":"syscall"}}
2026-09-10T03:16:10.343142Z  INFO detcore: DETLOG [syscall][detcore, dtid 3] finish syscall #294: futex(0x1b51910, 265, 8, NULL, NULL, -1) = Ok(0) DETLOG_RECORD={"schema":1,"event":{"kind":"syscall_result","finished_syscall_number":294}}
2026-09-10T03:16:10.343167Z  INFO detcore: DETLOG [syscall][detcore, dtid 3] inbound syscall: futex(0x1b51910, 265, 8, NULL, NULL, -1) = ? DETLOG_RECORD={"schema":1,"event":{"kind":"syscall"}}
2026-09-10T03:16:10.343184Z  INFO detcore: DETLOG [syscall][detcore, dtid 3] finish syscall #295: futex(0x1b51910, 265, 8, NULL, NULL, -1) = Ok(0) DETLOG_RECORD={"schema":1,"event":{"kind":"syscall_result","finished_syscall_number":295}}
2026-09-10T03:16:10.343208Z  INFO detcore: DETLOG [syscall][detcore, dtid 3] inbound syscall: futex(0x1b51910, 265, 8, NULL, NULL, -1) = ? DETLOG_RECORD={"schema":1,"event":{"kind":"syscall"}}
2026-09-10T03:16:10.343225Z  INFO detcore: DETLOG [syscall][detcore, dtid 3] finish syscall #296: futex(0x1b51910, 265, 8, NULL, NULL, -1) = Ok(0) DETLOG_RECORD={"schema":1,"event":{"kind":"syscall_result","finished_syscall_number":296}}
2026-09-10T03:16:10.343249Z  INFO detcore: DETLOG [syscall][detcore, dtid 3] inbound syscall: futex(0x1b51910, 265, 8, NULL, NULL, -1) = ? DETLOG_RECORD={"schema":1,"event":{"kind":"syscall"}}
2026-09-10T03:16:10.343270Z  INFO detcore: DETLOG [syscall][detcore, dtid 3] finish syscall #297: futex(0x1b51910, 265, 8, NULL, NULL, -1) = Ok(0) DETLOG_RECORD={"schema":1,"event":{"kind":"syscall_result","finished_syscall_number":297}}
2026-09-10T03:16:10.343295Z  INFO detcore: DETLOG [syscall][detcore, dtid 3] inbound syscall: futex(0x1b51910, 265, 8, NULL, NULL, -1) = ? DETLOG_RECORD={"schema":1,"event":{"kind":"syscall"}}
2026-09-10T03:16:10.343312Z  INFO detcore: DETLOG [syscall][detcore, dtid 3] finish syscall #298: futex(0x1b51910, 265, 8, NULL, NULL, -1) = Ok(0) DETLOG_RECORD={"schema":1,"event":{"kind":"syscall_result","finished_syscall_number":298}}
2026-09-10T03:16:10.343336Z  INFO detcore: DETLOG [syscall][detcore, dtid 3] inbound syscall: futex(0x1b51910, 265, 8, NULL, NULL, -1) = ? DETLOG_RECORD={"schema":1,"event":{"kind":"syscall"}}
2026-09-10T03:16:10.343353Z  INFO detcore: DETLOG [syscall][detcore, dtid 3] finish syscall #299: futex(0x1b51910, 265, 8, NULL, NULL, -1) = Ok(0) DETLOG_RECORD={"schema":1,"event":{"kind":"syscall_result","finished_syscall_number":299}}
2026-09-10T03:16:10.343378Z  INFO detcore: DETLOG [syscall][detcore, dtid 3] inbound syscall: futex(0x1b51910, 265, 8, NULL, NULL, -1) = ? DETLOG_RECORD={"schema":1,"event":{"kind":"syscall"}}
2026-09-10T03:16:10.343395Z  INFO detcore: DETLOG [syscall][detcore, dtid 3] finish syscall #300: futex(0x1b51910, 265, 8, NULL, NULL, -1) = Ok(0) DETLOG_RECORD={"schema":1,"event":{"kind":"syscall_result","finished_syscall_number":300}}
2026-09-10T03:16:10.343419Z  INFO detcore: DETLOG [syscall][detcore, dtid 3] inbound syscall: futex(0x1b51910, 265, 8, NULL, NULL, -1) = ? DETLOG_RECORD={"schema":1,"event":{"kind":"syscall"}}
2026-09-10T03:16:10.343436Z  INFO detcore: DETLOG [syscall][detcore, dtid 3] finish syscall #301: futex(0x1b51910, 265, 8, NULL, NULL, -1) = Ok(0) DETLOG_RECORD={"schema":1,"event":{"kind":"syscall_result","finished_syscall_number":301}}
2026-09-10T03:16:10.343460Z  INFO detcore: DETLOG [syscall][detcore, dtid 3] inbound syscall: futex(0x1b51910, 265, 8, NULL, NULL, -1) = ? DETLOG_RECORD={"schema":1,"event":{"kind":"syscall"}}
2026-09-10T03:16:10.343477Z  INFO detcore: DETLOG [syscall][detcore, dtid 3] finish syscall #302: futex(0x1b51910, 265, 8, NULL, NULL, -1) = Ok(0) DETLOG_RECORD={"schema":1,"event":{"kind":"syscall_result","finished_syscall_number":302}}
2026-09-10T03:16:10.343501Z  INFO detcore: DETLOG [syscall][detcore, dtid 3] inbound syscall: futex(0x1b51910, 265, 8, NULL, NULL, -1) = ? DETLOG_RECORD={"schema":1,"event":{"kind":"syscall"}}
2026-09-10T03:16:10.343519Z  INFO detcore: DETLOG [syscall][detcore, dtid 3] finish syscall #303: futex(0x1b51910, 265, 8, NULL, NULL, -1) = Ok(0) DETLOG_RECORD={"schema":1,"event":{"kind":"syscall_result","finished_syscall_number":303}}
2026-09-10T03:16:10.343543Z  INFO detcore: DETLOG [syscall][detcore, dtid 3] inbound syscall: futex(0x1b51910, 265, 8, NULL, NULL, -1) = ? DETLOG_RECORD={"schema":1,"event":{"kind":"syscall"}}
2026-09-10T03:16:10.343560Z  INFO detcore: DETLOG [syscall][detcore, dtid 3] finish syscall #304: futex(0x1b51910, 265, 8, NULL, NULL, -1) = Ok(0) DETLOG_RECORD={"schema":1,"event":{"kind":"syscall_result","finished_syscall_number":304}}
2026-09-10T03:16:10.343584Z  INFO detcore: DETLOG [syscall][detcore, dtid 3] inbound syscall: futex(0x1b51910, 265, 8, NULL, NULL, -1) = ? DETLOG_RECORD={"schema":1,"event":{"kind":"syscall"}}
2026-09-10T03:16:10.343601Z  INFO detcore: DETLOG [syscall][detcore, dtid 3] finish syscall #305: futex(0x1b51910, 265, 8, NULL, NULL, -1) = Ok(0) DETLOG_RECORD={"schema":1,"event":{"kind":"syscall_result","finished_syscall_number":305}}
2026-09-10T03:16:10.343626Z  INFO detcore: DETLOG [syscall][detcore, dtid 3] inbound syscall: futex(0x1b51910, 265, 8, NULL, NULL, -1) = ? DETLOG_RECORD={"schema":1,"event":{"kind":"syscall"}}
2026-09-10T03:16:10.343643Z  INFO detcore: DETLOG [syscall][detcore, dtid 3] finish syscall #306: futex(0x1b51910, 265, 8, NULL, NULL, -1) = Ok(0) DETLOG_RECORD={"schema":1,"event":{"kind":"syscall_result","finished_syscall_number":306}}
2026-09-10T03:16:10.343668Z  INFO detcore: DETLOG [syscall][detcore, dtid 3] inbound syscall: futex(0x1b51910, 265, 8, NULL, NULL, -1) = ? DETLOG_RECORD={"schema":1,"event":{"kind":"syscall"}}
2026-09-10T03:16:10.343686Z  INFO detcore: DETLOG [syscall][detcore, dtid 3] finish syscall #307: futex(0x1b51910, 265, 8, NULL, NULL, -1) = Ok(0) DETLOG_RECORD={"schema":1,"event":{"kind":"syscall_result","finished_syscall_number":307}}
2026-09-10T03:16:10.343710Z  INFO detcore: DETLOG [syscall][detcore, dtid 3] inbound syscall: futex(0x1b51910, 265, 8, NULL, NULL, -1) = ? DETLOG_RECORD={"schema":1,"event":{"kind":"syscall"}}
2026-09-10T03:16:10.343728Z  INFO detcore: DETLOG [syscall][detcore, dtid 3] finish syscall #308: futex(0x1b51910, 265, 8, NULL, NULL, -1) = Ok(0) DETLOG_RECORD={"schema":1,"event":{"kind":"syscall_result","finished_syscall_number":308}}
2026-09-10T03:16:10.343752Z  INFO detcore: DETLOG [syscall][detcore, dtid 3] inbound syscall: futex(0x1b51910, 265, 8, NULL, NULL, -1) = ? DETLOG_RECORD={"schema":1,"event":{"kind":"syscall"}}
2026-09-10T03:16:10.343769Z  INFO detcore: DETLOG [syscall][detcore, dtid 3] finish syscall #309: futex(0x1b51910, 265, 8, NULL, NULL, -1) = Ok(0) DETLOG_RECORD={"schema":1,"event":{"kind":"syscall_result","finished_syscall_number":309}}
2026-09-10T03:16:10.343799Z  INFO detcore: DETLOG [syscall][detcore, dtid 3] inbound syscall: futex(0x1b51910, 265, 8, NULL, NULL, -1) = ? DETLOG_RECORD={"schema":1,"event":{"kind":"syscall"}}
2026-09-10T03:16:10.343816Z  INFO detcore: DETLOG [syscall][detcore, dtid 3] finish syscall #310: futex(0x1b51910, 265, 8, NULL, NULL, -1) = Ok(0) DETLOG_RECORD={"schema":1,"event":{"kind":"syscall_result","finished_syscall_number":310}}
2026-09-10T03:16:10.343840Z  INFO detcore: DETLOG [syscall][detcore, dtid 3] inbound syscall: futex(0x1b51910, 265, 8, NULL, NULL, -1) = ? DETLOG_RECORD={"schema":1,"event":{"kind":"syscall"}}
2026-09-10T03:16:10.343857Z  INFO detcore: DETLOG [syscall][detcore, dtid 3] finish syscall #311: futex(0x1b51910, 265, 8, NULL, NULL, -1) = Ok(0) DETLOG_RECORD={"schema":1,"event":{"kind":"syscall_result","finished_syscall_number":311}}
2026-09-10T03:16:10.343882Z  INFO detcore: DETLOG [syscall][detcore, dtid 3] inbound syscall: futex(0x1b51910, 265, 8, NULL, NULL, -1) = ? DETLOG_RECORD={"schema":1,"event":{"kind":"syscall"}}
2026-09-10T03:16:10.343899Z  INFO detcore: DETLOG [syscall][detcore, dtid 3] finish syscall #312: futex(0x1b51910, 265, 8, NULL, NULL, -1) = Ok(0) DETLOG_RECORD={"schema":1,"event":{"kind":"syscall_result","finished_syscall_number":312}}
2026-09-10T03:16:10.343923Z  INFO detcore: DETLOG [syscall][detcore, dtid 3] inbound syscall: futex(0x1b51910, 265, 8, NULL, NULL, -1) = ? DETLOG_RECORD={"schema":1,"event":{"kind":"syscall"}}
2026-09-10T03:16:10.343940Z  INFO detcore: DETLOG [syscall][detcore, dtid 3] finish syscall #313: futex(0x1b51910, 265, 8, NULL, NULL, -1) = Ok(0) DETLOG_RECORD={"schema":1,"event":{"kind":"syscall_result","finished_syscall_number":313}}
2026-09-10T03:16:10.343964Z  INFO detcore: DETLOG [syscall][detcore, dtid 3] inbound syscall: futex(0x1b51910, 265, 8, NULL, NULL, -1) = ? DETLOG_RECORD={"schema":1,"event":{"kind":"syscall"}}
2026-09-10T03:16:10.343981Z  INFO detcore: DETLOG [syscall][detcore, dtid 3] finish syscall #314: futex(0x1b51910, 265, 8, NULL, NULL, -1) = Ok(0) DETLOG_RECORD={"schema":1,"event":{"kind":"syscall_result","finished_syscall_number":314}}
2026-09-10T03:16:10.344005Z  INFO detcore: DETLOG [syscall][detcore, dtid 3] inbound syscall: futex(0x1b51910, 265, 8, NULL, NULL, -1) = ? DETLOG_RECORD={"schema":1,"event":{"kind":"syscall"}}
2026-09-10T03:16:10.344022Z  INFO detcore: DETLOG [syscall][detcore, dtid 3] finish syscall #315: futex(0x1b51910, 265, 8, NULL, NULL, -1) = Ok(0) DETLOG_RECORD={"schema":1,"event":{"kind":"syscall_result","finished_syscall_number":315}}
2026-09-10T03:16:10.344046Z  INFO detcore: DETLOG [syscall][detcore, dtid 3] inbound syscall: futex(0x1b51910, 265, 8, NULL, NULL, -1) = ? DETLOG_RECORD={"schema":1,"event":{"kind":"syscall"}}
2026-09-10T03:16:10.344066Z  INFO detcore: DETLOG [syscall][detcore, dtid 3] finish syscall #316: futex(0x1b51910, 265, 8, NULL, NULL, -1) = Ok(0) DETLOG_RECORD={"schema":1,"event":{"kind":"syscall_result","finished_syscall_number":316}}
2026-09-10T03:16:10.344356Z  INFO detcore: DETLOG [syscall][detcore, dtid 3] inbound syscall: close(3) = ? DETLOG_RECORD={"schema":1,"event":{"kind":"syscall"}}
2026-09-10T03:16:10.344409Z  INFO detcore: DETLOG [syscall][detcore, dtid 3] finish syscall #317: close(3) = Ok(0) DETLOG_RECORD={"schema":1,"event":{"kind":"syscall_result","finished_syscall_number":317}}
2026-09-10T03:16:10.344432Z  INFO detcore: DETLOG [syscall][detcore, dtid 3] inbound syscall: pipe(0x3fffeb58) = ? DETLOG_RECORD={"schema":1,"event":{"kind":"syscall"}}
2026-09-10T03:16:10.344492Z  INFO detcore::syscalls::files: Injecting additional fstat to retrieve file metadata on fd 3.
2026-09-10T03:16:10.344517Z  INFO detcore::syscalls::files: Injecting additional fstat to retrieve file metadata on fd 4.
2026-09-10T03:16:10.344537Z  INFO detcore: DETLOG [syscall][detcore, dtid 3] finish syscall #318: pipe(0x3fffeb58) = Ok(0) DETLOG_RECORD={"schema":1,"event":{"kind":"syscall_result","finished_syscall_number":318}}
2026-09-10T03:16:10.344563Z  INFO detcore: DETLOG [syscall][detcore, dtid 3] inbound syscall: fcntl(4, F_GETPIPE_SZ) = ? DETLOG_RECORD={"schema":1,"event":{"kind":"syscall"}}
2026-09-10T03:16:10.344589Z  INFO detcore: DETLOG [syscall][detcore, dtid 3] finish syscall #319: fcntl(4, F_GETPIPE_SZ) = Ok(8192) DETLOG_RECORD={"schema":1,"event":{"kind":"syscall_result","finished_syscall_number":319}}
2026-09-10T03:16:10.344611Z  INFO detcore: DETLOG [syscall][detcore, dtid 3] inbound syscall: write(4, 0x42a3d0, 8192) = ? DETLOG_RECORD={"schema":1,"event":{"kind":"syscall"}}
2026-09-10T03:16:10.344684Z  INFO detcore: DETLOG [syscall][detcore, dtid 3] finish syscall #320: write(4, 0x42a3d0, 8192) = Ok(8192) DETLOG_RECORD={"schema":1,"event":{"kind":"syscall_result","finished_syscall_number":320}}
2026-09-10T03:16:10.344817Z  INFO detcore::io_buffers: DETLOG [iobuf][dtid 3] write out fd=4 0x42a3d0+8192->b7e6f61c25fcd4492f50e714bc7bd69abe64dfee1132ac60aa2da4119a06db4a chunks=1024:fa2a5e7b,fa2a5e7b,fa2a5e7b,fa2a5e7b,fa2a5e7b,fa2a5e7b,fa2a5e7b,fa2a5e7b DETLOG_RECORD={"schema":1,"event":{"kind":"other"}}
2026-09-10T03:16:10.344854Z  INFO detcore: DETLOG [syscall][detcore, dtid 3] inbound syscall: rt_sigprocmask(0, 0x12f7820, 0x3fffea30, 8) = ? DETLOG_RECORD={"schema":1,"event":{"kind":"syscall"}}
2026-09-10T03:16:10.344885Z  INFO detcore: DETLOG [syscall][detcore, dtid 3] finish syscall #321: rt_sigprocmask(0, 0x12f7820, 0x3fffea30, 8) = Ok(0) DETLOG_RECORD={"schema":1,"event":{"kind":"syscall_result","finished_syscall_number":321}}
2026-09-10T03:16:10.344922Z  INFO detcore: DETLOG [syscall][detcore, dtid 3] inbound syscall: clone3(0x3fffe8f0, 88) = ? DETLOG_RECORD={"schema":1,"event":{"kind":"syscall"}}
2026-09-10T03:16:10.345334Z  INFO detcore::tool_local: DETLOG RNG USER RAND seeding child User pedigree PPPPPC: [213, 48, 128, 187, 98, 244, 74, 141, 122, 14, 208, 246, 88, 250, 49, 94] from parent Mcg128Xsl64 {} DETLOG_RECORD={"schema":1,"event":{"kind":"other"}}
2026-09-10T03:16:10.345366Z  INFO detcore::tool_local: DETLOG RNG CHAOSRAND seeding child Chaos pedigree PPPPPC: [213, 212, 144, 104, 190, 3, 237, 17, 39, 58, 110, 212, 144, 43, 81, 15] from parent Mcg128Xsl64 {} DETLOG_RECORD={"schema":1,"event":{"kind":"other"}}
2026-09-10T03:16:10.345607Z  INFO detcore::scheduler: [sched-step5] >>>>>>>

 COMMIT turn 423, dettid 9 using resources {MemAddrSpace(DetPid(3)): RW}, on previously committed 1_767_225_600.127_267_500s DETLOG_RECORD={"schema":1,"event":{"kind":"scheduler_commit","scheduler_turn":423,"virtual_nanoseconds":1767225600127267500,"internal_io_poll":false,"runtime_maps_read":false}}
2026-09-10T03:16:10.345655Z  INFO detcore::tool_global: [detcore, dtid 9] New thread given go-ahead to proceed via <ivar Go(None)>
2026-09-10T03:16:10.345876Z  INFO detcore: DETLOG [syscall][detcore, dtid 9] inbound syscall: set_robust_list(0x1b51920, 24) = ? DETLOG_RECORD={"schema":1,"event":{"kind":"syscall"}}
2026-09-10T03:16:10.345933Z  INFO detcore: DETLOG [syscall][detcore, dtid 9] finish syscall #1: set_robust_list(0x1b51920, 24) = Ok(0) DETLOG_RECORD={"schema":1,"event":{"kind":"syscall_result","finished_syscall_number":1}}
2026-09-10T03:16:10.345976Z  INFO detcore: DETLOG [syscall][detcore, dtid 9] inbound syscall: rt_sigprocmask(2, 0x1b51f30, NULL, 8) = ? DETLOG_RECORD={"schema":1,"event":{"kind":"syscall"}}
2026-09-10T03:16:10.346010Z  INFO detcore: DETLOG [syscall][detcore, dtid 9] finish syscall #2: rt_sigprocmask(2, 0x1b51f30, NULL, 8) = Ok(0) DETLOG_RECORD={"schema":1,"event":{"kind":"syscall_result","finished_syscall_number":2}}
2026-09-10T03:16:10.346042Z  INFO detcore: DETLOG [syscall][detcore, dtid 9] inbound syscall: clock_nanosleep(CLOCK_REALTIME, 0, 0x1b50e30, 0x1b50e30) = ? DETLOG_RECORD={"schema":1,"event":{"kind":"syscall"}}
2026-09-10T03:16:10.346133Z  INFO detcore::scheduler: [sched-step5] >>>>>>>

 COMMIT turn 424, dettid 3 using resources {ParentContinue { parent: DetPid(3), child: DetPid(9) }: W}, on previously committed 1_767_225_600.131_518_500s DETLOG_RECORD={"schema":1,"event":{"kind":"scheduler_commit","scheduler_turn":424,"virtual_nanoseconds":1767225600131518500,"internal_io_poll":false,"runtime_maps_read":false}}
2026-09-10T03:16:10.346190Z  INFO detcore: DETLOG [syscall][detcore, dtid 3] finish syscall #322: clone3(0x3fffe8f0, 88) = Ok(9) DETLOG_RECORD={"schema":1,"event":{"kind":"syscall_result","finished_syscall_number":322}}
2026-09-10T03:16:10.346228Z  INFO detcore: DETLOG [syscall][detcore, dtid 3] inbound syscall: rt_sigprocmask(2, 0x3fffea30, NULL, 8) = ? DETLOG_RECORD={"schema":1,"event":{"kind":"syscall"}}
2026-09-10T03:16:10.346261Z  INFO detcore: DETLOG [syscall][detcore, dtid 3] finish syscall #323: rt_sigprocmask(2, 0x3fffea30, NULL, 8) = Ok(0) DETLOG_RECORD={"schema":1,"event":{"kind":"syscall_result","finished_syscall_number":323}}
2026-09-10T03:16:10.346283Z  INFO detcore: DETLOG [syscall][detcore, dtid 3] inbound syscall: writev(4, 0x3fffeb60, 2) = ? DETLOG_RECORD={"schema":1,"event":{"kind":"syscall"}}
2026-09-10T03:16:10.346405Z  INFO detcore::scheduler: [scheduler] >>>>>>>

 NONCOMMIT turn 425, SKIP dettid 9 which wanted resource SleepUntil(LogicalTime(1767225600151018500)) (blocking)
2026-09-10T03:16:10.346437Z  INFO detcore::scheduler: [scheduler] >>>>>>>

 NONCOMMIT turn 426, SKIP dettid 3 polling resource Resources { tid: DetPid(3), resources: {InternalIOPolling: W}, poll_attempt: 1, fyi: "writev", signal_interrupt_errno: 512 }
2026-09-10T03:16:10.346471Z  INFO detcore::scheduler: [sched-step5] >>>>>>>

 COMMIT turn 427, dettid 3 using resources {InternalIOPolling: W}, on previously committed 1_767_225_600.132_019_000s DETLOG_RECORD={"schema":1,"event":{"kind":"scheduler_commit","scheduler_turn":427,"virtual_nanoseconds":1767225600132019000,"internal_io_poll":true,"runtime_maps_read":false}}
2026-09-10T03:16:10.346547Z  INFO detcore::scheduler: [scheduler] >>>>>>>

 NONCOMMIT turn 428, SKIP dettid 3 polling resource Resources { tid: DetPid(3), resources: {InternalIOPolling: W}, poll_attempt: 2, fyi: "writev", signal_interrupt_errno: 512 }
2026-09-10T03:16:10.346575Z  INFO detcore::scheduler: [sched-step5] >>>>>>>

 COMMIT turn 429, dettid 3 using resources {InternalIOPolling: W}, on previously committed 1_767_225_600.132_519_000s DETLOG_RECORD={"schema":1,"event":{"kind":"scheduler_commit","scheduler_turn":429,"virtual_nanoseconds":1767225600132519000,"internal_io_poll":true,"runtime_maps_read":false}}
2026-09-10T03:16:10.346630Z  INFO detcore::scheduler: [scheduler] >>>>>>>

 NONCOMMIT turn 430, SKIP dettid 3 polling resource Resources { tid: DetPid(3), resources: {InternalIOPolling: W}, poll_attempt: 3, fyi: "writev", signal_interrupt_errno: 512 }
2026-09-10T03:16:10.346657Z  INFO detcore::scheduler: [sched-step5] >>>>>>>

 COMMIT turn 431, dettid 3 using resources {InternalIOPolling: W}, on previously committed 1_767_225_600.133_019_000s DETLOG_RECORD={"schema":1,"event":{"kind":"scheduler_commit","scheduler_turn":431,"virtual_nanoseconds":1767225600133019000,"internal_io_poll":true,"runtime_maps_read":false}}
2026-09-10T03:16:10.346711Z  INFO detcore::scheduler: [scheduler] >>>>>>>

 NONCOMMIT turn 432, SKIP dettid 3 polling resource Resources { tid: DetPid(3), resources: {InternalIOPolling: W}, poll_attempt: 4, fyi: "writev", signal_interrupt_errno: 512 }
2026-09-10T03:16:10.346740Z  INFO detcore::scheduler: [sched-step5] >>>>>>>

 COMMIT turn 433, dettid 3 using resources {InternalIOPolling: W}, on previously committed 1_767_225_600.133_519_000s DETLOG_RECORD={"schema":1,"event":{"kind":"scheduler_commit","scheduler_turn":433,"virtual_nanoseconds":1767225600133519000,"internal_io_poll":true,"runtime_maps_read":false}}
2026-09-10T03:16:10.346796Z  INFO detcore::scheduler: [scheduler] >>>>>>>

 NONCOMMIT turn 434, SKIP dettid 3 polling resource Resources { tid: DetPid(3), resources: {InternalIOPolling: W}, poll_attempt: 5, fyi: "writev", signal_interrupt_errno: 512 }
2026-09-10T03:16:10.346823Z  INFO detcore::scheduler: [sched-step5] >>>>>>>

 COMMIT turn 435, dettid 3 using resources {InternalIOPolling: W}, on previously committed 1_767_225_600.134_019_000s DETLOG_RECORD={"schema":1,"event":{"kind":"scheduler_commit","scheduler_turn":435,"virtual_nanoseconds":1767225600134019000,"internal_io_poll":true,"runtime_maps_read":false}}
2026-09-10T03:16:10.346871Z  INFO detcore::scheduler: [scheduler] >>>>>>>

 NONCOMMIT turn 436, SKIP dettid 3 polling resource Resources { tid: DetPid(3), resources: {InternalIOPolling: W}, poll_attempt: 6, fyi: "writev", signal_interrupt_errno: 512 }
2026-09-10T03:16:10.346896Z  INFO detcore::scheduler: [sched-step5] >>>>>>>

 COMMIT turn 437, dettid 3 using resources {InternalIOPolling: W}, on previously committed 1_767_225_600.134_519_000s DETLOG_RECORD={"schema":1,"event":{"kind":"scheduler_commit","scheduler_turn":437,"virtual_nanoseconds":1767225600134519000,"internal_io_poll":true,"runtime_maps_read":false}}
2026-09-10T03:16:10.346947Z  INFO detcore::scheduler: [scheduler] >>>>>>>

 NONCOMMIT turn 438, SKIP dettid 3 polling resource Resources { tid: DetPid(3), resources: {InternalIOPolling: W}, poll_attempt: 7, fyi: "writev", signal_interrupt_errno: 512 }
2026-09-10T03:16:10.346972Z  INFO detcore::scheduler: [sched-step5] >>>>>>>

 COMMIT turn 439, dettid 3 using resources {InternalIOPolling: W}, on previously committed 1_767_225_600.135_019_000s DETLOG_RECORD={"schema":1,"event":{"kind":"scheduler_commit","scheduler_turn":439,"virtual_nanoseconds":1767225600135019000,"internal_io_poll":true,"runtime_maps_read":false}}
2026-09-10T03:16:10.347018Z  INFO detcore::scheduler: [scheduler] >>>>>>>

 NONCOMMIT turn 440, SKIP dettid 3 polling resource Resources { tid: DetPid(3), resources: {InternalIOPolling: W}, poll_attempt: 8, fyi: "writev", signal_interrupt_errno: 512 }
2026-09-10T03:16:10.347043Z  INFO detcore::scheduler: [sched-step5] >>>>>>>

 COMMIT turn 441, dettid 3 using resources {InternalIOPolling: W}, on previously committed 1_767_225_600.135_519_000s DETLOG_RECORD={"schema":1,"event":{"kind":"scheduler_commit","scheduler_turn":441,"virtual_nanoseconds":1767225600135519000,"internal_io_poll":true,"runtime_maps_read":false}}
2026-09-10T03:16:10.347090Z  INFO detcore::scheduler: [scheduler] >>>>>>>

 NONCOMMIT turn 442, SKIP dettid 3 polling resource Resources { tid: DetPid(3), resources: {InternalIOPolling: W}, poll_attempt: 9, fyi: "writev", signal_interrupt_errno: 512 }
2026-09-10T03:16:10.347114Z  INFO detcore::scheduler: [sched-step5] >>>>>>>

 COMMIT turn 443, dettid 3 using resources {InternalIOPolling: W}, on previously committed 1_767_225_600.136_019_000s DETLOG_RECORD={"schema":1,"event":{"kind":"scheduler_commit","scheduler_turn":443,"virtual_nanoseconds":1767225600136019000,"internal_io_poll":true,"runtime_maps_read":false}}
2026-09-10T03:16:10.347160Z  INFO detcore::scheduler: [scheduler] >>>>>>>

 NONCOMMIT turn 444, SKIP dettid 3 polling resource Resources { tid: DetPid(3), resources: {InternalIOPolling: W}, poll_attempt: 10, fyi: "writev", signal_interrupt_errno: 512 }
2026-09-10T03:16:10.347188Z  INFO detcore::scheduler: [sched-step5] >>>>>>>

 COMMIT turn 445, dettid 3 using resources {InternalIOPolling: W}, on previously committed 1_767_225_600.136_519_000s DETLOG_RECORD={"schema":1,"event":{"kind":"scheduler_commit","scheduler_turn":445,"virtual_nanoseconds":1767225600136519000,"internal_io_poll":true,"runtime_maps_read":false}}
2026-09-10T03:16:10.347238Z  INFO detcore::scheduler: [scheduler] >>>>>>>

 NONCOMMIT turn 446, SKIP dettid 3 polling resource Resources { tid: DetPid(3), resources: {InternalIOPolling: W}, poll_attempt: 11, fyi: "writev", signal_interrupt_errno: 512 }
2026-09-10T03:16:10.347263Z  INFO detcore::scheduler: [sched-step5] >>>>>>>

 COMMIT turn 447, dettid 3 using resources {InternalIOPolling: W}, on previously committed 1_767_225_600.137_019_000s DETLOG_RECORD={"schema":1,"event":{"kind":"scheduler_commit","scheduler_turn":447,"virtual_nanoseconds":1767225600137019000,"internal_io_poll":true,"runtime_maps_read":false}}
2026-09-10T03:16:10.347310Z  INFO detcore::scheduler: [scheduler] >>>>>>>

 NONCOMMIT turn 448, SKIP dettid 3 polling resource Resources { tid: DetPid(3), resources: {InternalIOPolling: W}, poll_attempt: 12, fyi: "writev", signal_interrupt_errno: 512 }
2026-09-10T03:16:10.347335Z  INFO detcore::scheduler: [sched-step5] >>>>>>>

 COMMIT turn 449, dettid 3 using resources {InternalIOPolling: W}, on previously committed 1_767_225_600.137_519_000s DETLOG_RECORD={"schema":1,"event":{"kind":"scheduler_commit","scheduler_turn":449,"virtual_nanoseconds":1767225600137519000,"internal_io_poll":true,"runtime_maps_read":false}}
2026-09-10T03:16:10.347382Z  INFO detcore::scheduler: [scheduler] >>>>>>>

 NONCOMMIT turn 450, SKIP dettid 3 polling resource Resources { tid: DetPid(3), resources: {InternalIOPolling: W}, poll_attempt: 13, fyi: "writev", signal_interrupt_errno: 512 }
2026-09-10T03:16:10.347407Z  INFO detcore::scheduler: [sched-step5] >>>>>>>

 COMMIT turn 451, dettid 3 using resources {InternalIOPolling: W}, on previously committed 1_767_225_600.138_019_000s DETLOG_RECORD={"schema":1,"event":{"kind":"scheduler_commit","scheduler_turn":451,"virtual_nanoseconds":1767225600138019000,"internal_io_poll":true,"runtime_maps_read":false}}
2026-09-10T03:16:10.347454Z  INFO detcore::scheduler: [scheduler] >>>>>>>

 NONCOMMIT turn 452, SKIP dettid 3 polling resource Resources { tid: DetPid(3), resources: {InternalIOPolling: W}, poll_attempt: 14, fyi: "writev", signal_interrupt_errno: 512 }
2026-09-10T03:16:10.347479Z  INFO detcore::scheduler: [sched-step5] >>>>>>>

 COMMIT turn 453, dettid 3 using resources {InternalIOPolling: W}, on previously committed 1_767_225_600.138_519_000s DETLOG_RECORD={"schema":1,"event":{"kind":"scheduler_commit","scheduler_turn":453,"virtual_nanoseconds":1767225600138519000,"internal_io_poll":true,"runtime_maps_read":false}}
2026-09-10T03:16:10.347526Z  INFO detcore::scheduler: [scheduler] >>>>>>>

 NONCOMMIT turn 454, SKIP dettid 3 polling resource Resources { tid: DetPid(3), resources: {InternalIOPolling: W}, poll_attempt: 15, fyi: "writev", signal_interrupt_errno: 512 }
2026-09-10T03:16:10.347551Z  INFO detcore::scheduler: [sched-step5] >>>>>>>

 COMMIT turn 455, dettid 3 using resources {InternalIOPolling: W}, on previously committed 1_767_225_600.139_019_000s DETLOG_RECORD={"schema":1,"event":{"kind":"scheduler_commit","scheduler_turn":455,"virtual_nanoseconds":1767225600139019000,"internal_io_poll":true,"runtime_maps_read":false}}
2026-09-10T03:16:10.347598Z  INFO detcore::scheduler: [scheduler] >>>>>>>

 NONCOMMIT turn 456, SKIP dettid 3 polling resource Resources { tid: DetPid(3), resources: {InternalIOPolling: W}, poll_attempt: 16, fyi: "writev", signal_interrupt_errno: 512 }
2026-09-10T03:16:10.347623Z  INFO detcore::scheduler: [sched-step5] >>>>>>>

 COMMIT turn 457, dettid 3 using resources {InternalIOPolling: W}, on previously committed 1_767_225_600.139_519_000s DETLOG_RECORD={"schema":1,"event":{"kind":"scheduler_commit","scheduler_turn":457,"virtual_nanoseconds":1767225600139519000,"internal_io_poll":true,"runtime_maps_read":false}}
2026-09-10T03:16:10.347676Z  INFO detcore::scheduler: [scheduler] >>>>>>>

 NONCOMMIT turn 458, SKIP dettid 3 polling resource Resources { tid: DetPid(3), resources: {InternalIOPolling: W}, poll_attempt: 17, fyi: "writev", signal_interrupt_errno: 512 }
2026-09-10T03:16:10.347703Z  INFO detcore::scheduler: [sched-step5] >>>>>>>

 COMMIT turn 459, dettid 3 using resources {InternalIOPolling: W}, on previously committed 1_767_225_600.140_019_000s DETLOG_RECORD={"schema":1,"event":{"kind":"scheduler_commit","scheduler_turn":459,"virtual_nanoseconds":1767225600140019000,"internal_io_poll":true,"runtime_maps_read":false}}
2026-09-10T03:16:10.347750Z  INFO detcore::scheduler: [scheduler] >>>>>>>

 NONCOMMIT turn 460, SKIP dettid 3 polling resource Resources { tid: DetPid(3), resources: {InternalIOPolling: W}, poll_attempt: 18, fyi: "writev", signal_interrupt_errno: 512 }
2026-09-10T03:16:10.347782Z  INFO detcore::scheduler: [sched-step5] >>>>>>>

 COMMIT turn 461, dettid 3 using resources {InternalIOPolling: W}, on previously committed 1_767_225_600.140_519_000s DETLOG_RECORD={"schema":1,"event":{"kind":"scheduler_commit","scheduler_turn":461,"virtual_nanoseconds":1767225600140519000,"internal_io_poll":true,"runtime_maps_read":false}}
2026-09-10T03:16:10.347830Z  INFO detcore::scheduler: [scheduler] >>>>>>>

 NONCOMMIT turn 462, SKIP dettid 3 polling resource Resources { tid: DetPid(3), resources: {InternalIOPolling: W}, poll_attempt: 19, fyi: "writev", signal_interrupt_errno: 512 }
2026-09-10T03:16:10.347855Z  INFO detcore::scheduler: [sched-step5] >>>>>>>

 COMMIT turn 463, dettid 3 using resources {InternalIOPolling: W}, on previously committed 1_767_225_600.141_019_000s DETLOG_RECORD={"schema":1,"event":{"kind":"scheduler_commit","scheduler_turn":463,"virtual_nanoseconds":1767225600141019000,"internal_io_poll":true,"runtime_maps_read":false}}
2026-09-10T03:16:10.347901Z  INFO detcore::scheduler: [scheduler] >>>>>>>

 NONCOMMIT turn 464, SKIP dettid 3 polling resource Resources { tid: DetPid(3), resources: {InternalIOPolling: W}, poll_attempt: 20, fyi: "writev", signal_interrupt_errno: 512 }
2026-09-10T03:16:10.347926Z  INFO detcore::scheduler: [sched-step5] >>>>>>>

 COMMIT turn 465, dettid 3 using resources {InternalIOPolling: W}, on previously committed 1_767_225_600.141_519_000s DETLOG_RECORD={"schema":1,"event":{"kind":"scheduler_commit","scheduler_turn":465,"virtual_nanoseconds":1767225600141519000,"internal_io_poll":true,"runtime_maps_read":false}}
2026-09-10T03:16:10.347973Z  INFO detcore::scheduler: [scheduler] >>>>>>>

 NONCOMMIT turn 466, SKIP dettid 3 polling resource Resources { tid: DetPid(3), resources: {InternalIOPolling: W}, poll_attempt: 21, fyi: "writev", signal_interrupt_errno: 512 }
2026-09-10T03:16:10.347998Z  INFO detcore::scheduler: [sched-step5] >>>>>>>

 COMMIT turn 467, dettid 3 using resources {InternalIOPolling: W}, on previously committed 1_767_225_600.142_019_000s DETLOG_RECORD={"schema":1,"event":{"kind":"scheduler_commit","scheduler_turn":467,"virtual_nanoseconds":1767225600142019000,"internal_io_poll":true,"runtime_maps_read":false}}
2026-09-10T03:16:10.348046Z  INFO detcore::scheduler: [scheduler] >>>>>>>

 NONCOMMIT turn 468, SKIP dettid 3 polling resource Resources { tid: DetPid(3), resources: {InternalIOPolling: W}, poll_attempt: 22, fyi: "writev", signal_interrupt_errno: 512 }
2026-09-10T03:16:10.348071Z  INFO detcore::scheduler: [sched-step5] >>>>>>>

 COMMIT turn 469, dettid 3 using resources {InternalIOPolling: W}, on previously committed 1_767_225_600.142_519_000s DETLOG_RECORD={"schema":1,"event":{"kind":"scheduler_commit","scheduler_turn":469,"virtual_nanoseconds":1767225600142519000,"internal_io_poll":true,"runtime_maps_read":false}}
2026-09-10T03:16:10.348117Z  INFO detcore::scheduler: [scheduler] >>>>>>>

 NONCOMMIT turn 470, SKIP dettid 3 polling resource Resources { tid: DetPid(3), resources: {InternalIOPolling: W}, poll_attempt: 23, fyi: "writev", signal_interrupt_errno: 512 }
2026-09-10T03:16:10.348144Z  INFO detcore::scheduler: [sched-step5] >>>>>>>

 COMMIT turn 471, dettid 3 using resources {InternalIOPolling: W}, on previously committed 1_767_225_600.143_019_000s DETLOG_RECORD={"schema":1,"event":{"kind":"scheduler_commit","scheduler_turn":471,"virtual_nanoseconds":1767225600143019000,"internal_io_poll":true,"runtime_maps_read":false}}
2026-09-10T03:16:10.348193Z  INFO detcore::scheduler: [scheduler] >>>>>>>

 NONCOMMIT turn 472, SKIP dettid 3 polling resource Resources { tid: DetPid(3), resources: {InternalIOPolling: W}, poll_attempt: 24, fyi: "writev", signal_interrupt_errno: 512 }
2026-09-10T03:16:10.348218Z  INFO detcore::scheduler: [sched-step5] >>>>>>>

 COMMIT turn 473, dettid 3 using resources {InternalIOPolling: W}, on previously committed 1_767_225_600.143_519_000s DETLOG_RECORD={"schema":1,"event":{"kind":"scheduler_commit","scheduler_turn":473,"virtual_nanoseconds":1767225600143519000,"internal_io_poll":true,"runtime_maps_read":false}}
2026-09-10T03:16:10.348264Z  INFO detcore::scheduler: [scheduler] >>>>>>>

 NONCOMMIT turn 474, SKIP dettid 3 polling resource Resources { tid: DetPid(3), resources: {InternalIOPolling: W}, poll_attempt: 25, fyi: "writev", signal_interrupt_errno: 512 }
2026-09-10T03:16:10.348289Z  INFO detcore::scheduler: [sched-step5] >>>>>>>

 COMMIT turn 475, dettid 3 using resources {InternalIOPolling: W}, on previously committed 1_767_225_600.144_019_000s DETLOG_RECORD={"schema":1,"event":{"kind":"scheduler_commit","scheduler_turn":475,"virtual_nanoseconds":1767225600144019000,"internal_io_poll":true,"runtime_maps_read":false}}
2026-09-10T03:16:10.348335Z  INFO detcore::scheduler: [scheduler] >>>>>>>

 NONCOMMIT turn 476, SKIP dettid 3 polling resource Resources { tid: DetPid(3), resources: {InternalIOPolling: W}, poll_attempt: 26, fyi: "writev", signal_interrupt_errno: 512 }
2026-09-10T03:16:10.348360Z  INFO detcore::scheduler: [sched-step5] >>>>>>>

 COMMIT turn 477, dettid 3 using resources {InternalIOPolling: W}, on previously committed 1_767_225_600.144_519_000s DETLOG_RECORD={"schema":1,"event":{"kind":"scheduler_commit","scheduler_turn":477,"virtual_nanoseconds":1767225600144519000,"internal_io_poll":true,"runtime_maps_read":false}}
2026-09-10T03:16:10.348409Z  INFO detcore::scheduler: [scheduler] >>>>>>>

 NONCOMMIT turn 478, SKIP dettid 3 polling resource Resources { tid: DetPid(3), resources: {InternalIOPolling: W}, poll_attempt: 27, fyi: "writev", signal_interrupt_errno: 512 }
2026-09-10T03:16:10.348434Z  INFO detcore::scheduler: [sched-step5] >>>>>>>

 COMMIT turn 479, dettid 3 using resources {InternalIOPolling: W}, on previously committed 1_767_225_600.145_019_000s DETLOG_RECORD={"schema":1,"event":{"kind":"scheduler_commit","scheduler_turn":479,"virtual_nanoseconds":1767225600145019000,"internal_io_poll":true,"runtime_maps_read":false}}
2026-09-10T03:16:10.348480Z  INFO detcore::scheduler: [scheduler] >>>>>>>

 NONCOMMIT turn 480, SKIP dettid 3 polling resource Resources { tid: DetPid(3), resources: {InternalIOPolling: W}, poll_attempt: 28, fyi: "writev", signal_interrupt_errno: 512 }
2026-09-10T03:16:10.348505Z  INFO detcore::scheduler: [sched-step5] >>>>>>>

 COMMIT turn 481, dettid 3 using resources {InternalIOPolling: W}, on previously committed 1_767_225_600.145_519_000s DETLOG_RECORD={"schema":1,"event":{"kind":"scheduler_commit","scheduler_turn":481,"virtual_nanoseconds":1767225600145519000,"internal_io_poll":true,"runtime_maps_read":false}}
2026-09-10T03:16:10.348551Z  INFO detcore::scheduler: [scheduler] >>>>>>>

 NONCOMMIT turn 482, SKIP dettid 3 polling resource Resources { tid: DetPid(3), resources: {InternalIOPolling: W}, poll_attempt: 29, fyi: "writev", signal_interrupt_errno: 512 }
2026-09-10T03:16:10.348576Z  INFO detcore::scheduler: [sched-step5] >>>>>>>

 COMMIT turn 483, dettid 3 using resources {InternalIOPolling: W}, on previously committed 1_767_225_600.146_019_000s DETLOG_RECORD={"schema":1,"event":{"kind":"scheduler_commit","scheduler_turn":483,"virtual_nanoseconds":1767225600146019000,"internal_io_poll":true,"runtime_maps_read":false}}
2026-09-10T03:16:10.348624Z  INFO detcore::scheduler: [scheduler] >>>>>>>

 NONCOMMIT turn 484, SKIP dettid 3 polling resource Resources { tid: DetPid(3), resources: {InternalIOPolling: W}, poll_attempt: 30, fyi: "writev", signal_interrupt_errno: 512 }
2026-09-10T03:16:10.348651Z  INFO detcore::scheduler: [sched-step5] >>>>>>>

 COMMIT turn 485, dettid 3 using resources {InternalIOPolling: W}, on previously committed 1_767_225_600.146_519_000s DETLOG_RECORD={"schema":1,"event":{"kind":"scheduler_commit","scheduler_turn":485,"virtual_nanoseconds":1767225600146519000,"internal_io_poll":true,"runtime_maps_read":false}}
2026-09-10T03:16:10.348698Z  INFO detcore::scheduler: [scheduler] >>>>>>>

 NONCOMMIT turn 486, SKIP dettid 3 polling resource Resources { tid: DetPid(3), resources: {InternalIOPolling: W}, poll_attempt: 31, fyi: "writev", signal_interrupt_errno: 512 }
2026-09-10T03:16:10.348723Z  INFO detcore::scheduler: [sched-step5] >>>>>>>

 COMMIT turn 487, dettid 3 using resources {InternalIOPolling: W}, on previously committed 1_767_225_600.147_019_000s DETLOG_RECORD={"schema":1,"event":{"kind":"scheduler_commit","scheduler_turn":487,"virtual_nanoseconds":1767225600147019000,"internal_io_poll":true,"runtime_maps_read":false}}
2026-09-10T03:16:10.348779Z  INFO detcore::scheduler: [scheduler] >>>>>>>

 NONCOMMIT turn 488, SKIP dettid 3 polling resource Resources { tid: DetPid(3), resources: {InternalIOPolling: W}, poll_attempt: 32, fyi: "writev", signal_interrupt_errno: 512 }
2026-09-10T03:16:10.348805Z  INFO detcore::scheduler: [sched-step5] >>>>>>>

 COMMIT turn 489, dettid 3 using resources {InternalIOPolling: W}, on previously committed 1_767_225_600.147_519_000s DETLOG_RECORD={"schema":1,"event":{"kind":"scheduler_commit","scheduler_turn":489,"virtual_nanoseconds":1767225600147519000,"internal_io_poll":true,"runtime_maps_read":false}}
2026-09-10T03:16:10.348853Z  INFO detcore::scheduler: [scheduler] >>>>>>>

 NONCOMMIT turn 490, SKIP dettid 3 polling resource Resources { tid: DetPid(3), resources: {InternalIOPolling: W}, poll_attempt: 33, fyi: "writev", signal_interrupt_errno: 512 }
2026-09-10T03:16:10.348878Z  INFO detcore::scheduler: [sched-step5] >>>>>>>

 COMMIT turn 491, dettid 3 using resources {InternalIOPolling: W}, on previously committed 1_767_225_600.148_019_000s DETLOG_RECORD={"schema":1,"event":{"kind":"scheduler_commit","scheduler_turn":491,"virtual_nanoseconds":1767225600148019000,"internal_io_poll":true,"runtime_maps_read":false}}
2026-09-10T03:16:10.348936Z  INFO detcore::scheduler: [scheduler] >>>>>>>

 NONCOMMIT turn 492, SKIP dettid 3 polling resource Resources { tid: DetPid(3), resources: {InternalIOPolling: W}, poll_attempt: 34, fyi: "writev", signal_interrupt_errno: 512 }
2026-09-10T03:16:10.348963Z  INFO detcore::scheduler: [sched-step5] >>>>>>>

 COMMIT turn 493, dettid 3 using resources {InternalIOPolling: W}, on previously committed 1_767_225_600.148_519_000s DETLOG_RECORD={"schema":1,"event":{"kind":"scheduler_commit","scheduler_turn":493,"virtual_nanoseconds":1767225600148519000,"internal_io_poll":true,"runtime_maps_read":false}}
2026-09-10T03:16:10.349013Z  INFO detcore::scheduler: [scheduler] >>>>>>>

 NONCOMMIT turn 494, SKIP dettid 3 polling resource Resources { tid: DetPid(3), resources: {InternalIOPolling: W}, poll_attempt: 35, fyi: "writev", signal_interrupt_errno: 512 }
2026-09-10T03:16:10.349038Z  INFO detcore::scheduler: [sched-step5] >>>>>>>

 COMMIT turn 495, dettid 3 using resources {InternalIOPolling: W}, on previously committed 1_767_225_600.149_019_000s DETLOG_RECORD={"schema":1,"event":{"kind":"scheduler_commit","scheduler_turn":495,"virtual_nanoseconds":1767225600149019000,"internal_io_poll":true,"runtime_maps_read":false}}
2026-09-10T03:16:10.349084Z  INFO detcore::scheduler: [scheduler] >>>>>>>

 NONCOMMIT turn 496, SKIP dettid 3 polling resource Resources { tid: DetPid(3), resources: {InternalIOPolling: W}, poll_attempt: 36, fyi: "writev", signal_interrupt_errno: 512 }
2026-09-10T03:16:10.349109Z  INFO detcore::scheduler: [sched-step5] >>>>>>>

 COMMIT turn 497, dettid 3 using resources {InternalIOPolling: W}, on previously committed 1_767_225_600.149_519_000s DETLOG_RECORD={"schema":1,"event":{"kind":"scheduler_commit","scheduler_turn":497,"virtual_nanoseconds":1767225600149519000,"internal_io_poll":true,"runtime_maps_read":false}}
2026-09-10T03:16:10.349157Z  INFO detcore::scheduler: [scheduler] >>>>>>>

 NONCOMMIT turn 498, SKIP dettid 3 polling resource Resources { tid: DetPid(3), resources: {InternalIOPolling: W}, poll_attempt: 37, fyi: "writev", signal_interrupt_errno: 512 }
2026-09-10T03:16:10.349185Z  INFO detcore::scheduler: [sched-step5] >>>>>>>

 COMMIT turn 499, dettid 3 using resources {InternalIOPolling: W}, on previously committed 1_767_225_600.150_019_000s DETLOG_RECORD={"schema":1,"event":{"kind":"scheduler_commit","scheduler_turn":499,"virtual_nanoseconds":1767225600150019000,"internal_io_poll":true,"runtime_maps_read":false}}
2026-09-10T03:16:10.349232Z  INFO detcore::scheduler: [scheduler] >>>>>>>

 NONCOMMIT turn 500, SKIP dettid 3 polling resource Resources { tid: DetPid(3), resources: {InternalIOPolling: W}, poll_attempt: 38, fyi: "writev", signal_interrupt_errno: 512 }
2026-09-10T03:16:10.349257Z  INFO detcore::scheduler: [sched-step5] >>>>>>>

 COMMIT turn 501, dettid 3 using resources {InternalIOPolling: W}, on previously committed 1_767_225_600.150_519_000s DETLOG_RECORD={"schema":1,"event":{"kind":"scheduler_commit","scheduler_turn":501,"virtual_nanoseconds":1767225600150519000,"internal_io_poll":true,"runtime_maps_read":false}}
2026-09-10T03:16:10.349316Z  INFO detcore::scheduler: [sched-step5] >>>>>>>

 COMMIT turn 502, dettid 9 using resources {SleepUntil(LogicalTime(1767225600151018500)): W}, on previously committed 1_767_225_600.151_019_000s DETLOG_RECORD={"schema":1,"event":{"kind":"scheduler_commit","scheduler_turn":502,"virtual_nanoseconds":1767225600151019000,"internal_io_poll":false,"runtime_maps_read":false}}
2026-09-10T03:16:10.349361Z  INFO detcore: DETLOG [syscall][detcore, dtid 9] finish syscall #3: clock_nanosleep(CLOCK_REALTIME, 0, 0x1b50e30, 0x1b50e30) = Ok(0) DETLOG_RECORD={"schema":1,"event":{"kind":"syscall_result","finished_syscall_number":3}}
2026-09-10T03:16:10.349410Z  INFO detcore: DETLOG [syscall][detcore, dtid 9] inbound syscall: mmap(NULL, 134217728, ProtFlags(0x0), MapFlags(MAP_PRIVATE | MAP_ANON), -1, 0) = ? DETLOG_RECORD={"schema":1,"event":{"kind":"syscall"}}
2026-09-10T03:16:10.373123Z  INFO detcore: DETLOG [syscall][detcore, dtid 9] finish syscall #4: mmap(NULL, 134217728, ProtFlags(0x0), MapFlags(MAP_PRIVATE | MAP_ANON), -1, 0) = Ok(28647424) DETLOG_RECORD={"schema":1,"event":{"kind":"syscall_result","finished_syscall_number":4}}
2026-09-10T03:16:10.373278Z  INFO detcore: DETLOG [syscall][detcore, dtid 9] inbound syscall: munmap(0x1b52000, 38461440) = ? DETLOG_RECORD={"schema":1,"event":{"kind":"syscall"}}
2026-09-10T03:16:10.378397Z  INFO detcore: DETLOG [syscall][detcore, dtid 9] finish syscall #5: munmap(0x1b52000, 38461440) = Ok(0) DETLOG_RECORD={"schema":1,"event":{"kind":"syscall_result","finished_syscall_number":5}}
2026-09-10T03:16:10.378442Z  INFO detcore: DETLOG [syscall][detcore, dtid 9] inbound syscall: munmap(0x8000000, 28647424) = ? DETLOG_RECORD={"schema":1,"event":{"kind":"syscall"}}
2026-09-10T03:16:10.382274Z  INFO detcore: DETLOG [syscall][detcore, dtid 9] finish syscall #6: munmap(0x8000000, 28647424) = Ok(0) DETLOG_RECORD={"schema":1,"event":{"kind":"syscall_result","finished_syscall_number":6}}
2026-09-10T03:16:10.382311Z  INFO detcore: DETLOG [syscall][detcore, dtid 9] inbound syscall: mprotect(0x4000000, 135168, ProtFlags(PROT_READ | PROT_WRITE)) = ? DETLOG_RECORD={"schema":1,"event":{"kind":"syscall"}}
2026-09-10T03:16:10.382373Z  INFO detcore: DETLOG [syscall][detcore, dtid 9] finish syscall #7: mprotect(0x4000000, 135168, ProtFlags(PROT_READ | PROT_WRITE)) = Ok(0) DETLOG_RECORD={"schema":1,"event":{"kind":"syscall_result","finished_syscall_number":7}}
2026-09-10T03:16:10.382412Z  INFO detcore: DETLOG [syscall][detcore, dtid 9] inbound syscall: read(3, 0x4000b60, 8192) = ? DETLOG_RECORD={"schema":1,"event":{"kind":"syscall"}}
2026-09-10T03:16:10.382687Z  INFO detcore::scheduler: [scheduler] >>>>>>>

 NONCOMMIT turn 503, SKIP dettid 3 polling resource Resources { tid: DetPid(3), resources: {InternalIOPolling: W}, poll_attempt: 39, fyi: "writev", signal_interrupt_errno: 512 }
2026-09-10T03:16:10.382784Z  INFO detcore::scheduler: [sched-step5] >>>>>>>

 COMMIT turn 504, dettid 9 using resources {InternalIOPolling: W}, on previously committed 1_767_225_600.151_569_000s DETLOG_RECORD={"schema":1,"event":{"kind":"scheduler_commit","scheduler_turn":504,"virtual_nanoseconds":1767225600151569000,"internal_io_poll":true,"runtime_maps_read":false}}
2026-09-10T03:16:10.382901Z  INFO detcore: DETLOG [syscall][detcore, dtid 9] finish syscall #8: read(3, 0x4000b60, 8192) = Ok(8192) DETLOG_RECORD={"schema":1,"event":{"kind":"syscall_result","finished_syscall_number":8}}
2026-09-10T03:16:10.383021Z  INFO detcore::io_buffers: DETLOG [iobuf][dtid 9] read in fd=3 0x4000b60+8192->b7e6f61c25fcd4492f50e714bc7bd69abe64dfee1132ac60aa2da4119a06db4a chunks=1024:fa2a5e7b,fa2a5e7b,fa2a5e7b,fa2a5e7b,fa2a5e7b,fa2a5e7b,fa2a5e7b,fa2a5e7b DETLOG_RECORD={"schema":1,"event":{"kind":"other"}}
2026-09-10T03:16:10.383064Z  INFO detcore: DETLOG [syscall][detcore, dtid 9] inbound syscall: read(3, 0x1b50e28, 8) = ? DETLOG_RECORD={"schema":1,"event":{"kind":"syscall"}}
2026-09-10T03:16:10.383119Z  INFO detcore::scheduler: [sched-step5] >>>>>>>

 COMMIT turn 505, dettid 9 using resources {InternalIOPolling: W}, on previously committed 1_767_225_600.152_079_000s DETLOG_RECORD={"schema":1,"event":{"kind":"scheduler_commit","scheduler_turn":505,"virtual_nanoseconds":1767225600152079000,"internal_io_poll":true,"runtime_maps_read":false}}
2026-09-10T03:16:10.383209Z  INFO detcore::scheduler: [scheduler] >>>>>>>

 NONCOMMIT turn 506, SKIP dettid 9 polling resource Resources { tid: DetPid(9), resources: {InternalIOPolling: W}, poll_attempt: 1, fyi: "read" }
2026-09-10T03:16:10.383241Z  INFO detcore::scheduler: [sched-step5] >>>>>>>

 COMMIT turn 507, dettid 9 using resources {InternalIOPolling: W}, on previously committed 1_767_225_600.152_579_000s DETLOG_RECORD={"schema":1,"event":{"kind":"scheduler_commit","scheduler_turn":507,"virtual_nanoseconds":1767225600152579000,"internal_io_poll":true,"runtime_maps_read":false}}
2026-09-10T03:16:10.383293Z  INFO detcore::scheduler: [scheduler] >>>>>>>

 NONCOMMIT turn 508, SKIP dettid 9 polling resource Resources { tid: DetPid(9), resources: {InternalIOPolling: W}, poll_attempt: 2, fyi: "read" }
2026-09-10T03:16:10.383319Z  INFO detcore::scheduler: [sched-step5] >>>>>>>

 COMMIT turn 509, dettid 9 using resources {InternalIOPolling: W}, on previously committed 1_767_225_600.153_079_000s DETLOG_RECORD={"schema":1,"event":{"kind":"scheduler_commit","scheduler_turn":509,"virtual_nanoseconds":1767225600153079000,"internal_io_poll":true,"runtime_maps_read":false}}
2026-09-10T03:16:10.383368Z  INFO detcore::scheduler: [scheduler] >>>>>>>

 NONCOMMIT turn 510, SKIP dettid 9 polling resource Resources { tid: DetPid(9), resources: {InternalIOPolling: W}, poll_attempt: 3, fyi: "read" }
2026-09-10T03:16:10.383393Z  INFO detcore::scheduler: [sched-step5] >>>>>>>

 COMMIT turn 511, dettid 9 using resources {InternalIOPolling: W}, on previously committed 1_767_225_600.153_579_000s DETLOG_RECORD={"schema":1,"event":{"kind":"scheduler_commit","scheduler_turn":511,"virtual_nanoseconds":1767225600153579000,"internal_io_poll":true,"runtime_maps_read":false}}
2026-09-10T03:16:10.383438Z  INFO detcore::scheduler: [scheduler] >>>>>>>

 NONCOMMIT turn 512, SKIP dettid 9 polling resource Resources { tid: DetPid(9), resources: {InternalIOPolling: W}, poll_attempt: 4, fyi: "read" }
2026-09-10T03:16:10.383463Z  INFO detcore::scheduler: [sched-step5] >>>>>>>

 COMMIT turn 513, dettid 3 using resources {InternalIOPolling: W}, on previously committed 1_767_225_600.154_079_000s DETLOG_RECORD={"schema":1,"event":{"kind":"scheduler_commit","scheduler_turn":513,"virtual_nanoseconds":1767225600154079000,"internal_io_poll":true,"runtime_maps_read":false}}
2026-09-10T03:16:10.383633Z  INFO detcore: DETLOG [syscall][detcore, dtid 3] finish syscall #324: writev(4, 0x3fffeb60, 2) = Ok(8) DETLOG_RECORD={"schema":1,"event":{"kind":"syscall_result","finished_syscall_number":324}}
2026-09-10T03:16:10.383668Z  INFO detcore::io_buffers: DETLOG [iobuf][dtid 3] writev out fd=4 0x3fffeb2c+4->e12e115acf4552b2568b55e93cbd39394c4ef81c82447fafc997882a02d23677 DETLOG_RECORD={"schema":1,"event":{"kind":"other"}}
2026-09-10T03:16:10.383684Z  INFO detcore::io_buffers: DETLOG [iobuf][dtid 3] writev out fd=4 0x3fffeb30+4->e59e4dc24c482ed5ea574fb4f5367f340cb0c77d504bd5b1a982038e2d861954 DETLOG_RECORD={"schema":1,"event":{"kind":"other"}}
2026-09-10T03:16:10.383739Z  INFO detcore: DETLOG [syscall][detcore, dtid 3] inbound syscall: futex(0x1b51910, 265, 9, NULL, NULL, -1) = ? DETLOG_RECORD={"schema":1,"event":{"kind":"syscall"}}
2026-09-10T03:16:10.383830Z  INFO detcore::scheduler: [sched-step5] >>>>>>>

 COMMIT turn 514, dettid 9 using resources {InternalIOPolling: W}, on previously committed 1_767_225_600.154_584_000s DETLOG_RECORD={"schema":1,"event":{"kind":"scheduler_commit","scheduler_turn":514,"virtual_nanoseconds":1767225600154584000,"internal_io_poll":true,"runtime_maps_read":false}}
2026-09-10T03:16:10.383905Z  INFO detcore: DETLOG [syscall][detcore, dtid 9] finish syscall #9: read(3, 0x1b50e28, 8) = Ok(8) DETLOG_RECORD={"schema":1,"event":{"kind":"syscall_result","finished_syscall_number":9}}
2026-09-10T03:16:10.383926Z  INFO detcore::io_buffers: DETLOG [iobuf][dtid 9] read in fd=3 0x1b50e28+8->9ac2197d9258257b1ae8463e4214e4cd0a578bc1517f2415928b91be4283fc48 DETLOG_RECORD={"schema":1,"event":{"kind":"other"}}
2026-09-10T03:16:10.383961Z  INFO detcore: DETLOG [syscall][detcore, dtid 9] inbound syscall: rt_sigprocmask(0, 0x1b51f30, NULL, 8) = ? DETLOG_RECORD={"schema":1,"event":{"kind":"syscall"}}
2026-09-10T03:16:10.384003Z  INFO detcore: DETLOG [syscall][detcore, dtid 9] finish syscall #10: rt_sigprocmask(0, 0x1b51f30, NULL, 8) = Ok(0) DETLOG_RECORD={"schema":1,"event":{"kind":"syscall_result","finished_syscall_number":10}}
2026-09-10T03:16:10.384025Z  INFO detcore: DETLOG [syscall][detcore, dtid 9] inbound syscall: madvise(0x1351000, 8368128, 4) = ? DETLOG_RECORD={"schema":1,"event":{"kind":"syscall"}}
2026-09-10T03:16:10.384044Z  INFO detcore::syscalls::memory: DETLOG [dtid 9] madvise advice 4 is unsupported by this backend DETLOG_RECORD={"schema":1,"event":{"kind":"other"}}
2026-09-10T03:16:10.384054Z  INFO detcore: DETLOG [syscall][detcore, dtid 9] finish syscall #11: madvise(0x1351000, 8368128, 4) = Err(Errno(ENOSYS)) DETLOG_RECORD={"schema":1,"event":{"kind":"syscall_result","finished_syscall_number":11}}
2026-09-10T03:16:10.384079Z  INFO detcore: DETLOG [syscall][detcore, dtid 9] inbound syscall: exit(0) = ? DETLOG_RECORD={"schema":1,"event":{"kind":"syscall"}}
2026-09-10T03:16:10.384124Z  INFO detcore::scheduler: [sched-step5] >>>>>>>

 COMMIT turn 515, dettid 9 using resources {Exit { group: false, process: DetPid(3), mm: MmId { creator: DetPid(3), generation: 1 } }: RW}, on previously committed 1_767_225_600.155_344_250s DETLOG_RECORD={"schema":1,"event":{"kind":"scheduler_commit","scheduler_turn":515,"virtual_nanoseconds":1767225600155344250,"internal_io_poll":false,"runtime_maps_read":false}}
2026-09-10T03:16:10.384265Z  INFO detcore::scheduler: logically_kill: Scheduler removing all knowledge of [det]tid 9 in pid 3..
2026-09-10T03:16:10.384356Z  INFO detcore::scheduler: [sched-step5] >>>>>>>

 COMMIT turn 516, dettid 3 using resources {FutexWait: R}, on previously committed 1_767_225_600.155_844_250s DETLOG_RECORD={"schema":1,"event":{"kind":"scheduler_commit","scheduler_turn":516,"virtual_nanoseconds":1767225600155844250,"internal_io_poll":false,"runtime_maps_read":false}}
2026-09-10T03:16:10.384406Z  INFO detcore: DETLOG [syscall][detcore, dtid 3] finish syscall #325: futex(0x1b51910, 265, 9, NULL, NULL, -1) = Ok(0) DETLOG_RECORD={"schema":1,"event":{"kind":"syscall_result","finished_syscall_number":325}}
2026-09-10T03:16:10.384455Z  INFO detcore: DETLOG [syscall][detcore, dtid 3] inbound syscall: futex(0x1b51910, 265, 9, NULL, NULL, -1) = ? DETLOG_RECORD={"schema":1,"event":{"kind":"syscall"}}
2026-09-10T03:16:10.384483Z  INFO detcore: DETLOG [syscall][detcore, dtid 3] finish syscall #326: futex(0x1b51910, 265, 9, NULL, NULL, -1) = Ok(0) DETLOG_RECORD={"schema":1,"event":{"kind":"syscall_result","finished_syscall_number":326}}
2026-09-10T03:16:10.384513Z  INFO detcore: DETLOG [syscall][detcore, dtid 3] inbound syscall: futex(0x1b51910, 265, 9, NULL, NULL, -1) = ? DETLOG_RECORD={"schema":1,"event":{"kind":"syscall"}}
2026-09-10T03:16:10.384531Z  INFO detcore: DETLOG [syscall][detcore, dtid 3] finish syscall #327: futex(0x1b51910, 265, 9, NULL, NULL, -1) = Ok(0) DETLOG_RECORD={"schema":1,"event":{"kind":"syscall_result","finished_syscall_number":327}}
2026-09-10T03:16:10.384555Z  INFO detcore: DETLOG [syscall][detcore, dtid 3] inbound syscall: futex(0x1b51910, 265, 9, NULL, NULL, -1) = ? DETLOG_RECORD={"schema":1,"event":{"kind":"syscall"}}
2026-09-10T03:16:10.384572Z  INFO detcore: DETLOG [syscall][detcore, dtid 3] finish syscall #328: futex(0x1b51910, 265, 9, NULL, NULL, -1) = Ok(0) DETLOG_RECORD={"schema":1,"event":{"kind":"syscall_result","finished_syscall_number":328}}
2026-09-10T03:16:10.384597Z  INFO detcore: DETLOG [syscall][detcore, dtid 3] inbound syscall: futex(0x1b51910, 265, 9, NULL, NULL, -1) = ? DETLOG_RECORD={"schema":1,"event":{"kind":"syscall"}}
2026-09-10T03:16:10.384614Z  INFO detcore: DETLOG [syscall][detcore, dtid 3] finish syscall #329: futex(0x1b51910, 265, 9, NULL, NULL, -1) = Ok(0) DETLOG_RECORD={"schema":1,"event":{"kind":"syscall_result","finished_syscall_number":329}}
2026-09-10T03:16:10.384638Z  INFO detcore: DETLOG [syscall][detcore, dtid 3] inbound syscall: futex(0x1b51910, 265, 9, NULL, NULL, -1) = ? DETLOG_RECORD={"schema":1,"event":{"kind":"syscall"}}
2026-09-10T03:16:10.384655Z  INFO detcore: DETLOG [syscall][detcore, dtid 3] finish syscall #330: futex(0x1b51910, 265, 9, NULL, NULL, -1) = Ok(0) DETLOG_RECORD={"schema":1,"event":{"kind":"syscall_result","finished_syscall_number":330}}
2026-09-10T03:16:10.384680Z  INFO detcore: DETLOG [syscall][detcore, dtid 3] inbound syscall: futex(0x1b51910, 265, 9, NULL, NULL, -1) = ? DETLOG_RECORD={"schema":1,"event":{"kind":"syscall"}}
2026-09-10T03:16:10.384697Z  INFO detcore: DETLOG [syscall][detcore, dtid 3] finish syscall #331: futex(0x1b51910, 265, 9, NULL, NULL, -1) = Ok(0) DETLOG_RECORD={"schema":1,"event":{"kind":"syscall_result","finished_syscall_number":331}}
2026-09-10T03:16:10.384721Z  INFO detcore: DETLOG [syscall][detcore, dtid 3] inbound syscall: futex(0x1b51910, 265, 9, NULL, NULL, -1) = ? DETLOG_RECORD={"schema":1,"event":{"kind":"syscall"}}
2026-09-10T03:16:10.384738Z  INFO detcore: DETLOG [syscall][detcore, dtid 3] finish syscall #332: futex(0x1b51910, 265, 9, NULL, NULL, -1) = Ok(0) DETLOG_RECORD={"schema":1,"event":{"kind":"syscall_result","finished_syscall_number":332}}
2026-09-10T03:16:10.384762Z  INFO detcore: DETLOG [syscall][detcore, dtid 3] inbound syscall: futex(0x1b51910, 265, 9, NULL, NULL, -1) = ? DETLOG_RECORD={"schema":1,"event":{"kind":"syscall"}}
2026-09-10T03:16:10.384784Z  INFO detcore: DETLOG [syscall][detcore, dtid 3] finish syscall #333: futex(0x1b51910, 265, 9, NULL, NULL, -1) = Ok(0) DETLOG_RECORD={"schema":1,"event":{"kind":"syscall_result","finished_syscall_number":333}}
2026-09-10T03:16:10.384809Z  INFO detcore: DETLOG [syscall][detcore, dtid 3] inbound syscall: futex(0x1b51910, 265, 9, NULL, NULL, -1) = ? DETLOG_RECORD={"schema":1,"event":{"kind":"syscall"}}
2026-09-10T03:16:10.384826Z  INFO detcore: DETLOG [syscall][detcore, dtid 3] finish syscall #334: futex(0x1b51910, 265, 9, NULL, NULL, -1) = Ok(0) DETLOG_RECORD={"schema":1,"event":{"kind":"syscall_result","finished_syscall_number":334}}
2026-09-10T03:16:10.384851Z  INFO detcore: DETLOG [syscall][detcore, dtid 3] inbound syscall: futex(0x1b51910, 265, 9, NULL, NULL, -1) = ? DETLOG_RECORD={"schema":1,"event":{"kind":"syscall"}}
2026-09-10T03:16:10.384868Z  INFO detcore: DETLOG [syscall][detcore, dtid 3] finish syscall #335: futex(0x1b51910, 265, 9, NULL, NULL, -1) = Ok(0) DETLOG_RECORD={"schema":1,"event":{"kind":"syscall_result","finished_syscall_number":335}}
2026-09-10T03:16:10.384893Z  INFO detcore: DETLOG [syscall][detcore, dtid 3] inbound syscall: futex(0x1b51910, 265, 9, NULL, NULL, -1) = ? DETLOG_RECORD={"schema":1,"event":{"kind":"syscall"}}
2026-09-10T03:16:10.384911Z  INFO detcore: DETLOG [syscall][detcore, dtid 3] finish syscall #336: futex(0x1b51910, 265, 9, NULL, NULL, -1) = Ok(0) DETLOG_RECORD={"schema":1,"event":{"kind":"syscall_result","finished_syscall_number":336}}
2026-09-10T03:16:10.384935Z  INFO detcore: DETLOG [syscall][detcore, dtid 3] inbound syscall: futex(0x1b51910, 265, 9, NULL, NULL, -1) = ? DETLOG_RECORD={"schema":1,"event":{"kind":"syscall"}}
2026-09-10T03:16:10.384952Z  INFO detcore: DETLOG [syscall][detcore, dtid 3] finish syscall #337: futex(0x1b51910, 265, 9, NULL, NULL, -1) = Ok(0) DETLOG_RECORD={"schema":1,"event":{"kind":"syscall_result","finished_syscall_number":337}}
2026-09-10T03:16:10.384976Z  INFO detcore: DETLOG [syscall][detcore, dtid 3] inbound syscall: futex(0x1b51910, 265, 9, NULL, NULL, -1) = ? DETLOG_RECORD={"schema":1,"event":{"kind":"syscall"}}
2026-09-10T03:16:10.384993Z  INFO detcore: DETLOG [syscall][detcore, dtid 3] finish syscall #338: futex(0x1b51910, 265, 9, NULL, NULL, -1) = Ok(0) DETLOG_RECORD={"schema":1,"event":{"kind":"syscall_result","finished_syscall_number":338}}
2026-09-10T03:16:10.385017Z  INFO detcore: DETLOG [syscall][detcore, dtid 3] inbound syscall: futex(0x1b51910, 265, 9, NULL, NULL, -1) = ? DETLOG_RECORD={"schema":1,"event":{"kind":"syscall"}}
2026-09-10T03:16:10.385034Z  INFO detcore: DETLOG [syscall][detcore, dtid 3] finish syscall #339: futex(0x1b51910, 265, 9, NULL, NULL, -1) = Ok(0) DETLOG_RECORD={"schema":1,"event":{"kind":"syscall_result","finished_syscall_number":339}}
2026-09-10T03:16:10.385059Z  INFO detcore: DETLOG [syscall][detcore, dtid 3] inbound syscall: futex(0x1b51910, 265, 9, NULL, NULL, -1) = ? DETLOG_RECORD={"schema":1,"event":{"kind":"syscall"}}
2026-09-10T03:16:10.385076Z  INFO detcore: DETLOG [syscall][detcore, dtid 3] finish syscall #340: futex(0x1b51910, 265, 9, NULL, NULL, -1) = Ok(0) DETLOG_RECORD={"schema":1,"event":{"kind":"syscall_result","finished_syscall_number":340}}
2026-09-10T03:16:10.385100Z  INFO detcore: DETLOG [syscall][detcore, dtid 3] inbound syscall: futex(0x1b51910, 265, 9, NULL, NULL, -1) = ? DETLOG_RECORD={"schema":1,"event":{"kind":"syscall"}}
2026-09-10T03:16:10.385117Z  INFO detcore: DETLOG [syscall][detcore, dtid 3] finish syscall #341: futex(0x1b51910, 265, 9, NULL, NULL, -1) = Ok(0) DETLOG_RECORD={"schema":1,"event":{"kind":"syscall_result","finished_syscall_number":341}}
2026-09-10T03:16:10.385141Z  INFO detcore: DETLOG [syscall][detcore, dtid 3] inbound syscall: futex(0x1b51910, 265, 9, NULL, NULL, -1) = ? DETLOG_RECORD={"schema":1,"event":{"kind":"syscall"}}
2026-09-10T03:16:10.385158Z  INFO detcore: DETLOG [syscall][detcore, dtid 3] finish syscall #342: futex(0x1b51910, 265, 9, NULL, NULL, -1) = Ok(0) DETLOG_RECORD={"schema":1,"event":{"kind":"syscall_result","finished_syscall_number":342}}
2026-09-10T03:16:10.385182Z  INFO detcore: DETLOG [syscall][detcore, dtid 3] inbound syscall: futex(0x1b51910, 265, 9, NULL, NULL, -1) = ? DETLOG_RECORD={"schema":1,"event":{"kind":"syscall"}}
2026-09-10T03:16:10.385200Z  INFO detcore: DETLOG [syscall][detcore, dtid 3] finish syscall #343: futex(0x1b51910, 265, 9, NULL, NULL, -1) = Ok(0) DETLOG_RECORD={"schema":1,"event":{"kind":"syscall_result","finished_syscall_number":343}}
2026-09-10T03:16:10.385224Z  INFO detcore: DETLOG [syscall][detcore, dtid 3] inbound syscall: futex(0x1b51910, 265, 9, NULL, NULL, -1) = ? DETLOG_RECORD={"schema":1,"event":{"kind":"syscall"}}
2026-09-10T03:16:10.385241Z  INFO detcore: DETLOG [syscall][detcore, dtid 3] finish syscall #344: futex(0x1b51910, 265, 9, NULL, NULL, -1) = Ok(0) DETLOG_RECORD={"schema":1,"event":{"kind":"syscall_result","finished_syscall_number":344}}
2026-09-10T03:16:10.385265Z  INFO detcore: DETLOG [syscall][detcore, dtid 3] inbound syscall: futex(0x1b51910, 265, 9, NULL, NULL, -1) = ? DETLOG_RECORD={"schema":1,"event":{"kind":"syscall"}}
2026-09-10T03:16:10.385283Z  INFO detcore: DETLOG [syscall][detcore, dtid 3] finish syscall #345: futex(0x1b51910, 265, 9, NULL, NULL, -1) = Ok(0) DETLOG_RECORD={"schema":1,"event":{"kind":"syscall_result","finished_syscall_number":345}}
2026-09-10T03:16:10.385308Z  INFO detcore: DETLOG [syscall][detcore, dtid 3] inbound syscall: futex(0x1b51910, 265, 9, NULL, NULL, -1) = ? DETLOG_RECORD={"schema":1,"event":{"kind":"syscall"}}
2026-09-10T03:16:10.385325Z  INFO detcore: DETLOG [syscall][detcore, dtid 3] finish syscall #346: futex(0x1b51910, 265, 9, NULL, NULL, -1) = Ok(0) DETLOG_RECORD={"schema":1,"event":{"kind":"syscall_result","finished_syscall_number":346}}
2026-09-10T03:16:10.385350Z  INFO detcore: DETLOG [syscall][detcore, dtid 3] inbound syscall: futex(0x1b51910, 265, 9, NULL, NULL, -1) = ? DETLOG_RECORD={"schema":1,"event":{"kind":"syscall"}}
2026-09-10T03:16:10.385367Z  INFO detcore: DETLOG [syscall][detcore, dtid 3] finish syscall #347: futex(0x1b51910, 265, 9, NULL, NULL, -1) = Ok(0) DETLOG_RECORD={"schema":1,"event":{"kind":"syscall_result","finished_syscall_number":347}}
2026-09-10T03:16:10.385391Z  INFO detcore: DETLOG [syscall][detcore, dtid 3] inbound syscall: futex(0x1b51910, 265, 9, NULL, NULL, -1) = ? DETLOG_RECORD={"schema":1,"event":{"kind":"syscall"}}
2026-09-10T03:16:10.385408Z  INFO detcore: DETLOG [syscall][detcore, dtid 3] finish syscall #348: futex(0x1b51910, 265, 9, NULL, NULL, -1) = Ok(0) DETLOG_RECORD={"schema":1,"event":{"kind":"syscall_result","finished_syscall_number":348}}
2026-09-10T03:16:10.385432Z  INFO detcore: DETLOG [syscall][detcore, dtid 3] inbound syscall: futex(0x1b51910, 265, 9, NULL, NULL, -1) = ? DETLOG_RECORD={"schema":1,"event":{"kind":"syscall"}}
2026-09-10T03:16:10.385449Z  INFO detcore: DETLOG [syscall][detcore, dtid 3] finish syscall #349: futex(0x1b51910, 265, 9, NULL, NULL, -1) = Ok(0) DETLOG_RECORD={"schema":1,"event":{"kind":"syscall_result","finished_syscall_number":349}}
2026-09-10T03:16:10.385474Z  INFO detcore: DETLOG [syscall][detcore, dtid 3] inbound syscall: futex(0x1b51910, 265, 9, NULL, NULL, -1) = ? DETLOG_RECORD={"schema":1,"event":{"kind":"syscall"}}
2026-09-10T03:16:10.385491Z  INFO detcore: DETLOG [syscall][detcore, dtid 3] finish syscall #350: futex(0x1b51910, 265, 9, NULL, NULL, -1) = Ok(0) DETLOG_RECORD={"schema":1,"event":{"kind":"syscall_result","finished_syscall_number":350}}
2026-09-10T03:16:10.385515Z  INFO detcore: DETLOG [syscall][detcore, dtid 3] inbound syscall: futex(0x1b51910, 265, 9, NULL, NULL, -1) = ? DETLOG_RECORD={"schema":1,"event":{"kind":"syscall"}}
2026-09-10T03:16:10.385532Z  INFO detcore: DETLOG [syscall][detcore, dtid 3] finish syscall #351: futex(0x1b51910, 265, 9, NULL, NULL, -1) = Ok(0) DETLOG_RECORD={"schema":1,"event":{"kind":"syscall_result","finished_syscall_number":351}}
2026-09-10T03:16:10.385556Z  INFO detcore: DETLOG [syscall][detcore, dtid 3] inbound syscall: futex(0x1b51910, 265, 9, NULL, NULL, -1) = ? DETLOG_RECORD={"schema":1,"event":{"kind":"syscall"}}
2026-09-10T03:16:10.385573Z  INFO detcore: DETLOG [syscall][detcore, dtid 3] finish syscall #352: futex(0x1b51910, 265, 9, NULL, NULL, -1) = Ok(0) DETLOG_RECORD={"schema":1,"event":{"kind":"syscall_result","finished_syscall_number":352}}
2026-09-10T03:16:10.385597Z  INFO detcore: DETLOG [syscall][detcore, dtid 3] inbound syscall: futex(0x1b51910, 265, 9, NULL, NULL, -1) = ? DETLOG_RECORD={"schema":1,"event":{"kind":"syscall"}}
2026-09-10T03:16:10.385614Z  INFO detcore: DETLOG [syscall][detcore, dtid 3] finish syscall #353: futex(0x1b51910, 265, 9, NULL, NULL, -1) = Ok(0) DETLOG_RECORD={"schema":1,"event":{"kind":"syscall_result","finished_syscall_number":353}}
2026-09-10T03:16:10.385639Z  INFO detcore: DETLOG [syscall][detcore, dtid 3] inbound syscall: futex(0x1b51910, 265, 9, NULL, NULL, -1) = ? DETLOG_RECORD={"schema":1,"event":{"kind":"syscall"}}
2026-09-10T03:16:10.385656Z  INFO detcore: DETLOG [syscall][detcore, dtid 3] finish syscall #354: futex(0x1b51910, 265, 9, NULL, NULL, -1) = Ok(0) DETLOG_RECORD={"schema":1,"event":{"kind":"syscall_result","finished_syscall_number":354}}
2026-09-10T03:16:10.385681Z  INFO detcore: DETLOG [syscall][detcore, dtid 3] inbound syscall: futex(0x1b51910, 265, 9, NULL, NULL, -1) = ? DETLOG_RECORD={"schema":1,"event":{"kind":"syscall"}}
2026-09-10T03:16:10.385699Z  INFO detcore: DETLOG [syscall][detcore, dtid 3] finish syscall #355: futex(0x1b51910, 265, 9, NULL, NULL, -1) = Ok(0) DETLOG_RECORD={"schema":1,"event":{"kind":"syscall_result","finished_syscall_number":355}}
2026-09-10T03:16:10.385723Z  INFO detcore: DETLOG [syscall][detcore, dtid 3] inbound syscall: futex(0x1b51910, 265, 9, NULL, NULL, -1) = ? DETLOG_RECORD={"schema":1,"event":{"kind":"syscall"}}
2026-09-10T03:16:10.385740Z  INFO detcore: DETLOG [syscall][detcore, dtid 3] finish syscall #356: futex(0x1b51910, 265, 9, NULL, NULL, -1) = Ok(0) DETLOG_RECORD={"schema":1,"event":{"kind":"syscall_result","finished_syscall_number":356}}
2026-09-10T03:16:10.385764Z  INFO detcore: DETLOG [syscall][detcore, dtid 3] inbound syscall: futex(0x1b51910, 265, 9, NULL, NULL, -1) = ? DETLOG_RECORD={"schema":1,"event":{"kind":"syscall"}}
2026-09-10T03:16:10.385786Z  INFO detcore: DETLOG [syscall][detcore, dtid 3] finish syscall #357: futex(0x1b51910, 265, 9, NULL, NULL, -1) = Ok(0) DETLOG_RECORD={"schema":1,"event":{"kind":"syscall_result","finished_syscall_number":357}}
2026-09-10T03:16:10.385811Z  INFO detcore: DETLOG [syscall][detcore, dtid 3] inbound syscall: futex(0x1b51910, 265, 9, NULL, NULL, -1) = ? DETLOG_RECORD={"schema":1,"event":{"kind":"syscall"}}
2026-09-10T03:16:10.385828Z  INFO detcore: DETLOG [syscall][detcore, dtid 3] finish syscall #358: futex(0x1b51910, 265, 9, NULL, NULL, -1) = Ok(0) DETLOG_RECORD={"schema":1,"event":{"kind":"syscall_result","finished_syscall_number":358}}
2026-09-10T03:16:10.385852Z  INFO detcore: DETLOG [syscall][detcore, dtid 3] inbound syscall: futex(0x1b51910, 265, 9, NULL, NULL, -1) = ? DETLOG_RECORD={"schema":1,"event":{"kind":"syscall"}}
2026-09-10T03:16:10.385869Z  INFO detcore: DETLOG [syscall][detcore, dtid 3] finish syscall #359: futex(0x1b51910, 265, 9, NULL, NULL, -1) = Ok(0) DETLOG_RECORD={"schema":1,"event":{"kind":"syscall_result","finished_syscall_number":359}}
2026-09-10T03:16:10.385894Z  INFO detcore: DETLOG [syscall][detcore, dtid 3] inbound syscall: futex(0x1b51910, 265, 9, NULL, NULL, -1) = ? DETLOG_RECORD={"schema":1,"event":{"kind":"syscall"}}
2026-09-10T03:16:10.385911Z  INFO detcore: DETLOG [syscall][detcore, dtid 3] finish syscall #360: futex(0x1b51910, 265, 9, NULL, NULL, -1) = Ok(0) DETLOG_RECORD={"schema":1,"event":{"kind":"syscall_result","finished_syscall_number":360}}
2026-09-10T03:16:10.385935Z  INFO detcore: DETLOG [syscall][detcore, dtid 3] inbound syscall: futex(0x1b51910, 265, 9, NULL, NULL, -1) = ? DETLOG_RECORD={"schema":1,"event":{"kind":"syscall"}}
2026-09-10T03:16:10.385953Z  INFO detcore: DETLOG [syscall][detcore, dtid 3] finish syscall #361: futex(0x1b51910, 265, 9, NULL, NULL, -1) = Ok(0) DETLOG_RECORD={"schema":1,"event":{"kind":"syscall_result","finished_syscall_number":361}}
2026-09-10T03:16:10.385977Z  INFO detcore: DETLOG [syscall][detcore, dtid 3] inbound syscall: futex(0x1b51910, 265, 9, NULL, NULL, -1) = ? DETLOG_RECORD={"schema":1,"event":{"kind":"syscall"}}
2026-09-10T03:16:10.385994Z  INFO detcore: DETLOG [syscall][detcore, dtid 3] finish syscall #362: futex(0x1b51910, 265, 9, NULL, NULL, -1) = Ok(0) DETLOG_RECORD={"schema":1,"event":{"kind":"syscall_result","finished_syscall_number":362}}
2026-09-10T03:16:10.386018Z  INFO detcore: DETLOG [syscall][detcore, dtid 3] inbound syscall: futex(0x1b51910, 265, 9, NULL, NULL, -1) = ? DETLOG_RECORD={"schema":1,"event":{"kind":"syscall"}}
2026-09-10T03:16:10.386035Z  INFO detcore: DETLOG [syscall][detcore, dtid 3] finish syscall #363: futex(0x1b51910, 265, 9, NULL, NULL, -1) = Ok(0) DETLOG_RECORD={"schema":1,"event":{"kind":"syscall_result","finished_syscall_number":363}}
2026-09-10T03:16:10.386059Z  INFO detcore: DETLOG [syscall][detcore, dtid 3] inbound syscall: futex(0x1b51910, 265, 9, NULL, NULL, -1) = ? DETLOG_RECORD={"schema":1,"event":{"kind":"syscall"}}
2026-09-10T03:16:10.386078Z  INFO detcore: DETLOG [syscall][detcore, dtid 3] finish syscall #364: futex(0x1b51910, 265, 9, NULL, NULL, -1) = Ok(0) DETLOG_RECORD={"schema":1,"event":{"kind":"syscall_result","finished_syscall_number":364}}
2026-09-10T03:16:10.386103Z  INFO detcore: DETLOG [syscall][detcore, dtid 3] inbound syscall: futex(0x1b51910, 265, 9, NULL, NULL, -1) = ? DETLOG_RECORD={"schema":1,"event":{"kind":"syscall"}}
2026-09-10T03:16:10.386120Z  INFO detcore: DETLOG [syscall][detcore, dtid 3] finish syscall #365: futex(0x1b51910, 265, 9, NULL, NULL, -1) = Ok(0) DETLOG_RECORD={"schema":1,"event":{"kind":"syscall_result","finished_syscall_number":365}}
2026-09-10T03:16:10.386144Z  INFO detcore: DETLOG [syscall][detcore, dtid 3] inbound syscall: futex(0x1b51910, 265, 9, NULL, NULL, -1) = ? DETLOG_RECORD={"schema":1,"event":{"kind":"syscall"}}
2026-09-10T03:16:10.386161Z  INFO detcore: DETLOG [syscall][detcore, dtid 3] finish syscall #366: futex(0x1b51910, 265, 9, NULL, NULL, -1) = Ok(0) DETLOG_RECORD={"schema":1,"event":{"kind":"syscall_result","finished_syscall_number":366}}
2026-09-10T03:16:10.386185Z  INFO detcore: DETLOG [syscall][detcore, dtid 3] inbound syscall: futex(0x1b51910, 265, 9, NULL, NULL, -1) = ? DETLOG_RECORD={"schema":1,"event":{"kind":"syscall"}}
2026-09-10T03:16:10.386202Z  INFO detcore: DETLOG [syscall][detcore, dtid 3] finish syscall #367: futex(0x1b51910, 265, 9, NULL, NULL, -1) = Ok(0) DETLOG_RECORD={"schema":1,"event":{"kind":"syscall_result","finished_syscall_number":367}}
2026-09-10T03:16:10.386226Z  INFO detcore: DETLOG [syscall][detcore, dtid 3] inbound syscall: futex(0x1b51910, 265, 9, NULL, NULL, -1) = ? DETLOG_RECORD={"schema":1,"event":{"kind":"syscall"}}
2026-09-10T03:16:10.386244Z  INFO detcore: DETLOG [syscall][detcore, dtid 3] finish syscall #368: futex(0x1b51910, 265, 9, NULL, NULL, -1) = Ok(0) DETLOG_RECORD={"schema":1,"event":{"kind":"syscall_result","finished_syscall_number":368}}
2026-09-10T03:16:10.386268Z  INFO detcore: DETLOG [syscall][detcore, dtid 3] inbound syscall: futex(0x1b51910, 265, 9, NULL, NULL, -1) = ? DETLOG_RECORD={"schema":1,"event":{"kind":"syscall"}}
2026-09-10T03:16:10.386285Z  INFO detcore: DETLOG [syscall][detcore, dtid 3] finish syscall #369: futex(0x1b51910, 265, 9, NULL, NULL, -1) = Ok(0) DETLOG_RECORD={"schema":1,"event":{"kind":"syscall_result","finished_syscall_number":369}}
2026-09-10T03:16:10.386309Z  INFO detcore: DETLOG [syscall][detcore, dtid 3] inbound syscall: futex(0x1b51910, 265, 9, NULL, NULL, -1) = ? DETLOG_RECORD={"schema":1,"event":{"kind":"syscall"}}
2026-09-10T03:16:10.386326Z  INFO detcore: DETLOG [syscall][detcore, dtid 3] finish syscall #370: futex(0x1b51910, 265, 9, NULL, NULL, -1) = Ok(0) DETLOG_RECORD={"schema":1,"event":{"kind":"syscall_result","finished_syscall_number":370}}
2026-09-10T03:16:10.386350Z  INFO detcore: DETLOG [syscall][detcore, dtid 3] inbound syscall: futex(0x1b51910, 265, 9, NULL, NULL, -1) = ? DETLOG_RECORD={"schema":1,"event":{"kind":"syscall"}}
2026-09-10T03:16:10.386367Z  INFO detcore: DETLOG [syscall][detcore, dtid 3] finish syscall #371: futex(0x1b51910, 265, 9, NULL, NULL, -1) = Ok(0) DETLOG_RECORD={"schema":1,"event":{"kind":"syscall_result","finished_syscall_number":371}}
2026-09-10T03:16:10.386392Z  INFO detcore: DETLOG [syscall][detcore, dtid 3] inbound syscall: futex(0x1b51910, 265, 9, NULL, NULL, -1) = ? DETLOG_RECORD={"schema":1,"event":{"kind":"syscall"}}
2026-09-10T03:16:10.386409Z  INFO detcore: DETLOG [syscall][detcore, dtid 3] finish syscall #372: futex(0x1b51910, 265, 9, NULL, NULL, -1) = Ok(0) DETLOG_RECORD={"schema":1,"event":{"kind":"syscall_result","finished_syscall_number":372}}
2026-09-10T03:16:10.386433Z  INFO detcore: DETLOG [syscall][detcore, dtid 3] inbound syscall: futex(0x1b51910, 265, 9, NULL, NULL, -1) = ? DETLOG_RECORD={"schema":1,"event":{"kind":"syscall"}}
2026-09-10T03:16:10.386450Z  INFO detcore: DETLOG [syscall][detcore, dtid 3] finish syscall #373: futex(0x1b51910, 265, 9, NULL, NULL, -1) = Ok(0) DETLOG_RECORD={"schema":1,"event":{"kind":"syscall_result","finished_syscall_number":373}}
2026-09-10T03:16:10.386476Z  INFO detcore: DETLOG [syscall][detcore, dtid 3] inbound syscall: futex(0x1b51910, 265, 9, NULL, NULL, -1) = ? DETLOG_RECORD={"schema":1,"event":{"kind":"syscall"}}
2026-09-10T03:16:10.386493Z  INFO detcore: DETLOG [syscall][detcore, dtid 3] finish syscall #374: futex(0x1b51910, 265, 9, NULL, NULL, -1) = Ok(0) DETLOG_RECORD={"schema":1,"event":{"kind":"syscall_result","finished_syscall_number":374}}
2026-09-10T03:16:10.386517Z  INFO detcore: DETLOG [syscall][detcore, dtid 3] inbound syscall: futex(0x1b51910, 265, 9, NULL, NULL, -1) = ? DETLOG_RECORD={"schema":1,"event":{"kind":"syscall"}}
2026-09-10T03:16:10.386534Z  INFO detcore: DETLOG [syscall][detcore, dtid 3] finish syscall #375: futex(0x1b51910, 265, 9, NULL, NULL, -1) = Ok(0) DETLOG_RECORD={"schema":1,"event":{"kind":"syscall_result","finished_syscall_number":375}}
2026-09-10T03:16:10.386559Z  INFO detcore: DETLOG [syscall][detcore, dtid 3] inbound syscall: futex(0x1b51910, 265, 9, NULL, NULL, -1) = ? DETLOG_RECORD={"schema":1,"event":{"kind":"syscall"}}
2026-09-10T03:16:10.386575Z  INFO detcore: DETLOG [syscall][detcore, dtid 3] finish syscall #376: futex(0x1b51910, 265, 9, NULL, NULL, -1) = Ok(0) DETLOG_RECORD={"schema":1,"event":{"kind":"syscall_result","finished_syscall_number":376}}
2026-09-10T03:16:10.386599Z  INFO detcore: DETLOG [syscall][detcore, dtid 3] inbound syscall: futex(0x1b51910, 265, 9, NULL, NULL, -1) = ? DETLOG_RECORD={"schema":1,"event":{"kind":"syscall"}}
2026-09-10T03:16:10.386616Z  INFO detcore: DETLOG [syscall][detcore, dtid 3] finish syscall #377: futex(0x1b51910, 265, 9, NULL, NULL, -1) = Ok(0) DETLOG_RECORD={"schema":1,"event":{"kind":"syscall_result","finished_syscall_number":377}}
2026-09-10T03:16:10.386641Z  INFO detcore: DETLOG [syscall][detcore, dtid 3] inbound syscall: futex(0x1b51910, 265, 9, NULL, NULL, -1) = ? DETLOG_RECORD={"schema":1,"event":{"kind":"syscall"}}
2026-09-10T03:16:10.386658Z  INFO detcore: DETLOG [syscall][detcore, dtid 3] finish syscall #378: futex(0x1b51910, 265, 9, NULL, NULL, -1) = Ok(0) DETLOG_RECORD={"schema":1,"event":{"kind":"syscall_result","finished_syscall_number":378}}
2026-09-10T03:16:10.386682Z  INFO detcore: DETLOG [syscall][detcore, dtid 3] inbound syscall: futex(0x1b51910, 265, 9, NULL, NULL, -1) = ? DETLOG_RECORD={"schema":1,"event":{"kind":"syscall"}}
2026-09-10T03:16:10.386699Z  INFO detcore: DETLOG [syscall][detcore, dtid 3] finish syscall #379: futex(0x1b51910, 265, 9, NULL, NULL, -1) = Ok(0) DETLOG_RECORD={"schema":1,"event":{"kind":"syscall_result","finished_syscall_number":379}}
2026-09-10T03:16:10.386723Z  INFO detcore: DETLOG [syscall][detcore, dtid 3] inbound syscall: futex(0x1b51910, 265, 9, NULL, NULL, -1) = ? DETLOG_RECORD={"schema":1,"event":{"kind":"syscall"}}
2026-09-10T03:16:10.386740Z  INFO detcore: DETLOG [syscall][detcore, dtid 3] finish syscall #380: futex(0x1b51910, 265, 9, NULL, NULL, -1) = Ok(0) DETLOG_RECORD={"schema":1,"event":{"kind":"syscall_result","finished_syscall_number":380}}
2026-09-10T03:16:10.386764Z  INFO detcore: DETLOG [syscall][detcore, dtid 3] inbound syscall: futex(0x1b51910, 265, 9, NULL, NULL, -1) = ? DETLOG_RECORD={"schema":1,"event":{"kind":"syscall"}}
2026-09-10T03:16:10.386785Z  INFO detcore: DETLOG [syscall][detcore, dtid 3] finish syscall #381: futex(0x1b51910, 265, 9, NULL, NULL, -1) = Ok(0) DETLOG_RECORD={"schema":1,"event":{"kind":"syscall_result","finished_syscall_number":381}}
2026-09-10T03:16:10.386810Z  INFO detcore: DETLOG [syscall][detcore, dtid 3] inbound syscall: futex(0x1b51910, 265, 9, NULL, NULL, -1) = ? DETLOG_RECORD={"schema":1,"event":{"kind":"syscall"}}
2026-09-10T03:16:10.386827Z  INFO detcore: DETLOG [syscall][detcore, dtid 3] finish syscall #382: futex(0x1b51910, 265, 9, NULL, NULL, -1) = Ok(0) DETLOG_RECORD={"schema":1,"event":{"kind":"syscall_result","finished_syscall_number":382}}
2026-09-10T03:16:10.386851Z  INFO detcore: DETLOG [syscall][detcore, dtid 3] inbound syscall: futex(0x1b51910, 265, 9, NULL, NULL, -1) = ? DETLOG_RECORD={"schema":1,"event":{"kind":"syscall"}}
2026-09-10T03:16:10.386869Z  INFO detcore: DETLOG [syscall][detcore, dtid 3] finish syscall #383: futex(0x1b51910, 265, 9, NULL, NULL, -1) = Ok(0) DETLOG_RECORD={"schema":1,"event":{"kind":"syscall_result","finished_syscall_number":383}}
2026-09-10T03:16:10.386894Z  INFO detcore: DETLOG [syscall][detcore, dtid 3] inbound syscall: futex(0x1b51910, 265, 9, NULL, NULL, -1) = ? DETLOG_RECORD={"schema":1,"event":{"kind":"syscall"}}
2026-09-10T03:16:10.386911Z  INFO detcore: DETLOG [syscall][detcore, dtid 3] finish syscall #384: futex(0x1b51910, 265, 9, NULL, NULL, -1) = Ok(0) DETLOG_RECORD={"schema":1,"event":{"kind":"syscall_result","finished_syscall_number":384}}
2026-09-10T03:16:10.386936Z  INFO detcore: DETLOG [syscall][detcore, dtid 3] inbound syscall: futex(0x1b51910, 265, 9, NULL, NULL, -1) = ? DETLOG_RECORD={"schema":1,"event":{"kind":"syscall"}}
2026-09-10T03:16:10.386953Z  INFO detcore: DETLOG [syscall][detcore, dtid 3] finish syscall #385: futex(0x1b51910, 265, 9, NULL, NULL, -1) = Ok(0) DETLOG_RECORD={"schema":1,"event":{"kind":"syscall_result","finished_syscall_number":385}}
2026-09-10T03:16:10.386977Z  INFO detcore: DETLOG [syscall][detcore, dtid 3] inbound syscall: futex(0x1b51910, 265, 9, NULL, NULL, -1) = ? DETLOG_RECORD={"schema":1,"event":{"kind":"syscall"}}
2026-09-10T03:16:10.386994Z  INFO detcore: DETLOG [syscall][detcore, dtid 3] finish syscall #386: futex(0x1b51910, 265, 9, NULL, NULL, -1) = Ok(0) DETLOG_RECORD={"schema":1,"event":{"kind":"syscall_result","finished_syscall_number":386}}
2026-09-10T03:16:10.387018Z  INFO detcore: DETLOG [syscall][detcore, dtid 3] inbound syscall: futex(0x1b51910, 265, 9, NULL, NULL, -1) = ? DETLOG_RECORD={"schema":1,"event":{"kind":"syscall"}}
2026-09-10T03:16:10.387035Z  INFO detcore: DETLOG [syscall][detcore, dtid 3] finish syscall #387: futex(0x1b51910, 265, 9, NULL, NULL, -1) = Ok(0) DETLOG_RECORD={"schema":1,"event":{"kind":"syscall_result","finished_syscall_number":387}}
2026-09-10T03:16:10.387059Z  INFO detcore: DETLOG [syscall][detcore, dtid 3] inbound syscall: futex(0x1b51910, 265, 9, NULL, NULL, -1) = ? DETLOG_RECORD={"schema":1,"event":{"kind":"syscall"}}
2026-09-10T03:16:10.387076Z  INFO detcore: DETLOG [syscall][detcore, dtid 3] finish syscall #388: futex(0x1b51910, 265, 9, NULL, NULL, -1) = Ok(0) DETLOG_RECORD={"schema":1,"event":{"kind":"syscall_result","finished_syscall_number":388}}
2026-09-10T03:16:10.387100Z  INFO detcore: DETLOG [syscall][detcore, dtid 3] inbound syscall: futex(0x1b51910, 265, 9, NULL, NULL, -1) = ? DETLOG_RECORD={"schema":1,"event":{"kind":"syscall"}}
2026-09-10T03:16:10.387117Z  INFO detcore: DETLOG [syscall][detcore, dtid 3] finish syscall #389: futex(0x1b51910, 265, 9, NULL, NULL, -1) = Ok(0) DETLOG_RECORD={"schema":1,"event":{"kind":"syscall_result","finished_syscall_number":389}}
2026-09-10T03:16:10.387141Z  INFO detcore: DETLOG [syscall][detcore, dtid 3] inbound syscall: futex(0x1b51910, 265, 9, NULL, NULL, -1) = ? DETLOG_RECORD={"schema":1,"event":{"kind":"syscall"}}
2026-09-10T03:16:10.387530Z  INFO detcore::syscalls::threads: [detcore, dtid 3] Futex wait running immediately because it will fizzle (0 != 9).
2026-09-10T03:16:10.387544Z  INFO detcore: DETLOG [syscall][detcore, dtid 3] finish syscall #390: futex(0x1b51910, 265, 9, NULL, NULL, -1) = Err(Errno(EAGAIN)) DETLOG_RECORD={"schema":1,"event":{"kind":"syscall_result","finished_syscall_number":390}}
2026-09-10T03:16:10.387573Z  INFO detcore: DETLOG [syscall][detcore, dtid 3] inbound syscall: close(3) = ? DETLOG_RECORD={"schema":1,"event":{"kind":"syscall"}}
2026-09-10T03:16:10.387662Z  INFO detcore: DETLOG [syscall][detcore, dtid 3] finish syscall #391: close(3) = Ok(0) DETLOG_RECORD={"schema":1,"event":{"kind":"syscall_result","finished_syscall_number":391}}
2026-09-10T03:16:10.387684Z  INFO detcore: DETLOG [syscall][detcore, dtid 3] inbound syscall: close(4) = ? DETLOG_RECORD={"schema":1,"event":{"kind":"syscall"}}
2026-09-10T03:16:10.387711Z  INFO detcore: DETLOG [syscall][detcore, dtid 3] finish syscall #392: close(4) = Ok(0) DETLOG_RECORD={"schema":1,"event":{"kind":"syscall_result","finished_syscall_number":392}}
2026-09-10T03:16:10.387738Z  INFO detcore: DETLOG [syscall][detcore, dtid 3] inbound syscall: socketpair(1, 1, 0, 0x3fffeb58) = ? DETLOG_RECORD={"schema":1,"event":{"kind":"syscall"}}
2026-09-10T03:16:10.387804Z  INFO detcore::syscalls::files: Injecting additional fstat to retrieve file metadata on fd 3.
2026-09-10T03:16:10.387837Z  INFO detcore::syscalls::files: Injecting additional fstat to retrieve file metadata on fd 4.
2026-09-10T03:16:10.387857Z  INFO detcore: DETLOG [syscall][detcore, dtid 3] finish syscall #393: socketpair(1, 1, 0, 0x3fffeb58) = Ok(0) DETLOG_RECORD={"schema":1,"event":{"kind":"syscall_result","finished_syscall_number":393}}
2026-09-10T03:16:10.387884Z  INFO detcore: DETLOG [syscall][detcore, dtid 3] inbound syscall: fcntl(4, F_GETFL) = ? DETLOG_RECORD={"schema":1,"event":{"kind":"syscall"}}
2026-09-10T03:16:10.387913Z  INFO detcore: DETLOG [syscall][detcore, dtid 3] finish syscall #394: fcntl(4, F_GETFL) = Ok(2) DETLOG_RECORD={"schema":1,"event":{"kind":"syscall_result","finished_syscall_number":394}}
2026-09-10T03:16:10.387934Z  INFO detcore: DETLOG [syscall][detcore, dtid 3] inbound syscall: fcntl(4, F_SETFL, 2050) = ? DETLOG_RECORD={"schema":1,"event":{"kind":"syscall"}}
2026-09-10T03:16:10.387956Z  INFO detcore: DETLOG [syscall][detcore, dtid 3] finish syscall #395: fcntl(4, F_SETFL, 2050) = Ok(0) DETLOG_RECORD={"schema":1,"event":{"kind":"syscall_result","finished_syscall_number":395}}
2026-09-10T03:16:10.387974Z  INFO detcore: DETLOG [syscall][detcore, dtid 3] inbound syscall: write(4, 0x3fffdae0, 4096) = ? DETLOG_RECORD={"schema":1,"event":{"kind":"syscall"}}
2026-09-10T03:16:10.388044Z  INFO detcore: DETLOG [syscall][detcore, dtid 3] finish syscall #396: write(4, 0x3fffdae0, 4096) = Ok(4096) DETLOG_RECORD={"schema":1,"event":{"kind":"syscall_result","finished_syscall_number":396}}
2026-09-10T03:16:10.388124Z  INFO detcore::io_buffers: DETLOG [iobuf][dtid 3] write out fd=4 0x3fffdae0+4096->1797ecdc67b266d5d8e2cbaccde6ba94832bf9fd692130f814eab087cb45d26f chunks=512:be9da2c7,be9da2c7,be9da2c7,be9da2c7,be9da2c7,be9da2c7,be9da2c7,be9da2c7 DETLOG_RECORD={"schema":1,"event":{"kind":"other"}}
2026-09-10T03:16:10.388150Z  INFO detcore: DETLOG [syscall][detcore, dtid 3] inbound syscall: write(4, 0x3fffdae0, 4096) = ? DETLOG_RECORD={"schema":1,"event":{"kind":"syscall"}}
2026-09-10T03:16:10.388181Z  INFO detcore: DETLOG [syscall][detcore, dtid 3] finish syscall #397: write(4, 0x3fffdae0, 4096) = Ok(4096) DETLOG_RECORD={"schema":1,"event":{"kind":"syscall_result","finished_syscall_number":397}}
2026-09-10T03:16:10.388240Z  INFO detcore::io_buffers: DETLOG [iobuf][dtid 3] write out fd=4 0x3fffdae0+4096->1797ecdc67b266d5d8e2cbaccde6ba94832bf9fd692130f814eab087cb45d26f chunks=512:be9da2c7,be9da2c7,be9da2c7,be9da2c7,be9da2c7,be9da2c7,be9da2c7,be9da2c7 DETLOG_RECORD={"schema":1,"event":{"kind":"other"}}
2026-09-10T03:16:10.388262Z  INFO detcore: DETLOG [syscall][detcore, dtid 3] inbound syscall: write(4, 0x3fffdae0, 4096) = ? DETLOG_RECORD={"schema":1,"event":{"kind":"syscall"}}
2026-09-10T03:16:10.388289Z  INFO detcore: DETLOG [syscall][detcore, dtid 3] finish syscall #398: write(4, 0x3fffdae0, 4096) = Ok(4096) DETLOG_RECORD={"schema":1,"event":{"kind":"syscall_result","finished_syscall_number":398}}
2026-09-10T03:16:10.388347Z  INFO detcore::io_buffers: DETLOG [iobuf][dtid 3] write out fd=4 0x3fffdae0+4096->1797ecdc67b266d5d8e2cbaccde6ba94832bf9fd692130f814eab087cb45d26f chunks=512:be9da2c7,be9da2c7,be9da2c7,be9da2c7,be9da2c7,be9da2c7,be9da2c7,be9da2c7 DETLOG_RECORD={"schema":1,"event":{"kind":"other"}}
2026-09-10T03:16:10.388369Z  INFO detcore: DETLOG [syscall][detcore, dtid 3] inbound syscall: write(4, 0x3fffdae0, 4096) = ? DETLOG_RECORD={"schema":1,"event":{"kind":"syscall"}}
2026-09-10T03:16:10.388395Z  INFO detcore: DETLOG [syscall][detcore, dtid 3] finish syscall #399: write(4, 0x3fffdae0, 4096) = Ok(4096) DETLOG_RECORD={"schema":1,"event":{"kind":"syscall_result","finished_syscall_number":399}}
2026-09-10T03:16:10.388455Z  INFO detcore::io_buffers: DETLOG [iobuf][dtid 3] write out fd=4 0x3fffdae0+4096->1797ecdc67b266d5d8e2cbaccde6ba94832bf9fd692130f814eab087cb45d26f chunks=512:be9da2c7,be9da2c7,be9da2c7,be9da2c7,be9da2c7,be9da2c7,be9da2c7,be9da2c7 DETLOG_RECORD={"schema":1,"event":{"kind":"other"}}
2026-09-10T03:16:10.388479Z  INFO detcore: DETLOG [syscall][detcore, dtid 3] inbound syscall: write(4, 0x3fffdae0, 4096) = ? DETLOG_RECORD={"schema":1,"event":{"kind":"syscall"}}
2026-09-10T03:16:10.388506Z  INFO detcore: DETLOG [syscall][detcore, dtid 3] finish syscall #400: write(4, 0x3fffdae0, 4096) = Ok(4096) DETLOG_RECORD={"schema":1,"event":{"kind":"syscall_result","finished_syscall_number":400}}
2026-09-10T03:16:10.388563Z  INFO detcore::io_buffers: DETLOG [iobuf][dtid 3] write out fd=4 0x3fffdae0+4096->1797ecdc67b266d5d8e2cbaccde6ba94832bf9fd692130f814eab087cb45d26f chunks=512:be9da2c7,be9da2c7,be9da2c7,be9da2c7,be9da2c7,be9da2c7,be9da2c7,be9da2c7 DETLOG_RECORD={"schema":1,"event":{"kind":"other"}}
2026-09-10T03:16:10.388585Z  INFO detcore: DETLOG [syscall][detcore, dtid 3] inbound syscall: write(4, 0x3fffdae0, 4096) = ? DETLOG_RECORD={"schema":1,"event":{"kind":"syscall"}}
2026-09-10T03:16:10.388611Z  INFO detcore: DETLOG [syscall][detcore, dtid 3] finish syscall #401: write(4, 0x3fffdae0, 4096) = Ok(4096) DETLOG_RECORD={"schema":1,"event":{"kind":"syscall_result","finished_syscall_number":401}}
2026-09-10T03:16:10.388668Z  INFO detcore::io_buffers: DETLOG [iobuf][dtid 3] write out fd=4 0x3fffdae0+4096->1797ecdc67b266d5d8e2cbaccde6ba94832bf9fd692130f814eab087cb45d26f chunks=512:be9da2c7,be9da2c7,be9da2c7,be9da2c7,be9da2c7,be9da2c7,be9da2c7,be9da2c7 DETLOG_RECORD={"schema":1,"event":{"kind":"other"}}
2026-09-10T03:16:10.388689Z  INFO detcore: DETLOG [syscall][detcore, dtid 3] inbound syscall: write(4, 0x3fffdae0, 4096) = ? DETLOG_RECORD={"schema":1,"event":{"kind":"syscall"}}
2026-09-10T03:16:10.388714Z  INFO detcore: DETLOG [syscall][detcore, dtid 3] finish syscall #402: write(4, 0x3fffdae0, 4096) = Ok(4096) DETLOG_RECORD={"schema":1,"event":{"kind":"syscall_result","finished_syscall_number":402}}
2026-09-10T03:16:10.388777Z  INFO detcore::io_buffers: DETLOG [iobuf][dtid 3] write out fd=4 0x3fffdae0+4096->1797ecdc67b266d5d8e2cbaccde6ba94832bf9fd692130f814eab087cb45d26f chunks=512:be9da2c7,be9da2c7,be9da2c7,be9da2c7,be9da2c7,be9da2c7,be9da2c7,be9da2c7 DETLOG_RECORD={"schema":1,"event":{"kind":"other"}}
2026-09-10T03:16:10.388798Z  INFO detcore: DETLOG [syscall][detcore, dtid 3] inbound syscall: write(4, 0x3fffdae0, 4096) = ? DETLOG_RECORD={"schema":1,"event":{"kind":"syscall"}}
2026-09-10T03:16:10.388826Z  INFO detcore: DETLOG [syscall][detcore, dtid 3] finish syscall #403: write(4, 0x3fffdae0, 4096) = Ok(4096) DETLOG_RECORD={"schema":1,"event":{"kind":"syscall_result","finished_syscall_number":403}}
2026-09-10T03:16:10.388883Z  INFO detcore::io_buffers: DETLOG [iobuf][dtid 3] write out fd=4 0x3fffdae0+4096->1797ecdc67b266d5d8e2cbaccde6ba94832bf9fd692130f814eab087cb45d26f chunks=512:be9da2c7,be9da2c7,be9da2c7,be9da2c7,be9da2c7,be9da2c7,be9da2c7,be9da2c7 DETLOG_RECORD={"schema":1,"event":{"kind":"other"}}
2026-09-10T03:16:10.388904Z  INFO detcore: DETLOG [syscall][detcore, dtid 3] inbound syscall: write(4, 0x3fffdae0, 4096) = ? DETLOG_RECORD={"schema":1,"event":{"kind":"syscall"}}
2026-09-10T03:16:10.388930Z  INFO detcore: DETLOG [syscall][detcore, dtid 3] finish syscall #404: write(4, 0x3fffdae0, 4096) = Ok(4096) DETLOG_RECORD={"schema":1,"event":{"kind":"syscall_result","finished_syscall_number":404}}
2026-09-10T03:16:10.388987Z  INFO detcore::io_buffers: DETLOG [iobuf][dtid 3] write out fd=4 0x3fffdae0+4096->1797ecdc67b266d5d8e2cbaccde6ba94832bf9fd692130f814eab087cb45d26f chunks=512:be9da2c7,be9da2c7,be9da2c7,be9da2c7,be9da2c7,be9da2c7,be9da2c7,be9da2c7 DETLOG_RECORD={"schema":1,"event":{"kind":"other"}}
2026-09-10T03:16:10.389008Z  INFO detcore: DETLOG [syscall][detcore, dtid 3] inbound syscall: write(4, 0x3fffdae0, 4096) = ? DETLOG_RECORD={"schema":1,"event":{"kind":"syscall"}}
2026-09-10T03:16:10.389036Z  INFO detcore: DETLOG [syscall][detcore, dtid 3] finish syscall #405: write(4, 0x3fffdae0, 4096) = Ok(4096) DETLOG_RECORD={"schema":1,"event":{"kind":"syscall_result","finished_syscall_number":405}}
2026-09-10T03:16:10.389095Z  INFO detcore::io_buffers: DETLOG [iobuf][dtid 3] write out fd=4 0x3fffdae0+4096->1797ecdc67b266d5d8e2cbaccde6ba94832bf9fd692130f814eab087cb45d26f chunks=512:be9da2c7,be9da2c7,be9da2c7,be9da2c7,be9da2c7,be9da2c7,be9da2c7,be9da2c7 DETLOG_RECORD={"schema":1,"event":{"kind":"other"}}
2026-09-10T03:16:10.389116Z  INFO detcore: DETLOG [syscall][detcore, dtid 3] inbound syscall: write(4, 0x3fffdae0, 4096) = ? DETLOG_RECORD={"schema":1,"event":{"kind":"syscall"}}
2026-09-10T03:16:10.389143Z  INFO detcore: DETLOG [syscall][detcore, dtid 3] finish syscall #406: write(4, 0x3fffdae0, 4096) = Ok(4096) DETLOG_RECORD={"schema":1,"event":{"kind":"syscall_result","finished_syscall_number":406}}
2026-09-10T03:16:10.389200Z  INFO detcore::io_buffers: DETLOG [iobuf][dtid 3] write out fd=4 0x3fffdae0+4096->1797ecdc67b266d5d8e2cbaccde6ba94832bf9fd692130f814eab087cb45d26f chunks=512:be9da2c7,be9da2c7,be9da2c7,be9da2c7,be9da2c7,be9da2c7,be9da2c7,be9da2c7 DETLOG_RECORD={"schema":1,"event":{"kind":"other"}}
2026-09-10T03:16:10.389221Z  INFO detcore: DETLOG [syscall][detcore, dtid 3] inbound syscall: write(4, 0x3fffdae0, 4096) = ? DETLOG_RECORD={"schema":1,"event":{"kind":"syscall"}}
2026-09-10T03:16:10.389247Z  INFO detcore: DETLOG [syscall][detcore, dtid 3] finish syscall #407: write(4, 0x3fffdae0, 4096) = Ok(4096) DETLOG_RECORD={"schema":1,"event":{"kind":"syscall_result","finished_syscall_number":407}}
2026-09-10T03:16:10.389304Z  INFO detcore::io_buffers: DETLOG [iobuf][dtid 3] write out fd=4 0x3fffdae0+4096->1797ecdc67b266d5d8e2cbaccde6ba94832bf9fd692130f814eab087cb45d26f chunks=512:be9da2c7,be9da2c7,be9da2c7,be9da2c7,be9da2c7,be9da2c7,be9da2c7,be9da2c7 DETLOG_RECORD={"schema":1,"event":{"kind":"other"}}
2026-09-10T03:16:10.389325Z  INFO detcore: DETLOG [syscall][detcore, dtid 3] inbound syscall: write(4, 0x3fffdae0, 4096) = ? DETLOG_RECORD={"schema":1,"event":{"kind":"syscall"}}
2026-09-10T03:16:10.389351Z  INFO detcore: DETLOG [syscall][detcore, dtid 3] finish syscall #408: write(4, 0x3fffdae0, 4096) = Ok(4096) DETLOG_RECORD={"schema":1,"event":{"kind":"syscall_result","finished_syscall_number":408}}
2026-09-10T03:16:10.389408Z  INFO detcore::io_buffers: DETLOG [iobuf][dtid 3] write out fd=4 0x3fffdae0+4096->1797ecdc67b266d5d8e2cbaccde6ba94832bf9fd692130f814eab087cb45d26f chunks=512:be9da2c7,be9da2c7,be9da2c7,be9da2c7,be9da2c7,be9da2c7,be9da2c7,be9da2c7 DETLOG_RECORD={"schema":1,"event":{"kind":"other"}}
2026-09-10T03:16:10.389429Z  INFO detcore: DETLOG [syscall][detcore, dtid 3] inbound syscall: write(4, 0x3fffdae0, 4096) = ? DETLOG_RECORD={"schema":1,"event":{"kind":"syscall"}}
2026-09-10T03:16:10.389455Z  INFO detcore: DETLOG [syscall][detcore, dtid 3] finish syscall #409: write(4, 0x3fffdae0, 4096) = Ok(4096) DETLOG_RECORD={"schema":1,"event":{"kind":"syscall_result","finished_syscall_number":409}}
2026-09-10T03:16:10.389512Z  INFO detcore::io_buffers: DETLOG [iobuf][dtid 3] write out fd=4 0x3fffdae0+4096->1797ecdc67b266d5d8e2cbaccde6ba94832bf9fd692130f814eab087cb45d26f chunks=512:be9da2c7,be9da2c7,be9da2c7,be9da2c7,be9da2c7,be9da2c7,be9da2c7,be9da2c7 DETLOG_RECORD={"schema":1,"event":{"kind":"other"}}
2026-09-10T03:16:10.389533Z  INFO detcore: DETLOG [syscall][detcore, dtid 3] inbound syscall: write(4, 0x3fffdae0, 4096) = ? DETLOG_RECORD={"schema":1,"event":{"kind":"syscall"}}
2026-09-10T03:16:10.389558Z  INFO detcore: DETLOG [syscall][detcore, dtid 3] finish syscall #410: write(4, 0x3fffdae0, 4096) = Ok(4096) DETLOG_RECORD={"schema":1,"event":{"kind":"syscall_result","finished_syscall_number":410}}
2026-09-10T03:16:10.389615Z  INFO detcore::io_buffers: DETLOG [iobuf][dtid 3] write out fd=4 0x3fffdae0+4096->1797ecdc67b266d5d8e2cbaccde6ba94832bf9fd692130f814eab087cb45d26f chunks=512:be9da2c7,be9da2c7,be9da2c7,be9da2c7,be9da2c7,be9da2c7,be9da2c7,be9da2c7 DETLOG_RECORD={"schema":1,"event":{"kind":"other"}}
2026-09-10T03:16:10.389638Z  INFO detcore: DETLOG [syscall][detcore, dtid 3] inbound syscall: write(4, 0x3fffdae0, 4096) = ? DETLOG_RECORD={"schema":1,"event":{"kind":"syscall"}}
2026-09-10T03:16:10.389665Z  INFO detcore: DETLOG [syscall][detcore, dtid 3] finish syscall #411: write(4, 0x3fffdae0, 4096) = Ok(4096) DETLOG_RECORD={"schema":1,"event":{"kind":"syscall_result","finished_syscall_number":411}}
2026-09-10T03:16:10.389722Z  INFO detcore::io_buffers: DETLOG [iobuf][dtid 3] write out fd=4 0x3fffdae0+4096->1797ecdc67b266d5d8e2cbaccde6ba94832bf9fd692130f814eab087cb45d26f chunks=512:be9da2c7,be9da2c7,be9da2c7,be9da2c7,be9da2c7,be9da2c7,be9da2c7,be9da2c7 DETLOG_RECORD={"schema":1,"event":{"kind":"other"}}
2026-09-10T03:16:10.389743Z  INFO detcore: DETLOG [syscall][detcore, dtid 3] inbound syscall: write(4, 0x3fffdae0, 4096) = ? DETLOG_RECORD={"schema":1,"event":{"kind":"syscall"}}
2026-09-10T03:16:10.389769Z  INFO detcore: DETLOG [syscall][detcore, dtid 3] finish syscall #412: write(4, 0x3fffdae0, 4096) = Ok(4096) DETLOG_RECORD={"schema":1,"event":{"kind":"syscall_result","finished_syscall_number":412}}
2026-09-10T03:16:10.389830Z  INFO detcore::io_buffers: DETLOG [iobuf][dtid 3] write out fd=4 0x3fffdae0+4096->1797ecdc67b266d5d8e2cbaccde6ba94832bf9fd692130f814eab087cb45d26f chunks=512:be9da2c7,be9da2c7,be9da2c7,be9da2c7,be9da2c7,be9da2c7,be9da2c7,be9da2c7 DETLOG_RECORD={"schema":1,"event":{"kind":"other"}}
2026-09-10T03:16:10.389852Z  INFO detcore: DETLOG [syscall][detcore, dtid 3] inbound syscall: write(4, 0x3fffdae0, 4096) = ? DETLOG_RECORD={"schema":1,"event":{"kind":"syscall"}}
2026-09-10T03:16:10.389879Z  INFO detcore: DETLOG [syscall][detcore, dtid 3] finish syscall #413: write(4, 0x3fffdae0, 4096) = Ok(4096) DETLOG_RECORD={"schema":1,"event":{"kind":"syscall_result","finished_syscall_number":413}}
2026-09-10T03:16:10.389935Z  INFO detcore::io_buffers: DETLOG [iobuf][dtid 3] write out fd=4 0x3fffdae0+4096->1797ecdc67b266d5d8e2cbaccde6ba94832bf9fd692130f814eab087cb45d26f chunks=512:be9da2c7,be9da2c7,be9da2c7,be9da2c7,be9da2c7,be9da2c7,be9da2c7,be9da2c7 DETLOG_RECORD={"schema":1,"event":{"kind":"other"}}
2026-09-10T03:16:10.389957Z  INFO detcore: DETLOG [syscall][detcore, dtid 3] inbound syscall: write(4, 0x3fffdae0, 4096) = ? DETLOG_RECORD={"schema":1,"event":{"kind":"syscall"}}
2026-09-10T03:16:10.389983Z  INFO detcore: DETLOG [syscall][detcore, dtid 3] finish syscall #414: write(4, 0x3fffdae0, 4096) = Ok(4096) DETLOG_RECORD={"schema":1,"event":{"kind":"syscall_result","finished_syscall_number":414}}
2026-09-10T03:16:10.390039Z  INFO detcore::io_buffers: DETLOG [iobuf][dtid 3] write out fd=4 0x3fffdae0+4096->1797ecdc67b266d5d8e2cbaccde6ba94832bf9fd692130f814eab087cb45d26f chunks=512:be9da2c7,be9da2c7,be9da2c7,be9da2c7,be9da2c7,be9da2c7,be9da2c7,be9da2c7 DETLOG_RECORD={"schema":1,"event":{"kind":"other"}}
2026-09-10T03:16:10.390061Z  INFO detcore: DETLOG [syscall][detcore, dtid 3] inbound syscall: write(4, 0x3fffdae0, 4096) = ? DETLOG_RECORD={"schema":1,"event":{"kind":"syscall"}}
2026-09-10T03:16:10.390087Z  INFO detcore: DETLOG [syscall][detcore, dtid 3] finish syscall #415: write(4, 0x3fffdae0, 4096) = Ok(4096) DETLOG_RECORD={"schema":1,"event":{"kind":"syscall_result","finished_syscall_number":415}}
2026-09-10T03:16:10.390143Z  INFO detcore::io_buffers: DETLOG [iobuf][dtid 3] write out fd=4 0x3fffdae0+4096->1797ecdc67b266d5d8e2cbaccde6ba94832bf9fd692130f814eab087cb45d26f chunks=512:be9da2c7,be9da2c7,be9da2c7,be9da2c7,be9da2c7,be9da2c7,be9da2c7,be9da2c7 DETLOG_RECORD={"schema":1,"event":{"kind":"other"}}
2026-09-10T03:16:10.390164Z  INFO detcore: DETLOG [syscall][detcore, dtid 3] inbound syscall: write(4, 0x3fffdae0, 4096) = ? DETLOG_RECORD={"schema":1,"event":{"kind":"syscall"}}
2026-09-10T03:16:10.390190Z  INFO detcore: DETLOG [syscall][detcore, dtid 3] finish syscall #416: write(4, 0x3fffdae0, 4096) = Ok(4096) DETLOG_RECORD={"schema":1,"event":{"kind":"syscall_result","finished_syscall_number":416}}
2026-09-10T03:16:10.390247Z  INFO detcore::io_buffers: DETLOG [iobuf][dtid 3] write out fd=4 0x3fffdae0+4096->1797ecdc67b266d5d8e2cbaccde6ba94832bf9fd692130f814eab087cb45d26f chunks=512:be9da2c7,be9da2c7,be9da2c7,be9da2c7,be9da2c7,be9da2c7,be9da2c7,be9da2c7 DETLOG_RECORD={"schema":1,"event":{"kind":"other"}}
2026-09-10T03:16:10.390270Z  INFO detcore: DETLOG [syscall][detcore, dtid 3] inbound syscall: write(4, 0x3fffdae0, 4096) = ? DETLOG_RECORD={"schema":1,"event":{"kind":"syscall"}}
2026-09-10T03:16:10.390302Z  INFO detcore: DETLOG [syscall][detcore, dtid 3] finish syscall #417: write(4, 0x3fffdae0, 4096) = Ok(4096) DETLOG_RECORD={"schema":1,"event":{"kind":"syscall_result","finished_syscall_number":417}}
2026-09-10T03:16:10.390360Z  INFO detcore::io_buffers: DETLOG [iobuf][dtid 3] write out fd=4 0x3fffdae0+4096->1797ecdc67b266d5d8e2cbaccde6ba94832bf9fd692130f814eab087cb45d26f chunks=512:be9da2c7,be9da2c7,be9da2c7,be9da2c7,be9da2c7,be9da2c7,be9da2c7,be9da2c7 DETLOG_RECORD={"schema":1,"event":{"kind":"other"}}
2026-09-10T03:16:10.390381Z  INFO detcore: DETLOG [syscall][detcore, dtid 3] inbound syscall: write(4, 0x3fffdae0, 4096) = ? DETLOG_RECORD={"schema":1,"event":{"kind":"syscall"}}
2026-09-10T03:16:10.390407Z  INFO detcore: DETLOG [syscall][detcore, dtid 3] finish syscall #418: write(4, 0x3fffdae0, 4096) = Ok(4096) DETLOG_RECORD={"schema":1,"event":{"kind":"syscall_result","finished_syscall_number":418}}
2026-09-10T03:16:10.390464Z  INFO detcore::io_buffers: DETLOG [iobuf][dtid 3] write out fd=4 0x3fffdae0+4096->1797ecdc67b266d5d8e2cbaccde6ba94832bf9fd692130f814eab087cb45d26f chunks=512:be9da2c7,be9da2c7,be9da2c7,be9da2c7,be9da2c7,be9da2c7,be9da2c7,be9da2c7 DETLOG_RECORD={"schema":1,"event":{"kind":"other"}}
2026-09-10T03:16:10.390485Z  INFO detcore: DETLOG [syscall][detcore, dtid 3] inbound syscall: write(4, 0x3fffdae0, 4096) = ? DETLOG_RECORD={"schema":1,"event":{"kind":"syscall"}}
2026-09-10T03:16:10.390511Z  INFO detcore: DETLOG [syscall][detcore, dtid 3] finish syscall #419: write(4, 0x3fffdae0, 4096) = Ok(4096) DETLOG_RECORD={"schema":1,"event":{"kind":"syscall_result","finished_syscall_number":419}}
2026-09-10T03:16:10.390567Z  INFO detcore::io_buffers: DETLOG [iobuf][dtid 3] write out fd=4 0x3fffdae0+4096->1797ecdc67b266d5d8e2cbaccde6ba94832bf9fd692130f814eab087cb45d26f chunks=512:be9da2c7,be9da2c7,be9da2c7,be9da2c7,be9da2c7,be9da2c7,be9da2c7,be9da2c7 DETLOG_RECORD={"schema":1,"event":{"kind":"other"}}
2026-09-10T03:16:10.390588Z  INFO detcore: DETLOG [syscall][detcore, dtid 3] inbound syscall: write(4, 0x3fffdae0, 4096) = ? DETLOG_RECORD={"schema":1,"event":{"kind":"syscall"}}
2026-09-10T03:16:10.390614Z  INFO detcore: DETLOG [syscall][detcore, dtid 3] finish syscall #420: write(4, 0x3fffdae0, 4096) = Ok(4096) DETLOG_RECORD={"schema":1,"event":{"kind":"syscall_result","finished_syscall_number":420}}
2026-09-10T03:16:10.390671Z  INFO detcore::io_buffers: DETLOG [iobuf][dtid 3] write out fd=4 0x3fffdae0+4096->1797ecdc67b266d5d8e2cbaccde6ba94832bf9fd692130f814eab087cb45d26f chunks=512:be9da2c7,be9da2c7,be9da2c7,be9da2c7,be9da2c7,be9da2c7,be9da2c7,be9da2c7 DETLOG_RECORD={"schema":1,"event":{"kind":"other"}}
2026-09-10T03:16:10.390692Z  INFO detcore: DETLOG [syscall][detcore, dtid 3] inbound syscall: write(4, 0x3fffdae0, 4096) = ? DETLOG_RECORD={"schema":1,"event":{"kind":"syscall"}}
2026-09-10T03:16:10.390717Z  INFO detcore: DETLOG [syscall][detcore, dtid 3] finish syscall #421: write(4, 0x3fffdae0, 4096) = Ok(4096) DETLOG_RECORD={"schema":1,"event":{"kind":"syscall_result","finished_syscall_number":421}}
2026-09-10T03:16:10.390780Z  INFO detcore::io_buffers: DETLOG [iobuf][dtid 3] write out fd=4 0x3fffdae0+4096->1797ecdc67b266d5d8e2cbaccde6ba94832bf9fd692130f814eab087cb45d26f chunks=512:be9da2c7,be9da2c7,be9da2c7,be9da2c7,be9da2c7,be9da2c7,be9da2c7,be9da2c7 DETLOG_RECORD={"schema":1,"event":{"kind":"other"}}
2026-09-10T03:16:10.390802Z  INFO detcore: DETLOG [syscall][detcore, dtid 3] inbound syscall: write(4, 0x3fffdae0, 4096) = ? DETLOG_RECORD={"schema":1,"event":{"kind":"syscall"}}
2026-09-10T03:16:10.390830Z  INFO detcore: DETLOG [syscall][detcore, dtid 3] finish syscall #422: write(4, 0x3fffdae0, 4096) = Ok(4096) DETLOG_RECORD={"schema":1,"event":{"kind":"syscall_result","finished_syscall_number":422}}
2026-09-10T03:16:10.390889Z  INFO detcore::io_buffers: DETLOG [iobuf][dtid 3] write out fd=4 0x3fffdae0+4096->1797ecdc67b266d5d8e2cbaccde6ba94832bf9fd692130f814eab087cb45d26f chunks=512:be9da2c7,be9da2c7,be9da2c7,be9da2c7,be9da2c7,be9da2c7,be9da2c7,be9da2c7 DETLOG_RECORD={"schema":1,"event":{"kind":"other"}}
2026-09-10T03:16:10.390912Z  INFO detcore: DETLOG [syscall][detcore, dtid 3] inbound syscall: write(4, 0x3fffdae0, 4096) = ? DETLOG_RECORD={"schema":1,"event":{"kind":"syscall"}}
2026-09-10T03:16:10.390939Z  INFO detcore: DETLOG [syscall][detcore, dtid 3] finish syscall #423: write(4, 0x3fffdae0, 4096) = Ok(4096) DETLOG_RECORD={"schema":1,"event":{"kind":"syscall_result","finished_syscall_number":423}}
2026-09-10T03:16:10.390996Z  INFO detcore::io_buffers: DETLOG [iobuf][dtid 3] write out fd=4 0x3fffdae0+4096->1797ecdc67b266d5d8e2cbaccde6ba94832bf9fd692130f814eab087cb45d26f chunks=512:be9da2c7,be9da2c7,be9da2c7,be9da2c7,be9da2c7,be9da2c7,be9da2c7,be9da2c7 DETLOG_RECORD={"schema":1,"event":{"kind":"other"}}
2026-09-10T03:16:10.391017Z  INFO detcore: DETLOG [syscall][detcore, dtid 3] inbound syscall: write(4, 0x3fffdae0, 4096) = ? DETLOG_RECORD={"schema":1,"event":{"kind":"syscall"}}
2026-09-10T03:16:10.391044Z  INFO detcore: DETLOG [syscall][detcore, dtid 3] finish syscall #424: write(4, 0x3fffdae0, 4096) = Ok(4096) DETLOG_RECORD={"schema":1,"event":{"kind":"syscall_result","finished_syscall_number":424}}
2026-09-10T03:16:10.391101Z  INFO detcore::io_buffers: DETLOG [iobuf][dtid 3] write out fd=4 0x3fffdae0+4096->1797ecdc67b266d5d8e2cbaccde6ba94832bf9fd692130f814eab087cb45d26f chunks=512:be9da2c7,be9da2c7,be9da2c7,be9da2c7,be9da2c7,be9da2c7,be9da2c7,be9da2c7 DETLOG_RECORD={"schema":1,"event":{"kind":"other"}}
2026-09-10T03:16:10.391122Z  INFO detcore: DETLOG [syscall][detcore, dtid 3] inbound syscall: write(4, 0x3fffdae0, 4096) = ? DETLOG_RECORD={"schema":1,"event":{"kind":"syscall"}}
2026-09-10T03:16:10.391148Z  INFO detcore: DETLOG [syscall][detcore, dtid 3] finish syscall #425: write(4, 0x3fffdae0, 4096) = Ok(4096) DETLOG_RECORD={"schema":1,"event":{"kind":"syscall_result","finished_syscall_number":425}}
2026-09-10T03:16:10.391205Z  INFO detcore::io_buffers: DETLOG [iobuf][dtid 3] write out fd=4 0x3fffdae0+4096->1797ecdc67b266d5d8e2cbaccde6ba94832bf9fd692130f814eab087cb45d26f chunks=512:be9da2c7,be9da2c7,be9da2c7,be9da2c7,be9da2c7,be9da2c7,be9da2c7,be9da2c7 DETLOG_RECORD={"schema":1,"event":{"kind":"other"}}
2026-09-10T03:16:10.391226Z  INFO detcore: DETLOG [syscall][detcore, dtid 3] inbound syscall: write(4, 0x3fffdae0, 4096) = ? DETLOG_RECORD={"schema":1,"event":{"kind":"syscall"}}
2026-09-10T03:16:10.391252Z  INFO detcore: DETLOG [syscall][detcore, dtid 3] finish syscall #426: write(4, 0x3fffdae0, 4096) = Ok(4096) DETLOG_RECORD={"schema":1,"event":{"kind":"syscall_result","finished_syscall_number":426}}
2026-09-10T03:16:10.391308Z  INFO detcore::io_buffers: DETLOG [iobuf][dtid 3] write out fd=4 0x3fffdae0+4096->1797ecdc67b266d5d8e2cbaccde6ba94832bf9fd692130f814eab087cb45d26f chunks=512:be9da2c7,be9da2c7,be9da2c7,be9da2c7,be9da2c7,be9da2c7,be9da2c7,be9da2c7 DETLOG_RECORD={"schema":1,"event":{"kind":"other"}}
2026-09-10T03:16:10.391329Z  INFO detcore: DETLOG [syscall][detcore, dtid 3] inbound syscall: write(4, 0x3fffdae0, 4096) = ? DETLOG_RECORD={"schema":1,"event":{"kind":"syscall"}}
2026-09-10T03:16:10.391355Z  INFO detcore: DETLOG [syscall][detcore, dtid 3] finish syscall #427: write(4, 0x3fffdae0, 4096) = Ok(4096) DETLOG_RECORD={"schema":1,"event":{"kind":"syscall_result","finished_syscall_number":427}}
2026-09-10T03:16:10.391411Z  INFO detcore::io_buffers: DETLOG [iobuf][dtid 3] write out fd=4 0x3fffdae0+4096->1797ecdc67b266d5d8e2cbaccde6ba94832bf9fd692130f814eab087cb45d26f chunks=512:be9da2c7,be9da2c7,be9da2c7,be9da2c7,be9da2c7,be9da2c7,be9da2c7,be9da2c7 DETLOG_RECORD={"schema":1,"event":{"kind":"other"}}
2026-09-10T03:16:10.391432Z  INFO detcore: DETLOG [syscall][detcore, dtid 3] inbound syscall: write(4, 0x3fffdae0, 4096) = ? DETLOG_RECORD={"schema":1,"event":{"kind":"syscall"}}
2026-09-10T03:16:10.391459Z  INFO detcore: DETLOG [syscall][detcore, dtid 3] finish syscall #428: write(4, 0x3fffdae0, 4096) = Ok(4096) DETLOG_RECORD={"schema":1,"event":{"kind":"syscall_result","finished_syscall_number":428}}
2026-09-10T03:16:10.391517Z  INFO detcore::io_buffers: DETLOG [iobuf][dtid 3] write out fd=4 0x3fffdae0+4096->1797ecdc67b266d5d8e2cbaccde6ba94832bf9fd692130f814eab087cb45d26f chunks=512:be9da2c7,be9da2c7,be9da2c7,be9da2c7,be9da2c7,be9da2c7,be9da2c7,be9da2c7 DETLOG_RECORD={"schema":1,"event":{"kind":"other"}}
2026-09-10T03:16:10.391539Z  INFO detcore: DETLOG [syscall][detcore, dtid 3] inbound syscall: write(4, 0x3fffdae0, 4096) = ? DETLOG_RECORD={"schema":1,"event":{"kind":"syscall"}}
2026-09-10T03:16:10.391565Z  INFO detcore: DETLOG [syscall][detcore, dtid 3] finish syscall #429: write(4, 0x3fffdae0, 4096) = Ok(4096) DETLOG_RECORD={"schema":1,"event":{"kind":"syscall_result","finished_syscall_number":429}}
2026-09-10T03:16:10.391622Z  INFO detcore::io_buffers: DETLOG [iobuf][dtid 3] write out fd=4 0x3fffdae0+4096->1797ecdc67b266d5d8e2cbaccde6ba94832bf9fd692130f814eab087cb45d26f chunks=512:be9da2c7,be9da2c7,be9da2c7,be9da2c7,be9da2c7,be9da2c7,be9da2c7,be9da2c7 DETLOG_RECORD={"schema":1,"event":{"kind":"other"}}
2026-09-10T03:16:10.391643Z  INFO detcore: DETLOG [syscall][detcore, dtid 3] inbound syscall: write(4, 0x3fffdae0, 4096) = ? DETLOG_RECORD={"schema":1,"event":{"kind":"syscall"}}
2026-09-10T03:16:10.391669Z  INFO detcore: DETLOG [syscall][detcore, dtid 3] finish syscall #430: write(4, 0x3fffdae0, 4096) = Ok(4096) DETLOG_RECORD={"schema":1,"event":{"kind":"syscall_result","finished_syscall_number":430}}
2026-09-10T03:16:10.391725Z  INFO detcore::io_buffers: DETLOG [iobuf][dtid 3] write out fd=4 0x3fffdae0+4096->1797ecdc67b266d5d8e2cbaccde6ba94832bf9fd692130f814eab087cb45d26f chunks=512:be9da2c7,be9da2c7,be9da2c7,be9da2c7,be9da2c7,be9da2c7,be9da2c7,be9da2c7 DETLOG_RECORD={"schema":1,"event":{"kind":"other"}}
2026-09-10T03:16:10.391747Z  INFO detcore: DETLOG [syscall][detcore, dtid 3] inbound syscall: write(4, 0x3fffdae0, 4096) = ? DETLOG_RECORD={"schema":1,"event":{"kind":"syscall"}}
2026-09-10T03:16:10.391781Z  INFO detcore: DETLOG [syscall][detcore, dtid 3] finish syscall #431: write(4, 0x3fffdae0, 4096) = Ok(4096) DETLOG_RECORD={"schema":1,"event":{"kind":"syscall_result","finished_syscall_number":431}}
2026-09-10T03:16:10.391839Z  INFO detcore::io_buffers: DETLOG [iobuf][dtid 3] write out fd=4 0x3fffdae0+4096->1797ecdc67b266d5d8e2cbaccde6ba94832bf9fd692130f814eab087cb45d26f chunks=512:be9da2c7,be9da2c7,be9da2c7,be9da2c7,be9da2c7,be9da2c7,be9da2c7,be9da2c7 DETLOG_RECORD={"schema":1,"event":{"kind":"other"}}
2026-09-10T03:16:10.391861Z  INFO detcore: DETLOG [syscall][detcore, dtid 3] inbound syscall: write(4, 0x3fffdae0, 4096) = ? DETLOG_RECORD={"schema":1,"event":{"kind":"syscall"}}
2026-09-10T03:16:10.391888Z  INFO detcore: DETLOG [syscall][detcore, dtid 3] finish syscall #432: write(4, 0x3fffdae0, 4096) = Ok(4096) DETLOG_RECORD={"schema":1,"event":{"kind":"syscall_result","finished_syscall_number":432}}
2026-09-10T03:16:10.391945Z  INFO detcore::io_buffers: DETLOG [iobuf][dtid 3] write out fd=4 0x3fffdae0+4096->1797ecdc67b266d5d8e2cbaccde6ba94832bf9fd692130f814eab087cb45d26f chunks=512:be9da2c7,be9da2c7,be9da2c7,be9da2c7,be9da2c7,be9da2c7,be9da2c7,be9da2c7 DETLOG_RECORD={"schema":1,"event":{"kind":"other"}}
2026-09-10T03:16:10.391966Z  INFO detcore: DETLOG [syscall][detcore, dtid 3] inbound syscall: write(4, 0x3fffdae0, 4096) = ? DETLOG_RECORD={"schema":1,"event":{"kind":"syscall"}}
2026-09-10T03:16:10.391991Z  INFO detcore: DETLOG [syscall][detcore, dtid 3] finish syscall #433: write(4, 0x3fffdae0, 4096) = Ok(4096) DETLOG_RECORD={"schema":1,"event":{"kind":"syscall_result","finished_syscall_number":433}}
2026-09-10T03:16:10.392048Z  INFO detcore::io_buffers: DETLOG [iobuf][dtid 3] write out fd=4 0x3fffdae0+4096->1797ecdc67b266d5d8e2cbaccde6ba94832bf9fd692130f814eab087cb45d26f chunks=512:be9da2c7,be9da2c7,be9da2c7,be9da2c7,be9da2c7,be9da2c7,be9da2c7,be9da2c7 DETLOG_RECORD={"schema":1,"event":{"kind":"other"}}
2026-09-10T03:16:10.392071Z  INFO detcore: DETLOG [syscall][detcore, dtid 3] inbound syscall: write(4, 0x3fffdae0, 4096) = ? DETLOG_RECORD={"schema":1,"event":{"kind":"syscall"}}
2026-09-10T03:16:10.392098Z  INFO detcore: DETLOG [syscall][detcore, dtid 3] finish syscall #434: write(4, 0x3fffdae0, 4096) = Ok(4096) DETLOG_RECORD={"schema":1,"event":{"kind":"syscall_result","finished_syscall_number":434}}
2026-09-10T03:16:10.392155Z  INFO detcore::io_buffers: DETLOG [iobuf][dtid 3] write out fd=4 0x3fffdae0+4096->1797ecdc67b266d5d8e2cbaccde6ba94832bf9fd692130f814eab087cb45d26f chunks=512:be9da2c7,be9da2c7,be9da2c7,be9da2c7,be9da2c7,be9da2c7,be9da2c7,be9da2c7 DETLOG_RECORD={"schema":1,"event":{"kind":"other"}}
2026-09-10T03:16:10.392177Z  INFO detcore: DETLOG [syscall][detcore, dtid 3] inbound syscall: write(4, 0x3fffdae0, 4096) = ? DETLOG_RECORD={"schema":1,"event":{"kind":"syscall"}}
2026-09-10T03:16:10.392203Z  INFO detcore: DETLOG [syscall][detcore, dtid 3] finish syscall #435: write(4, 0x3fffdae0, 4096) = Ok(4096) DETLOG_RECORD={"schema":1,"event":{"kind":"syscall_result","finished_syscall_number":435}}
2026-09-10T03:16:10.392259Z  INFO detcore::io_buffers: DETLOG [iobuf][dtid 3] write out fd=4 0x3fffdae0+4096->1797ecdc67b266d5d8e2cbaccde6ba94832bf9fd692130f814eab087cb45d26f chunks=512:be9da2c7,be9da2c7,be9da2c7,be9da2c7,be9da2c7,be9da2c7,be9da2c7,be9da2c7 DETLOG_RECORD={"schema":1,"event":{"kind":"other"}}
2026-09-10T03:16:10.392281Z  INFO detcore: DETLOG [syscall][detcore, dtid 3] inbound syscall: write(4, 0x3fffdae0, 4096) = ? DETLOG_RECORD={"schema":1,"event":{"kind":"syscall"}}
2026-09-10T03:16:10.392307Z  INFO detcore: DETLOG [syscall][detcore, dtid 3] finish syscall #436: write(4, 0x3fffdae0, 4096) = Ok(4096) DETLOG_RECORD={"schema":1,"event":{"kind":"syscall_result","finished_syscall_number":436}}
2026-09-10T03:16:10.392363Z  INFO detcore::io_buffers: DETLOG [iobuf][dtid 3] write out fd=4 0x3fffdae0+4096->1797ecdc67b266d5d8e2cbaccde6ba94832bf9fd692130f814eab087cb45d26f chunks=512:be9da2c7,be9da2c7,be9da2c7,be9da2c7,be9da2c7,be9da2c7,be9da2c7,be9da2c7 DETLOG_RECORD={"schema":1,"event":{"kind":"other"}}
2026-09-10T03:16:10.392385Z  INFO detcore: DETLOG [syscall][detcore, dtid 3] inbound syscall: write(4, 0x3fffdae0, 4096) = ? DETLOG_RECORD={"schema":1,"event":{"kind":"syscall"}}
2026-09-10T03:16:10.392411Z  INFO detcore: DETLOG [syscall][detcore, dtid 3] finish syscall #437: write(4, 0x3fffdae0, 4096) = Ok(4096) DETLOG_RECORD={"schema":1,"event":{"kind":"syscall_result","finished_syscall_number":437}}
2026-09-10T03:16:10.392467Z  INFO detcore::io_buffers: DETLOG [iobuf][dtid 3] write out fd=4 0x3fffdae0+4096->1797ecdc67b266d5d8e2cbaccde6ba94832bf9fd692130f814eab087cb45d26f chunks=512:be9da2c7,be9da2c7,be9da2c7,be9da2c7,be9da2c7,be9da2c7,be9da2c7,be9da2c7 DETLOG_RECORD={"schema":1,"event":{"kind":"other"}}
2026-09-10T03:16:10.392488Z  INFO detcore: DETLOG [syscall][detcore, dtid 3] inbound syscall: write(4, 0x3fffdae0, 4096) = ? DETLOG_RECORD={"schema":1,"event":{"kind":"syscall"}}
2026-09-10T03:16:10.392514Z  INFO detcore: DETLOG [syscall][detcore, dtid 3] finish syscall #438: write(4, 0x3fffdae0, 4096) = Ok(4096) DETLOG_RECORD={"schema":1,"event":{"kind":"syscall_result","finished_syscall_number":438}}
2026-09-10T03:16:10.392571Z  INFO detcore::io_buffers: DETLOG [iobuf][dtid 3] write out fd=4 0x3fffdae0+4096->1797ecdc67b266d5d8e2cbaccde6ba94832bf9fd692130f814eab087cb45d26f chunks=512:be9da2c7,be9da2c7,be9da2c7,be9da2c7,be9da2c7,be9da2c7,be9da2c7,be9da2c7 DETLOG_RECORD={"schema":1,"event":{"kind":"other"}}
2026-09-10T03:16:10.392592Z  INFO detcore: DETLOG [syscall][detcore, dtid 3] inbound syscall: write(4, 0x3fffdae0, 4096) = ? DETLOG_RECORD={"schema":1,"event":{"kind":"syscall"}}
2026-09-10T03:16:10.392617Z  INFO detcore: DETLOG [syscall][detcore, dtid 3] finish syscall #439: write(4, 0x3fffdae0, 4096) = Ok(4096) DETLOG_RECORD={"schema":1,"event":{"kind":"syscall_result","finished_syscall_number":439}}
2026-09-10T03:16:10.392675Z  INFO detcore::io_buffers: DETLOG [iobuf][dtid 3] write out fd=4 0x3fffdae0+4096->1797ecdc67b266d5d8e2cbaccde6ba94832bf9fd692130f814eab087cb45d26f chunks=512:be9da2c7,be9da2c7,be9da2c7,be9da2c7,be9da2c7,be9da2c7,be9da2c7,be9da2c7 DETLOG_RECORD={"schema":1,"event":{"kind":"other"}}
2026-09-10T03:16:10.392698Z  INFO detcore: DETLOG [syscall][detcore, dtid 3] inbound syscall: write(4, 0x3fffdae0, 4096) = ? DETLOG_RECORD={"schema":1,"event":{"kind":"syscall"}}
2026-09-10T03:16:10.392732Z  INFO detcore: DETLOG [syscall][detcore, dtid 3] finish syscall #440: write(4, 0x3fffdae0, 4096) = Err(Errno(EAGAIN)) DETLOG_RECORD={"schema":1,"event":{"kind":"syscall_result","finished_syscall_number":440}}
2026-09-10T03:16:10.392754Z  INFO detcore: DETLOG [syscall][detcore, dtid 3] inbound syscall: fcntl(4, F_SETFL, 2) = ? DETLOG_RECORD={"schema":1,"event":{"kind":"syscall"}}
2026-09-10T03:16:10.392784Z  INFO detcore: DETLOG [syscall][detcore, dtid 3] finish syscall #441: fcntl(4, F_SETFL, 2) = Ok(0) DETLOG_RECORD={"schema":1,"event":{"kind":"syscall_result","finished_syscall_number":441}}
2026-09-10T03:16:10.392806Z  INFO detcore: DETLOG [syscall][detcore, dtid 3] inbound syscall: rt_sigprocmask(0, 0x12f7820, 0x3fffea30, 8) = ? DETLOG_RECORD={"schema":1,"event":{"kind":"syscall"}}
2026-09-10T03:16:10.392838Z  INFO detcore: DETLOG [syscall][detcore, dtid 3] finish syscall #442: rt_sigprocmask(0, 0x12f7820, 0x3fffea30, 8) = Ok(0) DETLOG_RECORD={"schema":1,"event":{"kind":"syscall_result","finished_syscall_number":442}}
2026-09-10T03:16:10.392875Z  INFO detcore: DETLOG [syscall][detcore, dtid 3] inbound syscall: clone3(0x3fffe8f0, 88) = ? DETLOG_RECORD={"schema":1,"event":{"kind":"syscall"}}
2026-09-10T03:16:10.393415Z  INFO detcore::tool_local: DETLOG RNG USER RAND seeding child User pedigree PPPPPPC: [34, 153, 115, 135, 245, 104, 246, 227, 104, 7, 98, 33, 63, 147, 236, 253] from parent Mcg128Xsl64 {} DETLOG_RECORD={"schema":1,"event":{"kind":"other"}}
2026-09-10T03:16:10.393452Z  INFO detcore::tool_local: DETLOG RNG CHAOSRAND seeding child Chaos pedigree PPPPPPC: [170, 11, 241, 102, 226, 17, 65, 20, 25, 219, 207, 238, 0, 191, 158, 169] from parent Mcg128Xsl64 {} DETLOG_RECORD={"schema":1,"event":{"kind":"other"}}
2026-09-10T03:16:10.393756Z  INFO detcore::scheduler: [sched-step5] >>>>>>>

 COMMIT turn 517, dettid 10 using resources {MemAddrSpace(DetPid(3)): RW}, on previously committed 1_767_225_600.157_499_500s DETLOG_RECORD={"schema":1,"event":{"kind":"scheduler_commit","scheduler_turn":517,"virtual_nanoseconds":1767225600157499500,"internal_io_poll":false,"runtime_maps_read":false}}
2026-09-10T03:16:10.393811Z  INFO detcore::tool_global: [detcore, dtid 10] New thread given go-ahead to proceed via <ivar Go(None)>
2026-09-10T03:16:10.393972Z  INFO detcore: DETLOG [syscall][detcore, dtid 10] inbound syscall: set_robust_list(0x1b51920, 24) = ? DETLOG_RECORD={"schema":1,"event":{"kind":"syscall"}}
2026-09-10T03:16:10.394033Z  INFO detcore: DETLOG [syscall][detcore, dtid 10] finish syscall #1: set_robust_list(0x1b51920, 24) = Ok(0) DETLOG_RECORD={"schema":1,"event":{"kind":"syscall_result","finished_syscall_number":1}}
2026-09-10T03:16:10.394064Z  INFO detcore: DETLOG [syscall][detcore, dtid 10] inbound syscall: rt_sigprocmask(2, 0x1b51f30, NULL, 8) = ? DETLOG_RECORD={"schema":1,"event":{"kind":"syscall"}}
2026-09-10T03:16:10.394099Z  INFO detcore: DETLOG [syscall][detcore, dtid 10] finish syscall #2: rt_sigprocmask(2, 0x1b51f30, NULL, 8) = Ok(0) DETLOG_RECORD={"schema":1,"event":{"kind":"syscall_result","finished_syscall_number":2}}
2026-09-10T03:16:10.394132Z  INFO detcore: DETLOG [syscall][detcore, dtid 10] inbound syscall: clock_nanosleep(CLOCK_REALTIME, 0, 0x1b50e30, 0x1b50e30) = ? DETLOG_RECORD={"schema":1,"event":{"kind":"syscall"}}
2026-09-10T03:16:10.394208Z  INFO detcore::scheduler: [sched-step5] >>>>>>>

 COMMIT turn 518, dettid 3 using resources {ParentContinue { parent: DetPid(3), child: DetPid(10) }: W}, on previously committed 1_767_225_600.162_911_250s DETLOG_RECORD={"schema":1,"event":{"kind":"scheduler_commit","scheduler_turn":518,"virtual_nanoseconds":1767225600162911250,"internal_io_poll":false,"runtime_maps_read":false}}
2026-09-10T03:16:10.394276Z  INFO detcore: DETLOG [syscall][detcore, dtid 3] finish syscall #443: clone3(0x3fffe8f0, 88) = Ok(10) DETLOG_RECORD={"schema":1,"event":{"kind":"syscall_result","finished_syscall_number":443}}
2026-09-10T03:16:10.394318Z  INFO detcore: DETLOG [syscall][detcore, dtid 3] inbound syscall: rt_sigprocmask(2, 0x3fffea30, NULL, 8) = ? DETLOG_RECORD={"schema":1,"event":{"kind":"syscall"}}
2026-09-10T03:16:10.394352Z  INFO detcore: DETLOG [syscall][detcore, dtid 3] finish syscall #444: rt_sigprocmask(2, 0x3fffea30, NULL, 8) = Ok(0) DETLOG_RECORD={"schema":1,"event":{"kind":"syscall_result","finished_syscall_number":444}}
2026-09-10T03:16:10.394373Z  INFO detcore: DETLOG [syscall][detcore, dtid 3] inbound syscall: writev(4, 0x3fffeb60, 2) = ? DETLOG_RECORD={"schema":1,"event":{"kind":"syscall"}}
2026-09-10T03:16:10.394504Z  INFO detcore::scheduler: [scheduler] >>>>>>>

 NONCOMMIT turn 519, SKIP dettid 10 which wanted resource SleepUntil(LogicalTime(1767225600182411250)) (blocking)
2026-09-10T03:16:10.394542Z  INFO detcore::scheduler: [scheduler] >>>>>>>

 NONCOMMIT turn 520, SKIP dettid 3 polling resource Resources { tid: DetPid(3), resources: {InternalIOPolling: W}, poll_attempt: 1, fyi: "writev", signal_interrupt_errno: 512 }
2026-09-10T03:16:10.394576Z  INFO detcore::scheduler: [sched-step5] >>>>>>>

 COMMIT turn 521, dettid 3 using resources {InternalIOPolling: W}, on previously committed 1_767_225_600.163_411_750s DETLOG_RECORD={"schema":1,"event":{"kind":"scheduler_commit","scheduler_turn":521,"virtual_nanoseconds":1767225600163411750,"internal_io_poll":true,"runtime_maps_read":false}}
2026-09-10T03:16:10.394693Z  INFO detcore::scheduler: [scheduler] >>>>>>>

 NONCOMMIT turn 522, SKIP dettid 3 polling resource Resources { tid: DetPid(3), resources: {InternalIOPolling: W}, poll_attempt: 2, fyi: "writev", signal_interrupt_errno: 512 }
2026-09-10T03:16:10.394726Z  INFO detcore::scheduler: [sched-step5] >>>>>>>

 COMMIT turn 523, dettid 3 using resources {InternalIOPolling: W}, on previously committed 1_767_225_600.163_911_750s DETLOG_RECORD={"schema":1,"event":{"kind":"scheduler_commit","scheduler_turn":523,"virtual_nanoseconds":1767225600163911750,"internal_io_poll":true,"runtime_maps_read":false}}
2026-09-10T03:16:10.394806Z  INFO detcore::scheduler: [scheduler] >>>>>>>

 NONCOMMIT turn 524, SKIP dettid 3 polling resource Resources { tid: DetPid(3), resources: {InternalIOPolling: W}, poll_attempt: 3, fyi: "writev", signal_interrupt_errno: 512 }
2026-09-10T03:16:10.394837Z  INFO detcore::scheduler: [sched-step5] >>>>>>>

 COMMIT turn 525, dettid 3 using resources {InternalIOPolling: W}, on previously committed 1_767_225_600.164_411_750s DETLOG_RECORD={"schema":1,"event":{"kind":"scheduler_commit","scheduler_turn":525,"virtual_nanoseconds":1767225600164411750,"internal_io_poll":true,"runtime_maps_read":false}}
2026-09-10T03:16:10.394906Z  INFO detcore::scheduler: [scheduler] >>>>>>>

 NONCOMMIT turn 526, SKIP dettid 3 polling resource Resources { tid: DetPid(3), resources: {InternalIOPolling: W}, poll_attempt: 4, fyi: "writev", signal_interrupt_errno: 512 }
2026-09-10T03:16:10.394934Z  INFO detcore::scheduler: [sched-step5] >>>>>>>

 COMMIT turn 527, dettid 3 using resources {InternalIOPolling: W}, on previously committed 1_767_225_600.164_911_750s DETLOG_RECORD={"schema":1,"event":{"kind":"scheduler_commit","scheduler_turn":527,"virtual_nanoseconds":1767225600164911750,"internal_io_poll":true,"runtime_maps_read":false}}
2026-09-10T03:16:10.394999Z  INFO detcore::scheduler: [scheduler] >>>>>>>

 NONCOMMIT turn 528, SKIP dettid 3 polling resource Resources { tid: DetPid(3), resources: {InternalIOPolling: W}, poll_attempt: 5, fyi: "writev", signal_interrupt_errno: 512 }
2026-09-10T03:16:10.395027Z  INFO detcore::scheduler: [sched-step5] >>>>>>>

 COMMIT turn 529, dettid 3 using resources {InternalIOPolling: W}, on previously committed 1_767_225_600.165_411_750s DETLOG_RECORD={"schema":1,"event":{"kind":"scheduler_commit","scheduler_turn":529,"virtual_nanoseconds":1767225600165411750,"internal_io_poll":true,"runtime_maps_read":false}}
2026-09-10T03:16:10.395098Z  INFO detcore::scheduler: [scheduler] >>>>>>>

 NONCOMMIT turn 530, SKIP dettid 3 polling resource Resources { tid: DetPid(3), resources: {InternalIOPolling: W}, poll_attempt: 6, fyi: "writev", signal_interrupt_errno: 512 }
2026-09-10T03:16:10.395131Z  INFO detcore::scheduler: [sched-step5] >>>>>>>

 COMMIT turn 531, dettid 3 using resources {InternalIOPolling: W}, on previously committed 1_767_225_600.165_911_750s DETLOG_RECORD={"schema":1,"event":{"kind":"scheduler_commit","scheduler_turn":531,"virtual_nanoseconds":1767225600165911750,"internal_io_poll":true,"runtime_maps_read":false}}
2026-09-10T03:16:10.395199Z  INFO detcore::scheduler: [scheduler] >>>>>>>

 NONCOMMIT turn 532, SKIP dettid 3 polling resource Resources { tid: DetPid(3), resources: {InternalIOPolling: W}, poll_attempt: 7, fyi: "writev", signal_interrupt_errno: 512 }
2026-09-10T03:16:10.395227Z  INFO detcore::scheduler: [sched-step5] >>>>>>>

 COMMIT turn 533, dettid 3 using resources {InternalIOPolling: W}, on previously committed 1_767_225_600.166_411_750s DETLOG_RECORD={"schema":1,"event":{"kind":"scheduler_commit","scheduler_turn":533,"virtual_nanoseconds":1767225600166411750,"internal_io_poll":true,"runtime_maps_read":false}}
2026-09-10T03:16:10.395293Z  INFO detcore::scheduler: [scheduler] >>>>>>>

 NONCOMMIT turn 534, SKIP dettid 3 polling resource Resources { tid: DetPid(3), resources: {InternalIOPolling: W}, poll_attempt: 8, fyi: "writev", signal_interrupt_errno: 512 }
2026-09-10T03:16:10.395321Z  INFO detcore::scheduler: [sched-step5] >>>>>>>

 COMMIT turn 535, dettid 3 using resources {InternalIOPolling: W}, on previously committed 1_767_225_600.166_911_750s DETLOG_RECORD={"schema":1,"event":{"kind":"scheduler_commit","scheduler_turn":535,"virtual_nanoseconds":1767225600166911750,"internal_io_poll":true,"runtime_maps_read":false}}
2026-09-10T03:16:10.395391Z  INFO detcore::scheduler: [scheduler] >>>>>>>

 NONCOMMIT turn 536, SKIP dettid 3 polling resource Resources { tid: DetPid(3), resources: {InternalIOPolling: W}, poll_attempt: 9, fyi: "writev", signal_interrupt_errno: 512 }
2026-09-10T03:16:10.395420Z  INFO detcore::scheduler: [sched-step5] >>>>>>>

 COMMIT turn 537, dettid 3 using resources {InternalIOPolling: W}, on previously committed 1_767_225_600.167_411_750s DETLOG_RECORD={"schema":1,"event":{"kind":"scheduler_commit","scheduler_turn":537,"virtual_nanoseconds":1767225600167411750,"internal_io_poll":true,"runtime_maps_read":false}}
2026-09-10T03:16:10.395484Z  INFO detcore::scheduler: [scheduler] >>>>>>>

 NONCOMMIT turn 538, SKIP dettid 3 polling resource Resources { tid: DetPid(3), resources: {InternalIOPolling: W}, poll_attempt: 10, fyi: "writev", signal_interrupt_errno: 512 }
2026-09-10T03:16:10.395512Z  INFO detcore::scheduler: [sched-step5] >>>>>>>

 COMMIT turn 539, dettid 3 using resources {InternalIOPolling: W}, on previously committed 1_767_225_600.167_911_750s DETLOG_RECORD={"schema":1,"event":{"kind":"scheduler_commit","scheduler_turn":539,"virtual_nanoseconds":1767225600167911750,"internal_io_poll":true,"runtime_maps_read":false}}
2026-09-10T03:16:10.395576Z  INFO detcore::scheduler: [scheduler] >>>>>>>

 NONCOMMIT turn 540, SKIP dettid 3 polling resource Resources { tid: DetPid(3), resources: {InternalIOPolling: W}, poll_attempt: 11, fyi: "writev", signal_interrupt_errno: 512 }
2026-09-10T03:16:10.395603Z  INFO detcore::scheduler: [sched-step5] >>>>>>>

 COMMIT turn 541, dettid 3 using resources {InternalIOPolling: W}, on previously committed 1_767_225_600.168_411_750s DETLOG_RECORD={"schema":1,"event":{"kind":"scheduler_commit","scheduler_turn":541,"virtual_nanoseconds":1767225600168411750,"internal_io_poll":true,"runtime_maps_read":false}}
2026-09-10T03:16:10.395668Z  INFO detcore::scheduler: [scheduler] >>>>>>>

 NONCOMMIT turn 542, SKIP dettid 3 polling resource Resources { tid: DetPid(3), resources: {InternalIOPolling: W}, poll_attempt: 12, fyi: "writev", signal_interrupt_errno: 512 }
2026-09-10T03:16:10.395700Z  INFO detcore::scheduler: [sched-step5] >>>>>>>

 COMMIT turn 543, dettid 3 using resources {InternalIOPolling: W}, on previously committed 1_767_225_600.168_911_750s DETLOG_RECORD={"schema":1,"event":{"kind":"scheduler_commit","scheduler_turn":543,"virtual_nanoseconds":1767225600168911750,"internal_io_poll":true,"runtime_maps_read":false}}
2026-09-10T03:16:10.395769Z  INFO detcore::scheduler: [scheduler] >>>>>>>

 NONCOMMIT turn 544, SKIP dettid 3 polling resource Resources { tid: DetPid(3), resources: {InternalIOPolling: W}, poll_attempt: 13, fyi: "writev", signal_interrupt_errno: 512 }
2026-09-10T03:16:10.395804Z  INFO detcore::scheduler: [sched-step5] >>>>>>>

 COMMIT turn 545, dettid 3 using resources {InternalIOPolling: W}, on previously committed 1_767_225_600.169_411_750s DETLOG_RECORD={"schema":1,"event":{"kind":"scheduler_commit","scheduler_turn":545,"virtual_nanoseconds":1767225600169411750,"internal_io_poll":true,"runtime_maps_read":false}}
2026-09-10T03:16:10.395871Z  INFO detcore::scheduler: [scheduler] >>>>>>>

 NONCOMMIT turn 546, SKIP dettid 3 polling resource Resources { tid: DetPid(3), resources: {InternalIOPolling: W}, poll_attempt: 14, fyi: "writev", signal_interrupt_errno: 512 }
2026-09-10T03:16:10.395899Z  INFO detcore::scheduler: [sched-step5] >>>>>>>

 COMMIT turn 547, dettid 3 using resources {InternalIOPolling: W}, on previously committed 1_767_225_600.169_911_750s DETLOG_RECORD={"schema":1,"event":{"kind":"scheduler_commit","scheduler_turn":547,"virtual_nanoseconds":1767225600169911750,"internal_io_poll":true,"runtime_maps_read":false}}
2026-09-10T03:16:10.395964Z  INFO detcore::scheduler: [scheduler] >>>>>>>

 NONCOMMIT turn 548, SKIP dettid 3 polling resource Resources { tid: DetPid(3), resources: {InternalIOPolling: W}, poll_attempt: 15, fyi: "writev", signal_interrupt_errno: 512 }
2026-09-10T03:16:10.395991Z  INFO detcore::scheduler: [sched-step5] >>>>>>>

 COMMIT turn 549, dettid 3 using resources {InternalIOPolling: W}, on previously committed 1_767_225_600.170_411_750s DETLOG_RECORD={"schema":1,"event":{"kind":"scheduler_commit","scheduler_turn":549,"virtual_nanoseconds":1767225600170411750,"internal_io_poll":true,"runtime_maps_read":false}}
2026-09-10T03:16:10.396054Z  INFO detcore::scheduler: [scheduler] >>>>>>>

 NONCOMMIT turn 550, SKIP dettid 3 polling resource Resources { tid: DetPid(3), resources: {InternalIOPolling: W}, poll_attempt: 16, fyi: "writev", signal_interrupt_errno: 512 }
2026-09-10T03:16:10.396082Z  INFO detcore::scheduler: [sched-step5] >>>>>>>

 COMMIT turn 551, dettid 3 using resources {InternalIOPolling: W}, on previously committed 1_767_225_600.170_911_750s DETLOG_RECORD={"schema":1,"event":{"kind":"scheduler_commit","scheduler_turn":551,"virtual_nanoseconds":1767225600170911750,"internal_io_poll":true,"runtime_maps_read":false}}
2026-09-10T03:16:10.396146Z  INFO detcore::scheduler: [scheduler] >>>>>>>

 NONCOMMIT turn 552, SKIP dettid 3 polling resource Resources { tid: DetPid(3), resources: {InternalIOPolling: W}, poll_attempt: 17, fyi: "writev", signal_interrupt_errno: 512 }
2026-09-10T03:16:10.396175Z  INFO detcore::scheduler: [sched-step5] >>>>>>>

 COMMIT turn 553, dettid 3 using resources {InternalIOPolling: W}, on previously committed 1_767_225_600.171_411_750s DETLOG_RECORD={"schema":1,"event":{"kind":"scheduler_commit","scheduler_turn":553,"virtual_nanoseconds":1767225600171411750,"internal_io_poll":true,"runtime_maps_read":false}}
2026-09-10T03:16:10.396240Z  INFO detcore::scheduler: [scheduler] >>>>>>>

 NONCOMMIT turn 554, SKIP dettid 3 polling resource Resources { tid: DetPid(3), resources: {InternalIOPolling: W}, poll_attempt: 18, fyi: "writev", signal_interrupt_errno: 512 }
2026-09-10T03:16:10.396268Z  INFO detcore::scheduler: [sched-step5] >>>>>>>

 COMMIT turn 555, dettid 3 using resources {InternalIOPolling: W}, on previously committed 1_767_225_600.171_911_750s DETLOG_RECORD={"schema":1,"event":{"kind":"scheduler_commit","scheduler_turn":555,"virtual_nanoseconds":1767225600171911750,"internal_io_poll":true,"runtime_maps_read":false}}
2026-09-10T03:16:10.396336Z  INFO detcore::scheduler: [scheduler] >>>>>>>

 NONCOMMIT turn 556, SKIP dettid 3 polling resource Resources { tid: DetPid(3), resources: {InternalIOPolling: W}, poll_attempt: 19, fyi: "writev", signal_interrupt_errno: 512 }
2026-09-10T03:16:10.396366Z  INFO detcore::scheduler: [sched-step5] >>>>>>>

 COMMIT turn 557, dettid 3 using resources {InternalIOPolling: W}, on previously committed 1_767_225_600.172_411_750s DETLOG_RECORD={"schema":1,"event":{"kind":"scheduler_commit","scheduler_turn":557,"virtual_nanoseconds":1767225600172411750,"internal_io_poll":true,"runtime_maps_read":false}}
2026-09-10T03:16:10.396430Z  INFO detcore::scheduler: [scheduler] >>>>>>>

 NONCOMMIT turn 558, SKIP dettid 3 polling resource Resources { tid: DetPid(3), resources: {InternalIOPolling: W}, poll_attempt: 20, fyi: "writev", signal_interrupt_errno: 512 }
2026-09-10T03:16:10.396458Z  INFO detcore::scheduler: [sched-step5] >>>>>>>

 COMMIT turn 559, dettid 3 using resources {InternalIOPolling: W}, on previously committed 1_767_225_600.172_911_750s DETLOG_RECORD={"schema":1,"event":{"kind":"scheduler_commit","scheduler_turn":559,"virtual_nanoseconds":1767225600172911750,"internal_io_poll":true,"runtime_maps_read":false}}
2026-09-10T03:16:10.396521Z  INFO detcore::scheduler: [scheduler] >>>>>>>

 NONCOMMIT turn 560, SKIP dettid 3 polling resource Resources { tid: DetPid(3), resources: {InternalIOPolling: W}, poll_attempt: 21, fyi: "writev", signal_interrupt_errno: 512 }
2026-09-10T03:16:10.396549Z  INFO detcore::scheduler: [sched-step5] >>>>>>>

 COMMIT turn 561, dettid 3 using resources {InternalIOPolling: W}, on previously committed 1_767_225_600.173_411_750s DETLOG_RECORD={"schema":1,"event":{"kind":"scheduler_commit","scheduler_turn":561,"virtual_nanoseconds":1767225600173411750,"internal_io_poll":true,"runtime_maps_read":false}}
2026-09-10T03:16:10.396621Z  INFO detcore::scheduler: [scheduler] >>>>>>>

 NONCOMMIT turn 562, SKIP dettid 3 polling resource Resources { tid: DetPid(3), resources: {InternalIOPolling: W}, poll_attempt: 22, fyi: "writev", signal_interrupt_errno: 512 }
2026-09-10T03:16:10.396650Z  INFO detcore::scheduler: [sched-step5] >>>>>>>

 COMMIT turn 563, dettid 3 using resources {InternalIOPolling: W}, on previously committed 1_767_225_600.173_911_750s DETLOG_RECORD={"schema":1,"event":{"kind":"scheduler_commit","scheduler_turn":563,"virtual_nanoseconds":1767225600173911750,"internal_io_poll":true,"runtime_maps_read":false}}
2026-09-10T03:16:10.396720Z  INFO detcore::scheduler: [scheduler] >>>>>>>

 NONCOMMIT turn 564, SKIP dettid 3 polling resource Resources { tid: DetPid(3), resources: {InternalIOPolling: W}, poll_attempt: 23, fyi: "writev", signal_interrupt_errno: 512 }
2026-09-10T03:16:10.396748Z  INFO detcore::scheduler: [sched-step5] >>>>>>>

 COMMIT turn 565, dettid 3 using resources {InternalIOPolling: W}, on previously committed 1_767_225_600.174_411_750s DETLOG_RECORD={"schema":1,"event":{"kind":"scheduler_commit","scheduler_turn":565,"virtual_nanoseconds":1767225600174411750,"internal_io_poll":true,"runtime_maps_read":false}}
2026-09-10T03:16:10.396819Z  INFO detcore::scheduler: [scheduler] >>>>>>>

 NONCOMMIT turn 566, SKIP dettid 3 polling resource Resources { tid: DetPid(3), resources: {InternalIOPolling: W}, poll_attempt: 24, fyi: "writev", signal_interrupt_errno: 512 }
2026-09-10T03:16:10.396847Z  INFO detcore::scheduler: [sched-step5] >>>>>>>

 COMMIT turn 567, dettid 3 using resources {InternalIOPolling: W}, on previously committed 1_767_225_600.174_911_750s DETLOG_RECORD={"schema":1,"event":{"kind":"scheduler_commit","scheduler_turn":567,"virtual_nanoseconds":1767225600174911750,"internal_io_poll":true,"runtime_maps_read":false}}
2026-09-10T03:16:10.396911Z  INFO detcore::scheduler: [scheduler] >>>>>>>

 NONCOMMIT turn 568, SKIP dettid 3 polling resource Resources { tid: DetPid(3), resources: {InternalIOPolling: W}, poll_attempt: 25, fyi: "writev", signal_interrupt_errno: 512 }
2026-09-10T03:16:10.396941Z  INFO detcore::scheduler: [sched-step5] >>>>>>>

 COMMIT turn 569, dettid 3 using resources {InternalIOPolling: W}, on previously committed 1_767_225_600.175_411_750s DETLOG_RECORD={"schema":1,"event":{"kind":"scheduler_commit","scheduler_turn":569,"virtual_nanoseconds":1767225600175411750,"internal_io_poll":true,"runtime_maps_read":false}}
2026-09-10T03:16:10.397008Z  INFO detcore::scheduler: [scheduler] >>>>>>>

 NONCOMMIT turn 570, SKIP dettid 3 polling resource Resources { tid: DetPid(3), resources: {InternalIOPolling: W}, poll_attempt: 26, fyi: "writev", signal_interrupt_errno: 512 }
2026-09-10T03:16:10.397037Z  INFO detcore::scheduler: [sched-step5] >>>>>>>

 COMMIT turn 571, dettid 3 using resources {InternalIOPolling: W}, on previously committed 1_767_225_600.175_911_750s DETLOG_RECORD={"schema":1,"event":{"kind":"scheduler_commit","scheduler_turn":571,"virtual_nanoseconds":1767225600175911750,"internal_io_poll":true,"runtime_maps_read":false}}
2026-09-10T03:16:10.397107Z  INFO detcore::scheduler: [scheduler] >>>>>>>

 NONCOMMIT turn 572, SKIP dettid 3 polling resource Resources { tid: DetPid(3), resources: {InternalIOPolling: W}, poll_attempt: 27, fyi: "writev", signal_interrupt_errno: 512 }
2026-09-10T03:16:10.397135Z  INFO detcore::scheduler: [sched-step5] >>>>>>>

 COMMIT turn 573, dettid 3 using resources {InternalIOPolling: W}, on previously committed 1_767_225_600.176_411_750s DETLOG_RECORD={"schema":1,"event":{"kind":"scheduler_commit","scheduler_turn":573,"virtual_nanoseconds":1767225600176411750,"internal_io_poll":true,"runtime_maps_read":false}}
2026-09-10T03:16:10.397199Z  INFO detcore::scheduler: [scheduler] >>>>>>>

 NONCOMMIT turn 574, SKIP dettid 3 polling resource Resources { tid: DetPid(3), resources: {InternalIOPolling: W}, poll_attempt: 28, fyi: "writev", signal_interrupt_errno: 512 }
2026-09-10T03:16:10.397227Z  INFO detcore::scheduler: [sched-step5] >>>>>>>

 COMMIT turn 575, dettid 3 using resources {InternalIOPolling: W}, on previously committed 1_767_225_600.176_911_750s DETLOG_RECORD={"schema":1,"event":{"kind":"scheduler_commit","scheduler_turn":575,"virtual_nanoseconds":1767225600176911750,"internal_io_poll":true,"runtime_maps_read":false}}
2026-09-10T03:16:10.397292Z  INFO detcore::scheduler: [scheduler] >>>>>>>

 NONCOMMIT turn 576, SKIP dettid 3 polling resource Resources { tid: DetPid(3), resources: {InternalIOPolling: W}, poll_attempt: 29, fyi: "writev", signal_interrupt_errno: 512 }
2026-09-10T03:16:10.397319Z  INFO detcore::scheduler: [sched-step5] >>>>>>>

 COMMIT turn 577, dettid 3 using resources {InternalIOPolling: W}, on previously committed 1_767_225_600.177_411_750s DETLOG_RECORD={"schema":1,"event":{"kind":"scheduler_commit","scheduler_turn":577,"virtual_nanoseconds":1767225600177411750,"internal_io_poll":true,"runtime_maps_read":false}}
2026-09-10T03:16:10.397383Z  INFO detcore::scheduler: [scheduler] >>>>>>>

 NONCOMMIT turn 578, SKIP dettid 3 polling resource Resources { tid: DetPid(3), resources: {InternalIOPolling: W}, poll_attempt: 30, fyi: "writev", signal_interrupt_errno: 512 }
2026-09-10T03:16:10.397410Z  INFO detcore::scheduler: [sched-step5] >>>>>>>

 COMMIT turn 579, dettid 3 using resources {InternalIOPolling: W}, on previously committed 1_767_225_600.177_911_750s DETLOG_RECORD={"schema":1,"event":{"kind":"scheduler_commit","scheduler_turn":579,"virtual_nanoseconds":1767225600177911750,"internal_io_poll":true,"runtime_maps_read":false}}
2026-09-10T03:16:10.397473Z  INFO detcore::scheduler: [scheduler] >>>>>>>

 NONCOMMIT turn 580, SKIP dettid 3 polling resource Resources { tid: DetPid(3), resources: {InternalIOPolling: W}, poll_attempt: 31, fyi: "writev", signal_interrupt_errno: 512 }
2026-09-10T03:16:10.397501Z  INFO detcore::scheduler: [sched-step5] >>>>>>>

 COMMIT turn 581, dettid 3 using resources {InternalIOPolling: W}, on previously committed 1_767_225_600.178_411_750s DETLOG_RECORD={"schema":1,"event":{"kind":"scheduler_commit","scheduler_turn":581,"virtual_nanoseconds":1767225600178411750,"internal_io_poll":true,"runtime_maps_read":false}}
2026-09-10T03:16:10.397568Z  INFO detcore::scheduler: [scheduler] >>>>>>>

 NONCOMMIT turn 582, SKIP dettid 3 polling resource Resources { tid: DetPid(3), resources: {InternalIOPolling: W}, poll_attempt: 32, fyi: "writev", signal_interrupt_errno: 512 }
2026-09-10T03:16:10.397598Z  INFO detcore::scheduler: [sched-step5] >>>>>>>

 COMMIT turn 583, dettid 3 using resources {InternalIOPolling: W}, on previously committed 1_767_225_600.178_911_750s DETLOG_RECORD={"schema":1,"event":{"kind":"scheduler_commit","scheduler_turn":583,"virtual_nanoseconds":1767225600178911750,"internal_io_poll":true,"runtime_maps_read":false}}
2026-09-10T03:16:10.397662Z  INFO detcore::scheduler: [scheduler] >>>>>>>

 NONCOMMIT turn 584, SKIP dettid 3 polling resource Resources { tid: DetPid(3), resources: {InternalIOPolling: W}, poll_attempt: 33, fyi: "writev", signal_interrupt_errno: 512 }
2026-09-10T03:16:10.397690Z  INFO detcore::scheduler: [sched-step5] >>>>>>>

 COMMIT turn 585, dettid 3 using resources {InternalIOPolling: W}, on previously committed 1_767_225_600.179_411_750s DETLOG_RECORD={"schema":1,"event":{"kind":"scheduler_commit","scheduler_turn":585,"virtual_nanoseconds":1767225600179411750,"internal_io_poll":true,"runtime_maps_read":false}}
2026-09-10T03:16:10.397754Z  INFO detcore::scheduler: [scheduler] >>>>>>>

 NONCOMMIT turn 586, SKIP dettid 3 polling resource Resources { tid: DetPid(3), resources: {InternalIOPolling: W}, poll_attempt: 34, fyi: "writev", signal_interrupt_errno: 512 }
2026-09-10T03:16:10.397786Z  INFO detcore::scheduler: [sched-step5] >>>>>>>

 COMMIT turn 587, dettid 3 using resources {InternalIOPolling: W}, on previously committed 1_767_225_600.179_911_750s DETLOG_RECORD={"schema":1,"event":{"kind":"scheduler_commit","scheduler_turn":587,"virtual_nanoseconds":1767225600179911750,"internal_io_poll":true,"runtime_maps_read":false}}
2026-09-10T03:16:10.397852Z  INFO detcore::scheduler: [scheduler] >>>>>>>

 NONCOMMIT turn 588, SKIP dettid 3 polling resource Resources { tid: DetPid(3), resources: {InternalIOPolling: W}, poll_attempt: 35, fyi: "writev", signal_interrupt_errno: 512 }
2026-09-10T03:16:10.397880Z  INFO detcore::scheduler: [sched-step5] >>>>>>>

 COMMIT turn 589, dettid 3 using resources {InternalIOPolling: W}, on previously committed 1_767_225_600.180_411_750s DETLOG_RECORD={"schema":1,"event":{"kind":"scheduler_commit","scheduler_turn":589,"virtual_nanoseconds":1767225600180411750,"internal_io_poll":true,"runtime_maps_read":false}}
2026-09-10T03:16:10.397943Z  INFO detcore::scheduler: [scheduler] >>>>>>>

 NONCOMMIT turn 590, SKIP dettid 3 polling resource Resources { tid: DetPid(3), resources: {InternalIOPolling: W}, poll_attempt: 36, fyi: "writev", signal_interrupt_errno: 512 }
2026-09-10T03:16:10.397971Z  INFO detcore::scheduler: [sched-step5] >>>>>>>

 COMMIT turn 591, dettid 3 using resources {InternalIOPolling: W}, on previously committed 1_767_225_600.180_911_750s DETLOG_RECORD={"schema":1,"event":{"kind":"scheduler_commit","scheduler_turn":591,"virtual_nanoseconds":1767225600180911750,"internal_io_poll":true,"runtime_maps_read":false}}
2026-09-10T03:16:10.398040Z  INFO detcore::scheduler: [scheduler] >>>>>>>

 NONCOMMIT turn 592, SKIP dettid 3 polling resource Resources { tid: DetPid(3), resources: {InternalIOPolling: W}, poll_attempt: 37, fyi: "writev", signal_interrupt_errno: 512 }
2026-09-10T03:16:10.398067Z  INFO detcore::scheduler: [sched-step5] >>>>>>>

 COMMIT turn 593, dettid 3 using resources {InternalIOPolling: W}, on previously committed 1_767_225_600.181_411_750s DETLOG_RECORD={"schema":1,"event":{"kind":"scheduler_commit","scheduler_turn":593,"virtual_nanoseconds":1767225600181411750,"internal_io_poll":true,"runtime_maps_read":false}}
2026-09-10T03:16:10.398135Z  INFO detcore::scheduler: [scheduler] >>>>>>>

 NONCOMMIT turn 594, SKIP dettid 3 polling resource Resources { tid: DetPid(3), resources: {InternalIOPolling: W}, poll_attempt: 38, fyi: "writev", signal_interrupt_errno: 512 }
2026-09-10T03:16:10.398163Z  INFO detcore::scheduler: [sched-step5] >>>>>>>

 COMMIT turn 595, dettid 3 using resources {InternalIOPolling: W}, on previously committed 1_767_225_600.181_911_750s DETLOG_RECORD={"schema":1,"event":{"kind":"scheduler_commit","scheduler_turn":595,"virtual_nanoseconds":1767225600181911750,"internal_io_poll":true,"runtime_maps_read":false}}
2026-09-10T03:16:10.398250Z  INFO detcore::scheduler: [sched-step5] >>>>>>>

 COMMIT turn 596, dettid 10 using resources {SleepUntil(LogicalTime(1767225600182411250)): W}, on previously committed 1_767_225_600.182_411_750s DETLOG_RECORD={"schema":1,"event":{"kind":"scheduler_commit","scheduler_turn":596,"virtual_nanoseconds":1767225600182411750,"internal_io_poll":false,"runtime_maps_read":false}}
2026-09-10T03:16:10.398298Z  INFO detcore: DETLOG [syscall][detcore, dtid 10] finish syscall #3: clock_nanosleep(CLOCK_REALTIME, 0, 0x1b50e30, 0x1b50e30) = Ok(0) DETLOG_RECORD={"schema":1,"event":{"kind":"syscall_result","finished_syscall_number":3}}
2026-09-10T03:16:10.398353Z  INFO detcore: DETLOG [syscall][detcore, dtid 10] inbound syscall: mmap(NULL, 184320, ProtFlags(PROT_READ | PROT_WRITE), MapFlags(MAP_PRIVATE | MAP_ANON), -1, 0) = ? DETLOG_RECORD={"schema":1,"event":{"kind":"syscall"}}
2026-09-10T03:16:10.398584Z  INFO detcore: DETLOG [syscall][detcore, dtid 10] finish syscall #4: mmap(NULL, 184320, ProtFlags(PROT_READ | PROT_WRITE), MapFlags(MAP_PRIVATE | MAP_ANON), -1, 0) = Ok(28647424) DETLOG_RECORD={"schema":1,"event":{"kind":"syscall_result","finished_syscall_number":4}}
2026-09-10T03:16:10.398612Z  INFO detcore: DETLOG [syscall][detcore, dtid 10] inbound syscall: read(3, 0x1b52010, 180224) = ? DETLOG_RECORD={"schema":1,"event":{"kind":"syscall"}}
2026-09-10T03:16:10.398692Z  INFO detcore::scheduler: [scheduler] >>>>>>>

 NONCOMMIT turn 597, SKIP dettid 3 polling resource Resources { tid: DetPid(3), resources: {InternalIOPolling: W}, poll_attempt: 39, fyi: "writev", signal_interrupt_errno: 512 }
2026-09-10T03:16:10.398729Z  INFO detcore::scheduler: [sched-step5] >>>>>>>

 COMMIT turn 598, dettid 10 using resources {InternalIOPolling: W}, on previously committed 1_767_225_600.182_931_750s DETLOG_RECORD={"schema":1,"event":{"kind":"scheduler_commit","scheduler_turn":598,"virtual_nanoseconds":1767225600182931750,"internal_io_poll":true,"runtime_maps_read":false}}
2026-09-10T03:16:10.398896Z  INFO detcore: DETLOG [syscall][detcore, dtid 10] finish syscall #5: read(3, 0x1b52010, 180224) = Ok(180224) DETLOG_RECORD={"schema":1,"event":{"kind":"syscall_result","finished_syscall_number":5}}
2026-09-10T03:16:10.399237Z  INFO detcore::io_buffers: DETLOG [iobuf][dtid 10] read in fd=3 0x1b52010+180224->5d3d44ad9336d92edacb47e400dd036c4cbe4ac3ab1410926b8c16059348e565 chunks=22528:aa3c2cf9,aa3c2cf9,aa3c2cf9,aa3c2cf9,aa3c2cf9,aa3c2cf9,aa3c2cf9,aa3c2cf9 DETLOG_RECORD={"schema":1,"event":{"kind":"other"}}
2026-09-10T03:16:10.399276Z  INFO detcore: DETLOG [syscall][detcore, dtid 10] inbound syscall: read(3, 0x1b50e28, 8) = ? DETLOG_RECORD={"schema":1,"event":{"kind":"syscall"}}
2026-09-10T03:16:10.399346Z  INFO detcore::scheduler: [sched-step5] >>>>>>>

 COMMIT turn 599, dettid 10 using resources {InternalIOPolling: W}, on previously committed 1_767_225_600.183_441_750s DETLOG_RECORD={"schema":1,"event":{"kind":"scheduler_commit","scheduler_turn":599,"virtual_nanoseconds":1767225600183441750,"internal_io_poll":true,"runtime_maps_read":false}}
2026-09-10T03:16:10.399415Z  INFO detcore::scheduler: [scheduler] >>>>>>>

 NONCOMMIT turn 600, SKIP dettid 10 polling resource Resources { tid: DetPid(10), resources: {InternalIOPolling: W}, poll_attempt: 1, fyi: "read" }
2026-09-10T03:16:10.399445Z  INFO detcore::scheduler: [sched-step5] >>>>>>>

 COMMIT turn 601, dettid 10 using resources {InternalIOPolling: W}, on previously committed 1_767_225_600.183_941_750s DETLOG_RECORD={"schema":1,"event":{"kind":"scheduler_commit","scheduler_turn":601,"virtual_nanoseconds":1767225600183941750,"internal_io_poll":true,"runtime_maps_read":false}}
2026-09-10T03:16:10.399494Z  INFO detcore::scheduler: [scheduler] >>>>>>>

 NONCOMMIT turn 602, SKIP dettid 10 polling resource Resources { tid: DetPid(10), resources: {InternalIOPolling: W}, poll_attempt: 2, fyi: "read" }
2026-09-10T03:16:10.399523Z  INFO detcore::scheduler: [sched-step5] >>>>>>>

 COMMIT turn 603, dettid 10 using resources {InternalIOPolling: W}, on previously committed 1_767_225_600.184_441_750s DETLOG_RECORD={"schema":1,"event":{"kind":"scheduler_commit","scheduler_turn":603,"virtual_nanoseconds":1767225600184441750,"internal_io_poll":true,"runtime_maps_read":false}}
2026-09-10T03:16:10.399575Z  INFO detcore::scheduler: [scheduler] >>>>>>>

 NONCOMMIT turn 604, SKIP dettid 10 polling resource Resources { tid: DetPid(10), resources: {InternalIOPolling: W}, poll_attempt: 3, fyi: "read" }
2026-09-10T03:16:10.399599Z  INFO detcore::scheduler: [sched-step5] >>>>>>>

 COMMIT turn 605, dettid 10 using resources {InternalIOPolling: W}, on previously committed 1_767_225_600.184_941_750s DETLOG_RECORD={"schema":1,"event":{"kind":"scheduler_commit","scheduler_turn":605,"virtual_nanoseconds":1767225600184941750,"internal_io_poll":true,"runtime_maps_read":false}}
2026-09-10T03:16:10.399646Z  INFO detcore::scheduler: [scheduler] >>>>>>>

 NONCOMMIT turn 606, SKIP dettid 10 polling resource Resources { tid: DetPid(10), resources: {InternalIOPolling: W}, poll_attempt: 4, fyi: "read" }
2026-09-10T03:16:10.399670Z  INFO detcore::scheduler: [sched-step5] >>>>>>>

 COMMIT turn 607, dettid 3 using resources {InternalIOPolling: W}, on previously committed 1_767_225_600.185_441_750s DETLOG_RECORD={"schema":1,"event":{"kind":"scheduler_commit","scheduler_turn":607,"virtual_nanoseconds":1767225600185441750,"internal_io_poll":true,"runtime_maps_read":false}}
2026-09-10T03:16:10.399794Z  INFO detcore: DETLOG [syscall][detcore, dtid 3] finish syscall #445: writev(4, 0x3fffeb60, 2) = Ok(8) DETLOG_RECORD={"schema":1,"event":{"kind":"syscall_result","finished_syscall_number":445}}
2026-09-10T03:16:10.399823Z  INFO detcore::io_buffers: DETLOG [iobuf][dtid 3] writev out fd=4 0x3fffeb2c+4->e12e115acf4552b2568b55e93cbd39394c4ef81c82447fafc997882a02d23677 DETLOG_RECORD={"schema":1,"event":{"kind":"other"}}
2026-09-10T03:16:10.399838Z  INFO detcore::io_buffers: DETLOG [iobuf][dtid 3] writev out fd=4 0x3fffeb30+4->e59e4dc24c482ed5ea574fb4f5367f340cb0c77d504bd5b1a982038e2d861954 DETLOG_RECORD={"schema":1,"event":{"kind":"other"}}
2026-09-10T03:16:10.399886Z  INFO detcore: DETLOG [syscall][detcore, dtid 3] inbound syscall: futex(0x1b51910, 265, 10, NULL, NULL, -1) = ? DETLOG_RECORD={"schema":1,"event":{"kind":"syscall"}}
2026-09-10T03:16:10.399950Z  INFO detcore::scheduler: [sched-step5] >>>>>>>

 COMMIT turn 608, dettid 10 using resources {InternalIOPolling: W}, on previously committed 1_767_225_600.185_946_750s DETLOG_RECORD={"schema":1,"event":{"kind":"scheduler_commit","scheduler_turn":608,"virtual_nanoseconds":1767225600185946750,"internal_io_poll":true,"runtime_maps_read":false}}
2026-09-10T03:16:10.400018Z  INFO detcore: DETLOG [syscall][detcore, dtid 10] finish syscall #6: read(3, 0x1b50e28, 8) = Ok(8) DETLOG_RECORD={"schema":1,"event":{"kind":"syscall_result","finished_syscall_number":6}}
2026-09-10T03:16:10.400039Z  INFO detcore::io_buffers: DETLOG [iobuf][dtid 10] read in fd=3 0x1b50e28+8->9ac2197d9258257b1ae8463e4214e4cd0a578bc1517f2415928b91be4283fc48 DETLOG_RECORD={"schema":1,"event":{"kind":"other"}}
2026-09-10T03:16:10.400068Z  INFO detcore: DETLOG [syscall][detcore, dtid 10] inbound syscall: munmap(0x1b52000, 184320) = ? DETLOG_RECORD={"schema":1,"event":{"kind":"syscall"}}
2026-09-10T03:16:10.400122Z  INFO detcore: DETLOG [syscall][detcore, dtid 10] finish syscall #7: munmap(0x1b52000, 184320) = Ok(0) DETLOG_RECORD={"schema":1,"event":{"kind":"syscall_result","finished_syscall_number":7}}
2026-09-10T03:16:10.400145Z  INFO detcore: DETLOG [syscall][detcore, dtid 10] inbound syscall: rt_sigprocmask(0, 0x1b51f30, NULL, 8) = ? DETLOG_RECORD={"schema":1,"event":{"kind":"syscall"}}
2026-09-10T03:16:10.400174Z  INFO detcore: DETLOG [syscall][detcore, dtid 10] finish syscall #8: rt_sigprocmask(0, 0x1b51f30, NULL, 8) = Ok(0) DETLOG_RECORD={"schema":1,"event":{"kind":"syscall_result","finished_syscall_number":8}}
2026-09-10T03:16:10.400198Z  INFO detcore: DETLOG [syscall][detcore, dtid 10] inbound syscall: madvise(0x1351000, 8368128, 4) = ? DETLOG_RECORD={"schema":1,"event":{"kind":"syscall"}}
2026-09-10T03:16:10.400215Z  INFO detcore::syscalls::memory: DETLOG [dtid 10] madvise advice 4 is unsupported by this backend DETLOG_RECORD={"schema":1,"event":{"kind":"other"}}
2026-09-10T03:16:10.400225Z  INFO detcore: DETLOG [syscall][detcore, dtid 10] finish syscall #9: madvise(0x1351000, 8368128, 4) = Err(Errno(ENOSYS)) DETLOG_RECORD={"schema":1,"event":{"kind":"syscall_result","finished_syscall_number":9}}
2026-09-10T03:16:10.400246Z  INFO detcore: DETLOG [syscall][detcore, dtid 10] inbound syscall: exit(0) = ? DETLOG_RECORD={"schema":1,"event":{"kind":"syscall"}}
2026-09-10T03:16:10.400306Z  INFO detcore::scheduler: [sched-step5] >>>>>>>

 COMMIT turn 609, dettid 10 using resources {Exit { group: false, process: DetPid(3), mm: MmId { creator: DetPid(3), generation: 1 } }: RW}, on previously committed 1_767_225_600.186_717_000s DETLOG_RECORD={"schema":1,"event":{"kind":"scheduler_commit","scheduler_turn":609,"virtual_nanoseconds":1767225600186717000,"internal_io_poll":false,"runtime_maps_read":false}}
2026-09-10T03:16:10.400411Z  INFO detcore::scheduler: logically_kill: Scheduler removing all knowledge of [det]tid 10 in pid 3..
2026-09-10T03:16:10.400677Z  INFO detcore::scheduler: [sched-step5] >>>>>>>

 COMMIT turn 610, dettid 3 using resources {FutexWait: R}, on previously committed 1_767_225_600.187_217_000s DETLOG_RECORD={"schema":1,"event":{"kind":"scheduler_commit","scheduler_turn":610,"virtual_nanoseconds":1767225600187217000,"internal_io_poll":false,"runtime_maps_read":false}}
2026-09-10T03:16:10.400732Z  INFO detcore: DETLOG [syscall][detcore, dtid 3] finish syscall #446: futex(0x1b51910, 265, 10, NULL, NULL, -1) = Ok(0) DETLOG_RECORD={"schema":1,"event":{"kind":"syscall_result","finished_syscall_number":446}}
2026-09-10T03:16:10.400780Z  INFO detcore: DETLOG [syscall][detcore, dtid 3] inbound syscall: close(3) = ? DETLOG_RECORD={"schema":1,"event":{"kind":"syscall"}}
2026-09-10T03:16:10.400838Z  INFO detcore: DETLOG [syscall][detcore, dtid 3] finish syscall #447: close(3) = Ok(0) DETLOG_RECORD={"schema":1,"event":{"kind":"syscall_result","finished_syscall_number":447}}
2026-09-10T03:16:10.400860Z  INFO detcore: DETLOG [syscall][detcore, dtid 3] inbound syscall: close(4) = ? DETLOG_RECORD={"schema":1,"event":{"kind":"syscall"}}
2026-09-10T03:16:10.400883Z  INFO detcore: DETLOG [syscall][detcore, dtid 3] finish syscall #448: close(4) = Ok(0) DETLOG_RECORD={"schema":1,"event":{"kind":"syscall_result","finished_syscall_number":448}}
2026-09-10T03:16:10.400918Z  INFO detcore: DETLOG [syscall][detcore, dtid 3] inbound syscall: eventfd2(0, EfdFlags(0x0)) = ? DETLOG_RECORD={"schema":1,"event":{"kind":"syscall"}}
2026-09-10T03:16:10.400953Z  INFO detcore::syscalls::files: Injecting additional fstat to retrieve file metadata on fd 3.
2026-09-10T03:16:10.400985Z  INFO detcore: DETLOG [syscall][detcore, dtid 3] finish syscall #449: eventfd2(0, EfdFlags(0x0)) = Ok(3) DETLOG_RECORD={"schema":1,"event":{"kind":"syscall_result","finished_syscall_number":449}}
2026-09-10T03:16:10.401006Z  INFO detcore: DETLOG [syscall][detcore, dtid 3] inbound syscall: write(3, 0x3fffeb80, 8) = ? DETLOG_RECORD={"schema":1,"event":{"kind":"syscall"}}
2026-09-10T03:16:10.401077Z  INFO detcore::scheduler: [sched-step5] >>>>>>>

 COMMIT turn 611, dettid 3 using resources {InternalIOPolling: W}, on previously committed 1_767_225_600.187_802_000s DETLOG_RECORD={"schema":1,"event":{"kind":"scheduler_commit","scheduler_turn":611,"virtual_nanoseconds":1767225600187802000,"internal_io_poll":true,"runtime_maps_read":false}}
2026-09-10T03:16:10.401147Z  INFO detcore: DETLOG [syscall][detcore, dtid 3] finish syscall #450: write(3, 0x3fffeb80, 8) = Ok(8) DETLOG_RECORD={"schema":1,"event":{"kind":"syscall_result","finished_syscall_number":450}}
2026-09-10T03:16:10.401172Z  INFO detcore::io_buffers: DETLOG [iobuf][dtid 3] write out fd=3 0x3fffeb80+8->81b37f7f8b78762feb067131152a700548754f937a0668c1f327d2ee1a2d2801 DETLOG_RECORD={"schema":1,"event":{"kind":"other"}}
2026-09-10T03:16:10.401208Z  INFO detcore: DETLOG [syscall][detcore, dtid 3] inbound syscall: rt_sigprocmask(0, 0x12f7820, 0x3fffea30, 8) = ? DETLOG_RECORD={"schema":1,"event":{"kind":"syscall"}}
2026-09-10T03:16:10.401243Z  INFO detcore: DETLOG [syscall][detcore, dtid 3] finish syscall #451: rt_sigprocmask(0, 0x12f7820, 0x3fffea30, 8) = Ok(0) DETLOG_RECORD={"schema":1,"event":{"kind":"syscall_result","finished_syscall_number":451}}
2026-09-10T03:16:10.401278Z  INFO detcore: DETLOG [syscall][detcore, dtid 3] inbound syscall: clone3(0x3fffe8f0, 88) = ? DETLOG_RECORD={"schema":1,"event":{"kind":"syscall"}}
2026-09-10T03:16:10.401802Z  INFO detcore::tool_local: DETLOG RNG USER RAND seeding child User pedigree PPPPPPPC: [210, 45, 64, 194, 117, 66, 33, 28, 118, 171, 64, 163, 251, 192, 18, 163] from parent Mcg128Xsl64 {} DETLOG_RECORD={"schema":1,"event":{"kind":"other"}}
2026-09-10T03:16:10.401837Z  INFO detcore::tool_local: DETLOG RNG CHAOSRAND seeding child Chaos pedigree PPPPPPPC: [39, 253, 251, 230, 123, 71, 0, 122, 51, 230, 109, 117, 254, 28, 138, 13] from parent Mcg128Xsl64 {} DETLOG_RECORD={"schema":1,"event":{"kind":"other"}}
2026-09-10T03:16:10.402093Z  INFO detcore::scheduler: [sched-step5] >>>>>>>

 COMMIT turn 612, dettid 11 using resources {MemAddrSpace(DetPid(3)): RW}, on previously committed 1_767_225_600.188_552_250s DETLOG_RECORD={"schema":1,"event":{"kind":"scheduler_commit","scheduler_turn":612,"virtual_nanoseconds":1767225600188552250,"internal_io_poll":false,"runtime_maps_read":false}}
2026-09-10T03:16:10.402139Z  INFO detcore::tool_global: [detcore, dtid 11] New thread given go-ahead to proceed via <ivar Go(None)>
2026-09-10T03:16:10.402294Z  INFO detcore: DETLOG [syscall][detcore, dtid 11] inbound syscall: set_robust_list(0x1b51920, 24) = ? DETLOG_RECORD={"schema":1,"event":{"kind":"syscall"}}
2026-09-10T03:16:10.402349Z  INFO detcore: DETLOG [syscall][detcore, dtid 11] finish syscall #1: set_robust_list(0x1b51920, 24) = Ok(0) DETLOG_RECORD={"schema":1,"event":{"kind":"syscall_result","finished_syscall_number":1}}
2026-09-10T03:16:10.402379Z  INFO detcore: DETLOG [syscall][detcore, dtid 11] inbound syscall: rt_sigprocmask(2, 0x1b51f30, NULL, 8) = ? DETLOG_RECORD={"schema":1,"event":{"kind":"syscall"}}
2026-09-10T03:16:10.402413Z  INFO detcore: DETLOG [syscall][detcore, dtid 11] finish syscall #2: rt_sigprocmask(2, 0x1b51f30, NULL, 8) = Ok(0) DETLOG_RECORD={"schema":1,"event":{"kind":"syscall_result","finished_syscall_number":2}}
2026-09-10T03:16:10.402445Z  INFO detcore: DETLOG [syscall][detcore, dtid 11] inbound syscall: clock_nanosleep(CLOCK_REALTIME, 0, 0x1b50e30, 0x1b50e30) = ? DETLOG_RECORD={"schema":1,"event":{"kind":"syscall"}}
2026-09-10T03:16:10.402511Z  INFO detcore::scheduler: [sched-step5] >>>>>>>

 COMMIT turn 613, dettid 3 using resources {ParentContinue { parent: DetPid(3), child: DetPid(11) }: W}, on previously committed 1_767_225_600.194_304_750s DETLOG_RECORD={"schema":1,"event":{"kind":"scheduler_commit","scheduler_turn":613,"virtual_nanoseconds":1767225600194304750,"internal_io_poll":false,"runtime_maps_read":false}}
2026-09-10T03:16:10.402571Z  INFO detcore: DETLOG [syscall][detcore, dtid 3] finish syscall #452: clone3(0x3fffe8f0, 88) = Ok(11) DETLOG_RECORD={"schema":1,"event":{"kind":"syscall_result","finished_syscall_number":452}}
2026-09-10T03:16:10.402607Z  INFO detcore: DETLOG [syscall][detcore, dtid 3] inbound syscall: rt_sigprocmask(2, 0x3fffea30, NULL, 8) = ? DETLOG_RECORD={"schema":1,"event":{"kind":"syscall"}}
2026-09-10T03:16:10.402637Z  INFO detcore: DETLOG [syscall][detcore, dtid 3] finish syscall #453: rt_sigprocmask(2, 0x3fffea30, NULL, 8) = Ok(0) DETLOG_RECORD={"schema":1,"event":{"kind":"syscall_result","finished_syscall_number":453}}
2026-09-10T03:16:10.402658Z  INFO detcore: DETLOG [syscall][detcore, dtid 3] inbound syscall: writev(3, 0x3fffeb60, 1) = ? DETLOG_RECORD={"schema":1,"event":{"kind":"syscall"}}
2026-09-10T03:16:10.402770Z  INFO detcore::scheduler: [scheduler] >>>>>>>

 NONCOMMIT turn 614, SKIP dettid 11 which wanted resource SleepUntil(LogicalTime(1767225600213804750)) (blocking)
2026-09-10T03:16:10.403155Z  INFO detcore::scheduler: [scheduler] >>>>>>>

 NONCOMMIT turn 615, SKIP dettid 3 polling resource Resources { tid: DetPid(3), resources: {InternalIOPolling: W}, poll_attempt: 1, fyi: "writev", signal_interrupt_errno: 512 }
2026-09-10T03:16:10.403198Z  INFO detcore::scheduler: [sched-step5] >>>>>>>

 COMMIT turn 616, dettid 3 using resources {InternalIOPolling: W}, on previously committed 1_767_225_600.194_805_250s DETLOG_RECORD={"schema":1,"event":{"kind":"scheduler_commit","scheduler_turn":616,"virtual_nanoseconds":1767225600194805250,"internal_io_poll":true,"runtime_maps_read":false}}
2026-09-10T03:16:10.403323Z  INFO detcore::scheduler: [scheduler] >>>>>>>

 NONCOMMIT turn 617, SKIP dettid 3 polling resource Resources { tid: DetPid(3), resources: {InternalIOPolling: W}, poll_attempt: 2, fyi: "writev", signal_interrupt_errno: 512 }
2026-09-10T03:16:10.403357Z  INFO detcore::scheduler: [sched-step5] >>>>>>>

 COMMIT turn 618, dettid 3 using resources {InternalIOPolling: W}, on previously committed 1_767_225_600.195_305_250s DETLOG_RECORD={"schema":1,"event":{"kind":"scheduler_commit","scheduler_turn":618,"virtual_nanoseconds":1767225600195305250,"internal_io_poll":true,"runtime_maps_read":false}}
2026-09-10T03:16:10.403422Z  INFO detcore::scheduler: [scheduler] >>>>>>>

 NONCOMMIT turn 619, SKIP dettid 3 polling resource Resources { tid: DetPid(3), resources: {InternalIOPolling: W}, poll_attempt: 3, fyi: "writev", signal_interrupt_errno: 512 }
2026-09-10T03:16:10.403451Z  INFO detcore::scheduler: [sched-step5] >>>>>>>

 COMMIT turn 620, dettid 3 using resources {InternalIOPolling: W}, on previously committed 1_767_225_600.195_805_250s DETLOG_RECORD={"schema":1,"event":{"kind":"scheduler_commit","scheduler_turn":620,"virtual_nanoseconds":1767225600195805250,"internal_io_poll":true,"runtime_maps_read":false}}
2026-09-10T03:16:10.403510Z  INFO detcore::scheduler: [scheduler] >>>>>>>

 NONCOMMIT turn 621, SKIP dettid 3 polling resource Resources { tid: DetPid(3), resources: {InternalIOPolling: W}, poll_attempt: 4, fyi: "writev", signal_interrupt_errno: 512 }
2026-09-10T03:16:10.403537Z  INFO detcore::scheduler: [sched-step5] >>>>>>>

 COMMIT turn 622, dettid 3 using resources {InternalIOPolling: W}, on previously committed 1_767_225_600.196_305_250s DETLOG_RECORD={"schema":1,"event":{"kind":"scheduler_commit","scheduler_turn":622,"virtual_nanoseconds":1767225600196305250,"internal_io_poll":true,"runtime_maps_read":false}}
2026-09-10T03:16:10.403595Z  INFO detcore::scheduler: [scheduler] >>>>>>>

 NONCOMMIT turn 623, SKIP dettid 3 polling resource Resources { tid: DetPid(3), resources: {InternalIOPolling: W}, poll_attempt: 5, fyi: "writev", signal_interrupt_errno: 512 }
2026-09-10T03:16:10.403626Z  INFO detcore::scheduler: [sched-step5] >>>>>>>

 COMMIT turn 624, dettid 3 using resources {InternalIOPolling: W}, on previously committed 1_767_225_600.196_805_250s DETLOG_RECORD={"schema":1,"event":{"kind":"scheduler_commit","scheduler_turn":624,"virtual_nanoseconds":1767225600196805250,"internal_io_poll":true,"runtime_maps_read":false}}
2026-09-10T03:16:10.403683Z  INFO detcore::scheduler: [scheduler] >>>>>>>

 NONCOMMIT turn 625, SKIP dettid 3 polling resource Resources { tid: DetPid(3), resources: {InternalIOPolling: W}, poll_attempt: 6, fyi: "writev", signal_interrupt_errno: 512 }
2026-09-10T03:16:10.403710Z  INFO detcore::scheduler: [sched-step5] >>>>>>>

 COMMIT turn 626, dettid 3 using resources {InternalIOPolling: W}, on previously committed 1_767_225_600.197_305_250s DETLOG_RECORD={"schema":1,"event":{"kind":"scheduler_commit","scheduler_turn":626,"virtual_nanoseconds":1767225600197305250,"internal_io_poll":true,"runtime_maps_read":false}}
2026-09-10T03:16:10.403766Z  INFO detcore::scheduler: [scheduler] >>>>>>>

 NONCOMMIT turn 627, SKIP dettid 3 polling resource Resources { tid: DetPid(3), resources: {InternalIOPolling: W}, poll_attempt: 7, fyi: "writev", signal_interrupt_errno: 512 }
2026-09-10T03:16:10.403804Z  INFO detcore::scheduler: [sched-step5] >>>>>>>

 COMMIT turn 628, dettid 3 using resources {InternalIOPolling: W}, on previously committed 1_767_225_600.197_805_250s DETLOG_RECORD={"schema":1,"event":{"kind":"scheduler_commit","scheduler_turn":628,"virtual_nanoseconds":1767225600197805250,"internal_io_poll":true,"runtime_maps_read":false}}
2026-09-10T03:16:10.403868Z  INFO detcore::scheduler: [scheduler] >>>>>>>

 NONCOMMIT turn 629, SKIP dettid 3 polling resource Resources { tid: DetPid(3), resources: {InternalIOPolling: W}, poll_attempt: 8, fyi: "writev", signal_interrupt_errno: 512 }
2026-09-10T03:16:10.403896Z  INFO detcore::scheduler: [sched-step5] >>>>>>>

 COMMIT turn 630, dettid 3 using resources {InternalIOPolling: W}, on previously committed 1_767_225_600.198_305_250s DETLOG_RECORD={"schema":1,"event":{"kind":"scheduler_commit","scheduler_turn":630,"virtual_nanoseconds":1767225600198305250,"internal_io_poll":true,"runtime_maps_read":false}}
2026-09-10T03:16:10.403961Z  INFO detcore::scheduler: [scheduler] >>>>>>>

 NONCOMMIT turn 631, SKIP dettid 3 polling resource Resources { tid: DetPid(3), resources: {InternalIOPolling: W}, poll_attempt: 9, fyi: "writev", signal_interrupt_errno: 512 }
2026-09-10T03:16:10.403990Z  INFO detcore::scheduler: [sched-step5] >>>>>>>

 COMMIT turn 632, dettid 3 using resources {InternalIOPolling: W}, on previously committed 1_767_225_600.198_805_250s DETLOG_RECORD={"schema":1,"event":{"kind":"scheduler_commit","scheduler_turn":632,"virtual_nanoseconds":1767225600198805250,"internal_io_poll":true,"runtime_maps_read":false}}
2026-09-10T03:16:10.404047Z  INFO detcore::scheduler: [scheduler] >>>>>>>

 NONCOMMIT turn 633, SKIP dettid 3 polling resource Resources { tid: DetPid(3), resources: {InternalIOPolling: W}, poll_attempt: 10, fyi: "writev", signal_interrupt_errno: 512 }
2026-09-10T03:16:10.404074Z  INFO detcore::scheduler: [sched-step5] >>>>>>>

 COMMIT turn 634, dettid 3 using resources {InternalIOPolling: W}, on previously committed 1_767_225_600.199_305_250s DETLOG_RECORD={"schema":1,"event":{"kind":"scheduler_commit","scheduler_turn":634,"virtual_nanoseconds":1767225600199305250,"internal_io_poll":true,"runtime_maps_read":false}}
2026-09-10T03:16:10.404131Z  INFO detcore::scheduler: [scheduler] >>>>>>>

 NONCOMMIT turn 635, SKIP dettid 3 polling resource Resources { tid: DetPid(3), resources: {InternalIOPolling: W}, poll_attempt: 11, fyi: "writev", signal_interrupt_errno: 512 }
2026-09-10T03:16:10.404158Z  INFO detcore::scheduler: [sched-step5] >>>>>>>

 COMMIT turn 636, dettid 3 using resources {InternalIOPolling: W}, on previously committed 1_767_225_600.199_805_250s DETLOG_RECORD={"schema":1,"event":{"kind":"scheduler_commit","scheduler_turn":636,"virtual_nanoseconds":1767225600199805250,"internal_io_poll":true,"runtime_maps_read":false}}
2026-09-10T03:16:10.404214Z  INFO detcore::scheduler: [scheduler] >>>>>>>

 NONCOMMIT turn 637, SKIP dettid 3 polling resource Resources { tid: DetPid(3), resources: {InternalIOPolling: W}, poll_attempt: 12, fyi: "writev", signal_interrupt_errno: 512 }
2026-09-10T03:16:10.404241Z  INFO detcore::scheduler: [sched-step5] >>>>>>>

 COMMIT turn 638, dettid 3 using resources {InternalIOPolling: W}, on previously committed 1_767_225_600.200_305_250s DETLOG_RECORD={"schema":1,"event":{"kind":"scheduler_commit","scheduler_turn":638,"virtual_nanoseconds":1767225600200305250,"internal_io_poll":true,"runtime_maps_read":false}}
2026-09-10T03:16:10.404297Z  INFO detcore::scheduler: [scheduler] >>>>>>>

 NONCOMMIT turn 639, SKIP dettid 3 polling resource Resources { tid: DetPid(3), resources: {InternalIOPolling: W}, poll_attempt: 13, fyi: "writev", signal_interrupt_errno: 512 }
2026-09-10T03:16:10.404324Z  INFO detcore::scheduler: [sched-step5] >>>>>>>

 COMMIT turn 640, dettid 3 using resources {InternalIOPolling: W}, on previously committed 1_767_225_600.200_805_250s DETLOG_RECORD={"schema":1,"event":{"kind":"scheduler_commit","scheduler_turn":640,"virtual_nanoseconds":1767225600200805250,"internal_io_poll":true,"runtime_maps_read":false}}
2026-09-10T03:16:10.404384Z  INFO detcore::scheduler: [scheduler] >>>>>>>

 NONCOMMIT turn 641, SKIP dettid 3 polling resource Resources { tid: DetPid(3), resources: {InternalIOPolling: W}, poll_attempt: 14, fyi: "writev", signal_interrupt_errno: 512 }
2026-09-10T03:16:10.404413Z  INFO detcore::scheduler: [sched-step5] >>>>>>>

 COMMIT turn 642, dettid 3 using resources {InternalIOPolling: W}, on previously committed 1_767_225_600.201_305_250s DETLOG_RECORD={"schema":1,"event":{"kind":"scheduler_commit","scheduler_turn":642,"virtual_nanoseconds":1767225600201305250,"internal_io_poll":true,"runtime_maps_read":false}}
2026-09-10T03:16:10.404470Z  INFO detcore::scheduler: [scheduler] >>>>>>>

 NONCOMMIT turn 643, SKIP dettid 3 polling resource Resources { tid: DetPid(3), resources: {InternalIOPolling: W}, poll_attempt: 15, fyi: "writev", signal_interrupt_errno: 512 }
2026-09-10T03:16:10.404497Z  INFO detcore::scheduler: [sched-step5] >>>>>>>

 COMMIT turn 644, dettid 3 using resources {InternalIOPolling: W}, on previously committed 1_767_225_600.201_805_250s DETLOG_RECORD={"schema":1,"event":{"kind":"scheduler_commit","scheduler_turn":644,"virtual_nanoseconds":1767225600201805250,"internal_io_poll":true,"runtime_maps_read":false}}
2026-09-10T03:16:10.404554Z  INFO detcore::scheduler: [scheduler] >>>>>>>

 NONCOMMIT turn 645, SKIP dettid 3 polling resource Resources { tid: DetPid(3), resources: {InternalIOPolling: W}, poll_attempt: 16, fyi: "writev", signal_interrupt_errno: 512 }
2026-09-10T03:16:10.404580Z  INFO detcore::scheduler: [sched-step5] >>>>>>>

 COMMIT turn 646, dettid 3 using resources {InternalIOPolling: W}, on previously committed 1_767_225_600.202_305_250s DETLOG_RECORD={"schema":1,"event":{"kind":"scheduler_commit","scheduler_turn":646,"virtual_nanoseconds":1767225600202305250,"internal_io_poll":true,"runtime_maps_read":false}}
2026-09-10T03:16:10.404635Z  INFO detcore::scheduler: [scheduler] >>>>>>>

 NONCOMMIT turn 647, SKIP dettid 3 polling resource Resources { tid: DetPid(3), resources: {InternalIOPolling: W}, poll_attempt: 17, fyi: "writev", signal_interrupt_errno: 512 }
2026-09-10T03:16:10.404662Z  INFO detcore::scheduler: [sched-step5] >>>>>>>

 COMMIT turn 648, dettid 3 using resources {InternalIOPolling: W}, on previously committed 1_767_225_600.202_805_250s DETLOG_RECORD={"schema":1,"event":{"kind":"scheduler_commit","scheduler_turn":648,"virtual_nanoseconds":1767225600202805250,"internal_io_poll":true,"runtime_maps_read":false}}
2026-09-10T03:16:10.404723Z  INFO detcore::scheduler: [scheduler] >>>>>>>

 NONCOMMIT turn 649, SKIP dettid 3 polling resource Resources { tid: DetPid(3), resources: {InternalIOPolling: W}, poll_attempt: 18, fyi: "writev", signal_interrupt_errno: 512 }
2026-09-10T03:16:10.404750Z  INFO detcore::scheduler: [sched-step5] >>>>>>>

 COMMIT turn 650, dettid 3 using resources {InternalIOPolling: W}, on previously committed 1_767_225_600.203_305_250s DETLOG_RECORD={"schema":1,"event":{"kind":"scheduler_commit","scheduler_turn":650,"virtual_nanoseconds":1767225600203305250,"internal_io_poll":true,"runtime_maps_read":false}}
2026-09-10T03:16:10.404814Z  INFO detcore::scheduler: [scheduler] >>>>>>>

 NONCOMMIT turn 651, SKIP dettid 3 polling resource Resources { tid: DetPid(3), resources: {InternalIOPolling: W}, poll_attempt: 19, fyi: "writev", signal_interrupt_errno: 512 }
2026-09-10T03:16:10.404842Z  INFO detcore::scheduler: [sched-step5] >>>>>>>

 COMMIT turn 652, dettid 3 using resources {InternalIOPolling: W}, on previously committed 1_767_225_600.203_805_250s DETLOG_RECORD={"schema":1,"event":{"kind":"scheduler_commit","scheduler_turn":652,"virtual_nanoseconds":1767225600203805250,"internal_io_poll":true,"runtime_maps_read":false}}
2026-09-10T03:16:10.404899Z  INFO detcore::scheduler: [scheduler] >>>>>>>

 NONCOMMIT turn 653, SKIP dettid 3 polling resource Resources { tid: DetPid(3), resources: {InternalIOPolling: W}, poll_attempt: 20, fyi: "writev", signal_interrupt_errno: 512 }
2026-09-10T03:16:10.404928Z  INFO detcore::scheduler: [sched-step5] >>>>>>>

 COMMIT turn 654, dettid 3 using resources {InternalIOPolling: W}, on previously committed 1_767_225_600.204_305_250s DETLOG_RECORD={"schema":1,"event":{"kind":"scheduler_commit","scheduler_turn":654,"virtual_nanoseconds":1767225600204305250,"internal_io_poll":true,"runtime_maps_read":false}}
2026-09-10T03:16:10.404988Z  INFO detcore::scheduler: [scheduler] >>>>>>>

 NONCOMMIT turn 655, SKIP dettid 3 polling resource Resources { tid: DetPid(3), resources: {InternalIOPolling: W}, poll_attempt: 21, fyi: "writev", signal_interrupt_errno: 512 }
2026-09-10T03:16:10.405017Z  INFO detcore::scheduler: [sched-step5] >>>>>>>

 COMMIT turn 656, dettid 3 using resources {InternalIOPolling: W}, on previously committed 1_767_225_600.204_805_250s DETLOG_RECORD={"schema":1,"event":{"kind":"scheduler_commit","scheduler_turn":656,"virtual_nanoseconds":1767225600204805250,"internal_io_poll":true,"runtime_maps_read":false}}
2026-09-10T03:16:10.405074Z  INFO detcore::scheduler: [scheduler] >>>>>>>

 NONCOMMIT turn 657, SKIP dettid 3 polling resource Resources { tid: DetPid(3), resources: {InternalIOPolling: W}, poll_attempt: 22, fyi: "writev", signal_interrupt_errno: 512 }
2026-09-10T03:16:10.405100Z  INFO detcore::scheduler: [sched-step5] >>>>>>>

 COMMIT turn 658, dettid 3 using resources {InternalIOPolling: W}, on previously committed 1_767_225_600.205_305_250s DETLOG_RECORD={"schema":1,"event":{"kind":"scheduler_commit","scheduler_turn":658,"virtual_nanoseconds":1767225600205305250,"internal_io_poll":true,"runtime_maps_read":false}}
2026-09-10T03:16:10.405155Z  INFO detcore::scheduler: [scheduler] >>>>>>>

 NONCOMMIT turn 659, SKIP dettid 3 polling resource Resources { tid: DetPid(3), resources: {InternalIOPolling: W}, poll_attempt: 23, fyi: "writev", signal_interrupt_errno: 512 }
2026-09-10T03:16:10.405182Z  INFO detcore::scheduler: [sched-step5] >>>>>>>

 COMMIT turn 660, dettid 3 using resources {InternalIOPolling: W}, on previously committed 1_767_225_600.205_805_250s DETLOG_RECORD={"schema":1,"event":{"kind":"scheduler_commit","scheduler_turn":660,"virtual_nanoseconds":1767225600205805250,"internal_io_poll":true,"runtime_maps_read":false}}
2026-09-10T03:16:10.405238Z  INFO detcore::scheduler: [scheduler] >>>>>>>

 NONCOMMIT turn 661, SKIP dettid 3 polling resource Resources { tid: DetPid(3), resources: {InternalIOPolling: W}, poll_attempt: 24, fyi: "writev", signal_interrupt_errno: 512 }
2026-09-10T03:16:10.405265Z  INFO detcore::scheduler: [sched-step5] >>>>>>>

 COMMIT turn 662, dettid 3 using resources {InternalIOPolling: W}, on previously committed 1_767_225_600.206_305_250s DETLOG_RECORD={"schema":1,"event":{"kind":"scheduler_commit","scheduler_turn":662,"virtual_nanoseconds":1767225600206305250,"internal_io_poll":true,"runtime_maps_read":false}}
2026-09-10T03:16:10.405321Z  INFO detcore::scheduler: [scheduler] >>>>>>>

 NONCOMMIT turn 663, SKIP dettid 3 polling resource Resources { tid: DetPid(3), resources: {InternalIOPolling: W}, poll_attempt: 25, fyi: "writev", signal_interrupt_errno: 512 }
2026-09-10T03:16:10.405348Z  INFO detcore::scheduler: [sched-step5] >>>>>>>

 COMMIT turn 664, dettid 3 using resources {InternalIOPolling: W}, on previously committed 1_767_225_600.206_805_250s DETLOG_RECORD={"schema":1,"event":{"kind":"scheduler_commit","scheduler_turn":664,"virtual_nanoseconds":1767225600206805250,"internal_io_poll":true,"runtime_maps_read":false}}
2026-09-10T03:16:10.405404Z  INFO detcore::scheduler: [scheduler] >>>>>>>

 NONCOMMIT turn 665, SKIP dettid 3 polling resource Resources { tid: DetPid(3), resources: {InternalIOPolling: W}, poll_attempt: 26, fyi: "writev", signal_interrupt_errno: 512 }
2026-09-10T03:16:10.405430Z  INFO detcore::scheduler: [sched-step5] >>>>>>>

 COMMIT turn 666, dettid 3 using resources {InternalIOPolling: W}, on previously committed 1_767_225_600.207_305_250s DETLOG_RECORD={"schema":1,"event":{"kind":"scheduler_commit","scheduler_turn":666,"virtual_nanoseconds":1767225600207305250,"internal_io_poll":true,"runtime_maps_read":false}}
2026-09-10T03:16:10.405489Z  INFO detcore::scheduler: [scheduler] >>>>>>>

 NONCOMMIT turn 667, SKIP dettid 3 polling resource Resources { tid: DetPid(3), resources: {InternalIOPolling: W}, poll_attempt: 27, fyi: "writev", signal_interrupt_errno: 512 }
2026-09-10T03:16:10.405518Z  INFO detcore::scheduler: [sched-step5] >>>>>>>

 COMMIT turn 668, dettid 3 using resources {InternalIOPolling: W}, on previously committed 1_767_225_600.207_805_250s DETLOG_RECORD={"schema":1,"event":{"kind":"scheduler_commit","scheduler_turn":668,"virtual_nanoseconds":1767225600207805250,"internal_io_poll":true,"runtime_maps_read":false}}
2026-09-10T03:16:10.405575Z  INFO detcore::scheduler: [scheduler] >>>>>>>

 NONCOMMIT turn 669, SKIP dettid 3 polling resource Resources { tid: DetPid(3), resources: {InternalIOPolling: W}, poll_attempt: 28, fyi: "writev", signal_interrupt_errno: 512 }
2026-09-10T03:16:10.405602Z  INFO detcore::scheduler: [sched-step5] >>>>>>>

 COMMIT turn 670, dettid 3 using resources {InternalIOPolling: W}, on previously committed 1_767_225_600.208_305_250s DETLOG_RECORD={"schema":1,"event":{"kind":"scheduler_commit","scheduler_turn":670,"virtual_nanoseconds":1767225600208305250,"internal_io_poll":true,"runtime_maps_read":false}}
2026-09-10T03:16:10.405658Z  INFO detcore::scheduler: [scheduler] >>>>>>>

 NONCOMMIT turn 671, SKIP dettid 3 polling resource Resources { tid: DetPid(3), resources: {InternalIOPolling: W}, poll_attempt: 29, fyi: "writev", signal_interrupt_errno: 512 }
2026-09-10T03:16:10.405685Z  INFO detcore::scheduler: [sched-step5] >>>>>>>

 COMMIT turn 672, dettid 3 using resources {InternalIOPolling: W}, on previously committed 1_767_225_600.208_805_250s DETLOG_RECORD={"schema":1,"event":{"kind":"scheduler_commit","scheduler_turn":672,"virtual_nanoseconds":1767225600208805250,"internal_io_poll":true,"runtime_maps_read":false}}
2026-09-10T03:16:10.405741Z  INFO detcore::scheduler: [scheduler] >>>>>>>

 NONCOMMIT turn 673, SKIP dettid 3 polling resource Resources { tid: DetPid(3), resources: {InternalIOPolling: W}, poll_attempt: 30, fyi: "writev", signal_interrupt_errno: 512 }
2026-09-10T03:16:10.405767Z  INFO detcore::scheduler: [sched-step5] >>>>>>>

 COMMIT turn 674, dettid 3 using resources {InternalIOPolling: W}, on previously committed 1_767_225_600.209_305_250s DETLOG_RECORD={"schema":1,"event":{"kind":"scheduler_commit","scheduler_turn":674,"virtual_nanoseconds":1767225600209305250,"internal_io_poll":true,"runtime_maps_read":false}}
2026-09-10T03:16:10.405829Z  INFO detcore::scheduler: [scheduler] >>>>>>>

 NONCOMMIT turn 675, SKIP dettid 3 polling resource Resources { tid: DetPid(3), resources: {InternalIOPolling: W}, poll_attempt: 31, fyi: "writev", signal_interrupt_errno: 512 }
2026-09-10T03:16:10.405857Z  INFO detcore::scheduler: [sched-step5] >>>>>>>

 COMMIT turn 676, dettid 3 using resources {InternalIOPolling: W}, on previously committed 1_767_225_600.209_805_250s DETLOG_RECORD={"schema":1,"event":{"kind":"scheduler_commit","scheduler_turn":676,"virtual_nanoseconds":1767225600209805250,"internal_io_poll":true,"runtime_maps_read":false}}
2026-09-10T03:16:10.405913Z  INFO detcore::scheduler: [scheduler] >>>>>>>

 NONCOMMIT turn 677, SKIP dettid 3 polling resource Resources { tid: DetPid(3), resources: {InternalIOPolling: W}, poll_attempt: 32, fyi: "writev", signal_interrupt_errno: 512 }
2026-09-10T03:16:10.405940Z  INFO detcore::scheduler: [sched-step5] >>>>>>>

 COMMIT turn 678, dettid 3 using resources {InternalIOPolling: W}, on previously committed 1_767_225_600.210_305_250s DETLOG_RECORD={"schema":1,"event":{"kind":"scheduler_commit","scheduler_turn":678,"virtual_nanoseconds":1767225600210305250,"internal_io_poll":true,"runtime_maps_read":false}}
2026-09-10T03:16:10.405996Z  INFO detcore::scheduler: [scheduler] >>>>>>>

 NONCOMMIT turn 679, SKIP dettid 3 polling resource Resources { tid: DetPid(3), resources: {InternalIOPolling: W}, poll_attempt: 33, fyi: "writev", signal_interrupt_errno: 512 }
2026-09-10T03:16:10.406023Z  INFO detcore::scheduler: [sched-step5] >>>>>>>

 COMMIT turn 680, dettid 3 using resources {InternalIOPolling: W}, on previously committed 1_767_225_600.210_805_250s DETLOG_RECORD={"schema":1,"event":{"kind":"scheduler_commit","scheduler_turn":680,"virtual_nanoseconds":1767225600210805250,"internal_io_poll":true,"runtime_maps_read":false}}
2026-09-10T03:16:10.406083Z  INFO detcore::scheduler: [scheduler] >>>>>>>

 NONCOMMIT turn 681, SKIP dettid 3 polling resource Resources { tid: DetPid(3), resources: {InternalIOPolling: W}, poll_attempt: 34, fyi: "writev", signal_interrupt_errno: 512 }
2026-09-10T03:16:10.406112Z  INFO detcore::scheduler: [sched-step5] >>>>>>>

 COMMIT turn 682, dettid 3 using resources {InternalIOPolling: W}, on previously committed 1_767_225_600.211_305_250s DETLOG_RECORD={"schema":1,"event":{"kind":"scheduler_commit","scheduler_turn":682,"virtual_nanoseconds":1767225600211305250,"internal_io_poll":true,"runtime_maps_read":false}}
2026-09-10T03:16:10.406169Z  INFO detcore::scheduler: [scheduler] >>>>>>>

 NONCOMMIT turn 683, SKIP dettid 3 polling resource Resources { tid: DetPid(3), resources: {InternalIOPolling: W}, poll_attempt: 35, fyi: "writev", signal_interrupt_errno: 512 }
2026-09-10T03:16:10.406196Z  INFO detcore::scheduler: [sched-step5] >>>>>>>

 COMMIT turn 684, dettid 3 using resources {InternalIOPolling: W}, on previously committed 1_767_225_600.211_805_250s DETLOG_RECORD={"schema":1,"event":{"kind":"scheduler_commit","scheduler_turn":684,"virtual_nanoseconds":1767225600211805250,"internal_io_poll":true,"runtime_maps_read":false}}
2026-09-10T03:16:10.406253Z  INFO detcore::scheduler: [scheduler] >>>>>>>

 NONCOMMIT turn 685, SKIP dettid 3 polling resource Resources { tid: DetPid(3), resources: {InternalIOPolling: W}, poll_attempt: 36, fyi: "writev", signal_interrupt_errno: 512 }
2026-09-10T03:16:10.406280Z  INFO detcore::scheduler: [sched-step5] >>>>>>>

 COMMIT turn 686, dettid 3 using resources {InternalIOPolling: W}, on previously committed 1_767_225_600.212_305_250s DETLOG_RECORD={"schema":1,"event":{"kind":"scheduler_commit","scheduler_turn":686,"virtual_nanoseconds":1767225600212305250,"internal_io_poll":true,"runtime_maps_read":false}}
2026-09-10T03:16:10.406335Z  INFO detcore::scheduler: [scheduler] >>>>>>>

 NONCOMMIT turn 687, SKIP dettid 3 polling resource Resources { tid: DetPid(3), resources: {InternalIOPolling: W}, poll_attempt: 37, fyi: "writev", signal_interrupt_errno: 512 }
2026-09-10T03:16:10.406363Z  INFO detcore::scheduler: [sched-step5] >>>>>>>

 COMMIT turn 688, dettid 3 using resources {InternalIOPolling: W}, on previously committed 1_767_225_600.212_805_250s DETLOG_RECORD={"schema":1,"event":{"kind":"scheduler_commit","scheduler_turn":688,"virtual_nanoseconds":1767225600212805250,"internal_io_poll":true,"runtime_maps_read":false}}
2026-09-10T03:16:10.406418Z  INFO detcore::scheduler: [scheduler] >>>>>>>

 NONCOMMIT turn 689, SKIP dettid 3 polling resource Resources { tid: DetPid(3), resources: {InternalIOPolling: W}, poll_attempt: 38, fyi: "writev", signal_interrupt_errno: 512 }
2026-09-10T03:16:10.406445Z  INFO detcore::scheduler: [sched-step5] >>>>>>>

 COMMIT turn 690, dettid 3 using resources {InternalIOPolling: W}, on previously committed 1_767_225_600.213_305_250s DETLOG_RECORD={"schema":1,"event":{"kind":"scheduler_commit","scheduler_turn":690,"virtual_nanoseconds":1767225600213305250,"internal_io_poll":true,"runtime_maps_read":false}}
2026-09-10T03:16:10.406516Z  INFO detcore::scheduler: [sched-step5] >>>>>>>

 COMMIT turn 691, dettid 11 using resources {SleepUntil(LogicalTime(1767225600213804750)): W}, on previously committed 1_767_225_600.213_805_250s DETLOG_RECORD={"schema":1,"event":{"kind":"scheduler_commit","scheduler_turn":691,"virtual_nanoseconds":1767225600213805250,"internal_io_poll":false,"runtime_maps_read":false}}
2026-09-10T03:16:10.406560Z  INFO detcore: DETLOG [syscall][detcore, dtid 11] finish syscall #3: clock_nanosleep(CLOCK_REALTIME, 0, 0x1b50e30, 0x1b50e30) = Ok(0) DETLOG_RECORD={"schema":1,"event":{"kind":"syscall_result","finished_syscall_number":3}}
2026-09-10T03:16:10.406619Z  INFO detcore: DETLOG [syscall][detcore, dtid 11] inbound syscall: read(3, 0x1b50e28, 8) = ? DETLOG_RECORD={"schema":1,"event":{"kind":"syscall"}}
2026-09-10T03:16:10.406696Z  INFO detcore::scheduler: [scheduler] >>>>>>>

 NONCOMMIT turn 692, SKIP dettid 3 polling resource Resources { tid: DetPid(3), resources: {InternalIOPolling: W}, poll_attempt: 39, fyi: "writev", signal_interrupt_errno: 512 }
2026-09-10T03:16:10.406730Z  INFO detcore::scheduler: [sched-step5] >>>>>>>

 COMMIT turn 693, dettid 11 using resources {InternalIOPolling: W}, on previously committed 1_767_225_600.214_315_250s DETLOG_RECORD={"schema":1,"event":{"kind":"scheduler_commit","scheduler_turn":693,"virtual_nanoseconds":1767225600214315250,"internal_io_poll":true,"runtime_maps_read":false}}
2026-09-10T03:16:10.406794Z  INFO detcore: DETLOG [syscall][detcore, dtid 11] finish syscall #4: read(3, 0x1b50e28, 8) = Ok(8) DETLOG_RECORD={"schema":1,"event":{"kind":"syscall_result","finished_syscall_number":4}}
2026-09-10T03:16:10.406821Z  INFO detcore::io_buffers: DETLOG [iobuf][dtid 11] read in fd=3 0x1b50e28+8->81b37f7f8b78762feb067131152a700548754f937a0668c1f327d2ee1a2d2801 DETLOG_RECORD={"schema":1,"event":{"kind":"other"}}
2026-09-10T03:16:10.406856Z  INFO detcore: DETLOG [syscall][detcore, dtid 11] inbound syscall: rt_sigprocmask(0, 0x1b51f30, NULL, 8) = ? DETLOG_RECORD={"schema":1,"event":{"kind":"syscall"}}
2026-09-10T03:16:10.406888Z  INFO detcore: DETLOG [syscall][detcore, dtid 11] finish syscall #5: rt_sigprocmask(0, 0x1b51f30, NULL, 8) = Ok(0) DETLOG_RECORD={"schema":1,"event":{"kind":"syscall_result","finished_syscall_number":5}}
2026-09-10T03:16:10.406910Z  INFO detcore: DETLOG [syscall][detcore, dtid 11] inbound syscall: madvise(0x1351000, 8368128, 4) = ? DETLOG_RECORD={"schema":1,"event":{"kind":"syscall"}}
2026-09-10T03:16:10.406924Z  INFO detcore::syscalls::memory: DETLOG [dtid 11] madvise advice 4 is unsupported by this backend DETLOG_RECORD={"schema":1,"event":{"kind":"other"}}
2026-09-10T03:16:10.406933Z  INFO detcore: DETLOG [syscall][detcore, dtid 11] finish syscall #6: madvise(0x1351000, 8368128, 4) = Err(Errno(ENOSYS)) DETLOG_RECORD={"schema":1,"event":{"kind":"syscall_result","finished_syscall_number":6}}
2026-09-10T03:16:10.406955Z  INFO detcore: DETLOG [syscall][detcore, dtid 11] inbound syscall: exit(0) = ? DETLOG_RECORD={"schema":1,"event":{"kind":"syscall"}}
2026-09-10T03:16:10.407016Z  INFO detcore::scheduler: [sched-step5] >>>>>>>

 COMMIT turn 694, dettid 11 using resources {Exit { group: false, process: DetPid(3), mm: MmId { creator: DetPid(3), generation: 1 } }: RW}, on previously committed 1_767_225_600.215_075_500s DETLOG_RECORD={"schema":1,"event":{"kind":"scheduler_commit","scheduler_turn":694,"virtual_nanoseconds":1767225600215075500,"internal_io_poll":false,"runtime_maps_read":false}}
2026-09-10T03:16:10.407108Z  INFO detcore::scheduler: logically_kill: Scheduler removing all knowledge of [det]tid 11 in pid 3..
2026-09-10T03:16:10.407170Z  INFO detcore::scheduler: [sched-step5] >>>>>>>

 COMMIT turn 695, dettid 3 using resources {InternalIOPolling: W}, on previously committed 1_767_225_600.215_575_500s DETLOG_RECORD={"schema":1,"event":{"kind":"scheduler_commit","scheduler_turn":695,"virtual_nanoseconds":1767225600215575500,"internal_io_poll":true,"runtime_maps_read":false}}
2026-09-10T03:16:10.407290Z  INFO detcore: DETLOG [syscall][detcore, dtid 3] finish syscall #454: writev(3, 0x3fffeb60, 1) = Ok(8) DETLOG_RECORD={"schema":1,"event":{"kind":"syscall_result","finished_syscall_number":454}}
2026-09-10T03:16:10.407318Z  INFO detcore::io_buffers: DETLOG [iobuf][dtid 3] writev out fd=3 0x3fffeb38+8->7c9fa136d4413fa6173637e883b6998d32e1d675f88cddff9dcbcf331820f4b8 DETLOG_RECORD={"schema":1,"event":{"kind":"other"}}
2026-09-10T03:16:10.407367Z  INFO detcore: DETLOG [syscall][detcore, dtid 3] inbound syscall: futex(0x1b51910, 265, 11, NULL, NULL, -1) = ? DETLOG_RECORD={"schema":1,"event":{"kind":"syscall"}}
2026-09-10T03:16:10.407401Z  INFO detcore: DETLOG [syscall][detcore, dtid 3] finish syscall #455: futex(0x1b51910, 265, 11, NULL, NULL, -1) = Ok(0) DETLOG_RECORD={"schema":1,"event":{"kind":"syscall_result","finished_syscall_number":455}}
2026-09-10T03:16:10.407433Z  INFO detcore: DETLOG [syscall][detcore, dtid 3] inbound syscall: futex(0x1b51910, 265, 11, NULL, NULL, -1) = ? DETLOG_RECORD={"schema":1,"event":{"kind":"syscall"}}
2026-09-10T03:16:10.407455Z  INFO detcore: DETLOG [syscall][detcore, dtid 3] finish syscall #456: futex(0x1b51910, 265, 11, NULL, NULL, -1) = Ok(0) DETLOG_RECORD={"schema":1,"event":{"kind":"syscall_result","finished_syscall_number":456}}
2026-09-10T03:16:10.407480Z  INFO detcore: DETLOG [syscall][detcore, dtid 3] inbound syscall: futex(0x1b51910, 265, 11, NULL, NULL, -1) = ? DETLOG_RECORD={"schema":1,"event":{"kind":"syscall"}}
2026-09-10T03:16:10.407498Z  INFO detcore: DETLOG [syscall][detcore, dtid 3] finish syscall #457: futex(0x1b51910, 265, 11, NULL, NULL, -1) = Ok(0) DETLOG_RECORD={"schema":1,"event":{"kind":"syscall_result","finished_syscall_number":457}}
2026-09-10T03:16:10.407522Z  INFO detcore: DETLOG [syscall][detcore, dtid 3] inbound syscall: futex(0x1b51910, 265, 11, NULL, NULL, -1) = ? DETLOG_RECORD={"schema":1,"event":{"kind":"syscall"}}
2026-09-10T03:16:10.407540Z  INFO detcore: DETLOG [syscall][detcore, dtid 3] finish syscall #458: futex(0x1b51910, 265, 11, NULL, NULL, -1) = Ok(0) DETLOG_RECORD={"schema":1,"event":{"kind":"syscall_result","finished_syscall_number":458}}
2026-09-10T03:16:10.407564Z  INFO detcore: DETLOG [syscall][detcore, dtid 3] inbound syscall: futex(0x1b51910, 265, 11, NULL, NULL, -1) = ? DETLOG_RECORD={"schema":1,"event":{"kind":"syscall"}}
2026-09-10T03:16:10.407582Z  INFO detcore: DETLOG [syscall][detcore, dtid 3] finish syscall #459: futex(0x1b51910, 265, 11, NULL, NULL, -1) = Ok(0) DETLOG_RECORD={"schema":1,"event":{"kind":"syscall_result","finished_syscall_number":459}}
2026-09-10T03:16:10.407606Z  INFO detcore: DETLOG [syscall][detcore, dtid 3] inbound syscall: futex(0x1b51910, 265, 11, NULL, NULL, -1) = ? DETLOG_RECORD={"schema":1,"event":{"kind":"syscall"}}
2026-09-10T03:16:10.407623Z  INFO detcore: DETLOG [syscall][detcore, dtid 3] finish syscall #460: futex(0x1b51910, 265, 11, NULL, NULL, -1) = Ok(0) DETLOG_RECORD={"schema":1,"event":{"kind":"syscall_result","finished_syscall_number":460}}
2026-09-10T03:16:10.407648Z  INFO detcore: DETLOG [syscall][detcore, dtid 3] inbound syscall: futex(0x1b51910, 265, 11, NULL, NULL, -1) = ? DETLOG_RECORD={"schema":1,"event":{"kind":"syscall"}}
2026-09-10T03:16:10.407665Z  INFO detcore: DETLOG [syscall][detcore, dtid 3] finish syscall #461: futex(0x1b51910, 265, 11, NULL, NULL, -1) = Ok(0) DETLOG_RECORD={"schema":1,"event":{"kind":"syscall_result","finished_syscall_number":461}}
2026-09-10T03:16:10.407689Z  INFO detcore: DETLOG [syscall][detcore, dtid 3] inbound syscall: futex(0x1b51910, 265, 11, NULL, NULL, -1) = ? DETLOG_RECORD={"schema":1,"event":{"kind":"syscall"}}
2026-09-10T03:16:10.407707Z  INFO detcore: DETLOG [syscall][detcore, dtid 3] finish syscall #462: futex(0x1b51910, 265, 11, NULL, NULL, -1) = Ok(0) DETLOG_RECORD={"schema":1,"event":{"kind":"syscall_result","finished_syscall_number":462}}
2026-09-10T03:16:10.407731Z  INFO detcore: DETLOG [syscall][detcore, dtid 3] inbound syscall: futex(0x1b51910, 265, 11, NULL, NULL, -1) = ? DETLOG_RECORD={"schema":1,"event":{"kind":"syscall"}}
2026-09-10T03:16:10.407748Z  INFO detcore: DETLOG [syscall][detcore, dtid 3] finish syscall #463: futex(0x1b51910, 265, 11, NULL, NULL, -1) = Ok(0) DETLOG_RECORD={"schema":1,"event":{"kind":"syscall_result","finished_syscall_number":463}}
2026-09-10T03:16:10.407778Z  INFO detcore: DETLOG [syscall][detcore, dtid 3] inbound syscall: futex(0x1b51910, 265, 11, NULL, NULL, -1) = ? DETLOG_RECORD={"schema":1,"event":{"kind":"syscall"}}
2026-09-10T03:16:10.407796Z  INFO detcore: DETLOG [syscall][detcore, dtid 3] finish syscall #464: futex(0x1b51910, 265, 11, NULL, NULL, -1) = Ok(0) DETLOG_RECORD={"schema":1,"event":{"kind":"syscall_result","finished_syscall_number":464}}
2026-09-10T03:16:10.407821Z  INFO detcore: DETLOG [syscall][detcore, dtid 3] inbound syscall: futex(0x1b51910, 265, 11, NULL, NULL, -1) = ? DETLOG_RECORD={"schema":1,"event":{"kind":"syscall"}}
2026-09-10T03:16:10.407843Z  INFO detcore: DETLOG [syscall][detcore, dtid 3] finish syscall #465: futex(0x1b51910, 265, 11, NULL, NULL, -1) = Ok(0) DETLOG_RECORD={"schema":1,"event":{"kind":"syscall_result","finished_syscall_number":465}}
2026-09-10T03:16:10.407868Z  INFO detcore: DETLOG [syscall][detcore, dtid 3] inbound syscall: futex(0x1b51910, 265, 11, NULL, NULL, -1) = ? DETLOG_RECORD={"schema":1,"event":{"kind":"syscall"}}
2026-09-10T03:16:10.407885Z  INFO detcore: DETLOG [syscall][detcore, dtid 3] finish syscall #466: futex(0x1b51910, 265, 11, NULL, NULL, -1) = Ok(0) DETLOG_RECORD={"schema":1,"event":{"kind":"syscall_result","finished_syscall_number":466}}
2026-09-10T03:16:10.407910Z  INFO detcore: DETLOG [syscall][detcore, dtid 3] inbound syscall: futex(0x1b51910, 265, 11, NULL, NULL, -1) = ? DETLOG_RECORD={"schema":1,"event":{"kind":"syscall"}}
2026-09-10T03:16:10.407927Z  INFO detcore: DETLOG [syscall][detcore, dtid 3] finish syscall #467: futex(0x1b51910, 265, 11, NULL, NULL, -1) = Ok(0) DETLOG_RECORD={"schema":1,"event":{"kind":"syscall_result","finished_syscall_number":467}}
2026-09-10T03:16:10.407951Z  INFO detcore: DETLOG [syscall][detcore, dtid 3] inbound syscall: futex(0x1b51910, 265, 11, NULL, NULL, -1) = ? DETLOG_RECORD={"schema":1,"event":{"kind":"syscall"}}
2026-09-10T03:16:10.407969Z  INFO detcore: DETLOG [syscall][detcore, dtid 3] finish syscall #468: futex(0x1b51910, 265, 11, NULL, NULL, -1) = Ok(0) DETLOG_RECORD={"schema":1,"event":{"kind":"syscall_result","finished_syscall_number":468}}
2026-09-10T03:16:10.407993Z  INFO detcore: DETLOG [syscall][detcore, dtid 3] inbound syscall: futex(0x1b51910, 265, 11, NULL, NULL, -1) = ? DETLOG_RECORD={"schema":1,"event":{"kind":"syscall"}}
2026-09-10T03:16:10.408010Z  INFO detcore: DETLOG [syscall][detcore, dtid 3] finish syscall #469: futex(0x1b51910, 265, 11, NULL, NULL, -1) = Ok(0) DETLOG_RECORD={"schema":1,"event":{"kind":"syscall_result","finished_syscall_number":469}}
2026-09-10T03:16:10.408034Z  INFO detcore: DETLOG [syscall][detcore, dtid 3] inbound syscall: futex(0x1b51910, 265, 11, NULL, NULL, -1) = ? DETLOG_RECORD={"schema":1,"event":{"kind":"syscall"}}
2026-09-10T03:16:10.408052Z  INFO detcore: DETLOG [syscall][detcore, dtid 3] finish syscall #470: futex(0x1b51910, 265, 11, NULL, NULL, -1) = Ok(0) DETLOG_RECORD={"schema":1,"event":{"kind":"syscall_result","finished_syscall_number":470}}
2026-09-10T03:16:10.408076Z  INFO detcore: DETLOG [syscall][detcore, dtid 3] inbound syscall: futex(0x1b51910, 265, 11, NULL, NULL, -1) = ? DETLOG_RECORD={"schema":1,"event":{"kind":"syscall"}}
2026-09-10T03:16:10.408094Z  INFO detcore: DETLOG [syscall][detcore, dtid 3] finish syscall #471: futex(0x1b51910, 265, 11, NULL, NULL, -1) = Ok(0) DETLOG_RECORD={"schema":1,"event":{"kind":"syscall_result","finished_syscall_number":471}}
2026-09-10T03:16:10.408118Z  INFO detcore: DETLOG [syscall][detcore, dtid 3] inbound syscall: futex(0x1b51910, 265, 11, NULL, NULL, -1) = ? DETLOG_RECORD={"schema":1,"event":{"kind":"syscall"}}
2026-09-10T03:16:10.408136Z  INFO detcore: DETLOG [syscall][detcore, dtid 3] finish syscall #472: futex(0x1b51910, 265, 11, NULL, NULL, -1) = Ok(0) DETLOG_RECORD={"schema":1,"event":{"kind":"syscall_result","finished_syscall_number":472}}
2026-09-10T03:16:10.408160Z  INFO detcore: DETLOG [syscall][detcore, dtid 3] inbound syscall: futex(0x1b51910, 265, 11, NULL, NULL, -1) = ? DETLOG_RECORD={"schema":1,"event":{"kind":"syscall"}}
2026-09-10T03:16:10.408177Z  INFO detcore: DETLOG [syscall][detcore, dtid 3] finish syscall #473: futex(0x1b51910, 265, 11, NULL, NULL, -1) = Ok(0) DETLOG_RECORD={"schema":1,"event":{"kind":"syscall_result","finished_syscall_number":473}}
2026-09-10T03:16:10.408201Z  INFO detcore: DETLOG [syscall][detcore, dtid 3] inbound syscall: futex(0x1b51910, 265, 11, NULL, NULL, -1) = ? DETLOG_RECORD={"schema":1,"event":{"kind":"syscall"}}
2026-09-10T03:16:10.408219Z  INFO detcore: DETLOG [syscall][detcore, dtid 3] finish syscall #474: futex(0x1b51910, 265, 11, NULL, NULL, -1) = Ok(0) DETLOG_RECORD={"schema":1,"event":{"kind":"syscall_result","finished_syscall_number":474}}
2026-09-10T03:16:10.408244Z  INFO detcore: DETLOG [syscall][detcore, dtid 3] inbound syscall: futex(0x1b51910, 265, 11, NULL, NULL, -1) = ? DETLOG_RECORD={"schema":1,"event":{"kind":"syscall"}}
2026-09-10T03:16:10.408263Z  INFO detcore: DETLOG [syscall][detcore, dtid 3] finish syscall #475: futex(0x1b51910, 265, 11, NULL, NULL, -1) = Ok(0) DETLOG_RECORD={"schema":1,"event":{"kind":"syscall_result","finished_syscall_number":475}}
2026-09-10T03:16:10.408287Z  INFO detcore: DETLOG [syscall][detcore, dtid 3] inbound syscall: futex(0x1b51910, 265, 11, NULL, NULL, -1) = ? DETLOG_RECORD={"schema":1,"event":{"kind":"syscall"}}
2026-09-10T03:16:10.408304Z  INFO detcore: DETLOG [syscall][detcore, dtid 3] finish syscall #476: futex(0x1b51910, 265, 11, NULL, NULL, -1) = Ok(0) DETLOG_RECORD={"schema":1,"event":{"kind":"syscall_result","finished_syscall_number":476}}
2026-09-10T03:16:10.408328Z  INFO detcore: DETLOG [syscall][detcore, dtid 3] inbound syscall: futex(0x1b51910, 265, 11, NULL, NULL, -1) = ? DETLOG_RECORD={"schema":1,"event":{"kind":"syscall"}}
2026-09-10T03:16:10.408346Z  INFO detcore: DETLOG [syscall][detcore, dtid 3] finish syscall #477: futex(0x1b51910, 265, 11, NULL, NULL, -1) = Ok(0) DETLOG_RECORD={"schema":1,"event":{"kind":"syscall_result","finished_syscall_number":477}}
2026-09-10T03:16:10.408370Z  INFO detcore: DETLOG [syscall][detcore, dtid 3] inbound syscall: futex(0x1b51910, 265, 11, NULL, NULL, -1) = ? DETLOG_RECORD={"schema":1,"event":{"kind":"syscall"}}
2026-09-10T03:16:10.408387Z  INFO detcore: DETLOG [syscall][detcore, dtid 3] finish syscall #478: futex(0x1b51910, 265, 11, NULL, NULL, -1) = Ok(0) DETLOG_RECORD={"schema":1,"event":{"kind":"syscall_result","finished_syscall_number":478}}
2026-09-10T03:16:10.408411Z  INFO detcore: DETLOG [syscall][detcore, dtid 3] inbound syscall: futex(0x1b51910, 265, 11, NULL, NULL, -1) = ? DETLOG_RECORD={"schema":1,"event":{"kind":"syscall"}}
2026-09-10T03:16:10.408429Z  INFO detcore: DETLOG [syscall][detcore, dtid 3] finish syscall #479: futex(0x1b51910, 265, 11, NULL, NULL, -1) = Ok(0) DETLOG_RECORD={"schema":1,"event":{"kind":"syscall_result","finished_syscall_number":479}}
2026-09-10T03:16:10.408453Z  INFO detcore: DETLOG [syscall][detcore, dtid 3] inbound syscall: futex(0x1b51910, 265, 11, NULL, NULL, -1) = ? DETLOG_RECORD={"schema":1,"event":{"kind":"syscall"}}
2026-09-10T03:16:10.408470Z  INFO detcore: DETLOG [syscall][detcore, dtid 3] finish syscall #480: futex(0x1b51910, 265, 11, NULL, NULL, -1) = Ok(0) DETLOG_RECORD={"schema":1,"event":{"kind":"syscall_result","finished_syscall_number":480}}
2026-09-10T03:16:10.408495Z  INFO detcore: DETLOG [syscall][detcore, dtid 3] inbound syscall: futex(0x1b51910, 265, 11, NULL, NULL, -1) = ? DETLOG_RECORD={"schema":1,"event":{"kind":"syscall"}}
2026-09-10T03:16:10.408512Z  INFO detcore: DETLOG [syscall][detcore, dtid 3] finish syscall #481: futex(0x1b51910, 265, 11, NULL, NULL, -1) = Ok(0) DETLOG_RECORD={"schema":1,"event":{"kind":"syscall_result","finished_syscall_number":481}}
2026-09-10T03:16:10.408536Z  INFO detcore: DETLOG [syscall][detcore, dtid 3] inbound syscall: futex(0x1b51910, 265, 11, NULL, NULL, -1) = ? DETLOG_RECORD={"schema":1,"event":{"kind":"syscall"}}
2026-09-10T03:16:10.408553Z  INFO detcore: DETLOG [syscall][detcore, dtid 3] finish syscall #482: futex(0x1b51910, 265, 11, NULL, NULL, -1) = Ok(0) DETLOG_RECORD={"schema":1,"event":{"kind":"syscall_result","finished_syscall_number":482}}
2026-09-10T03:16:10.408578Z  INFO detcore: DETLOG [syscall][detcore, dtid 3] inbound syscall: futex(0x1b51910, 265, 11, NULL, NULL, -1) = ? DETLOG_RECORD={"schema":1,"event":{"kind":"syscall"}}
2026-09-10T03:16:10.408595Z  INFO detcore: DETLOG [syscall][detcore, dtid 3] finish syscall #483: futex(0x1b51910, 265, 11, NULL, NULL, -1) = Ok(0) DETLOG_RECORD={"schema":1,"event":{"kind":"syscall_result","finished_syscall_number":483}}
2026-09-10T03:16:10.408621Z  INFO detcore: DETLOG [syscall][detcore, dtid 3] inbound syscall: futex(0x1b51910, 265, 11, NULL, NULL, -1) = ? DETLOG_RECORD={"schema":1,"event":{"kind":"syscall"}}
2026-09-10T03:16:10.408639Z  INFO detcore: DETLOG [syscall][detcore, dtid 3] finish syscall #484: futex(0x1b51910, 265, 11, NULL, NULL, -1) = Ok(0) DETLOG_RECORD={"schema":1,"event":{"kind":"syscall_result","finished_syscall_number":484}}
2026-09-10T03:16:10.408664Z  INFO detcore: DETLOG [syscall][detcore, dtid 3] inbound syscall: futex(0x1b51910, 265, 11, NULL, NULL, -1) = ? DETLOG_RECORD={"schema":1,"event":{"kind":"syscall"}}
2026-09-10T03:16:10.408681Z  INFO detcore: DETLOG [syscall][detcore, dtid 3] finish syscall #485: futex(0x1b51910, 265, 11, NULL, NULL, -1) = Ok(0) DETLOG_RECORD={"schema":1,"event":{"kind":"syscall_result","finished_syscall_number":485}}
2026-09-10T03:16:10.408705Z  INFO detcore: DETLOG [syscall][detcore, dtid 3] inbound syscall: futex(0x1b51910, 265, 11, NULL, NULL, -1) = ? DETLOG_RECORD={"schema":1,"event":{"kind":"syscall"}}
2026-09-10T03:16:10.408723Z  INFO detcore: DETLOG [syscall][detcore, dtid 3] finish syscall #486: futex(0x1b51910, 265, 11, NULL, NULL, -1) = Ok(0) DETLOG_RECORD={"schema":1,"event":{"kind":"syscall_result","finished_syscall_number":486}}
2026-09-10T03:16:10.408747Z  INFO detcore: DETLOG [syscall][detcore, dtid 3] inbound syscall: futex(0x1b51910, 265, 11, NULL, NULL, -1) = ? DETLOG_RECORD={"schema":1,"event":{"kind":"syscall"}}
2026-09-10T03:16:10.408765Z  INFO detcore: DETLOG [syscall][detcore, dtid 3] finish syscall #487: futex(0x1b51910, 265, 11, NULL, NULL, -1) = Ok(0) DETLOG_RECORD={"schema":1,"event":{"kind":"syscall_result","finished_syscall_number":487}}
2026-09-10T03:16:10.408795Z  INFO detcore: DETLOG [syscall][detcore, dtid 3] inbound syscall: futex(0x1b51910, 265, 11, NULL, NULL, -1) = ? DETLOG_RECORD={"schema":1,"event":{"kind":"syscall"}}
2026-09-10T03:16:10.408813Z  INFO detcore: DETLOG [syscall][detcore, dtid 3] finish syscall #488: futex(0x1b51910, 265, 11, NULL, NULL, -1) = Ok(0) DETLOG_RECORD={"schema":1,"event":{"kind":"syscall_result","finished_syscall_number":488}}
2026-09-10T03:16:10.408838Z  INFO detcore: DETLOG [syscall][detcore, dtid 3] inbound syscall: futex(0x1b51910, 265, 11, NULL, NULL, -1) = ? DETLOG_RECORD={"schema":1,"event":{"kind":"syscall"}}
2026-09-10T03:16:10.408855Z  INFO detcore: DETLOG [syscall][detcore, dtid 3] finish syscall #489: futex(0x1b51910, 265, 11, NULL, NULL, -1) = Ok(0) DETLOG_RECORD={"schema":1,"event":{"kind":"syscall_result","finished_syscall_number":489}}
2026-09-10T03:16:10.408879Z  INFO detcore: DETLOG [syscall][detcore, dtid 3] inbound syscall: futex(0x1b51910, 265, 11, NULL, NULL, -1) = ? DETLOG_RECORD={"schema":1,"event":{"kind":"syscall"}}
2026-09-10T03:16:10.408897Z  INFO detcore: DETLOG [syscall][detcore, dtid 3] finish syscall #490: futex(0x1b51910, 265, 11, NULL, NULL, -1) = Ok(0) DETLOG_RECORD={"schema":1,"event":{"kind":"syscall_result","finished_syscall_number":490}}
2026-09-10T03:16:10.408921Z  INFO detcore: DETLOG [syscall][detcore, dtid 3] inbound syscall: futex(0x1b51910, 265, 11, NULL, NULL, -1) = ? DETLOG_RECORD={"schema":1,"event":{"kind":"syscall"}}
2026-09-10T03:16:10.408939Z  INFO detcore: DETLOG [syscall][detcore, dtid 3] finish syscall #491: futex(0x1b51910, 265, 11, NULL, NULL, -1) = Ok(0) DETLOG_RECORD={"schema":1,"event":{"kind":"syscall_result","finished_syscall_number":491}}
2026-09-10T03:16:10.408963Z  INFO detcore: DETLOG [syscall][detcore, dtid 3] inbound syscall: futex(0x1b51910, 265, 11, NULL, NULL, -1) = ? DETLOG_RECORD={"schema":1,"event":{"kind":"syscall"}}
2026-09-10T03:16:10.408981Z  INFO detcore: DETLOG [syscall][detcore, dtid 3] finish syscall #492: futex(0x1b51910, 265, 11, NULL, NULL, -1) = Ok(0) DETLOG_RECORD={"schema":1,"event":{"kind":"syscall_result","finished_syscall_number":492}}
2026-09-10T03:16:10.409005Z  INFO detcore: DETLOG [syscall][detcore, dtid 3] inbound syscall: futex(0x1b51910, 265, 11, NULL, NULL, -1) = ? DETLOG_RECORD={"schema":1,"event":{"kind":"syscall"}}
2026-09-10T03:16:10.409024Z  INFO detcore: DETLOG [syscall][detcore, dtid 3] finish syscall #493: futex(0x1b51910, 265, 11, NULL, NULL, -1) = Ok(0) DETLOG_RECORD={"schema":1,"event":{"kind":"syscall_result","finished_syscall_number":493}}
2026-09-10T03:16:10.409049Z  INFO detcore: DETLOG [syscall][detcore, dtid 3] inbound syscall: futex(0x1b51910, 265, 11, NULL, NULL, -1) = ? DETLOG_RECORD={"schema":1,"event":{"kind":"syscall"}}
2026-09-10T03:16:10.409066Z  INFO detcore: DETLOG [syscall][detcore, dtid 3] finish syscall #494: futex(0x1b51910, 265, 11, NULL, NULL, -1) = Ok(0) DETLOG_RECORD={"schema":1,"event":{"kind":"syscall_result","finished_syscall_number":494}}
2026-09-10T03:16:10.409090Z  INFO detcore: DETLOG [syscall][detcore, dtid 3] inbound syscall: futex(0x1b51910, 265, 11, NULL, NULL, -1) = ? DETLOG_RECORD={"schema":1,"event":{"kind":"syscall"}}
2026-09-10T03:16:10.409108Z  INFO detcore: DETLOG [syscall][detcore, dtid 3] finish syscall #495: futex(0x1b51910, 265, 11, NULL, NULL, -1) = Ok(0) DETLOG_RECORD={"schema":1,"event":{"kind":"syscall_result","finished_syscall_number":495}}
2026-09-10T03:16:10.409132Z  INFO detcore: DETLOG [syscall][detcore, dtid 3] inbound syscall: futex(0x1b51910, 265, 11, NULL, NULL, -1) = ? DETLOG_RECORD={"schema":1,"event":{"kind":"syscall"}}
2026-09-10T03:16:10.409150Z  INFO detcore: DETLOG [syscall][detcore, dtid 3] finish syscall #496: futex(0x1b51910, 265, 11, NULL, NULL, -1) = Ok(0) DETLOG_RECORD={"schema":1,"event":{"kind":"syscall_result","finished_syscall_number":496}}
2026-09-10T03:16:10.409174Z  INFO detcore: DETLOG [syscall][detcore, dtid 3] inbound syscall: futex(0x1b51910, 265, 11, NULL, NULL, -1) = ? DETLOG_RECORD={"schema":1,"event":{"kind":"syscall"}}
2026-09-10T03:16:10.409192Z  INFO detcore: DETLOG [syscall][detcore, dtid 3] finish syscall #497: futex(0x1b51910, 265, 11, NULL, NULL, -1) = Ok(0) DETLOG_RECORD={"schema":1,"event":{"kind":"syscall_result","finished_syscall_number":497}}
2026-09-10T03:16:10.409216Z  INFO detcore: DETLOG [syscall][detcore, dtid 3] inbound syscall: futex(0x1b51910, 265, 11, NULL, NULL, -1) = ? DETLOG_RECORD={"schema":1,"event":{"kind":"syscall"}}
2026-09-10T03:16:10.409234Z  INFO detcore: DETLOG [syscall][detcore, dtid 3] finish syscall #498: futex(0x1b51910, 265, 11, NULL, NULL, -1) = Ok(0) DETLOG_RECORD={"schema":1,"event":{"kind":"syscall_result","finished_syscall_number":498}}
2026-09-10T03:16:10.409258Z  INFO detcore: DETLOG [syscall][detcore, dtid 3] inbound syscall: futex(0x1b51910, 265, 11, NULL, NULL, -1) = ? DETLOG_RECORD={"schema":1,"event":{"kind":"syscall"}}
2026-09-10T03:16:10.409275Z  INFO detcore: DETLOG [syscall][detcore, dtid 3] finish syscall #499: futex(0x1b51910, 265, 11, NULL, NULL, -1) = Ok(0) DETLOG_RECORD={"schema":1,"event":{"kind":"syscall_result","finished_syscall_number":499}}
2026-09-10T03:16:10.409300Z  INFO detcore: DETLOG [syscall][detcore, dtid 3] inbound syscall: futex(0x1b51910, 265, 11, NULL, NULL, -1) = ? DETLOG_RECORD={"schema":1,"event":{"kind":"syscall"}}
2026-09-10T03:16:10.409317Z  INFO detcore: DETLOG [syscall][detcore, dtid 3] finish syscall #500: futex(0x1b51910, 265, 11, NULL, NULL, -1) = Ok(0) DETLOG_RECORD={"schema":1,"event":{"kind":"syscall_result","finished_syscall_number":500}}
2026-09-10T03:16:10.409341Z  INFO detcore: DETLOG [syscall][detcore, dtid 3] inbound syscall: futex(0x1b51910, 265, 11, NULL, NULL, -1) = ? DETLOG_RECORD={"schema":1,"event":{"kind":"syscall"}}
2026-09-10T03:16:10.409359Z  INFO detcore: DETLOG [syscall][detcore, dtid 3] finish syscall #501: futex(0x1b51910, 265, 11, NULL, NULL, -1) = Ok(0) DETLOG_RECORD={"schema":1,"event":{"kind":"syscall_result","finished_syscall_number":501}}
2026-09-10T03:16:10.409383Z  INFO detcore: DETLOG [syscall][detcore, dtid 3] inbound syscall: futex(0x1b51910, 265, 11, NULL, NULL, -1) = ? DETLOG_RECORD={"schema":1,"event":{"kind":"syscall"}}
2026-09-10T03:16:10.409401Z  INFO detcore: DETLOG [syscall][detcore, dtid 3] finish syscall #502: futex(0x1b51910, 265, 11, NULL, NULL, -1) = Ok(0) DETLOG_RECORD={"schema":1,"event":{"kind":"syscall_result","finished_syscall_number":502}}
2026-09-10T03:16:10.409426Z  INFO detcore: DETLOG [syscall][detcore, dtid 3] inbound syscall: futex(0x1b51910, 265, 11, NULL, NULL, -1) = ? DETLOG_RECORD={"schema":1,"event":{"kind":"syscall"}}
2026-09-10T03:16:10.409444Z  INFO detcore: DETLOG [syscall][detcore, dtid 3] finish syscall #503: futex(0x1b51910, 265, 11, NULL, NULL, -1) = Ok(0) DETLOG_RECORD={"schema":1,"event":{"kind":"syscall_result","finished_syscall_number":503}}
2026-09-10T03:16:10.409468Z  INFO detcore: DETLOG [syscall][detcore, dtid 3] inbound syscall: futex(0x1b51910, 265, 11, NULL, NULL, -1) = ? DETLOG_RECORD={"schema":1,"event":{"kind":"syscall"}}
2026-09-10T03:16:10.409486Z  INFO detcore: DETLOG [syscall][detcore, dtid 3] finish syscall #504: futex(0x1b51910, 265, 11, NULL, NULL, -1) = Ok(0) DETLOG_RECORD={"schema":1,"event":{"kind":"syscall_result","finished_syscall_number":504}}
2026-09-10T03:16:10.409510Z  INFO detcore: DETLOG [syscall][detcore, dtid 3] inbound syscall: futex(0x1b51910, 265, 11, NULL, NULL, -1) = ? DETLOG_RECORD={"schema":1,"event":{"kind":"syscall"}}
2026-09-10T03:16:10.409527Z  INFO detcore: DETLOG [syscall][detcore, dtid 3] finish syscall #505: futex(0x1b51910, 265, 11, NULL, NULL, -1) = Ok(0) DETLOG_RECORD={"schema":1,"event":{"kind":"syscall_result","finished_syscall_number":505}}
2026-09-10T03:16:10.409551Z  INFO detcore: DETLOG [syscall][detcore, dtid 3] inbound syscall: futex(0x1b51910, 265, 11, NULL, NULL, -1) = ? DETLOG_RECORD={"schema":1,"event":{"kind":"syscall"}}
2026-09-10T03:16:10.409569Z  INFO detcore: DETLOG [syscall][detcore, dtid 3] finish syscall #506: futex(0x1b51910, 265, 11, NULL, NULL, -1) = Ok(0) DETLOG_RECORD={"schema":1,"event":{"kind":"syscall_result","finished_syscall_number":506}}
2026-09-10T03:16:10.409593Z  INFO detcore: DETLOG [syscall][detcore, dtid 3] inbound syscall: futex(0x1b51910, 265, 11, NULL, NULL, -1) = ? DETLOG_RECORD={"schema":1,"event":{"kind":"syscall"}}
2026-09-10T03:16:10.409611Z  INFO detcore: DETLOG [syscall][detcore, dtid 3] finish syscall #507: futex(0x1b51910, 265, 11, NULL, NULL, -1) = Ok(0) DETLOG_RECORD={"schema":1,"event":{"kind":"syscall_result","finished_syscall_number":507}}
2026-09-10T03:16:10.409635Z  INFO detcore: DETLOG [syscall][detcore, dtid 3] inbound syscall: futex(0x1b51910, 265, 11, NULL, NULL, -1) = ? DETLOG_RECORD={"schema":1,"event":{"kind":"syscall"}}
2026-09-10T03:16:10.409652Z  INFO detcore: DETLOG [syscall][detcore, dtid 3] finish syscall #508: futex(0x1b51910, 265, 11, NULL, NULL, -1) = Ok(0) DETLOG_RECORD={"schema":1,"event":{"kind":"syscall_result","finished_syscall_number":508}}
2026-09-10T03:16:10.409676Z  INFO detcore: DETLOG [syscall][detcore, dtid 3] inbound syscall: futex(0x1b51910, 265, 11, NULL, NULL, -1) = ? DETLOG_RECORD={"schema":1,"event":{"kind":"syscall"}}
2026-09-10T03:16:10.409694Z  INFO detcore: DETLOG [syscall][detcore, dtid 3] finish syscall #509: futex(0x1b51910, 265, 11, NULL, NULL, -1) = Ok(0) DETLOG_RECORD={"schema":1,"event":{"kind":"syscall_result","finished_syscall_number":509}}
2026-09-10T03:16:10.409718Z  INFO detcore: DETLOG [syscall][detcore, dtid 3] inbound syscall: futex(0x1b51910, 265, 11, NULL, NULL, -1) = ? DETLOG_RECORD={"schema":1,"event":{"kind":"syscall"}}
2026-09-10T03:16:10.409735Z  INFO detcore: DETLOG [syscall][detcore, dtid 3] finish syscall #510: futex(0x1b51910, 265, 11, NULL, NULL, -1) = Ok(0) DETLOG_RECORD={"schema":1,"event":{"kind":"syscall_result","finished_syscall_number":510}}
2026-09-10T03:16:10.409759Z  INFO detcore: DETLOG [syscall][detcore, dtid 3] inbound syscall: futex(0x1b51910, 265, 11, NULL, NULL, -1) = ? DETLOG_RECORD={"schema":1,"event":{"kind":"syscall"}}
2026-09-10T03:16:10.409780Z  INFO detcore: DETLOG [syscall][detcore, dtid 3] finish syscall #511: futex(0x1b51910, 265, 11, NULL, NULL, -1) = Ok(0) DETLOG_RECORD={"schema":1,"event":{"kind":"syscall_result","finished_syscall_number":511}}
2026-09-10T03:16:10.409805Z  INFO detcore: DETLOG [syscall][detcore, dtid 3] inbound syscall: futex(0x1b51910, 265, 11, NULL, NULL, -1) = ? DETLOG_RECORD={"schema":1,"event":{"kind":"syscall"}}
2026-09-10T03:16:10.409824Z  INFO detcore: DETLOG [syscall][detcore, dtid 3] finish syscall #512: futex(0x1b51910, 265, 11, NULL, NULL, -1) = Ok(0) DETLOG_RECORD={"schema":1,"event":{"kind":"syscall_result","finished_syscall_number":512}}
2026-09-10T03:16:10.409848Z  INFO detcore: DETLOG [syscall][detcore, dtid 3] inbound syscall: futex(0x1b51910, 265, 11, NULL, NULL, -1) = ? DETLOG_RECORD={"schema":1,"event":{"kind":"syscall"}}
2026-09-10T03:16:10.409866Z  INFO detcore: DETLOG [syscall][detcore, dtid 3] finish syscall #513: futex(0x1b51910, 265, 11, NULL, NULL, -1) = Ok(0) DETLOG_RECORD={"schema":1,"event":{"kind":"syscall_result","finished_syscall_number":513}}
2026-09-10T03:16:10.409890Z  INFO detcore: DETLOG [syscall][detcore, dtid 3] inbound syscall: futex(0x1b51910, 265, 11, NULL, NULL, -1) = ? DETLOG_RECORD={"schema":1,"event":{"kind":"syscall"}}
2026-09-10T03:16:10.409908Z  INFO detcore: DETLOG [syscall][detcore, dtid 3] finish syscall #514: futex(0x1b51910, 265, 11, NULL, NULL, -1) = Ok(0) DETLOG_RECORD={"schema":1,"event":{"kind":"syscall_result","finished_syscall_number":514}}
2026-09-10T03:16:10.409932Z  INFO detcore: DETLOG [syscall][detcore, dtid 3] inbound syscall: futex(0x1b51910, 265, 11, NULL, NULL, -1) = ? DETLOG_RECORD={"schema":1,"event":{"kind":"syscall"}}
2026-09-10T03:16:10.409949Z  INFO detcore: DETLOG [syscall][detcore, dtid 3] finish syscall #515: futex(0x1b51910, 265, 11, NULL, NULL, -1) = Ok(0) DETLOG_RECORD={"schema":1,"event":{"kind":"syscall_result","finished_syscall_number":515}}
2026-09-10T03:16:10.410257Z  INFO detcore: DETLOG [syscall][detcore, dtid 3] inbound syscall: futex(0x1b51910, 265, 11, NULL, NULL, -1) = ? DETLOG_RECORD={"schema":1,"event":{"kind":"syscall"}}
2026-09-10T03:16:10.410273Z  INFO detcore::syscalls::threads: [detcore, dtid 3] Futex wait running immediately because it will fizzle (0 != 11).
2026-09-10T03:16:10.410283Z  INFO detcore: DETLOG [syscall][detcore, dtid 3] finish syscall #516: futex(0x1b51910, 265, 11, NULL, NULL, -1) = Err(Errno(EAGAIN)) DETLOG_RECORD={"schema":1,"event":{"kind":"syscall_result","finished_syscall_number":516}}
2026-09-10T03:16:10.410306Z  INFO detcore: DETLOG [syscall][detcore, dtid 3] inbound syscall: read(3, 0x3fffeb50, 8) = ? DETLOG_RECORD={"schema":1,"event":{"kind":"syscall"}}
2026-09-10T03:16:10.410379Z  INFO detcore::scheduler: [sched-step5] >>>>>>>

 COMMIT turn 696, dettid 3 using resources {InternalIOPolling: W}, on previously committed 1_767_225_600.216_395_500s DETLOG_RECORD={"schema":1,"event":{"kind":"scheduler_commit","scheduler_turn":696,"virtual_nanoseconds":1767225600216395500,"internal_io_poll":true,"runtime_maps_read":false}}
2026-09-10T03:16:10.410463Z  INFO detcore: DETLOG [syscall][detcore, dtid 3] finish syscall #517: read(3, 0x3fffeb50, 8) = Ok(8) DETLOG_RECORD={"schema":1,"event":{"kind":"syscall_result","finished_syscall_number":517}}
2026-09-10T03:16:10.410488Z  INFO detcore::io_buffers: DETLOG [iobuf][dtid 3] read in fd=3 0x3fffeb50+8->7c9fa136d4413fa6173637e883b6998d32e1d675f88cddff9dcbcf331820f4b8 DETLOG_RECORD={"schema":1,"event":{"kind":"other"}}
2026-09-10T03:16:10.410519Z  INFO detcore: DETLOG [syscall][detcore, dtid 3] inbound syscall: close(3) = ? DETLOG_RECORD={"schema":1,"event":{"kind":"syscall"}}
2026-09-10T03:16:10.410566Z  INFO detcore: DETLOG [syscall][detcore, dtid 3] finish syscall #518: close(3) = Ok(0) DETLOG_RECORD={"schema":1,"event":{"kind":"syscall_result","finished_syscall_number":518}}
2026-09-10T03:16:10.410590Z  INFO detcore: DETLOG [syscall][detcore, dtid 3] inbound syscall: socketpair(1, 1, 0, 0x3fffeb58) = ? DETLOG_RECORD={"schema":1,"event":{"kind":"syscall"}}
2026-09-10T03:16:10.410637Z  INFO detcore::syscalls::files: Injecting additional fstat to retrieve file metadata on fd 3.
2026-09-10T03:16:10.410662Z  INFO detcore::syscalls::files: Injecting additional fstat to retrieve file metadata on fd 4.
2026-09-10T03:16:10.410681Z  INFO detcore: DETLOG [syscall][detcore, dtid 3] finish syscall #519: socketpair(1, 1, 0, 0x3fffeb58) = Ok(0) DETLOG_RECORD={"schema":1,"event":{"kind":"syscall_result","finished_syscall_number":519}}
2026-09-10T03:16:10.410710Z  INFO detcore: DETLOG [syscall][detcore, dtid 3] inbound syscall: fcntl(4, F_GETFL) = ? DETLOG_RECORD={"schema":1,"event":{"kind":"syscall"}}
2026-09-10T03:16:10.410737Z  INFO detcore: DETLOG [syscall][detcore, dtid 3] finish syscall #520: fcntl(4, F_GETFL) = Ok(2) DETLOG_RECORD={"schema":1,"event":{"kind":"syscall_result","finished_syscall_number":520}}
2026-09-10T03:16:10.410757Z  INFO detcore: DETLOG [syscall][detcore, dtid 3] inbound syscall: fcntl(4, F_SETFL, 2050) = ? DETLOG_RECORD={"schema":1,"event":{"kind":"syscall"}}
2026-09-10T03:16:10.410784Z  INFO detcore: DETLOG [syscall][detcore, dtid 3] finish syscall #521: fcntl(4, F_SETFL, 2050) = Ok(0) DETLOG_RECORD={"schema":1,"event":{"kind":"syscall_result","finished_syscall_number":521}}
2026-09-10T03:16:10.410802Z  INFO detcore: DETLOG [syscall][detcore, dtid 3] inbound syscall: write(4, 0x3fffdae0, 4096) = ? DETLOG_RECORD={"schema":1,"event":{"kind":"syscall"}}
2026-09-10T03:16:10.410853Z  INFO detcore: DETLOG [syscall][detcore, dtid 3] finish syscall #522: write(4, 0x3fffdae0, 4096) = Ok(4096) DETLOG_RECORD={"schema":1,"event":{"kind":"syscall_result","finished_syscall_number":522}}
2026-09-10T03:16:10.410926Z  INFO detcore::io_buffers: DETLOG [iobuf][dtid 3] write out fd=4 0x3fffdae0+4096->1797ecdc67b266d5d8e2cbaccde6ba94832bf9fd692130f814eab087cb45d26f chunks=512:be9da2c7,be9da2c7,be9da2c7,be9da2c7,be9da2c7,be9da2c7,be9da2c7,be9da2c7 DETLOG_RECORD={"schema":1,"event":{"kind":"other"}}
2026-09-10T03:16:10.410952Z  INFO detcore: DETLOG [syscall][detcore, dtid 3] inbound syscall: write(4, 0x3fffdae0, 4096) = ? DETLOG_RECORD={"schema":1,"event":{"kind":"syscall"}}
2026-09-10T03:16:10.410982Z  INFO detcore: DETLOG [syscall][detcore, dtid 3] finish syscall #523: write(4, 0x3fffdae0, 4096) = Ok(4096) DETLOG_RECORD={"schema":1,"event":{"kind":"syscall_result","finished_syscall_number":523}}
2026-09-10T03:16:10.411041Z  INFO detcore::io_buffers: DETLOG [iobuf][dtid 3] write out fd=4 0x3fffdae0+4096->1797ecdc67b266d5d8e2cbaccde6ba94832bf9fd692130f814eab087cb45d26f chunks=512:be9da2c7,be9da2c7,be9da2c7,be9da2c7,be9da2c7,be9da2c7,be9da2c7,be9da2c7 DETLOG_RECORD={"schema":1,"event":{"kind":"other"}}
2026-09-10T03:16:10.411063Z  INFO detcore: DETLOG [syscall][detcore, dtid 3] inbound syscall: write(4, 0x3fffdae0, 4096) = ? DETLOG_RECORD={"schema":1,"event":{"kind":"syscall"}}
2026-09-10T03:16:10.411089Z  INFO detcore: DETLOG [syscall][detcore, dtid 3] finish syscall #524: write(4, 0x3fffdae0, 4096) = Ok(4096) DETLOG_RECORD={"schema":1,"event":{"kind":"syscall_result","finished_syscall_number":524}}
2026-09-10T03:16:10.411147Z  INFO detcore::io_buffers: DETLOG [iobuf][dtid 3] write out fd=4 0x3fffdae0+4096->1797ecdc67b266d5d8e2cbaccde6ba94832bf9fd692130f814eab087cb45d26f chunks=512:be9da2c7,be9da2c7,be9da2c7,be9da2c7,be9da2c7,be9da2c7,be9da2c7,be9da2c7 DETLOG_RECORD={"schema":1,"event":{"kind":"other"}}
2026-09-10T03:16:10.411168Z  INFO detcore: DETLOG [syscall][detcore, dtid 3] inbound syscall: write(4, 0x3fffdae0, 4096) = ? DETLOG_RECORD={"schema":1,"event":{"kind":"syscall"}}
2026-09-10T03:16:10.411193Z  INFO detcore: DETLOG [syscall][detcore, dtid 3] finish syscall #525: write(4, 0x3fffdae0, 4096) = Ok(4096) DETLOG_RECORD={"schema":1,"event":{"kind":"syscall_result","finished_syscall_number":525}}
2026-09-10T03:16:10.411250Z  INFO detcore::io_buffers: DETLOG [iobuf][dtid 3] write out fd=4 0x3fffdae0+4096->1797ecdc67b266d5d8e2cbaccde6ba94832bf9fd692130f814eab087cb45d26f chunks=512:be9da2c7,be9da2c7,be9da2c7,be9da2c7,be9da2c7,be9da2c7,be9da2c7,be9da2c7 DETLOG_RECORD={"schema":1,"event":{"kind":"other"}}
2026-09-10T03:16:10.411270Z  INFO detcore: DETLOG [syscall][detcore, dtid 3] inbound syscall: write(4, 0x3fffdae0, 4096) = ? DETLOG_RECORD={"schema":1,"event":{"kind":"syscall"}}
2026-09-10T03:16:10.411296Z  INFO detcore: DETLOG [syscall][detcore, dtid 3] finish syscall #526: write(4, 0x3fffdae0, 4096) = Ok(4096) DETLOG_RECORD={"schema":1,"event":{"kind":"syscall_result","finished_syscall_number":526}}
2026-09-10T03:16:10.411356Z  INFO detcore::io_buffers: DETLOG [iobuf][dtid 3] write out fd=4 0x3fffdae0+4096->1797ecdc67b266d5d8e2cbaccde6ba94832bf9fd692130f814eab087cb45d26f chunks=512:be9da2c7,be9da2c7,be9da2c7,be9da2c7,be9da2c7,be9da2c7,be9da2c7,be9da2c7 DETLOG_RECORD={"schema":1,"event":{"kind":"other"}}
2026-09-10T03:16:10.411379Z  INFO detcore: DETLOG [syscall][detcore, dtid 3] inbound syscall: write(4, 0x3fffdae0, 4096) = ? DETLOG_RECORD={"schema":1,"event":{"kind":"syscall"}}
2026-09-10T03:16:10.411406Z  INFO detcore: DETLOG [syscall][detcore, dtid 3] finish syscall #527: write(4, 0x3fffdae0, 4096) = Ok(4096) DETLOG_RECORD={"schema":1,"event":{"kind":"syscall_result","finished_syscall_number":527}}
2026-09-10T03:16:10.411463Z  INFO detcore::io_buffers: DETLOG [iobuf][dtid 3] write out fd=4 0x3fffdae0+4096->1797ecdc67b266d5d8e2cbaccde6ba94832bf9fd692130f814eab087cb45d26f chunks=512:be9da2c7,be9da2c7,be9da2c7,be9da2c7,be9da2c7,be9da2c7,be9da2c7,be9da2c7 DETLOG_RECORD={"schema":1,"event":{"kind":"other"}}
2026-09-10T03:16:10.411484Z  INFO detcore: DETLOG [syscall][detcore, dtid 3] inbound syscall: write(4, 0x3fffdae0, 4096) = ? DETLOG_RECORD={"schema":1,"event":{"kind":"syscall"}}
2026-09-10T03:16:10.411510Z  INFO detcore: DETLOG [syscall][detcore, dtid 3] finish syscall #528: write(4, 0x3fffdae0, 4096) = Ok(4096) DETLOG_RECORD={"schema":1,"event":{"kind":"syscall_result","finished_syscall_number":528}}
2026-09-10T03:16:10.411566Z  INFO detcore::io_buffers: DETLOG [iobuf][dtid 3] write out fd=4 0x3fffdae0+4096->1797ecdc67b266d5d8e2cbaccde6ba94832bf9fd692130f814eab087cb45d26f chunks=512:be9da2c7,be9da2c7,be9da2c7,be9da2c7,be9da2c7,be9da2c7,be9da2c7,be9da2c7 DETLOG_RECORD={"schema":1,"event":{"kind":"other"}}
2026-09-10T03:16:10.411587Z  INFO detcore: DETLOG [syscall][detcore, dtid 3] inbound syscall: write(4, 0x3fffdae0, 4096) = ? DETLOG_RECORD={"schema":1,"event":{"kind":"syscall"}}
2026-09-10T03:16:10.411613Z  INFO detcore: DETLOG [syscall][detcore, dtid 3] finish syscall #529: write(4, 0x3fffdae0, 4096) = Ok(4096) DETLOG_RECORD={"schema":1,"event":{"kind":"syscall_result","finished_syscall_number":529}}
2026-09-10T03:16:10.411670Z  INFO detcore::io_buffers: DETLOG [iobuf][dtid 3] write out fd=4 0x3fffdae0+4096->1797ecdc67b266d5d8e2cbaccde6ba94832bf9fd692130f814eab087cb45d26f chunks=512:be9da2c7,be9da2c7,be9da2c7,be9da2c7,be9da2c7,be9da2c7,be9da2c7,be9da2c7 DETLOG_RECORD={"schema":1,"event":{"kind":"other"}}
2026-09-10T03:16:10.411690Z  INFO detcore: DETLOG [syscall][detcore, dtid 3] inbound syscall: write(4, 0x3fffdae0, 4096) = ? DETLOG_RECORD={"schema":1,"event":{"kind":"syscall"}}
2026-09-10T03:16:10.411716Z  INFO detcore: DETLOG [syscall][detcore, dtid 3] finish syscall #530: write(4, 0x3fffdae0, 4096) = Ok(4096) DETLOG_RECORD={"schema":1,"event":{"kind":"syscall_result","finished_syscall_number":530}}
2026-09-10T03:16:10.411778Z  INFO detcore::io_buffers: DETLOG [iobuf][dtid 3] write out fd=4 0x3fffdae0+4096->1797ecdc67b266d5d8e2cbaccde6ba94832bf9fd692130f814eab087cb45d26f chunks=512:be9da2c7,be9da2c7,be9da2c7,be9da2c7,be9da2c7,be9da2c7,be9da2c7,be9da2c7 DETLOG_RECORD={"schema":1,"event":{"kind":"other"}}
2026-09-10T03:16:10.411800Z  INFO detcore: DETLOG [syscall][detcore, dtid 3] inbound syscall: write(4, 0x3fffdae0, 4096) = ? DETLOG_RECORD={"schema":1,"event":{"kind":"syscall"}}
2026-09-10T03:16:10.411826Z  INFO detcore: DETLOG [syscall][detcore, dtid 3] finish syscall #531: write(4, 0x3fffdae0, 4096) = Ok(4096) DETLOG_RECORD={"schema":1,"event":{"kind":"syscall_result","finished_syscall_number":531}}
2026-09-10T03:16:10.411884Z  INFO detcore::io_buffers: DETLOG [iobuf][dtid 3] write out fd=4 0x3fffdae0+4096->1797ecdc67b266d5d8e2cbaccde6ba94832bf9fd692130f814eab087cb45d26f chunks=512:be9da2c7,be9da2c7,be9da2c7,be9da2c7,be9da2c7,be9da2c7,be9da2c7,be9da2c7 DETLOG_RECORD={"schema":1,"event":{"kind":"other"}}
2026-09-10T03:16:10.411904Z  INFO detcore: DETLOG [syscall][detcore, dtid 3] inbound syscall: write(4, 0x3fffdae0, 4096) = ? DETLOG_RECORD={"schema":1,"event":{"kind":"syscall"}}
2026-09-10T03:16:10.411932Z  INFO detcore: DETLOG [syscall][detcore, dtid 3] finish syscall #532: write(4, 0x3fffdae0, 4096) = Ok(4096) DETLOG_RECORD={"schema":1,"event":{"kind":"syscall_result","finished_syscall_number":532}}
2026-09-10T03:16:10.411991Z  INFO detcore::io_buffers: DETLOG [iobuf][dtid 3] write out fd=4 0x3fffdae0+4096->1797ecdc67b266d5d8e2cbaccde6ba94832bf9fd692130f814eab087cb45d26f chunks=512:be9da2c7,be9da2c7,be9da2c7,be9da2c7,be9da2c7,be9da2c7,be9da2c7,be9da2c7 DETLOG_RECORD={"schema":1,"event":{"kind":"other"}}
2026-09-10T03:16:10.412012Z  INFO detcore: DETLOG [syscall][detcore, dtid 3] inbound syscall: write(4, 0x3fffdae0, 4096) = ? DETLOG_RECORD={"schema":1,"event":{"kind":"syscall"}}
2026-09-10T03:16:10.412038Z  INFO detcore: DETLOG [syscall][detcore, dtid 3] finish syscall #533: write(4, 0x3fffdae0, 4096) = Ok(4096) DETLOG_RECORD={"schema":1,"event":{"kind":"syscall_result","finished_syscall_number":533}}
2026-09-10T03:16:10.412095Z  INFO detcore::io_buffers: DETLOG [iobuf][dtid 3] write out fd=4 0x3fffdae0+4096->1797ecdc67b266d5d8e2cbaccde6ba94832bf9fd692130f814eab087cb45d26f chunks=512:be9da2c7,be9da2c7,be9da2c7,be9da2c7,be9da2c7,be9da2c7,be9da2c7,be9da2c7 DETLOG_RECORD={"schema":1,"event":{"kind":"other"}}
2026-09-10T03:16:10.412115Z  INFO detcore: DETLOG [syscall][detcore, dtid 3] inbound syscall: write(4, 0x3fffdae0, 4096) = ? DETLOG_RECORD={"schema":1,"event":{"kind":"syscall"}}
2026-09-10T03:16:10.412141Z  INFO detcore: DETLOG [syscall][detcore, dtid 3] finish syscall #534: write(4, 0x3fffdae0, 4096) = Ok(4096) DETLOG_RECORD={"schema":1,"event":{"kind":"syscall_result","finished_syscall_number":534}}
2026-09-10T03:16:10.412197Z  INFO detcore::io_buffers: DETLOG [iobuf][dtid 3] write out fd=4 0x3fffdae0+4096->1797ecdc67b266d5d8e2cbaccde6ba94832bf9fd692130f814eab087cb45d26f chunks=512:be9da2c7,be9da2c7,be9da2c7,be9da2c7,be9da2c7,be9da2c7,be9da2c7,be9da2c7 DETLOG_RECORD={"schema":1,"event":{"kind":"other"}}
2026-09-10T03:16:10.412218Z  INFO detcore: DETLOG [syscall][detcore, dtid 3] inbound syscall: write(4, 0x3fffdae0, 4096) = ? DETLOG_RECORD={"schema":1,"event":{"kind":"syscall"}}
2026-09-10T03:16:10.412243Z  INFO detcore: DETLOG [syscall][detcore, dtid 3] finish syscall #535: write(4, 0x3fffdae0, 4096) = Ok(4096) DETLOG_RECORD={"schema":1,"event":{"kind":"syscall_result","finished_syscall_number":535}}
2026-09-10T03:16:10.412300Z  INFO detcore::io_buffers: DETLOG [iobuf][dtid 3] write out fd=4 0x3fffdae0+4096->1797ecdc67b266d5d8e2cbaccde6ba94832bf9fd692130f814eab087cb45d26f chunks=512:be9da2c7,be9da2c7,be9da2c7,be9da2c7,be9da2c7,be9da2c7,be9da2c7,be9da2c7 DETLOG_RECORD={"schema":1,"event":{"kind":"other"}}
2026-09-10T03:16:10.412321Z  INFO detcore: DETLOG [syscall][detcore, dtid 3] inbound syscall: write(4, 0x3fffdae0, 4096) = ? DETLOG_RECORD={"schema":1,"event":{"kind":"syscall"}}
2026-09-10T03:16:10.412346Z  INFO detcore: DETLOG [syscall][detcore, dtid 3] finish syscall #536: write(4, 0x3fffdae0, 4096) = Ok(4096) DETLOG_RECORD={"schema":1,"event":{"kind":"syscall_result","finished_syscall_number":536}}
2026-09-10T03:16:10.412402Z  INFO detcore::io_buffers: DETLOG [iobuf][dtid 3] write out fd=4 0x3fffdae0+4096->1797ecdc67b266d5d8e2cbaccde6ba94832bf9fd692130f814eab087cb45d26f chunks=512:be9da2c7,be9da2c7,be9da2c7,be9da2c7,be9da2c7,be9da2c7,be9da2c7,be9da2c7 DETLOG_RECORD={"schema":1,"event":{"kind":"other"}}
2026-09-10T03:16:10.412423Z  INFO detcore: DETLOG [syscall][detcore, dtid 3] inbound syscall: write(4, 0x3fffdae0, 4096) = ? DETLOG_RECORD={"schema":1,"event":{"kind":"syscall"}}
2026-09-10T03:16:10.412449Z  INFO detcore: DETLOG [syscall][detcore, dtid 3] finish syscall #537: write(4, 0x3fffdae0, 4096) = Ok(4096) DETLOG_RECORD={"schema":1,"event":{"kind":"syscall_result","finished_syscall_number":537}}
2026-09-10T03:16:10.412508Z  INFO detcore::io_buffers: DETLOG [iobuf][dtid 3] write out fd=4 0x3fffdae0+4096->1797ecdc67b266d5d8e2cbaccde6ba94832bf9fd692130f814eab087cb45d26f chunks=512:be9da2c7,be9da2c7,be9da2c7,be9da2c7,be9da2c7,be9da2c7,be9da2c7,be9da2c7 DETLOG_RECORD={"schema":1,"event":{"kind":"other"}}
2026-09-10T03:16:10.412530Z  INFO detcore: DETLOG [syscall][detcore, dtid 3] inbound syscall: write(4, 0x3fffdae0, 4096) = ? DETLOG_RECORD={"schema":1,"event":{"kind":"syscall"}}
2026-09-10T03:16:10.412558Z  INFO detcore: DETLOG [syscall][detcore, dtid 3] finish syscall #538: write(4, 0x3fffdae0, 4096) = Ok(4096) DETLOG_RECORD={"schema":1,"event":{"kind":"syscall_result","finished_syscall_number":538}}
2026-09-10T03:16:10.412615Z  INFO detcore::io_buffers: DETLOG [iobuf][dtid 3] write out fd=4 0x3fffdae0+4096->1797ecdc67b266d5d8e2cbaccde6ba94832bf9fd692130f814eab087cb45d26f chunks=512:be9da2c7,be9da2c7,be9da2c7,be9da2c7,be9da2c7,be9da2c7,be9da2c7,be9da2c7 DETLOG_RECORD={"schema":1,"event":{"kind":"other"}}
2026-09-10T03:16:10.412636Z  INFO detcore: DETLOG [syscall][detcore, dtid 3] inbound syscall: write(4, 0x3fffdae0, 4096) = ? DETLOG_RECORD={"schema":1,"event":{"kind":"syscall"}}
2026-09-10T03:16:10.412661Z  INFO detcore: DETLOG [syscall][detcore, dtid 3] finish syscall #539: write(4, 0x3fffdae0, 4096) = Ok(4096) DETLOG_RECORD={"schema":1,"event":{"kind":"syscall_result","finished_syscall_number":539}}
2026-09-10T03:16:10.412718Z  INFO detcore::io_buffers: DETLOG [iobuf][dtid 3] write out fd=4 0x3fffdae0+4096->1797ecdc67b266d5d8e2cbaccde6ba94832bf9fd692130f814eab087cb45d26f chunks=512:be9da2c7,be9da2c7,be9da2c7,be9da2c7,be9da2c7,be9da2c7,be9da2c7,be9da2c7 DETLOG_RECORD={"schema":1,"event":{"kind":"other"}}
2026-09-10T03:16:10.412739Z  INFO detcore: DETLOG [syscall][detcore, dtid 3] inbound syscall: write(4, 0x3fffdae0, 4096) = ? DETLOG_RECORD={"schema":1,"event":{"kind":"syscall"}}
2026-09-10T03:16:10.412765Z  INFO detcore: DETLOG [syscall][detcore, dtid 3] finish syscall #540: write(4, 0x3fffdae0, 4096) = Ok(4096) DETLOG_RECORD={"schema":1,"event":{"kind":"syscall_result","finished_syscall_number":540}}
2026-09-10T03:16:10.412871Z  INFO detcore::io_buffers: DETLOG [iobuf][dtid 3] write out fd=4 0x3fffdae0+4096->1797ecdc67b266d5d8e2cbaccde6ba94832bf9fd692130f814eab087cb45d26f chunks=512:be9da2c7,be9da2c7,be9da2c7,be9da2c7,be9da2c7,be9da2c7,be9da2c7,be9da2c7 DETLOG_RECORD={"schema":1,"event":{"kind":"other"}}
2026-09-10T03:16:10.412896Z  INFO detcore: DETLOG [syscall][detcore, dtid 3] inbound syscall: write(4, 0x3fffdae0, 4096) = ? DETLOG_RECORD={"schema":1,"event":{"kind":"syscall"}}
2026-09-10T03:16:10.412926Z  INFO detcore: DETLOG [syscall][detcore, dtid 3] finish syscall #541: write(4, 0x3fffdae0, 4096) = Ok(4096) DETLOG_RECORD={"schema":1,"event":{"kind":"syscall_result","finished_syscall_number":541}}
2026-09-10T03:16:10.412983Z  INFO detcore::io_buffers: DETLOG [iobuf][dtid 3] write out fd=4 0x3fffdae0+4096->1797ecdc67b266d5d8e2cbaccde6ba94832bf9fd692130f814eab087cb45d26f chunks=512:be9da2c7,be9da2c7,be9da2c7,be9da2c7,be9da2c7,be9da2c7,be9da2c7,be9da2c7 DETLOG_RECORD={"schema":1,"event":{"kind":"other"}}
2026-09-10T03:16:10.413004Z  INFO detcore: DETLOG [syscall][detcore, dtid 3] inbound syscall: write(4, 0x3fffdae0, 4096) = ? DETLOG_RECORD={"schema":1,"event":{"kind":"syscall"}}
2026-09-10T03:16:10.413030Z  INFO detcore: DETLOG [syscall][detcore, dtid 3] finish syscall #542: write(4, 0x3fffdae0, 4096) = Ok(4096) DETLOG_RECORD={"schema":1,"event":{"kind":"syscall_result","finished_syscall_number":542}}
2026-09-10T03:16:10.413089Z  INFO detcore::io_buffers: DETLOG [iobuf][dtid 3] write out fd=4 0x3fffdae0+4096->1797ecdc67b266d5d8e2cbaccde6ba94832bf9fd692130f814eab087cb45d26f chunks=512:be9da2c7,be9da2c7,be9da2c7,be9da2c7,be9da2c7,be9da2c7,be9da2c7,be9da2c7 DETLOG_RECORD={"schema":1,"event":{"kind":"other"}}
2026-09-10T03:16:10.413109Z  INFO detcore: DETLOG [syscall][detcore, dtid 3] inbound syscall: write(4, 0x3fffdae0, 4096) = ? DETLOG_RECORD={"schema":1,"event":{"kind":"syscall"}}
2026-09-10T03:16:10.413135Z  INFO detcore: DETLOG [syscall][detcore, dtid 3] finish syscall #543: write(4, 0x3fffdae0, 4096) = Ok(4096) DETLOG_RECORD={"schema":1,"event":{"kind":"syscall_result","finished_syscall_number":543}}
2026-09-10T03:16:10.413192Z  INFO detcore::io_buffers: DETLOG [iobuf][dtid 3] write out fd=4 0x3fffdae0+4096->1797ecdc67b266d5d8e2cbaccde6ba94832bf9fd692130f814eab087cb45d26f chunks=512:be9da2c7,be9da2c7,be9da2c7,be9da2c7,be9da2c7,be9da2c7,be9da2c7,be9da2c7 DETLOG_RECORD={"schema":1,"event":{"kind":"other"}}
2026-09-10T03:16:10.413215Z  INFO detcore: DETLOG [syscall][detcore, dtid 3] inbound syscall: write(4, 0x3fffdae0, 4096) = ? DETLOG_RECORD={"schema":1,"event":{"kind":"syscall"}}
2026-09-10T03:16:10.413243Z  INFO detcore: DETLOG [syscall][detcore, dtid 3] finish syscall #544: write(4, 0x3fffdae0, 4096) = Ok(4096) DETLOG_RECORD={"schema":1,"event":{"kind":"syscall_result","finished_syscall_number":544}}
2026-09-10T03:16:10.413300Z  INFO detcore::io_buffers: DETLOG [iobuf][dtid 3] write out fd=4 0x3fffdae0+4096->1797ecdc67b266d5d8e2cbaccde6ba94832bf9fd692130f814eab087cb45d26f chunks=512:be9da2c7,be9da2c7,be9da2c7,be9da2c7,be9da2c7,be9da2c7,be9da2c7,be9da2c7 DETLOG_RECORD={"schema":1,"event":{"kind":"other"}}
2026-09-10T03:16:10.413321Z  INFO detcore: DETLOG [syscall][detcore, dtid 3] inbound syscall: write(4, 0x3fffdae0, 4096) = ? DETLOG_RECORD={"schema":1,"event":{"kind":"syscall"}}
2026-09-10T03:16:10.413347Z  INFO detcore: DETLOG [syscall][detcore, dtid 3] finish syscall #545: write(4, 0x3fffdae0, 4096) = Ok(4096) DETLOG_RECORD={"schema":1,"event":{"kind":"syscall_result","finished_syscall_number":545}}
2026-09-10T03:16:10.413403Z  INFO detcore::io_buffers: DETLOG [iobuf][dtid 3] write out fd=4 0x3fffdae0+4096->1797ecdc67b266d5d8e2cbaccde6ba94832bf9fd692130f814eab087cb45d26f chunks=512:be9da2c7,be9da2c7,be9da2c7,be9da2c7,be9da2c7,be9da2c7,be9da2c7,be9da2c7 DETLOG_RECORD={"schema":1,"event":{"kind":"other"}}
2026-09-10T03:16:10.413424Z  INFO detcore: DETLOG [syscall][detcore, dtid 3] inbound syscall: write(4, 0x3fffdae0, 4096) = ? DETLOG_RECORD={"schema":1,"event":{"kind":"syscall"}}
2026-09-10T03:16:10.413452Z  INFO detcore: DETLOG [syscall][detcore, dtid 3] finish syscall #546: write(4, 0x3fffdae0, 4096) = Ok(4096) DETLOG_RECORD={"schema":1,"event":{"kind":"syscall_result","finished_syscall_number":546}}
2026-09-10T03:16:10.413508Z  INFO detcore::io_buffers: DETLOG [iobuf][dtid 3] write out fd=4 0x3fffdae0+4096->1797ecdc67b266d5d8e2cbaccde6ba94832bf9fd692130f814eab087cb45d26f chunks=512:be9da2c7,be9da2c7,be9da2c7,be9da2c7,be9da2c7,be9da2c7,be9da2c7,be9da2c7 DETLOG_RECORD={"schema":1,"event":{"kind":"other"}}
2026-09-10T03:16:10.413529Z  INFO detcore: DETLOG [syscall][detcore, dtid 3] inbound syscall: write(4, 0x3fffdae0, 4096) = ? DETLOG_RECORD={"schema":1,"event":{"kind":"syscall"}}
2026-09-10T03:16:10.413555Z  INFO detcore: DETLOG [syscall][detcore, dtid 3] finish syscall #547: write(4, 0x3fffdae0, 4096) = Ok(4096) DETLOG_RECORD={"schema":1,"event":{"kind":"syscall_result","finished_syscall_number":547}}
2026-09-10T03:16:10.413611Z  INFO detcore::io_buffers: DETLOG [iobuf][dtid 3] write out fd=4 0x3fffdae0+4096->1797ecdc67b266d5d8e2cbaccde6ba94832bf9fd692130f814eab087cb45d26f chunks=512:be9da2c7,be9da2c7,be9da2c7,be9da2c7,be9da2c7,be9da2c7,be9da2c7,be9da2c7 DETLOG_RECORD={"schema":1,"event":{"kind":"other"}}
2026-09-10T03:16:10.413632Z  INFO detcore: DETLOG [syscall][detcore, dtid 3] inbound syscall: write(4, 0x3fffdae0, 4096) = ? DETLOG_RECORD={"schema":1,"event":{"kind":"syscall"}}
2026-09-10T03:16:10.413658Z  INFO detcore: DETLOG [syscall][detcore, dtid 3] finish syscall #548: write(4, 0x3fffdae0, 4096) = Ok(4096) DETLOG_RECORD={"schema":1,"event":{"kind":"syscall_result","finished_syscall_number":548}}
2026-09-10T03:16:10.413714Z  INFO detcore::io_buffers: DETLOG [iobuf][dtid 3] write out fd=4 0x3fffdae0+4096->1797ecdc67b266d5d8e2cbaccde6ba94832bf9fd692130f814eab087cb45d26f chunks=512:be9da2c7,be9da2c7,be9da2c7,be9da2c7,be9da2c7,be9da2c7,be9da2c7,be9da2c7 DETLOG_RECORD={"schema":1,"event":{"kind":"other"}}
2026-09-10T03:16:10.413735Z  INFO detcore: DETLOG [syscall][detcore, dtid 3] inbound syscall: write(4, 0x3fffdae0, 4096) = ? DETLOG_RECORD={"schema":1,"event":{"kind":"syscall"}}
2026-09-10T03:16:10.413761Z  INFO detcore: DETLOG [syscall][detcore, dtid 3] finish syscall #549: write(4, 0x3fffdae0, 4096) = Ok(4096) DETLOG_RECORD={"schema":1,"event":{"kind":"syscall_result","finished_syscall_number":549}}
2026-09-10T03:16:10.413823Z  INFO detcore::io_buffers: DETLOG [iobuf][dtid 3] write out fd=4 0x3fffdae0+4096->1797ecdc67b266d5d8e2cbaccde6ba94832bf9fd692130f814eab087cb45d26f chunks=512:be9da2c7,be9da2c7,be9da2c7,be9da2c7,be9da2c7,be9da2c7,be9da2c7,be9da2c7 DETLOG_RECORD={"schema":1,"event":{"kind":"other"}}
2026-09-10T03:16:10.413847Z  INFO detcore: DETLOG [syscall][detcore, dtid 3] inbound syscall: write(4, 0x3fffdae0, 4096) = ? DETLOG_RECORD={"schema":1,"event":{"kind":"syscall"}}
2026-09-10T03:16:10.413873Z  INFO detcore: DETLOG [syscall][detcore, dtid 3] finish syscall #550: write(4, 0x3fffdae0, 4096) = Ok(4096) DETLOG_RECORD={"schema":1,"event":{"kind":"syscall_result","finished_syscall_number":550}}
2026-09-10T03:16:10.413930Z  INFO detcore::io_buffers: DETLOG [iobuf][dtid 3] write out fd=4 0x3fffdae0+4096->1797ecdc67b266d5d8e2cbaccde6ba94832bf9fd692130f814eab087cb45d26f chunks=512:be9da2c7,be9da2c7,be9da2c7,be9da2c7,be9da2c7,be9da2c7,be9da2c7,be9da2c7 DETLOG_RECORD={"schema":1,"event":{"kind":"other"}}
2026-09-10T03:16:10.413951Z  INFO detcore: DETLOG [syscall][detcore, dtid 3] inbound syscall: write(4, 0x3fffdae0, 4096) = ? DETLOG_RECORD={"schema":1,"event":{"kind":"syscall"}}
2026-09-10T03:16:10.413977Z  INFO detcore: DETLOG [syscall][detcore, dtid 3] finish syscall #551: write(4, 0x3fffdae0, 4096) = Ok(4096) DETLOG_RECORD={"schema":1,"event":{"kind":"syscall_result","finished_syscall_number":551}}
2026-09-10T03:16:10.414034Z  INFO detcore::io_buffers: DETLOG [iobuf][dtid 3] write out fd=4 0x3fffdae0+4096->1797ecdc67b266d5d8e2cbaccde6ba94832bf9fd692130f814eab087cb45d26f chunks=512:be9da2c7,be9da2c7,be9da2c7,be9da2c7,be9da2c7,be9da2c7,be9da2c7,be9da2c7 DETLOG_RECORD={"schema":1,"event":{"kind":"other"}}
2026-09-10T03:16:10.414054Z  INFO detcore: DETLOG [syscall][detcore, dtid 3] inbound syscall: write(4, 0x3fffdae0, 4096) = ? DETLOG_RECORD={"schema":1,"event":{"kind":"syscall"}}
2026-09-10T03:16:10.414080Z  INFO detcore: DETLOG [syscall][detcore, dtid 3] finish syscall #552: write(4, 0x3fffdae0, 4096) = Ok(4096) DETLOG_RECORD={"schema":1,"event":{"kind":"syscall_result","finished_syscall_number":552}}
2026-09-10T03:16:10.414137Z  INFO detcore::io_buffers: DETLOG [iobuf][dtid 3] write out fd=4 0x3fffdae0+4096->1797ecdc67b266d5d8e2cbaccde6ba94832bf9fd692130f814eab087cb45d26f chunks=512:be9da2c7,be9da2c7,be9da2c7,be9da2c7,be9da2c7,be9da2c7,be9da2c7,be9da2c7 DETLOG_RECORD={"schema":1,"event":{"kind":"other"}}
2026-09-10T03:16:10.414157Z  INFO detcore: DETLOG [syscall][detcore, dtid 3] inbound syscall: write(4, 0x3fffdae0, 4096) = ? DETLOG_RECORD={"schema":1,"event":{"kind":"syscall"}}
2026-09-10T03:16:10.414183Z  INFO detcore: DETLOG [syscall][detcore, dtid 3] finish syscall #553: write(4, 0x3fffdae0, 4096) = Ok(4096) DETLOG_RECORD={"schema":1,"event":{"kind":"syscall_result","finished_syscall_number":553}}
2026-09-10T03:16:10.414239Z  INFO detcore::io_buffers: DETLOG [iobuf][dtid 3] write out fd=4 0x3fffdae0+4096->1797ecdc67b266d5d8e2cbaccde6ba94832bf9fd692130f814eab087cb45d26f chunks=512:be9da2c7,be9da2c7,be9da2c7,be9da2c7,be9da2c7,be9da2c7,be9da2c7,be9da2c7 DETLOG_RECORD={"schema":1,"event":{"kind":"other"}}
2026-09-10T03:16:10.414260Z  INFO detcore: DETLOG [syscall][detcore, dtid 3] inbound syscall: write(4, 0x3fffdae0, 4096) = ? DETLOG_RECORD={"schema":1,"event":{"kind":"syscall"}}
2026-09-10T03:16:10.414285Z  INFO detcore: DETLOG [syscall][detcore, dtid 3] finish syscall #554: write(4, 0x3fffdae0, 4096) = Ok(4096) DETLOG_RECORD={"schema":1,"event":{"kind":"syscall_result","finished_syscall_number":554}}
2026-09-10T03:16:10.414342Z  INFO detcore::io_buffers: DETLOG [iobuf][dtid 3] write out fd=4 0x3fffdae0+4096->1797ecdc67b266d5d8e2cbaccde6ba94832bf9fd692130f814eab087cb45d26f chunks=512:be9da2c7,be9da2c7,be9da2c7,be9da2c7,be9da2c7,be9da2c7,be9da2c7,be9da2c7 DETLOG_RECORD={"schema":1,"event":{"kind":"other"}}
2026-09-10T03:16:10.414363Z  INFO detcore: DETLOG [syscall][detcore, dtid 3] inbound syscall: write(4, 0x3fffdae0, 4096) = ? DETLOG_RECORD={"schema":1,"event":{"kind":"syscall"}}
2026-09-10T03:16:10.414391Z  INFO detcore: DETLOG [syscall][detcore, dtid 3] finish syscall #555: write(4, 0x3fffdae0, 4096) = Ok(4096) DETLOG_RECORD={"schema":1,"event":{"kind":"syscall_result","finished_syscall_number":555}}
2026-09-10T03:16:10.414449Z  INFO detcore::io_buffers: DETLOG [iobuf][dtid 3] write out fd=4 0x3fffdae0+4096->1797ecdc67b266d5d8e2cbaccde6ba94832bf9fd692130f814eab087cb45d26f chunks=512:be9da2c7,be9da2c7,be9da2c7,be9da2c7,be9da2c7,be9da2c7,be9da2c7,be9da2c7 DETLOG_RECORD={"schema":1,"event":{"kind":"other"}}
2026-09-10T03:16:10.414470Z  INFO detcore: DETLOG [syscall][detcore, dtid 3] inbound syscall: write(4, 0x3fffdae0, 4096) = ? DETLOG_RECORD={"schema":1,"event":{"kind":"syscall"}}
2026-09-10T03:16:10.414496Z  INFO detcore: DETLOG [syscall][detcore, dtid 3] finish syscall #556: write(4, 0x3fffdae0, 4096) = Ok(4096) DETLOG_RECORD={"schema":1,"event":{"kind":"syscall_result","finished_syscall_number":556}}
2026-09-10T03:16:10.414553Z  INFO detcore::io_buffers: DETLOG [iobuf][dtid 3] write out fd=4 0x3fffdae0+4096->1797ecdc67b266d5d8e2cbaccde6ba94832bf9fd692130f814eab087cb45d26f chunks=512:be9da2c7,be9da2c7,be9da2c7,be9da2c7,be9da2c7,be9da2c7,be9da2c7,be9da2c7 DETLOG_RECORD={"schema":1,"event":{"kind":"other"}}
2026-09-10T03:16:10.414574Z  INFO detcore: DETLOG [syscall][detcore, dtid 3] inbound syscall: write(4, 0x3fffdae0, 4096) = ? DETLOG_RECORD={"schema":1,"event":{"kind":"syscall"}}
2026-09-10T03:16:10.414599Z  INFO detcore: DETLOG [syscall][detcore, dtid 3] finish syscall #557: write(4, 0x3fffdae0, 4096) = Ok(4096) DETLOG_RECORD={"schema":1,"event":{"kind":"syscall_result","finished_syscall_number":557}}
2026-09-10T03:16:10.414656Z  INFO detcore::io_buffers: DETLOG [iobuf][dtid 3] write out fd=4 0x3fffdae0+4096->1797ecdc67b266d5d8e2cbaccde6ba94832bf9fd692130f814eab087cb45d26f chunks=512:be9da2c7,be9da2c7,be9da2c7,be9da2c7,be9da2c7,be9da2c7,be9da2c7,be9da2c7 DETLOG_RECORD={"schema":1,"event":{"kind":"other"}}
2026-09-10T03:16:10.414677Z  INFO detcore: DETLOG [syscall][detcore, dtid 3] inbound syscall: write(4, 0x3fffdae0, 4096) = ? DETLOG_RECORD={"schema":1,"event":{"kind":"syscall"}}
2026-09-10T03:16:10.414702Z  INFO detcore: DETLOG [syscall][detcore, dtid 3] finish syscall #558: write(4, 0x3fffdae0, 4096) = Ok(4096) DETLOG_RECORD={"schema":1,"event":{"kind":"syscall_result","finished_syscall_number":558}}
2026-09-10T03:16:10.414759Z  INFO detcore::io_buffers: DETLOG [iobuf][dtid 3] write out fd=4 0x3fffdae0+4096->1797ecdc67b266d5d8e2cbaccde6ba94832bf9fd692130f814eab087cb45d26f chunks=512:be9da2c7,be9da2c7,be9da2c7,be9da2c7,be9da2c7,be9da2c7,be9da2c7,be9da2c7 DETLOG_RECORD={"schema":1,"event":{"kind":"other"}}
2026-09-10T03:16:10.414791Z  INFO detcore: DETLOG [syscall][detcore, dtid 3] inbound syscall: write(4, 0x3fffdae0, 4096) = ? DETLOG_RECORD={"schema":1,"event":{"kind":"syscall"}}
2026-09-10T03:16:10.414818Z  INFO detcore: DETLOG [syscall][detcore, dtid 3] finish syscall #559: write(4, 0x3fffdae0, 4096) = Ok(4096) DETLOG_RECORD={"schema":1,"event":{"kind":"syscall_result","finished_syscall_number":559}}
2026-09-10T03:16:10.414876Z  INFO detcore::io_buffers: DETLOG [iobuf][dtid 3] write out fd=4 0x3fffdae0+4096->1797ecdc67b266d5d8e2cbaccde6ba94832bf9fd692130f814eab087cb45d26f chunks=512:be9da2c7,be9da2c7,be9da2c7,be9da2c7,be9da2c7,be9da2c7,be9da2c7,be9da2c7 DETLOG_RECORD={"schema":1,"event":{"kind":"other"}}
2026-09-10T03:16:10.414897Z  INFO detcore: DETLOG [syscall][detcore, dtid 3] inbound syscall: write(4, 0x3fffdae0, 4096) = ? DETLOG_RECORD={"schema":1,"event":{"kind":"syscall"}}
2026-09-10T03:16:10.414922Z  INFO detcore: DETLOG [syscall][detcore, dtid 3] finish syscall #560: write(4, 0x3fffdae0, 4096) = Ok(4096) DETLOG_RECORD={"schema":1,"event":{"kind":"syscall_result","finished_syscall_number":560}}
2026-09-10T03:16:10.414979Z  INFO detcore::io_buffers: DETLOG [iobuf][dtid 3] write out fd=4 0x3fffdae0+4096->1797ecdc67b266d5d8e2cbaccde6ba94832bf9fd692130f814eab087cb45d26f chunks=512:be9da2c7,be9da2c7,be9da2c7,be9da2c7,be9da2c7,be9da2c7,be9da2c7,be9da2c7 DETLOG_RECORD={"schema":1,"event":{"kind":"other"}}
2026-09-10T03:16:10.415002Z  INFO detcore: DETLOG [syscall][detcore, dtid 3] inbound syscall: write(4, 0x3fffdae0, 4096) = ? DETLOG_RECORD={"schema":1,"event":{"kind":"syscall"}}
2026-09-10T03:16:10.415029Z  INFO detcore: DETLOG [syscall][detcore, dtid 3] finish syscall #561: write(4, 0x3fffdae0, 4096) = Ok(4096) DETLOG_RECORD={"schema":1,"event":{"kind":"syscall_result","finished_syscall_number":561}}
2026-09-10T03:16:10.415086Z  INFO detcore::io_buffers: DETLOG [iobuf][dtid 3] write out fd=4 0x3fffdae0+4096->1797ecdc67b266d5d8e2cbaccde6ba94832bf9fd692130f814eab087cb45d26f chunks=512:be9da2c7,be9da2c7,be9da2c7,be9da2c7,be9da2c7,be9da2c7,be9da2c7,be9da2c7 DETLOG_RECORD={"schema":1,"event":{"kind":"other"}}
2026-09-10T03:16:10.415108Z  INFO detcore: DETLOG [syscall][detcore, dtid 3] inbound syscall: write(4, 0x3fffdae0, 4096) = ? DETLOG_RECORD={"schema":1,"event":{"kind":"syscall"}}
2026-09-10T03:16:10.415133Z  INFO detcore: DETLOG [syscall][detcore, dtid 3] finish syscall #562: write(4, 0x3fffdae0, 4096) = Ok(4096) DETLOG_RECORD={"schema":1,"event":{"kind":"syscall_result","finished_syscall_number":562}}
2026-09-10T03:16:10.415190Z  INFO detcore::io_buffers: DETLOG [iobuf][dtid 3] write out fd=4 0x3fffdae0+4096->1797ecdc67b266d5d8e2cbaccde6ba94832bf9fd692130f814eab087cb45d26f chunks=512:be9da2c7,be9da2c7,be9da2c7,be9da2c7,be9da2c7,be9da2c7,be9da2c7,be9da2c7 DETLOG_RECORD={"schema":1,"event":{"kind":"other"}}
2026-09-10T03:16:10.415211Z  INFO detcore: DETLOG [syscall][detcore, dtid 3] inbound syscall: write(4, 0x3fffdae0, 4096) = ? DETLOG_RECORD={"schema":1,"event":{"kind":"syscall"}}
2026-09-10T03:16:10.415236Z  INFO detcore: DETLOG [syscall][detcore, dtid 3] finish syscall #563: write(4, 0x3fffdae0, 4096) = Ok(4096) DETLOG_RECORD={"schema":1,"event":{"kind":"syscall_result","finished_syscall_number":563}}
2026-09-10T03:16:10.415293Z  INFO detcore::io_buffers: DETLOG [iobuf][dtid 3] write out fd=4 0x3fffdae0+4096->1797ecdc67b266d5d8e2cbaccde6ba94832bf9fd692130f814eab087cb45d26f chunks=512:be9da2c7,be9da2c7,be9da2c7,be9da2c7,be9da2c7,be9da2c7,be9da2c7,be9da2c7 DETLOG_RECORD={"schema":1,"event":{"kind":"other"}}
2026-09-10T03:16:10.415314Z  INFO detcore: DETLOG [syscall][detcore, dtid 3] inbound syscall: write(4, 0x3fffdae0, 4096) = ? DETLOG_RECORD={"schema":1,"event":{"kind":"syscall"}}
2026-09-10T03:16:10.415339Z  INFO detcore: DETLOG [syscall][detcore, dtid 3] finish syscall #564: write(4, 0x3fffdae0, 4096) = Ok(4096) DETLOG_RECORD={"schema":1,"event":{"kind":"syscall_result","finished_syscall_number":564}}
2026-09-10T03:16:10.415396Z  INFO detcore::io_buffers: DETLOG [iobuf][dtid 3] write out fd=4 0x3fffdae0+4096->1797ecdc67b266d5d8e2cbaccde6ba94832bf9fd692130f814eab087cb45d26f chunks=512:be9da2c7,be9da2c7,be9da2c7,be9da2c7,be9da2c7,be9da2c7,be9da2c7,be9da2c7 DETLOG_RECORD={"schema":1,"event":{"kind":"other"}}
2026-09-10T03:16:10.415416Z  INFO detcore: DETLOG [syscall][detcore, dtid 3] inbound syscall: write(4, 0x3fffdae0, 4096) = ? DETLOG_RECORD={"schema":1,"event":{"kind":"syscall"}}
2026-09-10T03:16:10.415442Z  INFO detcore: DETLOG [syscall][detcore, dtid 3] finish syscall #565: write(4, 0x3fffdae0, 4096) = Ok(4096) DETLOG_RECORD={"schema":1,"event":{"kind":"syscall_result","finished_syscall_number":565}}
2026-09-10T03:16:10.415499Z  INFO detcore::io_buffers: DETLOG [iobuf][dtid 3] write out fd=4 0x3fffdae0+4096->1797ecdc67b266d5d8e2cbaccde6ba94832bf9fd692130f814eab087cb45d26f chunks=512:be9da2c7,be9da2c7,be9da2c7,be9da2c7,be9da2c7,be9da2c7,be9da2c7,be9da2c7 DETLOG_RECORD={"schema":1,"event":{"kind":"other"}}
2026-09-10T03:16:10.415520Z  INFO detcore: DETLOG [syscall][detcore, dtid 3] inbound syscall: write(4, 0x3fffdae0, 4096) = ? DETLOG_RECORD={"schema":1,"event":{"kind":"syscall"}}
2026-09-10T03:16:10.415545Z  INFO detcore: DETLOG [syscall][detcore, dtid 3] finish syscall #566: write(4, 0x3fffdae0, 4096) = Err(Errno(EAGAIN)) DETLOG_RECORD={"schema":1,"event":{"kind":"syscall_result","finished_syscall_number":566}}
2026-09-10T03:16:10.415568Z  INFO detcore: DETLOG [syscall][detcore, dtid 3] inbound syscall: fcntl(4, F_SETFL, 2) = ? DETLOG_RECORD={"schema":1,"event":{"kind":"syscall"}}
2026-09-10T03:16:10.415595Z  INFO detcore: DETLOG [syscall][detcore, dtid 3] finish syscall #567: fcntl(4, F_SETFL, 2) = Ok(0) DETLOG_RECORD={"schema":1,"event":{"kind":"syscall_result","finished_syscall_number":567}}
2026-09-10T03:16:10.415615Z  INFO detcore: DETLOG [syscall][detcore, dtid 3] inbound syscall: rt_sigprocmask(0, 0x12f7820, 0x3fffea30, 8) = ? DETLOG_RECORD={"schema":1,"event":{"kind":"syscall"}}
2026-09-10T03:16:10.415648Z  INFO detcore: DETLOG [syscall][detcore, dtid 3] finish syscall #568: rt_sigprocmask(0, 0x12f7820, 0x3fffea30, 8) = Ok(0) DETLOG_RECORD={"schema":1,"event":{"kind":"syscall_result","finished_syscall_number":568}}
2026-09-10T03:16:10.415684Z  INFO detcore: DETLOG [syscall][detcore, dtid 3] inbound syscall: clone3(0x3fffe8f0, 88) = ? DETLOG_RECORD={"schema":1,"event":{"kind":"syscall"}}
2026-09-10T03:16:10.416111Z  INFO detcore::tool_local: DETLOG RNG USER RAND seeding child User pedigree PPPPPPPPC: [128, 161, 59, 161, 235, 181, 179, 165, 173, 139, 80, 56, 94, 188, 110, 44] from parent Mcg128Xsl64 {} DETLOG_RECORD={"schema":1,"event":{"kind":"other"}}
2026-09-10T03:16:10.416144Z  INFO detcore::tool_local: DETLOG RNG CHAOSRAND seeding child Chaos pedigree PPPPPPPPC: [91, 222, 59, 99, 190, 120, 228, 234, 54, 176, 200, 9, 37, 131, 42, 126] from parent Mcg128Xsl64 {} DETLOG_RECORD={"schema":1,"event":{"kind":"other"}}
2026-09-10T03:16:10.416386Z  INFO detcore::scheduler: [sched-step5] >>>>>>>

 COMMIT turn 697, dettid 12 using resources {MemAddrSpace(DetPid(3)): RW}, on previously committed 1_767_225_600.217_700_750s DETLOG_RECORD={"schema":1,"event":{"kind":"scheduler_commit","scheduler_turn":697,"virtual_nanoseconds":1767225600217700750,"internal_io_poll":false,"runtime_maps_read":false}}
2026-09-10T03:16:10.416435Z  INFO detcore::tool_global: [detcore, dtid 12] New thread given go-ahead to proceed via <ivar Go(None)>
2026-09-10T03:16:10.416577Z  INFO detcore: DETLOG [syscall][detcore, dtid 12] inbound syscall: set_robust_list(0x1b51920, 24) = ? DETLOG_RECORD={"schema":1,"event":{"kind":"syscall"}}
2026-09-10T03:16:10.416634Z  INFO detcore: DETLOG [syscall][detcore, dtid 12] finish syscall #1: set_robust_list(0x1b51920, 24) = Ok(0) DETLOG_RECORD={"schema":1,"event":{"kind":"syscall_result","finished_syscall_number":1}}
2026-09-10T03:16:10.416664Z  INFO detcore: DETLOG [syscall][detcore, dtid 12] inbound syscall: rt_sigprocmask(2, 0x1b51f30, NULL, 8) = ? DETLOG_RECORD={"schema":1,"event":{"kind":"syscall"}}
2026-09-10T03:16:10.416698Z  INFO detcore: DETLOG [syscall][detcore, dtid 12] finish syscall #2: rt_sigprocmask(2, 0x1b51f30, NULL, 8) = Ok(0) DETLOG_RECORD={"schema":1,"event":{"kind":"syscall_result","finished_syscall_number":2}}
2026-09-10T03:16:10.416730Z  INFO detcore: DETLOG [syscall][detcore, dtid 12] inbound syscall: clock_nanosleep(CLOCK_REALTIME, 0, 0x1b50e30, 0x1b50e30) = ? DETLOG_RECORD={"schema":1,"event":{"kind":"syscall"}}
2026-09-10T03:16:10.416800Z  INFO detcore::scheduler: [sched-step5] >>>>>>>

 COMMIT turn 698, dettid 3 using resources {ParentContinue { parent: DetPid(3), child: DetPid(12) }: W}, on previously committed 1_767_225_600.224_579_000s DETLOG_RECORD={"schema":1,"event":{"kind":"scheduler_commit","scheduler_turn":698,"virtual_nanoseconds":1767225600224579000,"internal_io_poll":false,"runtime_maps_read":false}}
2026-09-10T03:16:10.416859Z  INFO detcore: DETLOG [syscall][detcore, dtid 3] finish syscall #569: clone3(0x3fffe8f0, 88) = Ok(12) DETLOG_RECORD={"schema":1,"event":{"kind":"syscall_result","finished_syscall_number":569}}
2026-09-10T03:16:10.416895Z  INFO detcore: DETLOG [syscall][detcore, dtid 3] inbound syscall: rt_sigprocmask(2, 0x3fffea30, NULL, 8) = ? DETLOG_RECORD={"schema":1,"event":{"kind":"syscall"}}
2026-09-10T03:16:10.416928Z  INFO detcore: DETLOG [syscall][detcore, dtid 3] finish syscall #570: rt_sigprocmask(2, 0x3fffea30, NULL, 8) = Ok(0) DETLOG_RECORD={"schema":1,"event":{"kind":"syscall_result","finished_syscall_number":570}}
2026-09-10T03:16:10.416967Z  INFO detcore: DETLOG [syscall][detcore, dtid 3] inbound syscall: pwritev2(4, 0x3fffeb60, 2, 18446744073709551615, 0, 0) = ? DETLOG_RECORD={"schema":1,"event":{"kind":"syscall"}}
2026-09-10T03:16:10.417026Z  INFO detcore::scheduler: [scheduler] >>>>>>>

 NONCOMMIT turn 699, SKIP dettid 12 which wanted resource SleepUntil(LogicalTime(1767225600244079000)) (blocking)
2026-09-10T03:16:10.417062Z  INFO detcore::scheduler: [sched-step5] >>>>>>>

 COMMIT turn 700, dettid 3 using resources {FileContents(DetInode(9)): W}, on previously committed 1_767_225_600.225_079_500s DETLOG_RECORD={"schema":1,"event":{"kind":"scheduler_commit","scheduler_turn":700,"virtual_nanoseconds":1767225600225079500,"internal_io_poll":false,"runtime_maps_read":false}}
2026-09-10T03:16:10.417187Z  INFO detcore::scheduler: [scheduler] >>>>>>>

 NONCOMMIT turn 701, SKIP dettid 3 polling resource Resources { tid: DetPid(3), resources: {InternalIOPolling: W}, poll_attempt: 1, fyi: "pwritev2", signal_interrupt_errno: 512 }
2026-09-10T03:16:10.417223Z  INFO detcore::scheduler: [sched-step5] >>>>>>>

 COMMIT turn 702, dettid 3 using resources {InternalIOPolling: W}, on previously committed 1_767_225_600.225_579_500s DETLOG_RECORD={"schema":1,"event":{"kind":"scheduler_commit","scheduler_turn":702,"virtual_nanoseconds":1767225600225579500,"internal_io_poll":true,"runtime_maps_read":false}}
2026-09-10T03:16:10.417317Z  INFO detcore::scheduler: [scheduler] >>>>>>>

 NONCOMMIT turn 703, SKIP dettid 3 polling resource Resources { tid: DetPid(3), resources: {InternalIOPolling: W}, poll_attempt: 2, fyi: "pwritev2", signal_interrupt_errno: 512 }
2026-09-10T03:16:10.417348Z  INFO detcore::scheduler: [sched-step5] >>>>>>>

 COMMIT turn 704, dettid 3 using resources {InternalIOPolling: W}, on previously committed 1_767_225_600.226_079_500s DETLOG_RECORD={"schema":1,"event":{"kind":"scheduler_commit","scheduler_turn":704,"virtual_nanoseconds":1767225600226079500,"internal_io_poll":true,"runtime_maps_read":false}}
2026-09-10T03:16:10.417417Z  INFO detcore::scheduler: [scheduler] >>>>>>>

 NONCOMMIT turn 705, SKIP dettid 3 polling resource Resources { tid: DetPid(3), resources: {InternalIOPolling: W}, poll_attempt: 3, fyi: "pwritev2", signal_interrupt_errno: 512 }
2026-09-10T03:16:10.417446Z  INFO detcore::scheduler: [sched-step5] >>>>>>>

 COMMIT turn 706, dettid 3 using resources {InternalIOPolling: W}, on previously committed 1_767_225_600.226_579_500s DETLOG_RECORD={"schema":1,"event":{"kind":"scheduler_commit","scheduler_turn":706,"virtual_nanoseconds":1767225600226579500,"internal_io_poll":true,"runtime_maps_read":false}}
2026-09-10T03:16:10.417512Z  INFO detcore::scheduler: [scheduler] >>>>>>>

 NONCOMMIT turn 707, SKIP dettid 3 polling resource Resources { tid: DetPid(3), resources: {InternalIOPolling: W}, poll_attempt: 4, fyi: "pwritev2", signal_interrupt_errno: 512 }
2026-09-10T03:16:10.417540Z  INFO detcore::scheduler: [sched-step5] >>>>>>>

 COMMIT turn 708, dettid 3 using resources {InternalIOPolling: W}, on previously committed 1_767_225_600.227_079_500s DETLOG_RECORD={"schema":1,"event":{"kind":"scheduler_commit","scheduler_turn":708,"virtual_nanoseconds":1767225600227079500,"internal_io_poll":true,"runtime_maps_read":false}}
2026-09-10T03:16:10.417604Z  INFO detcore::scheduler: [scheduler] >>>>>>>

 NONCOMMIT turn 709, SKIP dettid 3 polling resource Resources { tid: DetPid(3), resources: {InternalIOPolling: W}, poll_attempt: 5, fyi: "pwritev2", signal_interrupt_errno: 512 }
2026-09-10T03:16:10.417632Z  INFO detcore::scheduler: [sched-step5] >>>>>>>

 COMMIT turn 710, dettid 3 using resources {InternalIOPolling: W}, on previously committed 1_767_225_600.227_579_500s DETLOG_RECORD={"schema":1,"event":{"kind":"scheduler_commit","scheduler_turn":710,"virtual_nanoseconds":1767225600227579500,"internal_io_poll":true,"runtime_maps_read":false}}
2026-09-10T03:16:10.417696Z  INFO detcore::scheduler: [scheduler] >>>>>>>

 NONCOMMIT turn 711, SKIP dettid 3 polling resource Resources { tid: DetPid(3), resources: {InternalIOPolling: W}, poll_attempt: 6, fyi: "pwritev2", signal_interrupt_errno: 512 }
2026-09-10T03:16:10.417727Z  INFO detcore::scheduler: [sched-step5] >>>>>>>

 COMMIT turn 712, dettid 3 using resources {InternalIOPolling: W}, on previously committed 1_767_225_600.228_079_500s DETLOG_RECORD={"schema":1,"event":{"kind":"scheduler_commit","scheduler_turn":712,"virtual_nanoseconds":1767225600228079500,"internal_io_poll":true,"runtime_maps_read":false}}
2026-09-10T03:16:10.417804Z  INFO detcore::scheduler: [scheduler] >>>>>>>

 NONCOMMIT turn 713, SKIP dettid 3 polling resource Resources { tid: DetPid(3), resources: {InternalIOPolling: W}, poll_attempt: 7, fyi: "pwritev2", signal_interrupt_errno: 512 }
2026-09-10T03:16:10.417834Z  INFO detcore::scheduler: [sched-step5] >>>>>>>

 COMMIT turn 714, dettid 3 using resources {InternalIOPolling: W}, on previously committed 1_767_225_600.228_579_500s DETLOG_RECORD={"schema":1,"event":{"kind":"scheduler_commit","scheduler_turn":714,"virtual_nanoseconds":1767225600228579500,"internal_io_poll":true,"runtime_maps_read":false}}
2026-09-10T03:16:10.417900Z  INFO detcore::scheduler: [scheduler] >>>>>>>

 NONCOMMIT turn 715, SKIP dettid 3 polling resource Resources { tid: DetPid(3), resources: {InternalIOPolling: W}, poll_attempt: 8, fyi: "pwritev2", signal_interrupt_errno: 512 }
2026-09-10T03:16:10.417928Z  INFO detcore::scheduler: [sched-step5] >>>>>>>

 COMMIT turn 716, dettid 3 using resources {InternalIOPolling: W}, on previously committed 1_767_225_600.229_079_500s DETLOG_RECORD={"schema":1,"event":{"kind":"scheduler_commit","scheduler_turn":716,"virtual_nanoseconds":1767225600229079500,"internal_io_poll":true,"runtime_maps_read":false}}
2026-09-10T03:16:10.417991Z  INFO detcore::scheduler: [scheduler] >>>>>>>

 NONCOMMIT turn 717, SKIP dettid 3 polling resource Resources { tid: DetPid(3), resources: {InternalIOPolling: W}, poll_attempt: 9, fyi: "pwritev2", signal_interrupt_errno: 512 }
2026-09-10T03:16:10.418019Z  INFO detcore::scheduler: [sched-step5] >>>>>>>

 COMMIT turn 718, dettid 3 using resources {InternalIOPolling: W}, on previously committed 1_767_225_600.229_579_500s DETLOG_RECORD={"schema":1,"event":{"kind":"scheduler_commit","scheduler_turn":718,"virtual_nanoseconds":1767225600229579500,"internal_io_poll":true,"runtime_maps_read":false}}
2026-09-10T03:16:10.418082Z  INFO detcore::scheduler: [scheduler] >>>>>>>

 NONCOMMIT turn 719, SKIP dettid 3 polling resource Resources { tid: DetPid(3), resources: {InternalIOPolling: W}, poll_attempt: 10, fyi: "pwritev2", signal_interrupt_errno: 512 }
2026-09-10T03:16:10.418110Z  INFO detcore::scheduler: [sched-step5] >>>>>>>

 COMMIT turn 720, dettid 3 using resources {InternalIOPolling: W}, on previously committed 1_767_225_600.230_079_500s DETLOG_RECORD={"schema":1,"event":{"kind":"scheduler_commit","scheduler_turn":720,"virtual_nanoseconds":1767225600230079500,"internal_io_poll":true,"runtime_maps_read":false}}
2026-09-10T03:16:10.418173Z  INFO detcore::scheduler: [scheduler] >>>>>>>

 NONCOMMIT turn 721, SKIP dettid 3 polling resource Resources { tid: DetPid(3), resources: {InternalIOPolling: W}, poll_attempt: 11, fyi: "pwritev2", signal_interrupt_errno: 512 }
2026-09-10T03:16:10.418201Z  INFO detcore::scheduler: [sched-step5] >>>>>>>

 COMMIT turn 722, dettid 3 using resources {InternalIOPolling: W}, on previously committed 1_767_225_600.230_579_500s DETLOG_RECORD={"schema":1,"event":{"kind":"scheduler_commit","scheduler_turn":722,"virtual_nanoseconds":1767225600230579500,"internal_io_poll":true,"runtime_maps_read":false}}
2026-09-10T03:16:10.418265Z  INFO detcore::scheduler: [scheduler] >>>>>>>

 NONCOMMIT turn 723, SKIP dettid 3 polling resource Resources { tid: DetPid(3), resources: {InternalIOPolling: W}, poll_attempt: 12, fyi: "pwritev2", signal_interrupt_errno: 512 }
2026-09-10T03:16:10.418292Z  INFO detcore::scheduler: [sched-step5] >>>>>>>

 COMMIT turn 724, dettid 3 using resources {InternalIOPolling: W}, on previously committed 1_767_225_600.231_079_500s DETLOG_RECORD={"schema":1,"event":{"kind":"scheduler_commit","scheduler_turn":724,"virtual_nanoseconds":1767225600231079500,"internal_io_poll":true,"runtime_maps_read":false}}
2026-09-10T03:16:10.418359Z  INFO detcore::scheduler: [scheduler] >>>>>>>

 NONCOMMIT turn 725, SKIP dettid 3 polling resource Resources { tid: DetPid(3), resources: {InternalIOPolling: W}, poll_attempt: 13, fyi: "pwritev2", signal_interrupt_errno: 512 }
2026-09-10T03:16:10.418389Z  INFO detcore::scheduler: [sched-step5] >>>>>>>

 COMMIT turn 726, dettid 3 using resources {InternalIOPolling: W}, on previously committed 1_767_225_600.231_579_500s DETLOG_RECORD={"schema":1,"event":{"kind":"scheduler_commit","scheduler_turn":726,"virtual_nanoseconds":1767225600231579500,"internal_io_poll":true,"runtime_maps_read":false}}
2026-09-10T03:16:10.418457Z  INFO detcore::scheduler: [scheduler] >>>>>>>

 NONCOMMIT turn 727, SKIP dettid 3 polling resource Resources { tid: DetPid(3), resources: {InternalIOPolling: W}, poll_attempt: 14, fyi: "pwritev2", signal_interrupt_errno: 512 }
2026-09-10T03:16:10.418485Z  INFO detcore::scheduler: [sched-step5] >>>>>>>

 COMMIT turn 728, dettid 3 using resources {InternalIOPolling: W}, on previously committed 1_767_225_600.232_079_500s DETLOG_RECORD={"schema":1,"event":{"kind":"scheduler_commit","scheduler_turn":728,"virtual_nanoseconds":1767225600232079500,"internal_io_poll":true,"runtime_maps_read":false}}
2026-09-10T03:16:10.418549Z  INFO detcore::scheduler: [scheduler] >>>>>>>

 NONCOMMIT turn 729, SKIP dettid 3 polling resource Resources { tid: DetPid(3), resources: {InternalIOPolling: W}, poll_attempt: 15, fyi: "pwritev2", signal_interrupt_errno: 512 }
2026-09-10T03:16:10.418576Z  INFO detcore::scheduler: [sched-step5] >>>>>>>

 COMMIT turn 730, dettid 3 using resources {InternalIOPolling: W}, on previously committed 1_767_225_600.232_579_500s DETLOG_RECORD={"schema":1,"event":{"kind":"scheduler_commit","scheduler_turn":730,"virtual_nanoseconds":1767225600232579500,"internal_io_poll":true,"runtime_maps_read":false}}
2026-09-10T03:16:10.418638Z  INFO detcore::scheduler: [scheduler] >>>>>>>

 NONCOMMIT turn 731, SKIP dettid 3 polling resource Resources { tid: DetPid(3), resources: {InternalIOPolling: W}, poll_attempt: 16, fyi: "pwritev2", signal_interrupt_errno: 512 }
2026-09-10T03:16:10.418666Z  INFO detcore::scheduler: [sched-step5] >>>>>>>

 COMMIT turn 732, dettid 3 using resources {InternalIOPolling: W}, on previously committed 1_767_225_600.233_079_500s DETLOG_RECORD={"schema":1,"event":{"kind":"scheduler_commit","scheduler_turn":732,"virtual_nanoseconds":1767225600233079500,"internal_io_poll":true,"runtime_maps_read":false}}
2026-09-10T03:16:10.418728Z  INFO detcore::scheduler: [scheduler] >>>>>>>

 NONCOMMIT turn 733, SKIP dettid 3 polling resource Resources { tid: DetPid(3), resources: {InternalIOPolling: W}, poll_attempt: 17, fyi: "pwritev2", signal_interrupt_errno: 512 }
2026-09-10T03:16:10.418755Z  INFO detcore::scheduler: [sched-step5] >>>>>>>

 COMMIT turn 734, dettid 3 using resources {InternalIOPolling: W}, on previously committed 1_767_225_600.233_579_500s DETLOG_RECORD={"schema":1,"event":{"kind":"scheduler_commit","scheduler_turn":734,"virtual_nanoseconds":1767225600233579500,"internal_io_poll":true,"runtime_maps_read":false}}
2026-09-10T03:16:10.418826Z  INFO detcore::scheduler: [scheduler] >>>>>>>

 NONCOMMIT turn 735, SKIP dettid 3 polling resource Resources { tid: DetPid(3), resources: {InternalIOPolling: W}, poll_attempt: 18, fyi: "pwritev2", signal_interrupt_errno: 512 }
2026-09-10T03:16:10.418854Z  INFO detcore::scheduler: [sched-step5] >>>>>>>

 COMMIT turn 736, dettid 3 using resources {InternalIOPolling: W}, on previously committed 1_767_225_600.234_079_500s DETLOG_RECORD={"schema":1,"event":{"kind":"scheduler_commit","scheduler_turn":736,"virtual_nanoseconds":1767225600234079500,"internal_io_poll":true,"runtime_maps_read":false}}
2026-09-10T03:16:10.418918Z  INFO detcore::scheduler: [scheduler] >>>>>>>

 NONCOMMIT turn 737, SKIP dettid 3 polling resource Resources { tid: DetPid(3), resources: {InternalIOPolling: W}, poll_attempt: 19, fyi: "pwritev2", signal_interrupt_errno: 512 }
2026-09-10T03:16:10.418948Z  INFO detcore::scheduler: [sched-step5] >>>>>>>

 COMMIT turn 738, dettid 3 using resources {InternalIOPolling: W}, on previously committed 1_767_225_600.234_579_500s DETLOG_RECORD={"schema":1,"event":{"kind":"scheduler_commit","scheduler_turn":738,"virtual_nanoseconds":1767225600234579500,"internal_io_poll":true,"runtime_maps_read":false}}
2026-09-10T03:16:10.419016Z  INFO detcore::scheduler: [scheduler] >>>>>>>

 NONCOMMIT turn 739, SKIP dettid 3 polling resource Resources { tid: DetPid(3), resources: {InternalIOPolling: W}, poll_attempt: 20, fyi: "pwritev2", signal_interrupt_errno: 512 }
2026-09-10T03:16:10.419043Z  INFO detcore::scheduler: [sched-step5] >>>>>>>

 COMMIT turn 740, dettid 3 using resources {InternalIOPolling: W}, on previously committed 1_767_225_600.235_079_500s DETLOG_RECORD={"schema":1,"event":{"kind":"scheduler_commit","scheduler_turn":740,"virtual_nanoseconds":1767225600235079500,"internal_io_poll":true,"runtime_maps_read":false}}
2026-09-10T03:16:10.419107Z  INFO detcore::scheduler: [scheduler] >>>>>>>

 NONCOMMIT turn 741, SKIP dettid 3 polling resource Resources { tid: DetPid(3), resources: {InternalIOPolling: W}, poll_attempt: 21, fyi: "pwritev2", signal_interrupt_errno: 512 }
2026-09-10T03:16:10.419134Z  INFO detcore::scheduler: [sched-step5] >>>>>>>

 COMMIT turn 742, dettid 3 using resources {InternalIOPolling: W}, on previously committed 1_767_225_600.235_579_500s DETLOG_RECORD={"schema":1,"event":{"kind":"scheduler_commit","scheduler_turn":742,"virtual_nanoseconds":1767225600235579500,"internal_io_poll":true,"runtime_maps_read":false}}
2026-09-10T03:16:10.419196Z  INFO detcore::scheduler: [scheduler] >>>>>>>

 NONCOMMIT turn 743, SKIP dettid 3 polling resource Resources { tid: DetPid(3), resources: {InternalIOPolling: W}, poll_attempt: 22, fyi: "pwritev2", signal_interrupt_errno: 512 }
2026-09-10T03:16:10.419224Z  INFO detcore::scheduler: [sched-step5] >>>>>>>

 COMMIT turn 744, dettid 3 using resources {InternalIOPolling: W}, on previously committed 1_767_225_600.236_079_500s DETLOG_RECORD={"schema":1,"event":{"kind":"scheduler_commit","scheduler_turn":744,"virtual_nanoseconds":1767225600236079500,"internal_io_poll":true,"runtime_maps_read":false}}
2026-09-10T03:16:10.419293Z  INFO detcore::scheduler: [scheduler] >>>>>>>

 NONCOMMIT turn 745, SKIP dettid 3 polling resource Resources { tid: DetPid(3), resources: {InternalIOPolling: W}, poll_attempt: 23, fyi: "pwritev2", signal_interrupt_errno: 512 }
2026-09-10T03:16:10.419322Z  INFO detcore::scheduler: [sched-step5] >>>>>>>

 COMMIT turn 746, dettid 3 using resources {InternalIOPolling: W}, on previously committed 1_767_225_600.236_579_500s DETLOG_RECORD={"schema":1,"event":{"kind":"scheduler_commit","scheduler_turn":746,"virtual_nanoseconds":1767225600236579500,"internal_io_poll":true,"runtime_maps_read":false}}
2026-09-10T03:16:10.419385Z  INFO detcore::scheduler: [scheduler] >>>>>>>

 NONCOMMIT turn 747, SKIP dettid 3 polling resource Resources { tid: DetPid(3), resources: {InternalIOPolling: W}, poll_attempt: 24, fyi: "pwritev2", signal_interrupt_errno: 512 }
2026-09-10T03:16:10.419413Z  INFO detcore::scheduler: [sched-step5] >>>>>>>

 COMMIT turn 748, dettid 3 using resources {InternalIOPolling: W}, on previously committed 1_767_225_600.237_079_500s DETLOG_RECORD={"schema":1,"event":{"kind":"scheduler_commit","scheduler_turn":748,"virtual_nanoseconds":1767225600237079500,"internal_io_poll":true,"runtime_maps_read":false}}
2026-09-10T03:16:10.419476Z  INFO detcore::scheduler: [scheduler] >>>>>>>

 NONCOMMIT turn 749, SKIP dettid 3 polling resource Resources { tid: DetPid(3), resources: {InternalIOPolling: W}, poll_attempt: 25, fyi: "pwritev2", signal_interrupt_errno: 512 }
2026-09-10T03:16:10.419504Z  INFO detcore::scheduler: [sched-step5] >>>>>>>

 COMMIT turn 750, dettid 3 using resources {InternalIOPolling: W}, on previously committed 1_767_225_600.237_579_500s DETLOG_RECORD={"schema":1,"event":{"kind":"scheduler_commit","scheduler_turn":750,"virtual_nanoseconds":1767225600237579500,"internal_io_poll":true,"runtime_maps_read":false}}
2026-09-10T03:16:10.419569Z  INFO detcore::scheduler: [scheduler] >>>>>>>

 NONCOMMIT turn 751, SKIP dettid 3 polling resource Resources { tid: DetPid(3), resources: {InternalIOPolling: W}, poll_attempt: 26, fyi: "pwritev2", signal_interrupt_errno: 512 }
2026-09-10T03:16:10.419599Z  INFO detcore::scheduler: [sched-step5] >>>>>>>

 COMMIT turn 752, dettid 3 using resources {InternalIOPolling: W}, on previously committed 1_767_225_600.238_079_500s DETLOG_RECORD={"schema":1,"event":{"kind":"scheduler_commit","scheduler_turn":752,"virtual_nanoseconds":1767225600238079500,"internal_io_poll":true,"runtime_maps_read":false}}
2026-09-10T03:16:10.419668Z  INFO detcore::scheduler: [scheduler] >>>>>>>

 NONCOMMIT turn 753, SKIP dettid 3 polling resource Resources { tid: DetPid(3), resources: {InternalIOPolling: W}, poll_attempt: 27, fyi: "pwritev2", signal_interrupt_errno: 512 }
2026-09-10T03:16:10.419696Z  INFO detcore::scheduler: [sched-step5] >>>>>>>

 COMMIT turn 754, dettid 3 using resources {InternalIOPolling: W}, on previously committed 1_767_225_600.238_579_500s DETLOG_RECORD={"schema":1,"event":{"kind":"scheduler_commit","scheduler_turn":754,"virtual_nanoseconds":1767225600238579500,"internal_io_poll":true,"runtime_maps_read":false}}
2026-09-10T03:16:10.419758Z  INFO detcore::scheduler: [scheduler] >>>>>>>

 NONCOMMIT turn 755, SKIP dettid 3 polling resource Resources { tid: DetPid(3), resources: {InternalIOPolling: W}, poll_attempt: 28, fyi: "pwritev2", signal_interrupt_errno: 512 }
2026-09-10T03:16:10.419790Z  INFO detcore::scheduler: [sched-step5] >>>>>>>

 COMMIT turn 756, dettid 3 using resources {InternalIOPolling: W}, on previously committed 1_767_225_600.239_079_500s DETLOG_RECORD={"schema":1,"event":{"kind":"scheduler_commit","scheduler_turn":756,"virtual_nanoseconds":1767225600239079500,"internal_io_poll":true,"runtime_maps_read":false}}
2026-09-10T03:16:10.419858Z  INFO detcore::scheduler: [scheduler] >>>>>>>

 NONCOMMIT turn 757, SKIP dettid 3 polling resource Resources { tid: DetPid(3), resources: {InternalIOPolling: W}, poll_attempt: 29, fyi: "pwritev2", signal_interrupt_errno: 512 }
2026-09-10T03:16:10.419886Z  INFO detcore::scheduler: [sched-step5] >>>>>>>

 COMMIT turn 758, dettid 3 using resources {InternalIOPolling: W}, on previously committed 1_767_225_600.239_579_500s DETLOG_RECORD={"schema":1,"event":{"kind":"scheduler_commit","scheduler_turn":758,"virtual_nanoseconds":1767225600239579500,"internal_io_poll":true,"runtime_maps_read":false}}
2026-09-10T03:16:10.419992Z  INFO detcore::scheduler: [scheduler] >>>>>>>

 NONCOMMIT turn 759, SKIP dettid 3 polling resource Resources { tid: DetPid(3), resources: {InternalIOPolling: W}, poll_attempt: 30, fyi: "pwritev2", signal_interrupt_errno: 512 }
2026-09-10T03:16:10.420019Z  INFO detcore::scheduler: [sched-step5] >>>>>>>

 COMMIT turn 760, dettid 3 using resources {InternalIOPolling: W}, on previously committed 1_767_225_600.240_079_500s DETLOG_RECORD={"schema":1,"event":{"kind":"scheduler_commit","scheduler_turn":760,"virtual_nanoseconds":1767225600240079500,"internal_io_poll":true,"runtime_maps_read":false}}
2026-09-10T03:16:10.420083Z  INFO detcore::scheduler: [scheduler] >>>>>>>

 NONCOMMIT turn 761, SKIP dettid 3 polling resource Resources { tid: DetPid(3), resources: {InternalIOPolling: W}, poll_attempt: 31, fyi: "pwritev2", signal_interrupt_errno: 512 }
2026-09-10T03:16:10.420110Z  INFO detcore::scheduler: [sched-step5] >>>>>>>

 COMMIT turn 762, dettid 3 using resources {InternalIOPolling: W}, on previously committed 1_767_225_600.240_579_500s DETLOG_RECORD={"schema":1,"event":{"kind":"scheduler_commit","scheduler_turn":762,"virtual_nanoseconds":1767225600240579500,"internal_io_poll":true,"runtime_maps_read":false}}
2026-09-10T03:16:10.420172Z  INFO detcore::scheduler: [scheduler] >>>>>>>

 NONCOMMIT turn 763, SKIP dettid 3 polling resource Resources { tid: DetPid(3), resources: {InternalIOPolling: W}, poll_attempt: 32, fyi: "pwritev2", signal_interrupt_errno: 512 }
2026-09-10T03:16:10.420203Z  INFO detcore::scheduler: [sched-step5] >>>>>>>

 COMMIT turn 764, dettid 3 using resources {InternalIOPolling: W}, on previously committed 1_767_225_600.241_079_500s DETLOG_RECORD={"schema":1,"event":{"kind":"scheduler_commit","scheduler_turn":764,"virtual_nanoseconds":1767225600241079500,"internal_io_poll":true,"runtime_maps_read":false}}
2026-09-10T03:16:10.420271Z  INFO detcore::scheduler: [scheduler] >>>>>>>

 NONCOMMIT turn 765, SKIP dettid 3 polling resource Resources { tid: DetPid(3), resources: {InternalIOPolling: W}, poll_attempt: 33, fyi: "pwritev2", signal_interrupt_errno: 512 }
2026-09-10T03:16:10.420298Z  INFO detcore::scheduler: [sched-step5] >>>>>>>

 COMMIT turn 766, dettid 3 using resources {InternalIOPolling: W}, on previously committed 1_767_225_600.241_579_500s DETLOG_RECORD={"schema":1,"event":{"kind":"scheduler_commit","scheduler_turn":766,"virtual_nanoseconds":1767225600241579500,"internal_io_poll":true,"runtime_maps_read":false}}
2026-09-10T03:16:10.420361Z  INFO detcore::scheduler: [scheduler] >>>>>>>

 NONCOMMIT turn 767, SKIP dettid 3 polling resource Resources { tid: DetPid(3), resources: {InternalIOPolling: W}, poll_attempt: 34, fyi: "pwritev2", signal_interrupt_errno: 512 }
2026-09-10T03:16:10.420388Z  INFO detcore::scheduler: [sched-step5] >>>>>>>

 COMMIT turn 768, dettid 3 using resources {InternalIOPolling: W}, on previously committed 1_767_225_600.242_079_500s DETLOG_RECORD={"schema":1,"event":{"kind":"scheduler_commit","scheduler_turn":768,"virtual_nanoseconds":1767225600242079500,"internal_io_poll":true,"runtime_maps_read":false}}
2026-09-10T03:16:10.420451Z  INFO detcore::scheduler: [scheduler] >>>>>>>

 NONCOMMIT turn 769, SKIP dettid 3 polling resource Resources { tid: DetPid(3), resources: {InternalIOPolling: W}, poll_attempt: 35, fyi: "pwritev2", signal_interrupt_errno: 512 }
2026-09-10T03:16:10.420478Z  INFO detcore::scheduler: [sched-step5] >>>>>>>

 COMMIT turn 770, dettid 3 using resources {InternalIOPolling: W}, on previously committed 1_767_225_600.242_579_500s DETLOG_RECORD={"schema":1,"event":{"kind":"scheduler_commit","scheduler_turn":770,"virtual_nanoseconds":1767225600242579500,"internal_io_poll":true,"runtime_maps_read":false}}
2026-09-10T03:16:10.420541Z  INFO detcore::scheduler: [scheduler] >>>>>>>

 NONCOMMIT turn 771, SKIP dettid 3 polling resource Resources { tid: DetPid(3), resources: {InternalIOPolling: W}, poll_attempt: 36, fyi: "pwritev2", signal_interrupt_errno: 512 }
2026-09-10T03:16:10.420569Z  INFO detcore::scheduler: [sched-step5] >>>>>>>

 COMMIT turn 772, dettid 3 using resources {InternalIOPolling: W}, on previously committed 1_767_225_600.243_079_500s DETLOG_RECORD={"schema":1,"event":{"kind":"scheduler_commit","scheduler_turn":772,"virtual_nanoseconds":1767225600243079500,"internal_io_poll":true,"runtime_maps_read":false}}
2026-09-10T03:16:10.420631Z  INFO detcore::scheduler: [scheduler] >>>>>>>

 NONCOMMIT turn 773, SKIP dettid 3 polling resource Resources { tid: DetPid(3), resources: {InternalIOPolling: W}, poll_attempt: 37, fyi: "pwritev2", signal_interrupt_errno: 512 }
2026-09-10T03:16:10.420658Z  INFO detcore::scheduler: [sched-step5] >>>>>>>

 COMMIT turn 774, dettid 3 using resources {InternalIOPolling: W}, on previously committed 1_767_225_600.243_579_500s DETLOG_RECORD={"schema":1,"event":{"kind":"scheduler_commit","scheduler_turn":774,"virtual_nanoseconds":1767225600243579500,"internal_io_poll":true,"runtime_maps_read":false}}
2026-09-10T03:16:10.420735Z  INFO detcore::scheduler: [sched-step5] >>>>>>>

 COMMIT turn 775, dettid 12 using resources {SleepUntil(LogicalTime(1767225600244079000)): W}, on previously committed 1_767_225_600.244_079_500s DETLOG_RECORD={"schema":1,"event":{"kind":"scheduler_commit","scheduler_turn":775,"virtual_nanoseconds":1767225600244079500,"internal_io_poll":false,"runtime_maps_read":false}}
2026-09-10T03:16:10.420781Z  INFO detcore: DETLOG [syscall][detcore, dtid 12] finish syscall #3: clock_nanosleep(CLOCK_REALTIME, 0, 0x1b50e30, 0x1b50e30) = Ok(0) DETLOG_RECORD={"schema":1,"event":{"kind":"syscall_result","finished_syscall_number":3}}
2026-09-10T03:16:10.420837Z  INFO detcore: DETLOG [syscall][detcore, dtid 12] inbound syscall: mprotect(0x4021000, 49152, ProtFlags(PROT_READ | PROT_WRITE)) = ? DETLOG_RECORD={"schema":1,"event":{"kind":"syscall"}}
2026-09-10T03:16:10.420881Z  INFO detcore: DETLOG [syscall][detcore, dtid 12] finish syscall #4: mprotect(0x4021000, 49152, ProtFlags(PROT_READ | PROT_WRITE)) = Ok(0) DETLOG_RECORD={"schema":1,"event":{"kind":"syscall_result","finished_syscall_number":4}}
2026-09-10T03:16:10.420904Z  INFO detcore: DETLOG [syscall][detcore, dtid 12] inbound syscall: read(3, 0x4000b60, 180224) = ? DETLOG_RECORD={"schema":1,"event":{"kind":"syscall"}}
2026-09-10T03:16:10.420982Z  INFO detcore::scheduler: [scheduler] >>>>>>>

 NONCOMMIT turn 776, SKIP dettid 3 polling resource Resources { tid: DetPid(3), resources: {InternalIOPolling: W}, poll_attempt: 38, fyi: "pwritev2", signal_interrupt_errno: 512 }
2026-09-10T03:16:10.421020Z  INFO detcore::scheduler: [sched-step5] >>>>>>>

 COMMIT turn 777, dettid 12 using resources {InternalIOPolling: W}, on previously committed 1_767_225_600.244_599_500s DETLOG_RECORD={"schema":1,"event":{"kind":"scheduler_commit","scheduler_turn":777,"virtual_nanoseconds":1767225600244599500,"internal_io_poll":true,"runtime_maps_read":false}}
2026-09-10T03:16:10.421174Z  INFO detcore: DETLOG [syscall][detcore, dtid 12] finish syscall #5: read(3, 0x4000b60, 180224) = Ok(180224) DETLOG_RECORD={"schema":1,"event":{"kind":"syscall_result","finished_syscall_number":5}}
2026-09-10T03:16:10.421514Z  INFO detcore::io_buffers: DETLOG [iobuf][dtid 12] read in fd=3 0x4000b60+180224->5d3d44ad9336d92edacb47e400dd036c4cbe4ac3ab1410926b8c16059348e565 chunks=22528:aa3c2cf9,aa3c2cf9,aa3c2cf9,aa3c2cf9,aa3c2cf9,aa3c2cf9,aa3c2cf9,aa3c2cf9 DETLOG_RECORD={"schema":1,"event":{"kind":"other"}}
2026-09-10T03:16:10.421553Z  INFO detcore: DETLOG [syscall][detcore, dtid 12] inbound syscall: read(3, 0x1b50e28, 8) = ? DETLOG_RECORD={"schema":1,"event":{"kind":"syscall"}}
2026-09-10T03:16:10.421622Z  INFO detcore::scheduler: [sched-step5] >>>>>>>

 COMMIT turn 778, dettid 12 using resources {InternalIOPolling: W}, on previously committed 1_767_225_600.245_109_500s DETLOG_RECORD={"schema":1,"event":{"kind":"scheduler_commit","scheduler_turn":778,"virtual_nanoseconds":1767225600245109500,"internal_io_poll":true,"runtime_maps_read":false}}
2026-09-10T03:16:10.421691Z  INFO detcore::scheduler: [scheduler] >>>>>>>

 NONCOMMIT turn 779, SKIP dettid 12 polling resource Resources { tid: DetPid(12), resources: {InternalIOPolling: W}, poll_attempt: 1, fyi: "read" }
2026-09-10T03:16:10.421722Z  INFO detcore::scheduler: [sched-step5] >>>>>>>

 COMMIT turn 780, dettid 12 using resources {InternalIOPolling: W}, on previously committed 1_767_225_600.245_609_500s DETLOG_RECORD={"schema":1,"event":{"kind":"scheduler_commit","scheduler_turn":780,"virtual_nanoseconds":1767225600245609500,"internal_io_poll":true,"runtime_maps_read":false}}
2026-09-10T03:16:10.421767Z  INFO detcore::scheduler: [scheduler] >>>>>>>

 NONCOMMIT turn 781, SKIP dettid 12 polling resource Resources { tid: DetPid(12), resources: {InternalIOPolling: W}, poll_attempt: 2, fyi: "read" }
2026-09-10T03:16:10.421797Z  INFO detcore::scheduler: [sched-step5] >>>>>>>

 COMMIT turn 782, dettid 12 using resources {InternalIOPolling: W}, on previously committed 1_767_225_600.246_109_500s DETLOG_RECORD={"schema":1,"event":{"kind":"scheduler_commit","scheduler_turn":782,"virtual_nanoseconds":1767225600246109500,"internal_io_poll":true,"runtime_maps_read":false}}
2026-09-10T03:16:10.421846Z  INFO detcore::scheduler: [scheduler] >>>>>>>

 NONCOMMIT turn 783, SKIP dettid 12 polling resource Resources { tid: DetPid(12), resources: {InternalIOPolling: W}, poll_attempt: 3, fyi: "read" }
2026-09-10T03:16:10.421871Z  INFO detcore::scheduler: [sched-step5] >>>>>>>

 COMMIT turn 784, dettid 12 using resources {InternalIOPolling: W}, on previously committed 1_767_225_600.246_609_500s DETLOG_RECORD={"schema":1,"event":{"kind":"scheduler_commit","scheduler_turn":784,"virtual_nanoseconds":1767225600246609500,"internal_io_poll":true,"runtime_maps_read":false}}
2026-09-10T03:16:10.421921Z  INFO detcore::scheduler: [scheduler] >>>>>>>

 NONCOMMIT turn 785, SKIP dettid 12 polling resource Resources { tid: DetPid(12), resources: {InternalIOPolling: W}, poll_attempt: 4, fyi: "read" }
2026-09-10T03:16:10.421949Z  INFO detcore::scheduler: [sched-step5] >>>>>>>

 COMMIT turn 786, dettid 3 using resources {InternalIOPolling: W}, on previously committed 1_767_225_600.247_109_500s DETLOG_RECORD={"schema":1,"event":{"kind":"scheduler_commit","scheduler_turn":786,"virtual_nanoseconds":1767225600247109500,"internal_io_poll":true,"runtime_maps_read":false}}
2026-09-10T03:16:10.422068Z  INFO detcore: DETLOG [syscall][detcore, dtid 3] finish syscall #571: pwritev2(4, 0x3fffeb60, 2, 18446744073709551615, 0, 0) = Ok(8) DETLOG_RECORD={"schema":1,"event":{"kind":"syscall_result","finished_syscall_number":571}}
2026-09-10T03:16:10.422098Z  INFO detcore::io_buffers: DETLOG [iobuf][dtid 3] pwritev2 out fd=4 0x3fffeb2c+4->e12e115acf4552b2568b55e93cbd39394c4ef81c82447fafc997882a02d23677 DETLOG_RECORD={"schema":1,"event":{"kind":"other"}}
2026-09-10T03:16:10.422113Z  INFO detcore::io_buffers: DETLOG [iobuf][dtid 3] pwritev2 out fd=4 0x3fffeb30+4->e59e4dc24c482ed5ea574fb4f5367f340cb0c77d504bd5b1a982038e2d861954 DETLOG_RECORD={"schema":1,"event":{"kind":"other"}}
2026-09-10T03:16:10.422160Z  INFO detcore: DETLOG [syscall][detcore, dtid 3] inbound syscall: futex(0x1b51910, 265, 12, NULL, NULL, -1) = ? DETLOG_RECORD={"schema":1,"event":{"kind":"syscall"}}
2026-09-10T03:16:10.422222Z  INFO detcore::scheduler: [sched-step5] >>>>>>>

 COMMIT turn 787, dettid 12 using resources {InternalIOPolling: W}, on previously committed 1_767_225_600.247_614_500s DETLOG_RECORD={"schema":1,"event":{"kind":"scheduler_commit","scheduler_turn":787,"virtual_nanoseconds":1767225600247614500,"internal_io_poll":true,"runtime_maps_read":false}}
2026-09-10T03:16:10.422296Z  INFO detcore: DETLOG [syscall][detcore, dtid 12] finish syscall #6: read(3, 0x1b50e28, 8) = Ok(8) DETLOG_RECORD={"schema":1,"event":{"kind":"syscall_result","finished_syscall_number":6}}
2026-09-10T03:16:10.422316Z  INFO detcore::io_buffers: DETLOG [iobuf][dtid 12] read in fd=3 0x1b50e28+8->9ac2197d9258257b1ae8463e4214e4cd0a578bc1517f2415928b91be4283fc48 DETLOG_RECORD={"schema":1,"event":{"kind":"other"}}
2026-09-10T03:16:10.422347Z  INFO detcore: DETLOG [syscall][detcore, dtid 12] inbound syscall: rt_sigprocmask(0, 0x1b51f30, NULL, 8) = ? DETLOG_RECORD={"schema":1,"event":{"kind":"syscall"}}
2026-09-10T03:16:10.422377Z  INFO detcore: DETLOG [syscall][detcore, dtid 12] finish syscall #7: rt_sigprocmask(0, 0x1b51f30, NULL, 8) = Ok(0) DETLOG_RECORD={"schema":1,"event":{"kind":"syscall_result","finished_syscall_number":7}}
2026-09-10T03:16:10.422398Z  INFO detcore: DETLOG [syscall][detcore, dtid 12] inbound syscall: madvise(0x1351000, 8368128, 4) = ? DETLOG_RECORD={"schema":1,"event":{"kind":"syscall"}}
2026-09-10T03:16:10.422413Z  INFO detcore::syscalls::memory: DETLOG [dtid 12] madvise advice 4 is unsupported by this backend DETLOG_RECORD={"schema":1,"event":{"kind":"other"}}
2026-09-10T03:16:10.422424Z  INFO detcore: DETLOG [syscall][detcore, dtid 12] finish syscall #8: madvise(0x1351000, 8368128, 4) = Err(Errno(ENOSYS)) DETLOG_RECORD={"schema":1,"event":{"kind":"syscall_result","finished_syscall_number":8}}
2026-09-10T03:16:10.422445Z  INFO detcore: DETLOG [syscall][detcore, dtid 12] inbound syscall: exit(0) = ? DETLOG_RECORD={"schema":1,"event":{"kind":"syscall"}}
2026-09-10T03:16:10.422486Z  INFO detcore::scheduler: [sched-step5] >>>>>>>

 COMMIT turn 788, dettid 12 using resources {Exit { group: false, process: DetPid(3), mm: MmId { creator: DetPid(3), generation: 1 } }: RW}, on previously committed 1_767_225_600.248_374_750s DETLOG_RECORD={"schema":1,"event":{"kind":"scheduler_commit","scheduler_turn":788,"virtual_nanoseconds":1767225600248374750,"internal_io_poll":false,"runtime_maps_read":false}}
2026-09-10T03:16:10.422577Z  INFO detcore::scheduler: logically_kill: Scheduler removing all knowledge of [det]tid 12 in pid 3..
2026-09-10T03:16:10.422661Z  INFO detcore::scheduler: [sched-step5] >>>>>>>

 COMMIT turn 789, dettid 3 using resources {FutexWait: R}, on previously committed 1_767_225_600.248_874_750s DETLOG_RECORD={"schema":1,"event":{"kind":"scheduler_commit","scheduler_turn":789,"virtual_nanoseconds":1767225600248874750,"internal_io_poll":false,"runtime_maps_read":false}}
2026-09-10T03:16:10.422711Z  INFO detcore: DETLOG [syscall][detcore, dtid 3] finish syscall #572: futex(0x1b51910, 265, 12, NULL, NULL, -1) = Ok(0) DETLOG_RECORD={"schema":1,"event":{"kind":"syscall_result","finished_syscall_number":572}}
2026-09-10T03:16:10.422761Z  INFO detcore: DETLOG [syscall][detcore, dtid 3] inbound syscall: futex(0x1b51910, 265, 12, NULL, NULL, -1) = ? DETLOG_RECORD={"schema":1,"event":{"kind":"syscall"}}
2026-09-10T03:16:10.422791Z  INFO detcore: DETLOG [syscall][detcore, dtid 3] finish syscall #573: futex(0x1b51910, 265, 12, NULL, NULL, -1) = Ok(0) DETLOG_RECORD={"schema":1,"event":{"kind":"syscall_result","finished_syscall_number":573}}
2026-09-10T03:16:10.422818Z  INFO detcore: DETLOG [syscall][detcore, dtid 3] inbound syscall: futex(0x1b51910, 265, 12, NULL, NULL, -1) = ? DETLOG_RECORD={"schema":1,"event":{"kind":"syscall"}}
2026-09-10T03:16:10.422836Z  INFO detcore: DETLOG [syscall][detcore, dtid 3] finish syscall #574: futex(0x1b51910, 265, 12, NULL, NULL, -1) = Ok(0) DETLOG_RECORD={"schema":1,"event":{"kind":"syscall_result","finished_syscall_number":574}}
2026-09-10T03:16:10.422861Z  INFO detcore: DETLOG [syscall][detcore, dtid 3] inbound syscall: futex(0x1b51910, 265, 12, NULL, NULL, -1) = ? DETLOG_RECORD={"schema":1,"event":{"kind":"syscall"}}
2026-09-10T03:16:10.422878Z  INFO detcore: DETLOG [syscall][detcore, dtid 3] finish syscall #575: futex(0x1b51910, 265, 12, NULL, NULL, -1) = Ok(0) DETLOG_RECORD={"schema":1,"event":{"kind":"syscall_result","finished_syscall_number":575}}
2026-09-10T03:16:10.422903Z  INFO detcore: DETLOG [syscall][detcore, dtid 3] inbound syscall: futex(0x1b51910, 265, 12, NULL, NULL, -1) = ? DETLOG_RECORD={"schema":1,"event":{"kind":"syscall"}}
2026-09-10T03:16:10.422921Z  INFO detcore: DETLOG [syscall][detcore, dtid 3] finish syscall #576: futex(0x1b51910, 265, 12, NULL, NULL, -1) = Ok(0) DETLOG_RECORD={"schema":1,"event":{"kind":"syscall_result","finished_syscall_number":576}}
2026-09-10T03:16:10.422945Z  INFO detcore: DETLOG [syscall][detcore, dtid 3] inbound syscall: futex(0x1b51910, 265, 12, NULL, NULL, -1) = ? DETLOG_RECORD={"schema":1,"event":{"kind":"syscall"}}
2026-09-10T03:16:10.422963Z  INFO detcore: DETLOG [syscall][detcore, dtid 3] finish syscall #577: futex(0x1b51910, 265, 12, NULL, NULL, -1) = Ok(0) DETLOG_RECORD={"schema":1,"event":{"kind":"syscall_result","finished_syscall_number":577}}
2026-09-10T03:16:10.422987Z  INFO detcore: DETLOG [syscall][detcore, dtid 3] inbound syscall: futex(0x1b51910, 265, 12, NULL, NULL, -1) = ? DETLOG_RECORD={"schema":1,"event":{"kind":"syscall"}}
2026-09-10T03:16:10.423004Z  INFO detcore: DETLOG [syscall][detcore, dtid 3] finish syscall #578: futex(0x1b51910, 265, 12, NULL, NULL, -1) = Ok(0) DETLOG_RECORD={"schema":1,"event":{"kind":"syscall_result","finished_syscall_number":578}}
2026-09-10T03:16:10.423028Z  INFO detcore: DETLOG [syscall][detcore, dtid 3] inbound syscall: futex(0x1b51910, 265, 12, NULL, NULL, -1) = ? DETLOG_RECORD={"schema":1,"event":{"kind":"syscall"}}
2026-09-10T03:16:10.423046Z  INFO detcore: DETLOG [syscall][detcore, dtid 3] finish syscall #579: futex(0x1b51910, 265, 12, NULL, NULL, -1) = Ok(0) DETLOG_RECORD={"schema":1,"event":{"kind":"syscall_result","finished_syscall_number":579}}
2026-09-10T03:16:10.423070Z  INFO detcore: DETLOG [syscall][detcore, dtid 3] inbound syscall: futex(0x1b51910, 265, 12, NULL, NULL, -1) = ? DETLOG_RECORD={"schema":1,"event":{"kind":"syscall"}}
2026-09-10T03:16:10.423088Z  INFO detcore: DETLOG [syscall][detcore, dtid 3] finish syscall #580: futex(0x1b51910, 265, 12, NULL, NULL, -1) = Ok(0) DETLOG_RECORD={"schema":1,"event":{"kind":"syscall_result","finished_syscall_number":580}}
2026-09-10T03:16:10.423114Z  INFO detcore: DETLOG [syscall][detcore, dtid 3] inbound syscall: futex(0x1b51910, 265, 12, NULL, NULL, -1) = ? DETLOG_RECORD={"schema":1,"event":{"kind":"syscall"}}
2026-09-10T03:16:10.423133Z  INFO detcore: DETLOG [syscall][detcore, dtid 3] finish syscall #581: futex(0x1b51910, 265, 12, NULL, NULL, -1) = Ok(0) DETLOG_RECORD={"schema":1,"event":{"kind":"syscall_result","finished_syscall_number":581}}
2026-09-10T03:16:10.423158Z  INFO detcore: DETLOG [syscall][detcore, dtid 3] inbound syscall: futex(0x1b51910, 265, 12, NULL, NULL, -1) = ? DETLOG_RECORD={"schema":1,"event":{"kind":"syscall"}}
2026-09-10T03:16:10.423175Z  INFO detcore: DETLOG [syscall][detcore, dtid 3] finish syscall #582: futex(0x1b51910, 265, 12, NULL, NULL, -1) = Ok(0) DETLOG_RECORD={"schema":1,"event":{"kind":"syscall_result","finished_syscall_number":582}}
2026-09-10T03:16:10.423199Z  INFO detcore: DETLOG [syscall][detcore, dtid 3] inbound syscall: futex(0x1b51910, 265, 12, NULL, NULL, -1) = ? DETLOG_RECORD={"schema":1,"event":{"kind":"syscall"}}
2026-09-10T03:16:10.423217Z  INFO detcore: DETLOG [syscall][detcore, dtid 3] finish syscall #583: futex(0x1b51910, 265, 12, NULL, NULL, -1) = Ok(0) DETLOG_RECORD={"schema":1,"event":{"kind":"syscall_result","finished_syscall_number":583}}
2026-09-10T03:16:10.423241Z  INFO detcore: DETLOG [syscall][detcore, dtid 3] inbound syscall: futex(0x1b51910, 265, 12, NULL, NULL, -1) = ? DETLOG_RECORD={"schema":1,"event":{"kind":"syscall"}}
2026-09-10T03:16:10.423258Z  INFO detcore: DETLOG [syscall][detcore, dtid 3] finish syscall #584: futex(0x1b51910, 265, 12, NULL, NULL, -1) = Ok(0) DETLOG_RECORD={"schema":1,"event":{"kind":"syscall_result","finished_syscall_number":584}}
2026-09-10T03:16:10.423283Z  INFO detcore: DETLOG [syscall][detcore, dtid 3] inbound syscall: futex(0x1b51910, 265, 12, NULL, NULL, -1) = ? DETLOG_RECORD={"schema":1,"event":{"kind":"syscall"}}
2026-09-10T03:16:10.423300Z  INFO detcore: DETLOG [syscall][detcore, dtid 3] finish syscall #585: futex(0x1b51910, 265, 12, NULL, NULL, -1) = Ok(0) DETLOG_RECORD={"schema":1,"event":{"kind":"syscall_result","finished_syscall_number":585}}
2026-09-10T03:16:10.423324Z  INFO detcore: DETLOG [syscall][detcore, dtid 3] inbound syscall: futex(0x1b51910, 265, 12, NULL, NULL, -1) = ? DETLOG_RECORD={"schema":1,"event":{"kind":"syscall"}}
2026-09-10T03:16:10.423342Z  INFO detcore: DETLOG [syscall][detcore, dtid 3] finish syscall #586: futex(0x1b51910, 265, 12, NULL, NULL, -1) = Ok(0) DETLOG_RECORD={"schema":1,"event":{"kind":"syscall_result","finished_syscall_number":586}}
2026-09-10T03:16:10.423366Z  INFO detcore: DETLOG [syscall][detcore, dtid 3] inbound syscall: futex(0x1b51910, 265, 12, NULL, NULL, -1) = ? DETLOG_RECORD={"schema":1,"event":{"kind":"syscall"}}
2026-09-10T03:16:10.423383Z  INFO detcore: DETLOG [syscall][detcore, dtid 3] finish syscall #587: futex(0x1b51910, 265, 12, NULL, NULL, -1) = Ok(0) DETLOG_RECORD={"schema":1,"event":{"kind":"syscall_result","finished_syscall_number":587}}
2026-09-10T03:16:10.423408Z  INFO detcore: DETLOG [syscall][detcore, dtid 3] inbound syscall: futex(0x1b51910, 265, 12, NULL, NULL, -1) = ? DETLOG_RECORD={"schema":1,"event":{"kind":"syscall"}}
2026-09-10T03:16:10.423425Z  INFO detcore: DETLOG [syscall][detcore, dtid 3] finish syscall #588: futex(0x1b51910, 265, 12, NULL, NULL, -1) = Ok(0) DETLOG_RECORD={"schema":1,"event":{"kind":"syscall_result","finished_syscall_number":588}}
2026-09-10T03:16:10.423449Z  INFO detcore: DETLOG [syscall][detcore, dtid 3] inbound syscall: futex(0x1b51910, 265, 12, NULL, NULL, -1) = ? DETLOG_RECORD={"schema":1,"event":{"kind":"syscall"}}
2026-09-10T03:16:10.423467Z  INFO detcore: DETLOG [syscall][detcore, dtid 3] finish syscall #589: futex(0x1b51910, 265, 12, NULL, NULL, -1) = Ok(0) DETLOG_RECORD={"schema":1,"event":{"kind":"syscall_result","finished_syscall_number":589}}
2026-09-10T03:16:10.423491Z  INFO detcore: DETLOG [syscall][detcore, dtid 3] inbound syscall: futex(0x1b51910, 265, 12, NULL, NULL, -1) = ? DETLOG_RECORD={"schema":1,"event":{"kind":"syscall"}}
2026-09-10T03:16:10.423510Z  INFO detcore: DETLOG [syscall][detcore, dtid 3] finish syscall #590: futex(0x1b51910, 265, 12, NULL, NULL, -1) = Ok(0) DETLOG_RECORD={"schema":1,"event":{"kind":"syscall_result","finished_syscall_number":590}}
2026-09-10T03:16:10.423535Z  INFO detcore: DETLOG [syscall][detcore, dtid 3] inbound syscall: futex(0x1b51910, 265, 12, NULL, NULL, -1) = ? DETLOG_RECORD={"schema":1,"event":{"kind":"syscall"}}
2026-09-10T03:16:10.423552Z  INFO detcore: DETLOG [syscall][detcore, dtid 3] finish syscall #591: futex(0x1b51910, 265, 12, NULL, NULL, -1) = Ok(0) DETLOG_RECORD={"schema":1,"event":{"kind":"syscall_result","finished_syscall_number":591}}
2026-09-10T03:16:10.423576Z  INFO detcore: DETLOG [syscall][detcore, dtid 3] inbound syscall: futex(0x1b51910, 265, 12, NULL, NULL, -1) = ? DETLOG_RECORD={"schema":1,"event":{"kind":"syscall"}}
2026-09-10T03:16:10.423594Z  INFO detcore: DETLOG [syscall][detcore, dtid 3] finish syscall #592: futex(0x1b51910, 265, 12, NULL, NULL, -1) = Ok(0) DETLOG_RECORD={"schema":1,"event":{"kind":"syscall_result","finished_syscall_number":592}}
2026-09-10T03:16:10.423618Z  INFO detcore: DETLOG [syscall][detcore, dtid 3] inbound syscall: futex(0x1b51910, 265, 12, NULL, NULL, -1) = ? DETLOG_RECORD={"schema":1,"event":{"kind":"syscall"}}
2026-09-10T03:16:10.423635Z  INFO detcore: DETLOG [syscall][detcore, dtid 3] finish syscall #593: futex(0x1b51910, 265, 12, NULL, NULL, -1) = Ok(0) DETLOG_RECORD={"schema":1,"event":{"kind":"syscall_result","finished_syscall_number":593}}
2026-09-10T03:16:10.423660Z  INFO detcore: DETLOG [syscall][detcore, dtid 3] inbound syscall: futex(0x1b51910, 265, 12, NULL, NULL, -1) = ? DETLOG_RECORD={"schema":1,"event":{"kind":"syscall"}}
2026-09-10T03:16:10.423677Z  INFO detcore: DETLOG [syscall][detcore, dtid 3] finish syscall #594: futex(0x1b51910, 265, 12, NULL, NULL, -1) = Ok(0) DETLOG_RECORD={"schema":1,"event":{"kind":"syscall_result","finished_syscall_number":594}}
2026-09-10T03:16:10.423701Z  INFO detcore: DETLOG [syscall][detcore, dtid 3] inbound syscall: futex(0x1b51910, 265, 12, NULL, NULL, -1) = ? DETLOG_RECORD={"schema":1,"event":{"kind":"syscall"}}
2026-09-10T03:16:10.423719Z  INFO detcore: DETLOG [syscall][detcore, dtid 3] finish syscall #595: futex(0x1b51910, 265, 12, NULL, NULL, -1) = Ok(0) DETLOG_RECORD={"schema":1,"event":{"kind":"syscall_result","finished_syscall_number":595}}
2026-09-10T03:16:10.423743Z  INFO detcore: DETLOG [syscall][detcore, dtid 3] inbound syscall: futex(0x1b51910, 265, 12, NULL, NULL, -1) = ? DETLOG_RECORD={"schema":1,"event":{"kind":"syscall"}}
2026-09-10T03:16:10.423760Z  INFO detcore: DETLOG [syscall][detcore, dtid 3] finish syscall #596: futex(0x1b51910, 265, 12, NULL, NULL, -1) = Ok(0) DETLOG_RECORD={"schema":1,"event":{"kind":"syscall_result","finished_syscall_number":596}}
2026-09-10T03:16:10.424105Z  INFO detcore: DETLOG [syscall][detcore, dtid 3] inbound syscall: close(3) = ? DETLOG_RECORD={"schema":1,"event":{"kind":"syscall"}}
2026-09-10T03:16:10.424170Z  INFO detcore: DETLOG [syscall][detcore, dtid 3] finish syscall #597: close(3) = Ok(0) DETLOG_RECORD={"schema":1,"event":{"kind":"syscall_result","finished_syscall_number":597}}
2026-09-10T03:16:10.424196Z  INFO detcore: DETLOG [syscall][detcore, dtid 3] inbound syscall: close(4) = ? DETLOG_RECORD={"schema":1,"event":{"kind":"syscall"}}
2026-09-10T03:16:10.424219Z  INFO detcore: DETLOG [syscall][detcore, dtid 3] finish syscall #598: close(4) = Ok(0) DETLOG_RECORD={"schema":1,"event":{"kind":"syscall_result","finished_syscall_number":598}}
2026-09-10T03:16:10.424252Z  INFO detcore: DETLOG [syscall][detcore, dtid 3] inbound syscall: eventfd2(0, EfdFlags(0x0)) = ? DETLOG_RECORD={"schema":1,"event":{"kind":"syscall"}}
2026-09-10T03:16:10.424281Z  INFO detcore::syscalls::files: Injecting additional fstat to retrieve file metadata on fd 3.
2026-09-10T03:16:10.424312Z  INFO detcore: DETLOG [syscall][detcore, dtid 3] finish syscall #599: eventfd2(0, EfdFlags(0x0)) = Ok(3) DETLOG_RECORD={"schema":1,"event":{"kind":"syscall_result","finished_syscall_number":599}}
2026-09-10T03:16:10.424337Z  INFO detcore: DETLOG [syscall][detcore, dtid 3] inbound syscall: write(3, 0x3fffeb80, 8) = ? DETLOG_RECORD={"schema":1,"event":{"kind":"syscall"}}
2026-09-10T03:16:10.424417Z  INFO detcore::scheduler: [sched-step5] >>>>>>>

 COMMIT turn 790, dettid 3 using resources {InternalIOPolling: W}, on previously committed 1_767_225_600.249_579_750s DETLOG_RECORD={"schema":1,"event":{"kind":"scheduler_commit","scheduler_turn":790,"virtual_nanoseconds":1767225600249579750,"internal_io_poll":true,"runtime_maps_read":false}}
2026-09-10T03:16:10.424498Z  INFO detcore: DETLOG [syscall][detcore, dtid 3] finish syscall #600: write(3, 0x3fffeb80, 8) = Ok(8) DETLOG_RECORD={"schema":1,"event":{"kind":"syscall_result","finished_syscall_number":600}}
2026-09-10T03:16:10.424524Z  INFO detcore::io_buffers: DETLOG [iobuf][dtid 3] write out fd=3 0x3fffeb80+8->81b37f7f8b78762feb067131152a700548754f937a0668c1f327d2ee1a2d2801 DETLOG_RECORD={"schema":1,"event":{"kind":"other"}}
2026-09-10T03:16:10.424557Z  INFO detcore: DETLOG [syscall][detcore, dtid 3] inbound syscall: rt_sigprocmask(0, 0x12f7820, 0x3fffea30, 8) = ? DETLOG_RECORD={"schema":1,"event":{"kind":"syscall"}}
2026-09-10T03:16:10.424588Z  INFO detcore: DETLOG [syscall][detcore, dtid 3] finish syscall #601: rt_sigprocmask(0, 0x12f7820, 0x3fffea30, 8) = Ok(0) DETLOG_RECORD={"schema":1,"event":{"kind":"syscall_result","finished_syscall_number":601}}
2026-09-10T03:16:10.424624Z  INFO detcore: DETLOG [syscall][detcore, dtid 3] inbound syscall: clone3(0x3fffe8f0, 88) = ? DETLOG_RECORD={"schema":1,"event":{"kind":"syscall"}}
2026-09-10T03:16:10.425044Z  INFO detcore::tool_local: DETLOG RNG USER RAND seeding child User pedigree PPPPPPPPPC: [134, 244, 65, 244, 177, 211, 144, 254, 221, 111, 89, 11, 155, 166, 1, 151] from parent Mcg128Xsl64 {} DETLOG_RECORD={"schema":1,"event":{"kind":"other"}}
2026-09-10T03:16:10.425076Z  INFO detcore::tool_local: DETLOG RNG CHAOSRAND seeding child Chaos pedigree PPPPPPPPPC: [144, 63, 23, 40, 159, 60, 139, 218, 188, 44, 249, 53, 50, 103, 27, 165] from parent Mcg128Xsl64 {} DETLOG_RECORD={"schema":1,"event":{"kind":"other"}}
2026-09-10T03:16:10.425660Z  INFO detcore::scheduler: [sched-step5] >>>>>>>

 COMMIT turn 791, dettid 13 using resources {MemAddrSpace(DetPid(3)): RW}, on previously committed 1_767_225_600.250_330_000s DETLOG_RECORD={"schema":1,"event":{"kind":"scheduler_commit","scheduler_turn":791,"virtual_nanoseconds":1767225600250330000,"internal_io_poll":false,"runtime_maps_read":false}}
2026-09-10T03:16:10.425711Z  INFO detcore::tool_global: [detcore, dtid 13] New thread given go-ahead to proceed via <ivar Go(None)>
2026-09-10T03:16:10.425856Z  INFO detcore: DETLOG [syscall][detcore, dtid 13] inbound syscall: set_robust_list(0x1b51920, 24) = ? DETLOG_RECORD={"schema":1,"event":{"kind":"syscall"}}
2026-09-10T03:16:10.425908Z  INFO detcore: DETLOG [syscall][detcore, dtid 13] finish syscall #1: set_robust_list(0x1b51920, 24) = Ok(0) DETLOG_RECORD={"schema":1,"event":{"kind":"syscall_result","finished_syscall_number":1}}
2026-09-10T03:16:10.425938Z  INFO detcore: DETLOG [syscall][detcore, dtid 13] inbound syscall: rt_sigprocmask(2, 0x1b51f30, NULL, 8) = ? DETLOG_RECORD={"schema":1,"event":{"kind":"syscall"}}
2026-09-10T03:16:10.425973Z  INFO detcore: DETLOG [syscall][detcore, dtid 13] finish syscall #2: rt_sigprocmask(2, 0x1b51f30, NULL, 8) = Ok(0) DETLOG_RECORD={"schema":1,"event":{"kind":"syscall_result","finished_syscall_number":2}}
2026-09-10T03:16:10.426005Z  INFO detcore: DETLOG [syscall][detcore, dtid 13] inbound syscall: clock_nanosleep(CLOCK_REALTIME, 0, 0x1b50e30, 0x1b50e30) = ? DETLOG_RECORD={"schema":1,"event":{"kind":"syscall"}}
2026-09-10T03:16:10.426096Z  INFO detcore::scheduler: [sched-step5] >>>>>>>

 COMMIT turn 792, dettid 3 using resources {ParentContinue { parent: DetPid(3), child: DetPid(13) }: W}, on previously committed 1_767_225_600.257_669_000s DETLOG_RECORD={"schema":1,"event":{"kind":"scheduler_commit","scheduler_turn":792,"virtual_nanoseconds":1767225600257669000,"internal_io_poll":false,"runtime_maps_read":false}}
2026-09-10T03:16:10.426158Z  INFO detcore: DETLOG [syscall][detcore, dtid 3] finish syscall #602: clone3(0x3fffe8f0, 88) = Ok(13) DETLOG_RECORD={"schema":1,"event":{"kind":"syscall_result","finished_syscall_number":602}}
2026-09-10T03:16:10.426202Z  INFO detcore: DETLOG [syscall][detcore, dtid 3] inbound syscall: rt_sigprocmask(2, 0x3fffea30, NULL, 8) = ? DETLOG_RECORD={"schema":1,"event":{"kind":"syscall"}}
2026-09-10T03:16:10.426237Z  INFO detcore: DETLOG [syscall][detcore, dtid 3] finish syscall #603: rt_sigprocmask(2, 0x3fffea30, NULL, 8) = Ok(0) DETLOG_RECORD={"schema":1,"event":{"kind":"syscall_result","finished_syscall_number":603}}
2026-09-10T03:16:10.426272Z  INFO detcore: DETLOG [syscall][detcore, dtid 3] inbound syscall: pwritev2(3, 0x3fffeb60, 1, 18446744073709551615, 0, 0) = ? DETLOG_RECORD={"schema":1,"event":{"kind":"syscall"}}
2026-09-10T03:16:10.426323Z  INFO detcore::scheduler: [scheduler] >>>>>>>

 NONCOMMIT turn 793, SKIP dettid 13 which wanted resource SleepUntil(LogicalTime(1767225600277169000)) (blocking)
2026-09-10T03:16:10.426358Z  INFO detcore::scheduler: [sched-step5] >>>>>>>

 COMMIT turn 794, dettid 3 using resources {FileContents(DetInode(5)): W}, on previously committed 1_767_225_600.258_169_500s DETLOG_RECORD={"schema":1,"event":{"kind":"scheduler_commit","scheduler_turn":794,"virtual_nanoseconds":1767225600258169500,"internal_io_poll":false,"runtime_maps_read":false}}
2026-09-10T03:16:10.426472Z  INFO detcore::scheduler: [scheduler] >>>>>>>

 NONCOMMIT turn 795, SKIP dettid 3 polling resource Resources { tid: DetPid(3), resources: {InternalIOPolling: W}, poll_attempt: 1, fyi: "pwritev2", signal_interrupt_errno: 512 }
2026-09-10T03:16:10.426509Z  INFO detcore::scheduler: [sched-step5] >>>>>>>

 COMMIT turn 796, dettid 3 using resources {InternalIOPolling: W}, on previously committed 1_767_225_600.258_669_500s DETLOG_RECORD={"schema":1,"event":{"kind":"scheduler_commit","scheduler_turn":796,"virtual_nanoseconds":1767225600258669500,"internal_io_poll":true,"runtime_maps_read":false}}
2026-09-10T03:16:10.426595Z  INFO detcore::scheduler: [scheduler] >>>>>>>

 NONCOMMIT turn 797, SKIP dettid 3 polling resource Resources { tid: DetPid(3), resources: {InternalIOPolling: W}, poll_attempt: 2, fyi: "pwritev2", signal_interrupt_errno: 512 }
2026-09-10T03:16:10.426625Z  INFO detcore::scheduler: [sched-step5] >>>>>>>

 COMMIT turn 798, dettid 3 using resources {InternalIOPolling: W}, on previously committed 1_767_225_600.259_169_500s DETLOG_RECORD={"schema":1,"event":{"kind":"scheduler_commit","scheduler_turn":798,"virtual_nanoseconds":1767225600259169500,"internal_io_poll":true,"runtime_maps_read":false}}
2026-09-10T03:16:10.426688Z  INFO detcore::scheduler: [scheduler] >>>>>>>

 NONCOMMIT turn 799, SKIP dettid 3 polling resource Resources { tid: DetPid(3), resources: {InternalIOPolling: W}, poll_attempt: 3, fyi: "pwritev2", signal_interrupt_errno: 512 }
2026-09-10T03:16:10.426716Z  INFO detcore::scheduler: [sched-step5] >>>>>>>

 COMMIT turn 800, dettid 3 using resources {InternalIOPolling: W}, on previously committed 1_767_225_600.259_669_500s DETLOG_RECORD={"schema":1,"event":{"kind":"scheduler_commit","scheduler_turn":800,"virtual_nanoseconds":1767225600259669500,"internal_io_poll":true,"runtime_maps_read":false}}
2026-09-10T03:16:10.426780Z  INFO detcore::scheduler: [scheduler] >>>>>>>

 NONCOMMIT turn 801, SKIP dettid 3 polling resource Resources { tid: DetPid(3), resources: {InternalIOPolling: W}, poll_attempt: 4, fyi: "pwritev2", signal_interrupt_errno: 512 }
2026-09-10T03:16:10.426808Z  INFO detcore::scheduler: [sched-step5] >>>>>>>

 COMMIT turn 802, dettid 3 using resources {InternalIOPolling: W}, on previously committed 1_767_225_600.260_169_500s DETLOG_RECORD={"schema":1,"event":{"kind":"scheduler_commit","scheduler_turn":802,"virtual_nanoseconds":1767225600260169500,"internal_io_poll":true,"runtime_maps_read":false}}
2026-09-10T03:16:10.426867Z  INFO detcore::scheduler: [scheduler] >>>>>>>

 NONCOMMIT turn 803, SKIP dettid 3 polling resource Resources { tid: DetPid(3), resources: {InternalIOPolling: W}, poll_attempt: 5, fyi: "pwritev2", signal_interrupt_errno: 512 }
2026-09-10T03:16:10.426899Z  INFO detcore::scheduler: [sched-step5] >>>>>>>

 COMMIT turn 804, dettid 3 using resources {InternalIOPolling: W}, on previously committed 1_767_225_600.260_669_500s DETLOG_RECORD={"schema":1,"event":{"kind":"scheduler_commit","scheduler_turn":804,"virtual_nanoseconds":1767225600260669500,"internal_io_poll":true,"runtime_maps_read":false}}
2026-09-10T03:16:10.426960Z  INFO detcore::scheduler: [scheduler] >>>>>>>

 NONCOMMIT turn 805, SKIP dettid 3 polling resource Resources { tid: DetPid(3), resources: {InternalIOPolling: W}, poll_attempt: 6, fyi: "pwritev2", signal_interrupt_errno: 512 }
2026-09-10T03:16:10.426989Z  INFO detcore::scheduler: [sched-step5] >>>>>>>

 COMMIT turn 806, dettid 3 using resources {InternalIOPolling: W}, on previously committed 1_767_225_600.261_169_500s DETLOG_RECORD={"schema":1,"event":{"kind":"scheduler_commit","scheduler_turn":806,"virtual_nanoseconds":1767225600261169500,"internal_io_poll":true,"runtime_maps_read":false}}
2026-09-10T03:16:10.427045Z  INFO detcore::scheduler: [scheduler] >>>>>>>

 NONCOMMIT turn 807, SKIP dettid 3 polling resource Resources { tid: DetPid(3), resources: {InternalIOPolling: W}, poll_attempt: 7, fyi: "pwritev2", signal_interrupt_errno: 512 }
2026-09-10T03:16:10.427073Z  INFO detcore::scheduler: [sched-step5] >>>>>>>

 COMMIT turn 808, dettid 3 using resources {InternalIOPolling: W}, on previously committed 1_767_225_600.261_669_500s DETLOG_RECORD={"schema":1,"event":{"kind":"scheduler_commit","scheduler_turn":808,"virtual_nanoseconds":1767225600261669500,"internal_io_poll":true,"runtime_maps_read":false}}
2026-09-10T03:16:10.427129Z  INFO detcore::scheduler: [scheduler] >>>>>>>

 NONCOMMIT turn 809, SKIP dettid 3 polling resource Resources { tid: DetPid(3), resources: {InternalIOPolling: W}, poll_attempt: 8, fyi: "pwritev2", signal_interrupt_errno: 512 }
2026-09-10T03:16:10.427157Z  INFO detcore::scheduler: [sched-step5] >>>>>>>

 COMMIT turn 810, dettid 3 using resources {InternalIOPolling: W}, on previously committed 1_767_225_600.262_169_500s DETLOG_RECORD={"schema":1,"event":{"kind":"scheduler_commit","scheduler_turn":810,"virtual_nanoseconds":1767225600262169500,"internal_io_poll":true,"runtime_maps_read":false}}
2026-09-10T03:16:10.427213Z  INFO detcore::scheduler: [scheduler] >>>>>>>

 NONCOMMIT turn 811, SKIP dettid 3 polling resource Resources { tid: DetPid(3), resources: {InternalIOPolling: W}, poll_attempt: 9, fyi: "pwritev2", signal_interrupt_errno: 512 }
2026-09-10T03:16:10.427240Z  INFO detcore::scheduler: [sched-step5] >>>>>>>

 COMMIT turn 812, dettid 3 using resources {InternalIOPolling: W}, on previously committed 1_767_225_600.262_669_500s DETLOG_RECORD={"schema":1,"event":{"kind":"scheduler_commit","scheduler_turn":812,"virtual_nanoseconds":1767225600262669500,"internal_io_poll":true,"runtime_maps_read":false}}
2026-09-10T03:16:10.427296Z  INFO detcore::scheduler: [scheduler] >>>>>>>

 NONCOMMIT turn 813, SKIP dettid 3 polling resource Resources { tid: DetPid(3), resources: {InternalIOPolling: W}, poll_attempt: 10, fyi: "pwritev2", signal_interrupt_errno: 512 }
2026-09-10T03:16:10.427323Z  INFO detcore::scheduler: [sched-step5] >>>>>>>

 COMMIT turn 814, dettid 3 using resources {InternalIOPolling: W}, on previously committed 1_767_225_600.263_169_500s DETLOG_RECORD={"schema":1,"event":{"kind":"scheduler_commit","scheduler_turn":814,"virtual_nanoseconds":1767225600263169500,"internal_io_poll":true,"runtime_maps_read":false}}
2026-09-10T03:16:10.427379Z  INFO detcore::scheduler: [scheduler] >>>>>>>

 NONCOMMIT turn 815, SKIP dettid 3 polling resource Resources { tid: DetPid(3), resources: {InternalIOPolling: W}, poll_attempt: 11, fyi: "pwritev2", signal_interrupt_errno: 512 }
2026-09-10T03:16:10.427406Z  INFO detcore::scheduler: [sched-step5] >>>>>>>

 COMMIT turn 816, dettid 3 using resources {InternalIOPolling: W}, on previously committed 1_767_225_600.263_669_500s DETLOG_RECORD={"schema":1,"event":{"kind":"scheduler_commit","scheduler_turn":816,"virtual_nanoseconds":1767225600263669500,"internal_io_poll":true,"runtime_maps_read":false}}
2026-09-10T03:16:10.427466Z  INFO detcore::scheduler: [scheduler] >>>>>>>

 NONCOMMIT turn 817, SKIP dettid 3 polling resource Resources { tid: DetPid(3), resources: {InternalIOPolling: W}, poll_attempt: 12, fyi: "pwritev2", signal_interrupt_errno: 512 }
2026-09-10T03:16:10.427496Z  INFO detcore::scheduler: [sched-step5] >>>>>>>

 COMMIT turn 818, dettid 3 using resources {InternalIOPolling: W}, on previously committed 1_767_225_600.264_169_500s DETLOG_RECORD={"schema":1,"event":{"kind":"scheduler_commit","scheduler_turn":818,"virtual_nanoseconds":1767225600264169500,"internal_io_poll":true,"runtime_maps_read":false}}
2026-09-10T03:16:10.427553Z  INFO detcore::scheduler: [scheduler] >>>>>>>

 NONCOMMIT turn 819, SKIP dettid 3 polling resource Resources { tid: DetPid(3), resources: {InternalIOPolling: W}, poll_attempt: 13, fyi: "pwritev2", signal_interrupt_errno: 512 }
2026-09-10T03:16:10.427581Z  INFO detcore::scheduler: [sched-step5] >>>>>>>

 COMMIT turn 820, dettid 3 using resources {InternalIOPolling: W}, on previously committed 1_767_225_600.264_669_500s DETLOG_RECORD={"schema":1,"event":{"kind":"scheduler_commit","scheduler_turn":820,"virtual_nanoseconds":1767225600264669500,"internal_io_poll":true,"runtime_maps_read":false}}
2026-09-10T03:16:10.427637Z  INFO detcore::scheduler: [scheduler] >>>>>>>

 NONCOMMIT turn 821, SKIP dettid 3 polling resource Resources { tid: DetPid(3), resources: {InternalIOPolling: W}, poll_attempt: 14, fyi: "pwritev2", signal_interrupt_errno: 512 }
2026-09-10T03:16:10.427664Z  INFO detcore::scheduler: [sched-step5] >>>>>>>

 COMMIT turn 822, dettid 3 using resources {InternalIOPolling: W}, on previously committed 1_767_225_600.265_169_500s DETLOG_RECORD={"schema":1,"event":{"kind":"scheduler_commit","scheduler_turn":822,"virtual_nanoseconds":1767225600265169500,"internal_io_poll":true,"runtime_maps_read":false}}
2026-09-10T03:16:10.427722Z  INFO detcore::scheduler: [scheduler] >>>>>>>

 NONCOMMIT turn 823, SKIP dettid 3 polling resource Resources { tid: DetPid(3), resources: {InternalIOPolling: W}, poll_attempt: 15, fyi: "pwritev2", signal_interrupt_errno: 512 }
2026-09-10T03:16:10.427750Z  INFO detcore::scheduler: [sched-step5] >>>>>>>

 COMMIT turn 824, dettid 3 using resources {InternalIOPolling: W}, on previously committed 1_767_225_600.265_669_500s DETLOG_RECORD={"schema":1,"event":{"kind":"scheduler_commit","scheduler_turn":824,"virtual_nanoseconds":1767225600265669500,"internal_io_poll":true,"runtime_maps_read":false}}
2026-09-10T03:16:10.427814Z  INFO detcore::scheduler: [scheduler] >>>>>>>

 NONCOMMIT turn 825, SKIP dettid 3 polling resource Resources { tid: DetPid(3), resources: {InternalIOPolling: W}, poll_attempt: 16, fyi: "pwritev2", signal_interrupt_errno: 512 }
2026-09-10T03:16:10.427842Z  INFO detcore::scheduler: [sched-step5] >>>>>>>

 COMMIT turn 826, dettid 3 using resources {InternalIOPolling: W}, on previously committed 1_767_225_600.266_169_500s DETLOG_RECORD={"schema":1,"event":{"kind":"scheduler_commit","scheduler_turn":826,"virtual_nanoseconds":1767225600266169500,"internal_io_poll":true,"runtime_maps_read":false}}
2026-09-10T03:16:10.427899Z  INFO detcore::scheduler: [scheduler] >>>>>>>

 NONCOMMIT turn 827, SKIP dettid 3 polling resource Resources { tid: DetPid(3), resources: {InternalIOPolling: W}, poll_attempt: 17, fyi: "pwritev2", signal_interrupt_errno: 512 }
2026-09-10T03:16:10.427926Z  INFO detcore::scheduler: [sched-step5] >>>>>>>

 COMMIT turn 828, dettid 3 using resources {InternalIOPolling: W}, on previously committed 1_767_225_600.266_669_500s DETLOG_RECORD={"schema":1,"event":{"kind":"scheduler_commit","scheduler_turn":828,"virtual_nanoseconds":1767225600266669500,"internal_io_poll":true,"runtime_maps_read":false}}
2026-09-10T03:16:10.427982Z  INFO detcore::scheduler: [scheduler] >>>>>>>

 NONCOMMIT turn 829, SKIP dettid 3 polling resource Resources { tid: DetPid(3), resources: {InternalIOPolling: W}, poll_attempt: 18, fyi: "pwritev2", signal_interrupt_errno: 512 }
2026-09-10T03:16:10.428011Z  INFO detcore::scheduler: [sched-step5] >>>>>>>

 COMMIT turn 830, dettid 3 using resources {InternalIOPolling: W}, on previously committed 1_767_225_600.267_169_500s DETLOG_RECORD={"schema":1,"event":{"kind":"scheduler_commit","scheduler_turn":830,"virtual_nanoseconds":1767225600267169500,"internal_io_poll":true,"runtime_maps_read":false}}
2026-09-10T03:16:10.428071Z  INFO detcore::scheduler: [scheduler] >>>>>>>

 NONCOMMIT turn 831, SKIP dettid 3 polling resource Resources { tid: DetPid(3), resources: {InternalIOPolling: W}, poll_attempt: 19, fyi: "pwritev2", signal_interrupt_errno: 512 }
2026-09-10T03:16:10.428107Z  INFO detcore::scheduler: [sched-step5] >>>>>>>

 COMMIT turn 832, dettid 3 using resources {InternalIOPolling: W}, on previously committed 1_767_225_600.267_669_500s DETLOG_RECORD={"schema":1,"event":{"kind":"scheduler_commit","scheduler_turn":832,"virtual_nanoseconds":1767225600267669500,"internal_io_poll":true,"runtime_maps_read":false}}
2026-09-10T03:16:10.428163Z  INFO detcore::scheduler: [scheduler] >>>>>>>

 NONCOMMIT turn 833, SKIP dettid 3 polling resource Resources { tid: DetPid(3), resources: {InternalIOPolling: W}, poll_attempt: 20, fyi: "pwritev2", signal_interrupt_errno: 512 }
2026-09-10T03:16:10.428190Z  INFO detcore::scheduler: [sched-step5] >>>>>>>

 COMMIT turn 834, dettid 3 using resources {InternalIOPolling: W}, on previously committed 1_767_225_600.268_169_500s DETLOG_RECORD={"schema":1,"event":{"kind":"scheduler_commit","scheduler_turn":834,"virtual_nanoseconds":1767225600268169500,"internal_io_poll":true,"runtime_maps_read":false}}
2026-09-10T03:16:10.428245Z  INFO detcore::scheduler: [scheduler] >>>>>>>

 NONCOMMIT turn 835, SKIP dettid 3 polling resource Resources { tid: DetPid(3), resources: {InternalIOPolling: W}, poll_attempt: 21, fyi: "pwritev2", signal_interrupt_errno: 512 }
2026-09-10T03:16:10.428272Z  INFO detcore::scheduler: [sched-step5] >>>>>>>

 COMMIT turn 836, dettid 3 using resources {InternalIOPolling: W}, on previously committed 1_767_225_600.268_669_500s DETLOG_RECORD={"schema":1,"event":{"kind":"scheduler_commit","scheduler_turn":836,"virtual_nanoseconds":1767225600268669500,"internal_io_poll":true,"runtime_maps_read":false}}
2026-09-10T03:16:10.428328Z  INFO detcore::scheduler: [scheduler] >>>>>>>

 NONCOMMIT turn 837, SKIP dettid 3 polling resource Resources { tid: DetPid(3), resources: {InternalIOPolling: W}, poll_attempt: 22, fyi: "pwritev2", signal_interrupt_errno: 512 }
2026-09-10T03:16:10.428355Z  INFO detcore::scheduler: [sched-step5] >>>>>>>

 COMMIT turn 838, dettid 3 using resources {InternalIOPolling: W}, on previously committed 1_767_225_600.269_169_500s DETLOG_RECORD={"schema":1,"event":{"kind":"scheduler_commit","scheduler_turn":838,"virtual_nanoseconds":1767225600269169500,"internal_io_poll":true,"runtime_maps_read":false}}
2026-09-10T03:16:10.428412Z  INFO detcore::scheduler: [scheduler] >>>>>>>

 NONCOMMIT turn 839, SKIP dettid 3 polling resource Resources { tid: DetPid(3), resources: {InternalIOPolling: W}, poll_attempt: 23, fyi: "pwritev2", signal_interrupt_errno: 512 }
2026-09-10T03:16:10.428439Z  INFO detcore::scheduler: [sched-step5] >>>>>>>

 COMMIT turn 840, dettid 3 using resources {InternalIOPolling: W}, on previously committed 1_767_225_600.269_669_500s DETLOG_RECORD={"schema":1,"event":{"kind":"scheduler_commit","scheduler_turn":840,"virtual_nanoseconds":1767225600269669500,"internal_io_poll":true,"runtime_maps_read":false}}
2026-09-10T03:16:10.428494Z  INFO detcore::scheduler: [scheduler] >>>>>>>

 NONCOMMIT turn 841, SKIP dettid 3 polling resource Resources { tid: DetPid(3), resources: {InternalIOPolling: W}, poll_attempt: 24, fyi: "pwritev2", signal_interrupt_errno: 512 }
2026-09-10T03:16:10.428521Z  INFO detcore::scheduler: [sched-step5] >>>>>>>

 COMMIT turn 842, dettid 3 using resources {InternalIOPolling: W}, on previously committed 1_767_225_600.270_169_500s DETLOG_RECORD={"schema":1,"event":{"kind":"scheduler_commit","scheduler_turn":842,"virtual_nanoseconds":1767225600270169500,"internal_io_poll":true,"runtime_maps_read":false}}
2026-09-10T03:16:10.428580Z  INFO detcore::scheduler: [scheduler] >>>>>>>

 NONCOMMIT turn 843, SKIP dettid 3 polling resource Resources { tid: DetPid(3), resources: {InternalIOPolling: W}, poll_attempt: 25, fyi: "pwritev2", signal_interrupt_errno: 512 }
2026-09-10T03:16:10.428609Z  INFO detcore::scheduler: [sched-step5] >>>>>>>

 COMMIT turn 844, dettid 3 using resources {InternalIOPolling: W}, on previously committed 1_767_225_600.270_669_500s DETLOG_RECORD={"schema":1,"event":{"kind":"scheduler_commit","scheduler_turn":844,"virtual_nanoseconds":1767225600270669500,"internal_io_poll":true,"runtime_maps_read":false}}
2026-09-10T03:16:10.428666Z  INFO detcore::scheduler: [scheduler] >>>>>>>

 NONCOMMIT turn 845, SKIP dettid 3 polling resource Resources { tid: DetPid(3), resources: {InternalIOPolling: W}, poll_attempt: 26, fyi: "pwritev2", signal_interrupt_errno: 512 }
2026-09-10T03:16:10.428692Z  INFO detcore::scheduler: [sched-step5] >>>>>>>

 COMMIT turn 846, dettid 3 using resources {InternalIOPolling: W}, on previously committed 1_767_225_600.271_169_500s DETLOG_RECORD={"schema":1,"event":{"kind":"scheduler_commit","scheduler_turn":846,"virtual_nanoseconds":1767225600271169500,"internal_io_poll":true,"runtime_maps_read":false}}
2026-09-10T03:16:10.428748Z  INFO detcore::scheduler: [scheduler] >>>>>>>

 NONCOMMIT turn 847, SKIP dettid 3 polling resource Resources { tid: DetPid(3), resources: {InternalIOPolling: W}, poll_attempt: 27, fyi: "pwritev2", signal_interrupt_errno: 512 }
2026-09-10T03:16:10.428780Z  INFO detcore::scheduler: [sched-step5] >>>>>>>

 COMMIT turn 848, dettid 3 using resources {InternalIOPolling: W}, on previously committed 1_767_225_600.271_669_500s DETLOG_RECORD={"schema":1,"event":{"kind":"scheduler_commit","scheduler_turn":848,"virtual_nanoseconds":1767225600271669500,"internal_io_poll":true,"runtime_maps_read":false}}
2026-09-10T03:16:10.428849Z  INFO detcore::scheduler: [scheduler] >>>>>>>

 NONCOMMIT turn 849, SKIP dettid 3 polling resource Resources { tid: DetPid(3), resources: {InternalIOPolling: W}, poll_attempt: 28, fyi: "pwritev2", signal_interrupt_errno: 512 }
2026-09-10T03:16:10.428878Z  INFO detcore::scheduler: [sched-step5] >>>>>>>

 COMMIT turn 850, dettid 3 using resources {InternalIOPolling: W}, on previously committed 1_767_225_600.272_169_500s DETLOG_RECORD={"schema":1,"event":{"kind":"scheduler_commit","scheduler_turn":850,"virtual_nanoseconds":1767225600272169500,"internal_io_poll":true,"runtime_maps_read":false}}
2026-09-10T03:16:10.428936Z  INFO detcore::scheduler: [scheduler] >>>>>>>

 NONCOMMIT turn 851, SKIP dettid 3 polling resource Resources { tid: DetPid(3), resources: {InternalIOPolling: W}, poll_attempt: 29, fyi: "pwritev2", signal_interrupt_errno: 512 }
2026-09-10T03:16:10.428963Z  INFO detcore::scheduler: [sched-step5] >>>>>>>

 COMMIT turn 852, dettid 3 using resources {InternalIOPolling: W}, on previously committed 1_767_225_600.272_669_500s DETLOG_RECORD={"schema":1,"event":{"kind":"scheduler_commit","scheduler_turn":852,"virtual_nanoseconds":1767225600272669500,"internal_io_poll":true,"runtime_maps_read":false}}
2026-09-10T03:16:10.429019Z  INFO detcore::scheduler: [scheduler] >>>>>>>

 NONCOMMIT turn 853, SKIP dettid 3 polling resource Resources { tid: DetPid(3), resources: {InternalIOPolling: W}, poll_attempt: 30, fyi: "pwritev2", signal_interrupt_errno: 512 }
2026-09-10T03:16:10.429046Z  INFO detcore::scheduler: [sched-step5] >>>>>>>

 COMMIT turn 854, dettid 3 using resources {InternalIOPolling: W}, on previously committed 1_767_225_600.273_169_500s DETLOG_RECORD={"schema":1,"event":{"kind":"scheduler_commit","scheduler_turn":854,"virtual_nanoseconds":1767225600273169500,"internal_io_poll":true,"runtime_maps_read":false}}
2026-09-10T03:16:10.429102Z  INFO detcore::scheduler: [scheduler] >>>>>>>

 NONCOMMIT turn 855, SKIP dettid 3 polling resource Resources { tid: DetPid(3), resources: {InternalIOPolling: W}, poll_attempt: 31, fyi: "pwritev2", signal_interrupt_errno: 512 }
2026-09-10T03:16:10.429132Z  INFO detcore::scheduler: [sched-step5] >>>>>>>

 COMMIT turn 856, dettid 3 using resources {InternalIOPolling: W}, on previously committed 1_767_225_600.273_669_500s DETLOG_RECORD={"schema":1,"event":{"kind":"scheduler_commit","scheduler_turn":856,"virtual_nanoseconds":1767225600273669500,"internal_io_poll":true,"runtime_maps_read":false}}
2026-09-10T03:16:10.429191Z  INFO detcore::scheduler: [scheduler] >>>>>>>

 NONCOMMIT turn 857, SKIP dettid 3 polling resource Resources { tid: DetPid(3), resources: {InternalIOPolling: W}, poll_attempt: 32, fyi: "pwritev2", signal_interrupt_errno: 512 }
2026-09-10T03:16:10.429218Z  INFO detcore::scheduler: [sched-step5] >>>>>>>

 COMMIT turn 858, dettid 3 using resources {InternalIOPolling: W}, on previously committed 1_767_225_600.274_169_500s DETLOG_RECORD={"schema":1,"event":{"kind":"scheduler_commit","scheduler_turn":858,"virtual_nanoseconds":1767225600274169500,"internal_io_poll":true,"runtime_maps_read":false}}
2026-09-10T03:16:10.429275Z  INFO detcore::scheduler: [scheduler] >>>>>>>

 NONCOMMIT turn 859, SKIP dettid 3 polling resource Resources { tid: DetPid(3), resources: {InternalIOPolling: W}, poll_attempt: 33, fyi: "pwritev2", signal_interrupt_errno: 512 }
2026-09-10T03:16:10.429302Z  INFO detcore::scheduler: [sched-step5] >>>>>>>

 COMMIT turn 860, dettid 3 using resources {InternalIOPolling: W}, on previously committed 1_767_225_600.274_669_500s DETLOG_RECORD={"schema":1,"event":{"kind":"scheduler_commit","scheduler_turn":860,"virtual_nanoseconds":1767225600274669500,"internal_io_poll":true,"runtime_maps_read":false}}
2026-09-10T03:16:10.429358Z  INFO detcore::scheduler: [scheduler] >>>>>>>

 NONCOMMIT turn 861, SKIP dettid 3 polling resource Resources { tid: DetPid(3), resources: {InternalIOPolling: W}, poll_attempt: 34, fyi: "pwritev2", signal_interrupt_errno: 512 }
2026-09-10T03:16:10.429385Z  INFO detcore::scheduler: [sched-step5] >>>>>>>

 COMMIT turn 862, dettid 3 using resources {InternalIOPolling: W}, on previously committed 1_767_225_600.275_169_500s DETLOG_RECORD={"schema":1,"event":{"kind":"scheduler_commit","scheduler_turn":862,"virtual_nanoseconds":1767225600275169500,"internal_io_poll":true,"runtime_maps_read":false}}
2026-09-10T03:16:10.429441Z  INFO detcore::scheduler: [scheduler] >>>>>>>

 NONCOMMIT turn 863, SKIP dettid 3 polling resource Resources { tid: DetPid(3), resources: {InternalIOPolling: W}, poll_attempt: 35, fyi: "pwritev2", signal_interrupt_errno: 512 }
2026-09-10T03:16:10.429468Z  INFO detcore::scheduler: [sched-step5] >>>>>>>

 COMMIT turn 864, dettid 3 using resources {InternalIOPolling: W}, on previously committed 1_767_225_600.275_669_500s DETLOG_RECORD={"schema":1,"event":{"kind":"scheduler_commit","scheduler_turn":864,"virtual_nanoseconds":1767225600275669500,"internal_io_poll":true,"runtime_maps_read":false}}
2026-09-10T03:16:10.429525Z  INFO detcore::scheduler: [scheduler] >>>>>>>

 NONCOMMIT turn 865, SKIP dettid 3 polling resource Resources { tid: DetPid(3), resources: {InternalIOPolling: W}, poll_attempt: 36, fyi: "pwritev2", signal_interrupt_errno: 512 }
2026-09-10T03:16:10.429551Z  INFO detcore::scheduler: [sched-step5] >>>>>>>

 COMMIT turn 866, dettid 3 using resources {InternalIOPolling: W}, on previously committed 1_767_225_600.276_169_500s DETLOG_RECORD={"schema":1,"event":{"kind":"scheduler_commit","scheduler_turn":866,"virtual_nanoseconds":1767225600276169500,"internal_io_poll":true,"runtime_maps_read":false}}
2026-09-10T03:16:10.429607Z  INFO detcore::scheduler: [scheduler] >>>>>>>

 NONCOMMIT turn 867, SKIP dettid 3 polling resource Resources { tid: DetPid(3), resources: {InternalIOPolling: W}, poll_attempt: 37, fyi: "pwritev2", signal_interrupt_errno: 512 }
2026-09-10T03:16:10.429633Z  INFO detcore::scheduler: [sched-step5] >>>>>>>

 COMMIT turn 868, dettid 3 using resources {InternalIOPolling: W}, on previously committed 1_767_225_600.276_669_500s DETLOG_RECORD={"schema":1,"event":{"kind":"scheduler_commit","scheduler_turn":868,"virtual_nanoseconds":1767225600276669500,"internal_io_poll":true,"runtime_maps_read":false}}
2026-09-10T03:16:10.429707Z  INFO detcore::scheduler: [sched-step5] >>>>>>>

 COMMIT turn 869, dettid 13 using resources {SleepUntil(LogicalTime(1767225600277169000)): W}, on previously committed 1_767_225_600.277_169_500s DETLOG_RECORD={"schema":1,"event":{"kind":"scheduler_commit","scheduler_turn":869,"virtual_nanoseconds":1767225600277169500,"internal_io_poll":false,"runtime_maps_read":false}}
2026-09-10T03:16:10.429751Z  INFO detcore: DETLOG [syscall][detcore, dtid 13] finish syscall #3: clock_nanosleep(CLOCK_REALTIME, 0, 0x1b50e30, 0x1b50e30) = Ok(0) DETLOG_RECORD={"schema":1,"event":{"kind":"syscall_result","finished_syscall_number":3}}
2026-09-10T03:16:10.429804Z  INFO detcore: DETLOG [syscall][detcore, dtid 13] inbound syscall: read(3, 0x1b50e28, 8) = ? DETLOG_RECORD={"schema":1,"event":{"kind":"syscall"}}
2026-09-10T03:16:10.429877Z  INFO detcore::scheduler: [scheduler] >>>>>>>

 NONCOMMIT turn 870, SKIP dettid 3 polling resource Resources { tid: DetPid(3), resources: {InternalIOPolling: W}, poll_attempt: 38, fyi: "pwritev2", signal_interrupt_errno: 512 }
2026-09-10T03:16:10.429911Z  INFO detcore::scheduler: [sched-step5] >>>>>>>

 COMMIT turn 871, dettid 13 using resources {InternalIOPolling: W}, on previously committed 1_767_225_600.277_679_500s DETLOG_RECORD={"schema":1,"event":{"kind":"scheduler_commit","scheduler_turn":871,"virtual_nanoseconds":1767225600277679500,"internal_io_poll":true,"runtime_maps_read":false}}
2026-09-10T03:16:10.429969Z  INFO detcore: DETLOG [syscall][detcore, dtid 13] finish syscall #4: read(3, 0x1b50e28, 8) = Ok(8) DETLOG_RECORD={"schema":1,"event":{"kind":"syscall_result","finished_syscall_number":4}}
2026-09-10T03:16:10.429995Z  INFO detcore::io_buffers: DETLOG [iobuf][dtid 13] read in fd=3 0x1b50e28+8->81b37f7f8b78762feb067131152a700548754f937a0668c1f327d2ee1a2d2801 DETLOG_RECORD={"schema":1,"event":{"kind":"other"}}
2026-09-10T03:16:10.430029Z  INFO detcore: DETLOG [syscall][detcore, dtid 13] inbound syscall: rt_sigprocmask(0, 0x1b51f30, NULL, 8) = ? DETLOG_RECORD={"schema":1,"event":{"kind":"syscall"}}
2026-09-10T03:16:10.430059Z  INFO detcore: DETLOG [syscall][detcore, dtid 13] finish syscall #5: rt_sigprocmask(0, 0x1b51f30, NULL, 8) = Ok(0) DETLOG_RECORD={"schema":1,"event":{"kind":"syscall_result","finished_syscall_number":5}}
2026-09-10T03:16:10.430080Z  INFO detcore: DETLOG [syscall][detcore, dtid 13] inbound syscall: madvise(0x1351000, 8368128, 4) = ? DETLOG_RECORD={"schema":1,"event":{"kind":"syscall"}}
2026-09-10T03:16:10.430094Z  INFO detcore::syscalls::memory: DETLOG [dtid 13] madvise advice 4 is unsupported by this backend DETLOG_RECORD={"schema":1,"event":{"kind":"other"}}
2026-09-10T03:16:10.430104Z  INFO detcore: DETLOG [syscall][detcore, dtid 13] finish syscall #6: madvise(0x1351000, 8368128, 4) = Err(Errno(ENOSYS)) DETLOG_RECORD={"schema":1,"event":{"kind":"syscall_result","finished_syscall_number":6}}
2026-09-10T03:16:10.430125Z  INFO detcore: DETLOG [syscall][detcore, dtid 13] inbound syscall: exit(0) = ? DETLOG_RECORD={"schema":1,"event":{"kind":"syscall"}}
2026-09-10T03:16:10.430186Z  INFO detcore::scheduler: [sched-step5] >>>>>>>

 COMMIT turn 872, dettid 13 using resources {Exit { group: false, process: DetPid(3), mm: MmId { creator: DetPid(3), generation: 1 } }: RW}, on previously committed 1_767_225_600.278_439_750s DETLOG_RECORD={"schema":1,"event":{"kind":"scheduler_commit","scheduler_turn":872,"virtual_nanoseconds":1767225600278439750,"internal_io_poll":false,"runtime_maps_read":false}}
2026-09-10T03:16:10.430276Z  INFO detcore::scheduler: logically_kill: Scheduler removing all knowledge of [det]tid 13 in pid 3..
2026-09-10T03:16:10.430336Z  INFO detcore::scheduler: [sched-step5] >>>>>>>

 COMMIT turn 873, dettid 3 using resources {InternalIOPolling: W}, on previously committed 1_767_225_600.278_939_750s DETLOG_RECORD={"schema":1,"event":{"kind":"scheduler_commit","scheduler_turn":873,"virtual_nanoseconds":1767225600278939750,"internal_io_poll":true,"runtime_maps_read":false}}
2026-09-10T03:16:10.430460Z  INFO detcore: DETLOG [syscall][detcore, dtid 3] finish syscall #604: pwritev2(3, 0x3fffeb60, 1, 18446744073709551615, 0, 0) = Ok(8) DETLOG_RECORD={"schema":1,"event":{"kind":"syscall_result","finished_syscall_number":604}}
2026-09-10T03:16:10.430493Z  INFO detcore::io_buffers: DETLOG [iobuf][dtid 3] pwritev2 out fd=3 0x3fffeb38+8->7c9fa136d4413fa6173637e883b6998d32e1d675f88cddff9dcbcf331820f4b8 DETLOG_RECORD={"schema":1,"event":{"kind":"other"}}
2026-09-10T03:16:10.430542Z  INFO detcore: DETLOG [syscall][detcore, dtid 3] inbound syscall: futex(0x1b51910, 265, 13, NULL, NULL, -1) = ? DETLOG_RECORD={"schema":1,"event":{"kind":"syscall"}}
2026-09-10T03:16:10.430575Z  INFO detcore: DETLOG [syscall][detcore, dtid 3] finish syscall #605: futex(0x1b51910, 265, 13, NULL, NULL, -1) = Ok(0) DETLOG_RECORD={"schema":1,"event":{"kind":"syscall_result","finished_syscall_number":605}}
2026-09-10T03:16:10.430604Z  INFO detcore: DETLOG [syscall][detcore, dtid 3] inbound syscall: futex(0x1b51910, 265, 13, NULL, NULL, -1) = ? DETLOG_RECORD={"schema":1,"event":{"kind":"syscall"}}
2026-09-10T03:16:10.430623Z  INFO detcore: DETLOG [syscall][detcore, dtid 3] finish syscall #606: futex(0x1b51910, 265, 13, NULL, NULL, -1) = Ok(0) DETLOG_RECORD={"schema":1,"event":{"kind":"syscall_result","finished_syscall_number":606}}
2026-09-10T03:16:10.430648Z  INFO detcore: DETLOG [syscall][detcore, dtid 3] inbound syscall: futex(0x1b51910, 265, 13, NULL, NULL, -1) = ? DETLOG_RECORD={"schema":1,"event":{"kind":"syscall"}}
2026-09-10T03:16:10.430666Z  INFO detcore: DETLOG [syscall][detcore, dtid 3] finish syscall #607: futex(0x1b51910, 265, 13, NULL, NULL, -1) = Ok(0) DETLOG_RECORD={"schema":1,"event":{"kind":"syscall_result","finished_syscall_number":607}}
2026-09-10T03:16:10.430690Z  INFO detcore: DETLOG [syscall][detcore, dtid 3] inbound syscall: futex(0x1b51910, 265, 13, NULL, NULL, -1) = ? DETLOG_RECORD={"schema":1,"event":{"kind":"syscall"}}
2026-09-10T03:16:10.430708Z  INFO detcore: DETLOG [syscall][detcore, dtid 3] finish syscall #608: futex(0x1b51910, 265, 13, NULL, NULL, -1) = Ok(0) DETLOG_RECORD={"schema":1,"event":{"kind":"syscall_result","finished_syscall_number":608}}
2026-09-10T03:16:10.430732Z  INFO detcore: DETLOG [syscall][detcore, dtid 3] inbound syscall: futex(0x1b51910, 265, 13, NULL, NULL, -1) = ? DETLOG_RECORD={"schema":1,"event":{"kind":"syscall"}}
2026-09-10T03:16:10.430749Z  INFO detcore: DETLOG [syscall][detcore, dtid 3] finish syscall #609: futex(0x1b51910, 265, 13, NULL, NULL, -1) = Ok(0) DETLOG_RECORD={"schema":1,"event":{"kind":"syscall_result","finished_syscall_number":609}}
2026-09-10T03:16:10.430779Z  INFO detcore: DETLOG [syscall][detcore, dtid 3] inbound syscall: futex(0x1b51910, 265, 13, NULL, NULL, -1) = ? DETLOG_RECORD={"schema":1,"event":{"kind":"syscall"}}
2026-09-10T03:16:10.430798Z  INFO detcore: DETLOG [syscall][detcore, dtid 3] finish syscall #610: futex(0x1b51910, 265, 13, NULL, NULL, -1) = Ok(0) DETLOG_RECORD={"schema":1,"event":{"kind":"syscall_result","finished_syscall_number":610}}
2026-09-10T03:16:10.430822Z  INFO detcore: DETLOG [syscall][detcore, dtid 3] inbound syscall: futex(0x1b51910, 265, 13, NULL, NULL, -1) = ? DETLOG_RECORD={"schema":1,"event":{"kind":"syscall"}}
2026-09-10T03:16:10.430840Z  INFO detcore: DETLOG [syscall][detcore, dtid 3] finish syscall #611: futex(0x1b51910, 265, 13, NULL, NULL, -1) = Ok(0) DETLOG_RECORD={"schema":1,"event":{"kind":"syscall_result","finished_syscall_number":611}}
2026-09-10T03:16:10.430864Z  INFO detcore: DETLOG [syscall][detcore, dtid 3] inbound syscall: futex(0x1b51910, 265, 13, NULL, NULL, -1) = ? DETLOG_RECORD={"schema":1,"event":{"kind":"syscall"}}
2026-09-10T03:16:10.430882Z  INFO detcore: DETLOG [syscall][detcore, dtid 3] finish syscall #612: futex(0x1b51910, 265, 13, NULL, NULL, -1) = Ok(0) DETLOG_RECORD={"schema":1,"event":{"kind":"syscall_result","finished_syscall_number":612}}
2026-09-10T03:16:10.430907Z  INFO detcore: DETLOG [syscall][detcore, dtid 3] inbound syscall: futex(0x1b51910, 265, 13, NULL, NULL, -1) = ? DETLOG_RECORD={"schema":1,"event":{"kind":"syscall"}}
2026-09-10T03:16:10.430927Z  INFO detcore: DETLOG [syscall][detcore, dtid 3] finish syscall #613: futex(0x1b51910, 265, 13, NULL, NULL, -1) = Ok(0) DETLOG_RECORD={"schema":1,"event":{"kind":"syscall_result","finished_syscall_number":613}}
2026-09-10T03:16:10.430953Z  INFO detcore: DETLOG [syscall][detcore, dtid 3] inbound syscall: futex(0x1b51910, 265, 13, NULL, NULL, -1) = ? DETLOG_RECORD={"schema":1,"event":{"kind":"syscall"}}
2026-09-10T03:16:10.430970Z  INFO detcore: DETLOG [syscall][detcore, dtid 3] finish syscall #614: futex(0x1b51910, 265, 13, NULL, NULL, -1) = Ok(0) DETLOG_RECORD={"schema":1,"event":{"kind":"syscall_result","finished_syscall_number":614}}
2026-09-10T03:16:10.430995Z  INFO detcore: DETLOG [syscall][detcore, dtid 3] inbound syscall: futex(0x1b51910, 265, 13, NULL, NULL, -1) = ? DETLOG_RECORD={"schema":1,"event":{"kind":"syscall"}}
2026-09-10T03:16:10.431012Z  INFO detcore: DETLOG [syscall][detcore, dtid 3] finish syscall #615: futex(0x1b51910, 265, 13, NULL, NULL, -1) = Ok(0) DETLOG_RECORD={"schema":1,"event":{"kind":"syscall_result","finished_syscall_number":615}}
2026-09-10T03:16:10.431037Z  INFO detcore: DETLOG [syscall][detcore, dtid 3] inbound syscall: futex(0x1b51910, 265, 13, NULL, NULL, -1) = ? DETLOG_RECORD={"schema":1,"event":{"kind":"syscall"}}
2026-09-10T03:16:10.431054Z  INFO detcore: DETLOG [syscall][detcore, dtid 3] finish syscall #616: futex(0x1b51910, 265, 13, NULL, NULL, -1) = Ok(0) DETLOG_RECORD={"schema":1,"event":{"kind":"syscall_result","finished_syscall_number":616}}
2026-09-10T03:16:10.431078Z  INFO detcore: DETLOG [syscall][detcore, dtid 3] inbound syscall: futex(0x1b51910, 265, 13, NULL, NULL, -1) = ? DETLOG_RECORD={"schema":1,"event":{"kind":"syscall"}}
2026-09-10T03:16:10.431096Z  INFO detcore: DETLOG [syscall][detcore, dtid 3] finish syscall #617: futex(0x1b51910, 265, 13, NULL, NULL, -1) = Ok(0) DETLOG_RECORD={"schema":1,"event":{"kind":"syscall_result","finished_syscall_number":617}}
2026-09-10T03:16:10.431120Z  INFO detcore: DETLOG [syscall][detcore, dtid 3] inbound syscall: futex(0x1b51910, 265, 13, NULL, NULL, -1) = ? DETLOG_RECORD={"schema":1,"event":{"kind":"syscall"}}
2026-09-10T03:16:10.431137Z  INFO detcore: DETLOG [syscall][detcore, dtid 3] finish syscall #618: futex(0x1b51910, 265, 13, NULL, NULL, -1) = Ok(0) DETLOG_RECORD={"schema":1,"event":{"kind":"syscall_result","finished_syscall_number":618}}
2026-09-10T03:16:10.431162Z  INFO detcore: DETLOG [syscall][detcore, dtid 3] inbound syscall: futex(0x1b51910, 265, 13, NULL, NULL, -1) = ? DETLOG_RECORD={"schema":1,"event":{"kind":"syscall"}}
2026-09-10T03:16:10.431179Z  INFO detcore: DETLOG [syscall][detcore, dtid 3] finish syscall #619: futex(0x1b51910, 265, 13, NULL, NULL, -1) = Ok(0) DETLOG_RECORD={"schema":1,"event":{"kind":"syscall_result","finished_syscall_number":619}}
2026-09-10T03:16:10.431204Z  INFO detcore: DETLOG [syscall][detcore, dtid 3] inbound syscall: futex(0x1b51910, 265, 13, NULL, NULL, -1) = ? DETLOG_RECORD={"schema":1,"event":{"kind":"syscall"}}
2026-09-10T03:16:10.431221Z  INFO detcore: DETLOG [syscall][detcore, dtid 3] finish syscall #620: futex(0x1b51910, 265, 13, NULL, NULL, -1) = Ok(0) DETLOG_RECORD={"schema":1,"event":{"kind":"syscall_result","finished_syscall_number":620}}
2026-09-10T03:16:10.431246Z  INFO detcore: DETLOG [syscall][detcore, dtid 3] inbound syscall: futex(0x1b51910, 265, 13, NULL, NULL, -1) = ? DETLOG_RECORD={"schema":1,"event":{"kind":"syscall"}}
2026-09-10T03:16:10.431263Z  INFO detcore: DETLOG [syscall][detcore, dtid 3] finish syscall #621: futex(0x1b51910, 265, 13, NULL, NULL, -1) = Ok(0) DETLOG_RECORD={"schema":1,"event":{"kind":"syscall_result","finished_syscall_number":621}}
2026-09-10T03:16:10.431287Z  INFO detcore: DETLOG [syscall][detcore, dtid 3] inbound syscall: futex(0x1b51910, 265, 13, NULL, NULL, -1) = ? DETLOG_RECORD={"schema":1,"event":{"kind":"syscall"}}
2026-09-10T03:16:10.431304Z  INFO detcore: DETLOG [syscall][detcore, dtid 3] finish syscall #622: futex(0x1b51910, 265, 13, NULL, NULL, -1) = Ok(0) DETLOG_RECORD={"schema":1,"event":{"kind":"syscall_result","finished_syscall_number":622}}
2026-09-10T03:16:10.431330Z  INFO detcore: DETLOG [syscall][detcore, dtid 3] inbound syscall: futex(0x1b51910, 265, 13, NULL, NULL, -1) = ? DETLOG_RECORD={"schema":1,"event":{"kind":"syscall"}}
2026-09-10T03:16:10.431348Z  INFO detcore: DETLOG [syscall][detcore, dtid 3] finish syscall #623: futex(0x1b51910, 265, 13, NULL, NULL, -1) = Ok(0) DETLOG_RECORD={"schema":1,"event":{"kind":"syscall_result","finished_syscall_number":623}}
2026-09-10T03:16:10.431373Z  INFO detcore: DETLOG [syscall][detcore, dtid 3] inbound syscall: futex(0x1b51910, 265, 13, NULL, NULL, -1) = ? DETLOG_RECORD={"schema":1,"event":{"kind":"syscall"}}
2026-09-10T03:16:10.431390Z  INFO detcore: DETLOG [syscall][detcore, dtid 3] finish syscall #624: futex(0x1b51910, 265, 13, NULL, NULL, -1) = Ok(0) DETLOG_RECORD={"schema":1,"event":{"kind":"syscall_result","finished_syscall_number":624}}
2026-09-10T03:16:10.431414Z  INFO detcore: DETLOG [syscall][detcore, dtid 3] inbound syscall: futex(0x1b51910, 265, 13, NULL, NULL, -1) = ? DETLOG_RECORD={"schema":1,"event":{"kind":"syscall"}}
2026-09-10T03:16:10.431432Z  INFO detcore: DETLOG [syscall][detcore, dtid 3] finish syscall #625: futex(0x1b51910, 265, 13, NULL, NULL, -1) = Ok(0) DETLOG_RECORD={"schema":1,"event":{"kind":"syscall_result","finished_syscall_number":625}}
2026-09-10T03:16:10.431456Z  INFO detcore: DETLOG [syscall][detcore, dtid 3] inbound syscall: futex(0x1b51910, 265, 13, NULL, NULL, -1) = ? DETLOG_RECORD={"schema":1,"event":{"kind":"syscall"}}
2026-09-10T03:16:10.431473Z  INFO detcore: DETLOG [syscall][detcore, dtid 3] finish syscall #626: futex(0x1b51910, 265, 13, NULL, NULL, -1) = Ok(0) DETLOG_RECORD={"schema":1,"event":{"kind":"syscall_result","finished_syscall_number":626}}
2026-09-10T03:16:10.431497Z  INFO detcore: DETLOG [syscall][detcore, dtid 3] inbound syscall: futex(0x1b51910, 265, 13, NULL, NULL, -1) = ? DETLOG_RECORD={"schema":1,"event":{"kind":"syscall"}}
2026-09-10T03:16:10.431515Z  INFO detcore: DETLOG [syscall][detcore, dtid 3] finish syscall #627: futex(0x1b51910, 265, 13, NULL, NULL, -1) = Ok(0) DETLOG_RECORD={"schema":1,"event":{"kind":"syscall_result","finished_syscall_number":627}}
2026-09-10T03:16:10.431539Z  INFO detcore: DETLOG [syscall][detcore, dtid 3] inbound syscall: futex(0x1b51910, 265, 13, NULL, NULL, -1) = ? DETLOG_RECORD={"schema":1,"event":{"kind":"syscall"}}
2026-09-10T03:16:10.431557Z  INFO detcore: DETLOG [syscall][detcore, dtid 3] finish syscall #628: futex(0x1b51910, 265, 13, NULL, NULL, -1) = Ok(0) DETLOG_RECORD={"schema":1,"event":{"kind":"syscall_result","finished_syscall_number":628}}
2026-09-10T03:16:10.431581Z  INFO detcore: DETLOG [syscall][detcore, dtid 3] inbound syscall: futex(0x1b51910, 265, 13, NULL, NULL, -1) = ? DETLOG_RECORD={"schema":1,"event":{"kind":"syscall"}}
2026-09-10T03:16:10.431599Z  INFO detcore: DETLOG [syscall][detcore, dtid 3] finish syscall #629: futex(0x1b51910, 265, 13, NULL, NULL, -1) = Ok(0) DETLOG_RECORD={"schema":1,"event":{"kind":"syscall_result","finished_syscall_number":629}}
2026-09-10T03:16:10.431623Z  INFO detcore: DETLOG [syscall][detcore, dtid 3] inbound syscall: futex(0x1b51910, 265, 13, NULL, NULL, -1) = ? DETLOG_RECORD={"schema":1,"event":{"kind":"syscall"}}
2026-09-10T03:16:10.431640Z  INFO detcore: DETLOG [syscall][detcore, dtid 3] finish syscall #630: futex(0x1b51910, 265, 13, NULL, NULL, -1) = Ok(0) DETLOG_RECORD={"schema":1,"event":{"kind":"syscall_result","finished_syscall_number":630}}
2026-09-10T03:16:10.431665Z  INFO detcore: DETLOG [syscall][detcore, dtid 3] inbound syscall: futex(0x1b51910, 265, 13, NULL, NULL, -1) = ? DETLOG_RECORD={"schema":1,"event":{"kind":"syscall"}}
2026-09-10T03:16:10.431682Z  INFO detcore: DETLOG [syscall][detcore, dtid 3] finish syscall #631: futex(0x1b51910, 265, 13, NULL, NULL, -1) = Ok(0) DETLOG_RECORD={"schema":1,"event":{"kind":"syscall_result","finished_syscall_number":631}}
2026-09-10T03:16:10.431706Z  INFO detcore: DETLOG [syscall][detcore, dtid 3] inbound syscall: futex(0x1b51910, 265, 13, NULL, NULL, -1) = ? DETLOG_RECORD={"schema":1,"event":{"kind":"syscall"}}
2026-09-10T03:16:10.431725Z  INFO detcore: DETLOG [syscall][detcore, dtid 3] finish syscall #632: futex(0x1b51910, 265, 13, NULL, NULL, -1) = Ok(0) DETLOG_RECORD={"schema":1,"event":{"kind":"syscall_result","finished_syscall_number":632}}
2026-09-10T03:16:10.431750Z  INFO detcore: DETLOG [syscall][detcore, dtid 3] inbound syscall: futex(0x1b51910, 265, 13, NULL, NULL, -1) = ? DETLOG_RECORD={"schema":1,"event":{"kind":"syscall"}}
2026-09-10T03:16:10.431768Z  INFO detcore: DETLOG [syscall][detcore, dtid 3] finish syscall #633: futex(0x1b51910, 265, 13, NULL, NULL, -1) = Ok(0) DETLOG_RECORD={"schema":1,"event":{"kind":"syscall_result","finished_syscall_number":633}}
2026-09-10T03:16:10.431797Z  INFO detcore: DETLOG [syscall][detcore, dtid 3] inbound syscall: futex(0x1b51910, 265, 13, NULL, NULL, -1) = ? DETLOG_RECORD={"schema":1,"event":{"kind":"syscall"}}
2026-09-10T03:16:10.431814Z  INFO detcore: DETLOG [syscall][detcore, dtid 3] finish syscall #634: futex(0x1b51910, 265, 13, NULL, NULL, -1) = Ok(0) DETLOG_RECORD={"schema":1,"event":{"kind":"syscall_result","finished_syscall_number":634}}
2026-09-10T03:16:10.431839Z  INFO detcore: DETLOG [syscall][detcore, dtid 3] inbound syscall: futex(0x1b51910, 265, 13, NULL, NULL, -1) = ? DETLOG_RECORD={"schema":1,"event":{"kind":"syscall"}}
2026-09-10T03:16:10.431856Z  INFO detcore: DETLOG [syscall][detcore, dtid 3] finish syscall #635: futex(0x1b51910, 265, 13, NULL, NULL, -1) = Ok(0) DETLOG_RECORD={"schema":1,"event":{"kind":"syscall_result","finished_syscall_number":635}}
2026-09-10T03:16:10.431881Z  INFO detcore: DETLOG [syscall][detcore, dtid 3] inbound syscall: futex(0x1b51910, 265, 13, NULL, NULL, -1) = ? DETLOG_RECORD={"schema":1,"event":{"kind":"syscall"}}
2026-09-10T03:16:10.431898Z  INFO detcore: DETLOG [syscall][detcore, dtid 3] finish syscall #636: futex(0x1b51910, 265, 13, NULL, NULL, -1) = Ok(0) DETLOG_RECORD={"schema":1,"event":{"kind":"syscall_result","finished_syscall_number":636}}
2026-09-10T03:16:10.431923Z  INFO detcore: DETLOG [syscall][detcore, dtid 3] inbound syscall: futex(0x1b51910, 265, 13, NULL, NULL, -1) = ? DETLOG_RECORD={"schema":1,"event":{"kind":"syscall"}}
2026-09-10T03:16:10.431940Z  INFO detcore: DETLOG [syscall][detcore, dtid 3] finish syscall #637: futex(0x1b51910, 265, 13, NULL, NULL, -1) = Ok(0) DETLOG_RECORD={"schema":1,"event":{"kind":"syscall_result","finished_syscall_number":637}}
2026-09-10T03:16:10.431965Z  INFO detcore: DETLOG [syscall][detcore, dtid 3] inbound syscall: futex(0x1b51910, 265, 13, NULL, NULL, -1) = ? DETLOG_RECORD={"schema":1,"event":{"kind":"syscall"}}
2026-09-10T03:16:10.431982Z  INFO detcore: DETLOG [syscall][detcore, dtid 3] finish syscall #638: futex(0x1b51910, 265, 13, NULL, NULL, -1) = Ok(0) DETLOG_RECORD={"schema":1,"event":{"kind":"syscall_result","finished_syscall_number":638}}
2026-09-10T03:16:10.432006Z  INFO detcore: DETLOG [syscall][detcore, dtid 3] inbound syscall: futex(0x1b51910, 265, 13, NULL, NULL, -1) = ? DETLOG_RECORD={"schema":1,"event":{"kind":"syscall"}}
2026-09-10T03:16:10.432024Z  INFO detcore: DETLOG [syscall][detcore, dtid 3] finish syscall #639: futex(0x1b51910, 265, 13, NULL, NULL, -1) = Ok(0) DETLOG_RECORD={"schema":1,"event":{"kind":"syscall_result","finished_syscall_number":639}}
2026-09-10T03:16:10.432048Z  INFO detcore: DETLOG [syscall][detcore, dtid 3] inbound syscall: futex(0x1b51910, 265, 13, NULL, NULL, -1) = ? DETLOG_RECORD={"schema":1,"event":{"kind":"syscall"}}
2026-09-10T03:16:10.432065Z  INFO detcore: DETLOG [syscall][detcore, dtid 3] finish syscall #640: futex(0x1b51910, 265, 13, NULL, NULL, -1) = Ok(0) DETLOG_RECORD={"schema":1,"event":{"kind":"syscall_result","finished_syscall_number":640}}
2026-09-10T03:16:10.432090Z  INFO detcore: DETLOG [syscall][detcore, dtid 3] inbound syscall: futex(0x1b51910, 265, 13, NULL, NULL, -1) = ? DETLOG_RECORD={"schema":1,"event":{"kind":"syscall"}}
2026-09-10T03:16:10.432107Z  INFO detcore: DETLOG [syscall][detcore, dtid 3] finish syscall #641: futex(0x1b51910, 265, 13, NULL, NULL, -1) = Ok(0) DETLOG_RECORD={"schema":1,"event":{"kind":"syscall_result","finished_syscall_number":641}}
2026-09-10T03:16:10.432133Z  INFO detcore: DETLOG [syscall][detcore, dtid 3] inbound syscall: futex(0x1b51910, 265, 13, NULL, NULL, -1) = ? DETLOG_RECORD={"schema":1,"event":{"kind":"syscall"}}
2026-09-10T03:16:10.432151Z  INFO detcore: DETLOG [syscall][detcore, dtid 3] finish syscall #642: futex(0x1b51910, 265, 13, NULL, NULL, -1) = Ok(0) DETLOG_RECORD={"schema":1,"event":{"kind":"syscall_result","finished_syscall_number":642}}
2026-09-10T03:16:10.432175Z  INFO detcore: DETLOG [syscall][detcore, dtid 3] inbound syscall: futex(0x1b51910, 265, 13, NULL, NULL, -1) = ? DETLOG_RECORD={"schema":1,"event":{"kind":"syscall"}}
2026-09-10T03:16:10.432193Z  INFO detcore: DETLOG [syscall][detcore, dtid 3] finish syscall #643: futex(0x1b51910, 265, 13, NULL, NULL, -1) = Ok(0) DETLOG_RECORD={"schema":1,"event":{"kind":"syscall_result","finished_syscall_number":643}}
2026-09-10T03:16:10.432217Z  INFO detcore: DETLOG [syscall][detcore, dtid 3] inbound syscall: futex(0x1b51910, 265, 13, NULL, NULL, -1) = ? DETLOG_RECORD={"schema":1,"event":{"kind":"syscall"}}
2026-09-10T03:16:10.432234Z  INFO detcore: DETLOG [syscall][detcore, dtid 3] finish syscall #644: futex(0x1b51910, 265, 13, NULL, NULL, -1) = Ok(0) DETLOG_RECORD={"schema":1,"event":{"kind":"syscall_result","finished_syscall_number":644}}
2026-09-10T03:16:10.432259Z  INFO detcore: DETLOG [syscall][detcore, dtid 3] inbound syscall: futex(0x1b51910, 265, 13, NULL, NULL, -1) = ? DETLOG_RECORD={"schema":1,"event":{"kind":"syscall"}}
2026-09-10T03:16:10.432276Z  INFO detcore: DETLOG [syscall][detcore, dtid 3] finish syscall #645: futex(0x1b51910, 265, 13, NULL, NULL, -1) = Ok(0) DETLOG_RECORD={"schema":1,"event":{"kind":"syscall_result","finished_syscall_number":645}}
2026-09-10T03:16:10.432301Z  INFO detcore: DETLOG [syscall][detcore, dtid 3] inbound syscall: futex(0x1b51910, 265, 13, NULL, NULL, -1) = ? DETLOG_RECORD={"schema":1,"event":{"kind":"syscall"}}
2026-09-10T03:16:10.432318Z  INFO detcore: DETLOG [syscall][detcore, dtid 3] finish syscall #646: futex(0x1b51910, 265, 13, NULL, NULL, -1) = Ok(0) DETLOG_RECORD={"schema":1,"event":{"kind":"syscall_result","finished_syscall_number":646}}
2026-09-10T03:16:10.432342Z  INFO detcore: DETLOG [syscall][detcore, dtid 3] inbound syscall: futex(0x1b51910, 265, 13, NULL, NULL, -1) = ? DETLOG_RECORD={"schema":1,"event":{"kind":"syscall"}}
2026-09-10T03:16:10.432360Z  INFO detcore: DETLOG [syscall][detcore, dtid 3] finish syscall #647: futex(0x1b51910, 265, 13, NULL, NULL, -1) = Ok(0) DETLOG_RECORD={"schema":1,"event":{"kind":"syscall_result","finished_syscall_number":647}}
2026-09-10T03:16:10.432384Z  INFO detcore: DETLOG [syscall][detcore, dtid 3] inbound syscall: futex(0x1b51910, 265, 13, NULL, NULL, -1) = ? DETLOG_RECORD={"schema":1,"event":{"kind":"syscall"}}
2026-09-10T03:16:10.432401Z  INFO detcore: DETLOG [syscall][detcore, dtid 3] finish syscall #648: futex(0x1b51910, 265, 13, NULL, NULL, -1) = Ok(0) DETLOG_RECORD={"schema":1,"event":{"kind":"syscall_result","finished_syscall_number":648}}
2026-09-10T03:16:10.432426Z  INFO detcore: DETLOG [syscall][detcore, dtid 3] inbound syscall: futex(0x1b51910, 265, 13, NULL, NULL, -1) = ? DETLOG_RECORD={"schema":1,"event":{"kind":"syscall"}}
2026-09-10T03:16:10.432443Z  INFO detcore: DETLOG [syscall][detcore, dtid 3] finish syscall #649: futex(0x1b51910, 265, 13, NULL, NULL, -1) = Ok(0) DETLOG_RECORD={"schema":1,"event":{"kind":"syscall_result","finished_syscall_number":649}}
2026-09-10T03:16:10.432468Z  INFO detcore: DETLOG [syscall][detcore, dtid 3] inbound syscall: futex(0x1b51910, 265, 13, NULL, NULL, -1) = ? DETLOG_RECORD={"schema":1,"event":{"kind":"syscall"}}
2026-09-10T03:16:10.432485Z  INFO detcore: DETLOG [syscall][detcore, dtid 3] finish syscall #650: futex(0x1b51910, 265, 13, NULL, NULL, -1) = Ok(0) DETLOG_RECORD={"schema":1,"event":{"kind":"syscall_result","finished_syscall_number":650}}
2026-09-10T03:16:10.432510Z  INFO detcore: DETLOG [syscall][detcore, dtid 3] inbound syscall: futex(0x1b51910, 265, 13, NULL, NULL, -1) = ? DETLOG_RECORD={"schema":1,"event":{"kind":"syscall"}}
2026-09-10T03:16:10.432528Z  INFO detcore: DETLOG [syscall][detcore, dtid 3] finish syscall #651: futex(0x1b51910, 265, 13, NULL, NULL, -1) = Ok(0) DETLOG_RECORD={"schema":1,"event":{"kind":"syscall_result","finished_syscall_number":651}}
2026-09-10T03:16:10.432553Z  INFO detcore: DETLOG [syscall][detcore, dtid 3] inbound syscall: futex(0x1b51910, 265, 13, NULL, NULL, -1) = ? DETLOG_RECORD={"schema":1,"event":{"kind":"syscall"}}
2026-09-10T03:16:10.432571Z  INFO detcore: DETLOG [syscall][detcore, dtid 3] finish syscall #652: futex(0x1b51910, 265, 13, NULL, NULL, -1) = Ok(0) DETLOG_RECORD={"schema":1,"event":{"kind":"syscall_result","finished_syscall_number":652}}
2026-09-10T03:16:10.432595Z  INFO detcore: DETLOG [syscall][detcore, dtid 3] inbound syscall: futex(0x1b51910, 265, 13, NULL, NULL, -1) = ? DETLOG_RECORD={"schema":1,"event":{"kind":"syscall"}}
2026-09-10T03:16:10.432612Z  INFO detcore: DETLOG [syscall][detcore, dtid 3] finish syscall #653: futex(0x1b51910, 265, 13, NULL, NULL, -1) = Ok(0) DETLOG_RECORD={"schema":1,"event":{"kind":"syscall_result","finished_syscall_number":653}}
2026-09-10T03:16:10.432637Z  INFO detcore: DETLOG [syscall][detcore, dtid 3] inbound syscall: futex(0x1b51910, 265, 13, NULL, NULL, -1) = ? DETLOG_RECORD={"schema":1,"event":{"kind":"syscall"}}
2026-09-10T03:16:10.432654Z  INFO detcore: DETLOG [syscall][detcore, dtid 3] finish syscall #654: futex(0x1b51910, 265, 13, NULL, NULL, -1) = Ok(0) DETLOG_RECORD={"schema":1,"event":{"kind":"syscall_result","finished_syscall_number":654}}
2026-09-10T03:16:10.432678Z  INFO detcore: DETLOG [syscall][detcore, dtid 3] inbound syscall: futex(0x1b51910, 265, 13, NULL, NULL, -1) = ? DETLOG_RECORD={"schema":1,"event":{"kind":"syscall"}}
2026-09-10T03:16:10.432696Z  INFO detcore: DETLOG [syscall][detcore, dtid 3] finish syscall #655: futex(0x1b51910, 265, 13, NULL, NULL, -1) = Ok(0) DETLOG_RECORD={"schema":1,"event":{"kind":"syscall_result","finished_syscall_number":655}}
2026-09-10T03:16:10.432720Z  INFO detcore: DETLOG [syscall][detcore, dtid 3] inbound syscall: futex(0x1b51910, 265, 13, NULL, NULL, -1) = ? DETLOG_RECORD={"schema":1,"event":{"kind":"syscall"}}
2026-09-10T03:16:10.432738Z  INFO detcore: DETLOG [syscall][detcore, dtid 3] finish syscall #656: futex(0x1b51910, 265, 13, NULL, NULL, -1) = Ok(0) DETLOG_RECORD={"schema":1,"event":{"kind":"syscall_result","finished_syscall_number":656}}
2026-09-10T03:16:10.432762Z  INFO detcore: DETLOG [syscall][detcore, dtid 3] inbound syscall: futex(0x1b51910, 265, 13, NULL, NULL, -1) = ? DETLOG_RECORD={"schema":1,"event":{"kind":"syscall"}}
2026-09-10T03:16:10.432786Z  INFO detcore: DETLOG [syscall][detcore, dtid 3] finish syscall #657: futex(0x1b51910, 265, 13, NULL, NULL, -1) = Ok(0) DETLOG_RECORD={"schema":1,"event":{"kind":"syscall_result","finished_syscall_number":657}}
2026-09-10T03:16:10.432810Z  INFO detcore: DETLOG [syscall][detcore, dtid 3] inbound syscall: futex(0x1b51910, 265, 13, NULL, NULL, -1) = ? DETLOG_RECORD={"schema":1,"event":{"kind":"syscall"}}
2026-09-10T03:16:10.432828Z  INFO detcore: DETLOG [syscall][detcore, dtid 3] finish syscall #658: futex(0x1b51910, 265, 13, NULL, NULL, -1) = Ok(0) DETLOG_RECORD={"schema":1,"event":{"kind":"syscall_result","finished_syscall_number":658}}
2026-09-10T03:16:10.432852Z  INFO detcore: DETLOG [syscall][detcore, dtid 3] inbound syscall: futex(0x1b51910, 265, 13, NULL, NULL, -1) = ? DETLOG_RECORD={"schema":1,"event":{"kind":"syscall"}}
2026-09-10T03:16:10.432870Z  INFO detcore: DETLOG [syscall][detcore, dtid 3] finish syscall #659: futex(0x1b51910, 265, 13, NULL, NULL, -1) = Ok(0) DETLOG_RECORD={"schema":1,"event":{"kind":"syscall_result","finished_syscall_number":659}}
2026-09-10T03:16:10.432894Z  INFO detcore: DETLOG [syscall][detcore, dtid 3] inbound syscall: futex(0x1b51910, 265, 13, NULL, NULL, -1) = ? DETLOG_RECORD={"schema":1,"event":{"kind":"syscall"}}
2026-09-10T03:16:10.432912Z  INFO detcore: DETLOG [syscall][detcore, dtid 3] finish syscall #660: futex(0x1b51910, 265, 13, NULL, NULL, -1) = Ok(0) DETLOG_RECORD={"schema":1,"event":{"kind":"syscall_result","finished_syscall_number":660}}
2026-09-10T03:16:10.432937Z  INFO detcore: DETLOG [syscall][detcore, dtid 3] inbound syscall: futex(0x1b51910, 265, 13, NULL, NULL, -1) = ? DETLOG_RECORD={"schema":1,"event":{"kind":"syscall"}}
2026-09-10T03:16:10.432955Z  INFO detcore: DETLOG [syscall][detcore, dtid 3] finish syscall #661: futex(0x1b51910, 265, 13, NULL, NULL, -1) = Ok(0) DETLOG_RECORD={"schema":1,"event":{"kind":"syscall_result","finished_syscall_number":661}}
2026-09-10T03:16:10.432980Z  INFO detcore: DETLOG [syscall][detcore, dtid 3] inbound syscall: futex(0x1b51910, 265, 13, NULL, NULL, -1) = ? DETLOG_RECORD={"schema":1,"event":{"kind":"syscall"}}
2026-09-10T03:16:10.432997Z  INFO detcore: DETLOG [syscall][detcore, dtid 3] finish syscall #662: futex(0x1b51910, 265, 13, NULL, NULL, -1) = Ok(0) DETLOG_RECORD={"schema":1,"event":{"kind":"syscall_result","finished_syscall_number":662}}
2026-09-10T03:16:10.433022Z  INFO detcore: DETLOG [syscall][detcore, dtid 3] inbound syscall: futex(0x1b51910, 265, 13, NULL, NULL, -1) = ? DETLOG_RECORD={"schema":1,"event":{"kind":"syscall"}}
2026-09-10T03:16:10.433039Z  INFO detcore: DETLOG [syscall][detcore, dtid 3] finish syscall #663: futex(0x1b51910, 265, 13, NULL, NULL, -1) = Ok(0) DETLOG_RECORD={"schema":1,"event":{"kind":"syscall_result","finished_syscall_number":663}}
2026-09-10T03:16:10.433064Z  INFO detcore: DETLOG [syscall][detcore, dtid 3] inbound syscall: futex(0x1b51910, 265, 13, NULL, NULL, -1) = ? DETLOG_RECORD={"schema":1,"event":{"kind":"syscall"}}
2026-09-10T03:16:10.433082Z  INFO detcore: DETLOG [syscall][detcore, dtid 3] finish syscall #664: futex(0x1b51910, 265, 13, NULL, NULL, -1) = Ok(0) DETLOG_RECORD={"schema":1,"event":{"kind":"syscall_result","finished_syscall_number":664}}
2026-09-10T03:16:10.433106Z  INFO detcore: DETLOG [syscall][detcore, dtid 3] inbound syscall: futex(0x1b51910, 265, 13, NULL, NULL, -1) = ? DETLOG_RECORD={"schema":1,"event":{"kind":"syscall"}}
2026-09-10T03:16:10.433123Z  INFO detcore: DETLOG [syscall][detcore, dtid 3] finish syscall #665: futex(0x1b51910, 265, 13, NULL, NULL, -1) = Ok(0) DETLOG_RECORD={"schema":1,"event":{"kind":"syscall_result","finished_syscall_number":665}}
2026-09-10T03:16:10.433424Z  INFO detcore: DETLOG [syscall][detcore, dtid 3] inbound syscall: read(3, 0x3fffeb50, 8) = ? DETLOG_RECORD={"schema":1,"event":{"kind":"syscall"}}
2026-09-10T03:16:10.433500Z  INFO detcore::scheduler: [sched-step5] >>>>>>>

 COMMIT turn 874, dettid 3 using resources {InternalIOPolling: W}, on previously committed 1_767_225_600.279_754_750s DETLOG_RECORD={"schema":1,"event":{"kind":"scheduler_commit","scheduler_turn":874,"virtual_nanoseconds":1767225600279754750,"internal_io_poll":true,"runtime_maps_read":false}}
2026-09-10T03:16:10.433584Z  INFO detcore: DETLOG [syscall][detcore, dtid 3] finish syscall #666: read(3, 0x3fffeb50, 8) = Ok(8) DETLOG_RECORD={"schema":1,"event":{"kind":"syscall_result","finished_syscall_number":666}}
2026-09-10T03:16:10.433609Z  INFO detcore::io_buffers: DETLOG [iobuf][dtid 3] read in fd=3 0x3fffeb50+8->7c9fa136d4413fa6173637e883b6998d32e1d675f88cddff9dcbcf331820f4b8 DETLOG_RECORD={"schema":1,"event":{"kind":"other"}}
2026-09-10T03:16:10.433640Z  INFO detcore: DETLOG [syscall][detcore, dtid 3] inbound syscall: close(3) = ? DETLOG_RECORD={"schema":1,"event":{"kind":"syscall"}}
2026-09-10T03:16:10.433684Z  INFO detcore: DETLOG [syscall][detcore, dtid 3] finish syscall #667: close(3) = Ok(0) DETLOG_RECORD={"schema":1,"event":{"kind":"syscall_result","finished_syscall_number":667}}
2026-09-10T03:16:10.433713Z  INFO detcore: DETLOG [syscall][detcore, dtid 3] inbound syscall: write(1, 0x4293c0, 293) = ? DETLOG_RECORD={"schema":1,"event":{"kind":"syscall"}}
2026-09-10T03:16:10.433764Z  INFO detcore::scheduler: [sched-step5] >>>>>>>

 COMMIT turn 875, dettid 3 using resources {Device(ContainerStdout): W}, on previously committed 1_767_225_600.280_289_750s DETLOG_RECORD={"schema":1,"event":{"kind":"scheduler_commit","scheduler_turn":875,"virtual_nanoseconds":1767225600280289750,"internal_io_poll":false,"runtime_maps_read":false}}
2026-09-10T03:16:10.433832Z  INFO detcore: DETLOG [syscall][detcore, dtid 3] finish syscall #668: write(1, 0x4293c0, 293) = Ok(293) DETLOG_RECORD={"schema":1,"event":{"kind":"syscall_result","finished_syscall_number":668}}
2026-09-10T03:16:10.433875Z  INFO detcore::io_buffers: DETLOG [iobuf][dtid 3] write out fd=1 0x4293c0+293->41afb362458072d4ab4a2ff581d71ca098e3d60171ab81a1bcd29d6c6e12618a chunks=256:67b22276,ca327cdf DETLOG_RECORD={"schema":1,"event":{"kind":"other"}}
2026-09-10T03:16:10.433919Z  INFO detcore: DETLOG [syscall][detcore, dtid 3] inbound syscall: exit_group(0) = ? DETLOG_RECORD={"schema":1,"event":{"kind":"syscall"}}
2026-09-10T03:16:10.433955Z  INFO detcore::scheduler: [sched-step5] >>>>>>>

 COMMIT turn 876, dettid 3 using resources {Exit { group: true, process: DetPid(3), mm: MmId { creator: DetPid(3), generation: 1 } }: RW}, on previously committed 1_767_225_600.281_039_750s DETLOG_RECORD={"schema":1,"event":{"kind":"scheduler_commit","scheduler_turn":876,"virtual_nanoseconds":1767225600281039750,"internal_io_poll":false,"runtime_maps_read":false}}
2026-09-10T03:16:10.433990Z  INFO detcore::tool_global: Scheduler authorized an exit-group scenario, from dettid 3 / detpid 3
2026-09-10T03:16:10.488969Z  INFO detcore::scheduler: logically_kill: Scheduler removing all knowledge of [det]tid 3 in pid 3..
2026-09-10T03:16:10.489147Z  INFO detcore::scheduler: scheduler (step2_process_blocked): zero threads left anywhere, fizzling. DETLOG_RECORD={"schema":1,"event":{"kind":"scheduler_empty_queue_kick"}}
2026-09-10T03:16:10.489181Z  INFO detcore::scheduler: [scheduler] run queue empty, exiting sched_loop.
2026-09-10T03:16:10.489282Z  INFO detcore::tool_global: detcore shut down, destroying global state
2026-09-10T03:16:10.489490Z  INFO detcore::tool_global: 
  ------------------------------ hermit run report ------------------------------
Final thread-tree was: [3 4 5 6 7 8 9 10 11 12 13]
There were 1 group leaders of 11 thread(s) total.
Guest threads completed 749 syscalls.
Internally, the hermit scheduler ran 877 turns, recorded 0 events, replayed 0 events (0 desynced)
Final virtual global (cpu) time: 1_767_225_600.281_539_750s
Elapsed virtual global (cpu) time: 281_539_750ns
Timeslice stats: min=275750ns max=7434000ns mean=935590ns count=11
  timeslice thread 3: min=7434000ns max=7434000ns mean=7434000ns count=1
  timeslice thread 4: min=275750ns max=275750ns mean=275750ns count=1
  timeslice thread 5: min=275750ns max=275750ns mean=275750ns count=1
  timeslice thread 6: min=275750ns max=275750ns mean=275750ns count=1
  timeslice thread 7: min=275750ns max=275750ns mean=275750ns count=1
  timeslice thread 8: min=275750ns max=275750ns mean=275750ns count=1
  timeslice thread 9: min=325750ns max=325750ns mean=325750ns count=1
  timeslice thread 10: min=305750ns max=305750ns mean=305750ns count=1
  timeslice thread 11: min=275750ns max=275750ns mean=275750ns count=1
  timeslice thread 12: min=295750ns max=295750ns mean=295750ns count=1
  timeslice thread 13: min=275750ns max=275750ns mean=275750ns count=1

