/* Copyright (c) Meta Platforms, Inc. and affiliates.
 * SPDX-License-Identifier: BSD-3-Clause */
#ifndef HERMIT_RETIREMENT_TARGET_H
#define HERMIT_RETIREMENT_TARGET_H
#ifdef AP_FTRACE_PROVIDER
#include "ftrace-coverage.h"
#else
static __attribute__((always_inline)) inline int ap_ftrace_role_enabled(unsigned role) {
    return role>=1 && role<=17;
}
#endif
/* Exact running image whose __fput argument use was audited. BTF retains the
 * unsuffixed declaration while Clang LTO exports only this implementation.
 * This is an explicit supported image contract, never a wildcard fallback. */
#define AP_FILE_RETIRE_SYMBOL "__fput.llvm.9531277854859994247"
#define AP_EXEC_CLOSE_SYMBOL "filp_close"
#define AP_FILE_RETIRE_IMAGE 0xffffffff820720f0ULL
#define AP_EXEC_CLOSE_IMAGE 0xffffffff82058c60ULL
#define AP_FILE_RETIRE_COOKIE 23ULL
#define AP_EXEC_CLOSE_COOKIE 24ULL
/* Same exact image: __sys_accept4+0x1c calls fdget; return is +0x21.
 * The original-entry receipt precedes its separate post-call RAX probe. */
#define AP_FDGET_SYMBOL "fdget"
#define AP_CONNECT_SECURITY_SYMBOL "security_socket_connect"
#define AP_CONNECT_COPY_SYMBOL "_copy_from_user"
#define AP_CONNECT_AUDIT_SYMBOL "__audit_sockaddr"
#define AP_FDGET_COOKIE 1ULL
#define AP_CONNECT_SECURITY_COOKIE 2ULL
#define AP_CONNECT_COPY_COOKIE 3ULL
#define AP_CONNECT_AUDIT_COOKIE 4ULL
/* The session authenticates original syscall entries and the existing
 * audit/security pairs. It never attaches globally to fdget: task-storage
 * control syscalls call fdget while bpf_prog_active is already held. */
#define AP_ACCEPT_ENTRY_COOKIE 6ULL
#define AP_CONNECT_ENTRY_COOKIE 7ULL
#define AP_ACCEPT_POST_COOKIE 8ULL
#define AP_CONNECT_POST_COOKIE 9ULL
#define AP_ACCEPT_SYMBOL "__sys_accept4"
#define AP_CONNECT_SYMBOL "__sys_connect"
#define AP_ACCEPT_ENTRY_FRAME_BYTES 0x40ULL
#define AP_CONNECT_ENTRY_FRAME_BYTES 0xa0ULL
/* f_dupfd in this exact image inlines both fd_install paths. alloc_fd's
 * direct return at +0x2e precedes the fast store (+0x6c) and slow transfer
 * (+0x8e). One existing session link covers the nested owned pair. */
#define AP_FDUPFD_SYMBOL "f_dupfd"
#define AP_ALLOC_FD_SYMBOL "alloc_fd"
#define AP_FDUPFD_COOKIE 10ULL
#define AP_FDUPFD_ALLOC_COOKIE 11ULL
#define AP_FDUPFD_ALLOC_RETURN_OFFSET 0x2eULL
#define AP_FILE_ENTRY_COOKIE 12ULL
#define AP_FILE_POST_COOKIE 13ULL
#define AP_READ_ENTRY_COOKIE 14ULL
#define AP_READ_SELECTED_COOKIE 15ULL
#define AP_READ_NULL_COOKIE 16ULL
#define AP_READ_ENTRY_SYMBOL "__x64_sys_read"
#define AP_READ_SELECTED_SYMBOL "fdget_pos"
#define AP_READ_ENTRY_OFFSET 0x13ULL
#define AP_READ_SELECTED_OFFSET 0x96ULL
#define AP_READ_NULL_OFFSET 0xfaULL
#define AP_READ_FDGET_STACK_BYTES 32ULL
#define AP_READ_FDGET_RETURN_SLOT 24ULL
#define AP_READ_CALLER_PC_DELTA 0x11ULL
/* Exact image: x64_sys_call+0x18f calls fdget_raw. Observe its real
 * entry before three pushes and its common final-RAX epilogue before pops.
 * The caller itself is notrace; neither sibling fcntl wrapper is executed. */
#define AP_FILE_SYMBOL "fdget_raw"
#define AP_FILE_ENTRY_OFFSET 0x5ULL
#define AP_FILE_FDGET_RETURN_OFFSET 0x7cULL
#define AP_FILE_LOOKUP_FRAME_BYTES 24ULL
#define AP_FILE_CALLER_RETURN_DELTA 0x1eb4ULL
/* Both int3 and optimized classic callbacks expose raw ctx.ip=site+1.
 * Retain that observed PC; no function-IP helper sentinel supplies identity. */
static __attribute__((always_inline)) inline int ap_file_post_site(
    unsigned long long entry_ip,unsigned long long post_ip) {
    const unsigned long long delta=AP_FILE_FDGET_RETURN_OFFSET-AP_FILE_ENTRY_OFFSET;
    return entry_ip && post_ip && entry_ip<=~0ULL-delta && post_ip==entry_ip+delta;
}
static __attribute__((always_inline)) inline int ap_file_caller_site(
    unsigned long long observed_ip,unsigned long long return_ip,int post) {
    const unsigned long long offset=post?AP_FILE_FDGET_RETURN_OFFSET:AP_FILE_ENTRY_OFFSET;
    const unsigned long long delta=AP_FILE_CALLER_RETURN_DELTA-offset-1;
    return observed_ip>offset+1 && return_ip && observed_ip<=~0ULL-delta &&
        return_ip==observed_ip+delta;
}
/* The same session link observes the real epoll_ctl copy successor. Both
 * x64_sys_call and _copy_from_user are notrace and must not be attached. */
#define AP_EPOLL_CTL_SYMBOL "do_epoll_ctl"
#define AP_EPOLL_CTL_COOKIE 17ULL
#define AP_EPOLL_PRIMARY_POST_COOKIE 18ULL
#define AP_EPOLL_TARGET_POST_COOKIE 19ULL
#define AP_EPOLL_PRIMARY_POST_OFFSET 0x23ULL
#define AP_EPOLL_TARGET_POST_OFFSET 0x37ULL
#define AP_EPOLL_CTL_CALLER_DELTA 0x51e4ULL
#define AP_SHARED_FDGET_COOKIE 20ULL
#define AP_FILE_FDGET_COOKIE 21ULL
#define AP_READ_FDGET_COOKIE 22ULL
#define AP_SHARED_FDGET_CONNECT_ROLE 1ULL
#define AP_SHARED_FDGET_ACCEPT_ROLE 4ULL
#define AP_SHARED_FDGET_EPOLL_PRIMARY_ROLE 10ULL
#define AP_SHARED_FDGET_EPOLL_TARGET_ROLE 11ULL
static __attribute__((always_inline)) inline int ap_epoll_ctl_caller_site(
    unsigned long long function_ip,unsigned long long return_ip) {
    return function_ip>AP_EPOLL_CTL_CALLER_DELTA && return_ip &&
        return_ip==function_ip-AP_EPOLL_CTL_CALLER_DELTA;
}
#define AP_CONNECT_SESSION_SITES 7
#define AP_CONNECT_SESSION_SITES_SHARED 8
#define AP_CONNECT_SESSION_SITES_FILE 9
#define AP_CONNECT_SESSION_SITES_FTRACE 10
#define AP_READ_FDGET_CALLER_BACK 0x52bULL
static __attribute__((always_inline)) inline int ap_file_fdget_caller_site(
        unsigned long long function_ip,unsigned long long return_ip) {
    return ap_ftrace_role_enabled(6) && function_ip &&
        function_ip<=~0ULL-AP_FILE_CALLER_RETURN_DELTA &&
        return_ip==function_ip+AP_FILE_CALLER_RETURN_DELTA;
}
/* A classic fdget_raw entry stores its observed mid-function PC. The session
 * replacement stores the actual function start. Relate that retained start
 * to the authenticated classic entry image before treating either old site
 * as a transition-only confirmation. */
static __attribute__((always_inline)) inline int ap_file_fdget_session_marker(
        unsigned long long stored_entry,unsigned long long classic_entry_ip) {
    return stored_entry && classic_entry_ip>AP_FILE_ENTRY_OFFSET+1 &&
        stored_entry==classic_entry_ip-AP_FILE_ENTRY_OFFSET-1;
}
static __attribute__((always_inline)) inline int ap_read_fdget_caller_site(
        unsigned long long function_ip,unsigned long long return_ip) {
    return function_ip>AP_READ_FDGET_CALLER_BACK &&
        return_ip==function_ip-AP_READ_FDGET_CALLER_BACK;
}
static __attribute__((always_inline)) inline int ap_read_fentry_session_marker(
        unsigned long long stored_entry,unsigned long long classic_entry_ip) {
    return stored_entry && classic_entry_ip>AP_READ_ENTRY_OFFSET+1 &&
        stored_entry==classic_entry_ip-AP_READ_ENTRY_OFFSET-1;
}
#define AP_READ_FDGET_RETURN_FROM_ENTRY \
    (AP_READ_ENTRY_OFFSET+1+AP_READ_CALLER_PC_DELTA)
static __attribute__((always_inline)) inline int ap_read_fentry_fdget_site(
        unsigned long long stored_entry,unsigned long long return_ip) {
    return stored_entry && stored_entry<=~0ULL-AP_READ_FDGET_RETURN_FROM_ENTRY &&
        return_ip==stored_entry+AP_READ_FDGET_RETURN_FROM_ENTRY;
}
static __attribute__((always_inline)) inline int ap_fdupfd_alloc_site(
    unsigned long long function_ip,unsigned long long return_ip) {
    return function_ip && function_ip<=~0ULL-AP_FDUPFD_ALLOC_RETURN_OFFSET &&
        return_ip==function_ip+AP_FDUPFD_ALLOC_RETURN_OFFSET;
}
#define AP_CONNECT_SESSION_COOKIE_MASK ((1ULL<<AP_ACCEPT_ENTRY_COOKIE)|(1ULL<<AP_CONNECT_ENTRY_COOKIE)|(1ULL<<AP_CONNECT_SECURITY_COOKIE)|(1ULL<<AP_CONNECT_AUDIT_COOKIE)|(1ULL<<AP_FDUPFD_COOKIE)|(1ULL<<AP_FDUPFD_ALLOC_COOKIE)|(1ULL<<AP_EPOLL_CTL_COOKIE))
#define AP_CONNECT_SESSION_COOKIE_MASK_SHARED (AP_CONNECT_SESSION_COOKIE_MASK|(1ULL<<AP_SHARED_FDGET_COOKIE))
#define AP_CONNECT_SESSION_COOKIE_MASK_FILE (AP_CONNECT_SESSION_COOKIE_MASK_SHARED|(1ULL<<AP_FILE_FDGET_COOKIE))
#define AP_CONNECT_SESSION_COOKIE_MASK_FTRACE (AP_CONNECT_SESSION_COOKIE_MASK|(1ULL<<AP_SHARED_FDGET_COOKIE)|(1ULL<<AP_FILE_FDGET_COOKIE)|(1ULL<<AP_READ_FDGET_COOKIE))
#define AP_CONNECT_COPY_BEFORE_COOKIE 3ULL
#define AP_CONNECT_COPY_AFTER_COOKIE 5ULL
#define AP_CONNECT_COPY_BEFORE_OFFSET 0x41ULL
#define AP_CONNECT_COPY_AFTER_OFFSET 0x46ULL
#define AP_CONNECT_COPY_SYMBOL_OWNER "__sys_connect"
#define AP_ACCEPT_FDGET_RETURN_OFFSET 0x21ULL
#define AP_CONNECT_FDGET_RETURN_OFFSET 0x1cULL
#define AP_CONNECT_SECURITY_RETURN_OFFSET 0x97ULL
#define AP_CONNECT_COPY_RETURN_OFFSET 0x46ULL
#define AP_CONNECT_AUDIT_RETURN_OFFSET 0xdfULL
static __attribute__((always_inline)) inline int ap_connect_fdget_site(
    unsigned long long function_ip,unsigned long long return_ip) {
    return function_ip && function_ip<=~0ULL-AP_CONNECT_FDGET_RETURN_OFFSET &&
        return_ip==function_ip+AP_CONNECT_FDGET_RETURN_OFFSET;
}
static __attribute__((always_inline)) inline int ap_connect_security_site(
    unsigned long long function_ip,unsigned long long return_ip) {
    return function_ip && function_ip<=~0ULL-AP_CONNECT_SECURITY_RETURN_OFFSET &&
        return_ip==function_ip+AP_CONNECT_SECURITY_RETURN_OFFSET;
}
static __attribute__((always_inline)) inline int ap_connect_copy_site(
    unsigned long long function_ip,unsigned long long return_ip) {
    return function_ip && function_ip<=~0ULL-AP_CONNECT_COPY_RETURN_OFFSET &&
        return_ip==function_ip+AP_CONNECT_COPY_RETURN_OFFSET;
}
static __attribute__((always_inline)) inline int ap_connect_audit_site(
    unsigned long long function_ip,unsigned long long return_ip) {
    return function_ip && function_ip<=~0ULL-AP_CONNECT_AUDIT_RETURN_OFFSET &&
        return_ip==function_ip+AP_CONNECT_AUDIT_RETURN_OFFSET;
}
static __attribute__((always_inline)) inline int ap_accept_fdget_site(
    unsigned long long function_ip,unsigned long long return_ip) {
    return function_ip && function_ip<=~0ULL-AP_ACCEPT_FDGET_RETURN_OFFSET &&
        return_ip==function_ip+AP_ACCEPT_FDGET_RETURN_OFFSET;
}
/* Audited running image do_close_on_exec+0xa6 calls filp_close; return+0xab.
 * On that direct call RDI=file, RSI=files, EBP=the exact cleared FD. */
#define AP_EXEC_CLOSE_RETURN_OFFSET 0xabULL
static __attribute__((always_inline)) inline int ap_exec_close_site(
    unsigned long long function_ip,unsigned long long return_ip) {
    return function_ip && function_ip<=~0ULL-AP_EXEC_CLOSE_RETURN_OFFSET &&
        return_ip==function_ip+AP_EXEC_CLOSE_RETURN_OFFSET;
}
#define AP_KERNEL_BUILD_ID_HEX "c9407892acd301146191b00f423f2612bf8b2d6a"
#ifndef __BPF__
#include <errno.h>
#include <stdio.h>
#include <string.h>
#include <stdint.h>
#include <stddef.h>
#include <stdbool.h>
#include <linux/bpf.h>
static inline int ap_retirement_link_matches(unsigned which,uint64_t expected_address,
        const struct bpf_prog_info *program,unsigned program_size,
        const struct bpf_link_info *link,unsigned link_size,
        uint64_t address,uint64_t cookie) {
    const uint64_t cookies[]={AP_FILE_RETIRE_COOKIE,AP_EXEC_CLOSE_COOKIE};
    return which<2 && expected_address && program && link &&
        program_size>=offsetof(struct bpf_prog_info,recursion_misses)+sizeof(program->recursion_misses) &&
        link_size>=offsetof(struct bpf_link_info,kprobe_multi.cookies)+sizeof(link->kprobe_multi.cookies) &&
        program->type==BPF_PROG_TYPE_KPROBE && program->id && !program->recursion_misses &&
        link->type==BPF_LINK_TYPE_KPROBE_MULTI && link->id && link->prog_id==program->id &&
        link->kprobe_multi.count==1 && !link->kprobe_multi.flags && !link->kprobe_multi.missed &&
        address==expected_address && cookie==cookies[which];
}
static int ap_check_kernel_notes(const unsigned char *bytes,size_t size) {
    static const unsigned char expected[20]={0xc9,0x40,0x78,0x92,0xac,0xd3,0x01,0x14,0x61,0x91,0xb0,0x0f,0x42,0x3f,0x26,0x12,0xbf,0x8b,0x2d,0x6a};
    unsigned matches=0;
    for(size_t at=0;at<size;) {
        uint32_t name,desc,type;
        if(size-at<12) { errno=EPROTO;return -1; }
        memcpy(&name,bytes+at,4);memcpy(&desc,bytes+at+4,4);memcpy(&type,bytes+at+8,4);at+=12;
        size_t n=((size_t)name+3)&~(size_t)3,d=((size_t)desc+3)&~(size_t)3;
        if(n>size-at || d>size-at-n) { errno=EPROTO;return -1; }
        if(type==3 && name==4 && !memcmp(bytes+at,"GNU\0",4)) {
            if(desc!=sizeof(expected) || memcmp(bytes+at+n,expected,sizeof(expected)) || ++matches!=1) {
                errno=ESTALE;return -1;
            }
        }
        at+=n+d;
    }
    if(matches!=1) { errno=ENODATA;return -1; }
    return 0;
}
/* Addresses may be masked by kptr_restrict; only the kernel's exact symbol
 * name is passed back to its resolver. Duplicate/alternate implementations
 * fail before load; module symbols cannot replace this core-kernel function. */
static int ap_check_retirement_symbols(FILE *input) {
    char line[1024];size_t bytes=0;unsigned matches=0,exec_matches=0,close_matches=0,enrollment_matches=0;
    while(fgets(line,sizeof(line),input)) {
        size_t size=strlen(line);
        if(!size || line[size-1]!='\n' || size>16*1024*1024-bytes) { errno=EOVERFLOW;return -1; }
        bytes+=size;
        char address[17],type,symbol[512],extra;
        int fields=sscanf(line,"%16[0123456789abcdefABCDEF] %c %511s %c",address,&type,symbol,&extra);
        if(fields<3 || strlen(address)!=16) { errno=EPROTO;return -1; }
        if(!strcmp(symbol,"ptrace_request")) {
            if(fields!=3 || type!='t' || ++enrollment_matches!=1) { errno=ESTALE;return -1; }
        }
        if(!strcmp(symbol,"do_close_on_exec") || !strcmp(symbol,AP_EXEC_CLOSE_SYMBOL)) {
            unsigned *count=!strcmp(symbol,AP_EXEC_CLOSE_SYMBOL)?&close_matches:&exec_matches;
            if(fields!=3 || type!='t' || ++*count!=1) { errno=ESTALE;return -1; }
        }
        if(!strcmp(symbol,"__fput") || !strncmp(symbol,"__fput.llvm.",12)) {
            if(fields!=3 || type!='t' || strcmp(symbol,AP_FILE_RETIRE_SYMBOL) || ++matches!=1) {
                errno=ESTALE;return -1;
            }
        }
    }
    if(ferror(input))return -1;
    if(matches!=1 || exec_matches!=1 || close_matches!=1 || enrollment_matches!=1) { errno=ENODATA;return -1; }
    return 0;
}
/* Installed-image text is bound to the running GNU build ID above. This
 * is not a direct running-text attestation. The complete audited dispatch
 * functions, including both indirect alternatives, and actual copy routine
 * must match before a probe or guest is admitted. No release-name fallback.
 * ELF bytes/offsets: executable PT_LOAD vaddr=ffffffff81000000,offset=200000;
 * image SHA256=5672168f5c2c2b576de869924eb4a19c909c0eab9645c4c4832ffbff4bb1a022. */
#define AP_COPY_KERNEL_IMAGE "/lib/modules/7.1.3-0_fbk0_0_g295ad0959f34/vmlinux-7.1.3-0_fbk0_0_g295ad0959f34"
static const unsigned char ap_copy_image_elf_layout[]={
    0x7f,0x45,0x4c,0x46,0x02,0x01,0x01,0x00,0x00,0x00,0x00,0x00,0x00,0x00,0x00,0x00,
    0x02,0x00,0x3e,0x00,0x01,0x00,0x00,0x00,0x40,0xd0,0x74,0x04,0x00,0x00,0x00,0x00,
    0x40,0x00,0x00,0x00,0x00,0x00,0x00,0x00,0x30,0x37,0x3f,0x1f,0x00,0x00,0x00,0x00,
    0x00,0x00,0x00,0x00,0x40,0x00,0x38,0x00,0x03,0x00,0x40,0x00,0x42,0x00,0x41,0x00,
    0x01,0x00,0x00,0x00,0x05,0x00,0x00,0x00,0x00,0x00,0x20,0x00,0x00,0x00,0x00,0x00,
    0x00,0x00,0x00,0x81,0xff,0xff,0xff,0xff,0x00,0x00,0x00,0x01,0x00,0x00,0x00,0x00,
    0xdc,0x24,0x47,0x02,0x00,0x00,0x00,0x00,0xdc,0x24,0x47,0x02,0x00,0x00,0x00,0x00,
    0x00,0x00,0x20,0x00,0x00,0x00,0x00,0x00,0x01,0x00,0x00,0x00,0x06,0x00,0x00,0x00,
    0x00,0x00,0x80,0x02,0x00,0x00,0x00,0x00,0x00,0x00,0x60,0x83,0xff,0xff,0xff,0xff,
    0x00,0x00,0x60,0x03,0x00,0x00,0x00,0x00,0x30,0xf9,0x02,0x02,0x00,0x00,0x00,0x00,
    0x30,0xf9,0x02,0x02,0x00,0x00,0x00,0x00,0x00,0x00,0x20,0x00,0x00,0x00,0x00,0x00,
    0x04,0x00,0x00,0x00,0x00,0x00,0x00,0x00,0x98,0xb7,0xf5,0x01,0x00,0x00,0x00,0x00,
    0x98,0xb7,0xd5,0x82,0xff,0xff,0xff,0xff,0x98,0xb7,0xd5,0x02,0x00,0x00,0x00,0x00,
    0x54,0x00,0x00,0x00,0x00,0x00,0x00,0x00,0x54,0x00,0x00,0x00,0x00,0x00,0x00,0x00,
    0x04,0x00,0x00,0x00,0x00,0x00,0x00,0x00,
};
static const unsigned char ap_copy_image_notes[]={
    0x06,0x00,0x00,0x00,0x01,0x00,0x00,0x00,0x00,0x01,0x00,0x00,0x4c,0x69,0x6e,0x75,
    0x78,0x00,0x00,0x00,0x00,0x00,0x00,0x00,0x06,0x00,0x00,0x00,0x04,0x00,0x00,0x00,
    0x01,0x01,0x00,0x00,0x4c,0x69,0x6e,0x75,0x78,0x00,0x00,0x00,0x01,0x00,0x00,0x00,
    0x04,0x00,0x00,0x00,0x14,0x00,0x00,0x00,0x03,0x00,0x00,0x00,0x47,0x4e,0x55,0x00,
    0xc9,0x40,0x78,0x92,0xac,0xd3,0x01,0x14,0x61,0x91,0xb0,0x0f,0x42,0x3f,0x26,0x12,
    0xbf,0x8b,0x2d,0x6a,
};
static const unsigned char ap_copy_image_skb_copy_datagram_iter[]={
    0x0f,0x1f,0x44,0x00,0x00,0x55,0x41,0x57,0x41,0x56,0x41,0x54,0x53,0x66,0x90,0x45,
    0x31,0xc0,0x49,0xc7,0xc1,0x70,0x21,0xde,0x81,0x6a,0x00,0xe8,0x80,0x03,0x00,0x00,
    0x48,0x83,0xc4,0x08,0x5b,0x41,0x5c,0x41,0x5e,0x41,0x5f,0x5d,0xc3,0x65,0x8b,0x05,
    0x28,0x9a,0x98,0x02,0x89,0xc0,0x48,0x0f,0xa3,0x05,0xea,0x4d,0x13,0x02,0x73,0xcf,
    0x48,0x89,0xfb,0x41,0x89,0xf6,0x49,0x89,0xd7,0x89,0xcd,0x4c,0x8b,0x25,0x3e,0x25,
    0xf5,0x01,0x65,0x49,0xff,0x04,0x24,0x48,0x8b,0x05,0x82,0xd2,0x0b,0x02,0x48,0x85,
    0xc0,0x74,0x0e,0x48,0x8b,0x78,0x08,0x48,0x89,0xde,0x89,0xea,0xe8,0x9f,0x1f,0x3d,
    0x00,0x65,0x49,0xff,0x44,0x24,0x08,0x89,0xe9,0x4c,0x89,0xfa,0x44,0x89,0xf6,0x48,
    0x89,0xdf,0xeb,0x8b,0xcc,0xcc,0xcc,
};
static const unsigned char ap_copy_image___skb_datagram_iter[]={
    0x0f,0x1f,0x44,0x00,0x00,0x55,0x41,0x57,0x41,0x56,0x41,0x55,0x41,0x54,0x53,0x48,
    0x83,0xec,0x28,0x41,0x89,0xcf,0x41,0x89,0xf4,0x49,0x89,0xfa,0x8b,0x5f,0x70,0x2b,
    0x5f,0x74,0x89,0xdd,0x29,0xf5,0x85,0xed,0x4c,0x89,0x4c,0x24,0x18,0x44,0x89,0x44,
    0x24,0x08,0x7e,0x5d,0x44,0x39,0xfd,0x41,0x0f,0x4d,0xef,0x49,0x63,0xfc,0x49,0x03,
    0xba,0xd0,0x00,0x00,0x00,0x48,0x63,0xf5,0x4d,0x89,0xd6,0x49,0x81,0xf9,0x70,0x21,
    0xde,0x81,0x0f,0x85,0x29,0x01,0x00,0x00,0x45,0x85,0xff,0x0f,0x88,0x33,0x01,0x00,
    0x00,0x49,0x89,0xd5,0xe8,0x87,0x02,0x00,0x00,0x45,0x8d,0x0c,0x04,0x39,0xc5,0x4c,
    0x89,0xea,0x0f,0x85,0x2a,0x02,0x00,0x00,0x4d,0x89,0xf2,0x41,0x29,0xef,0x75,0x14,
    0x31,0xc0,0x48,0x83,0xc4,0x28,0x5b,0x41,0x5c,0x41,0x5d,0x41,0x5e,0x41,0x5f,0x5d,
    0xc3,0x45,0x89,0xe1,0x41,0xf6,0x82,0x84,0x00,0x00,0x00,0x01,0x0f,0x85,0x00,0x02,
    0x00,0x00,0x4c,0x89,0x64,0x24,0x10,0x48,0x89,0x14,0x24,0x49,0x8b,0x8a,0xc8,0x00,
    0x00,0x00,0x41,0x8b,0x92,0xc0,0x00,0x00,0x00,0x48,0x8d,0x04,0x11,0x80,0x7c,0x11,
    0x02,0x00,0x74,0x12,0x41,0xbc,0x3c,0x00,0x00,0x00,0x31,0xed,0x4c,0x89,0x54,0x24,
    0x20,0xe9,0x14,0x01,0x00,0x00,0x41,0x89,0xdd,0x4c,0x8b,0x60,0x08,0x4d,0x85,0xe4,
    0x0f,0x84,0x95,0x00,0x00,0x00,0x44,0x0f,0xb6,0x44,0x24,0x08,0x48,0x8b,0x14,0x24,
    0x43,0x8d,0x04,0x0f,0x41,0x39,0xc5,0x0f,0x8f,0xa3,0x00,0x00,0x00,0x41,0x8b,0x6c,
    0x24,0x70,0x44,0x01,0xed,0x89,0xeb,0x44,0x29,0xcb,0x85,0xdb,0x7e,0x3b,0x44,0x39,
    0xfb,0x41,0x0f,0x4d,0xdf,0x4c,0x89,0x4c,0x24,0x08,0x44,0x89,0xce,0x44,0x29,0xee,
    0x4c,0x89,0xe7,0x89,0xd9,0x45,0x89,0xc6,0x4c,0x8b,0x4c,0x24,0x18,0xff,0x74,0x24,
    0x60,0xe8,0xca,0xfe,0xff,0xff,0x48,0x83,0xc4,0x08,0x85,0xc0,0x75,0x69,0x41,0x29,
    0xdf,0x0f,0x84,0x39,0xff,0xff,0xff,0xeb,0x29,0x45,0x89,0xc6,0x4d,0x8b,0x24,0x24,
    0x41,0x89,0xed,0x4d,0x85,0xe4,0x48,0x8b,0x14,0x24,0x45,0x89,0xf0,0x75,0x91,0x45,
    0x85,0xff,0x4c,0x8b,0x64,0x24,0x10,0x0f,0x84,0x13,0xff,0xff,0xff,0xe9,0x37,0x01,
    0x00,0x00,0x03,0x5c,0x24,0x08,0x41,0x89,0xd9,0xeb,0xd1,0x48,0x8b,0x14,0x24,0xeb,
    0xde,0x48,0x89,0xd1,0x48,0x8b,0x54,0x24,0x60,0x49,0x89,0xcd,0x41,0xff,0xd1,0xe9,
    0xd5,0xfe,0xff,0xff,0x49,0x89,0xd5,0x0f,0x0b,0x31,0xc0,0xe9,0xc9,0xfe,0xff,0xff,
    0x0f,0x0b,0xe9,0x56,0xff,0xff,0xff,0x4c,0x8b,0x64,0x24,0x10,0x4c,0x8b,0x4c,0x24,
    0x08,0x48,0x8b,0x14,0x24,0xe9,0xef,0x00,0x00,0x00,0x66,0x0f,0x1f,0x44,0x00,0x00,
    0x48,0xff,0xc5,0x49,0x8b,0x8a,0xc8,0x00,0x00,0x00,0x41,0x8b,0x92,0xc0,0x00,0x00,
    0x00,0x48,0x8d,0x04,0x11,0x0f,0xb6,0x4c,0x11,0x02,0x49,0x83,0xc4,0x10,0x44,0x89,
    0xeb,0x48,0x39,0xcd,0x0f,0x83,0xef,0xfe,0xff,0xff,0x43,0x8d,0x0c,0x0f,0x39,0xcb,
    0x0f,0x8f,0x9c,0x00,0x00,0x00,0x46,0x8b,0x6c,0x20,0xfc,0x41,0x01,0xdd,0x45,0x89,
    0xee,0x45,0x29,0xce,0x45,0x85,0xf6,0x7e,0xb7,0x45,0x39,0xfe,0x45,0x0f,0x4d,0xf7,
    0x45,0x85,0xff,0x74,0x79,0x4a,0x8b,0x4c,0x20,0xf4,0xf6,0xc1,0x01,0x0f,0x85,0x9e,
    0x00,0x00,0x00,0x44,0x89,0xcf,0x29,0xdf,0x42,0x03,0x3c,0x20,0x89,0xf8,0xc1,0xef,
    0x06,0x83,0xe7,0xc0,0x48,0x01,0xcf,0x48,0x2b,0x3d,0x02,0x67,0xc8,0x00,0x48,0xc1,
    0xe7,0x06,0x48,0x03,0x3d,0x07,0x67,0xc8,0x00,0x25,0xff,0x0f,0x00,0x00,0x48,0x01,
    0xc7,0x44,0x89,0xf6,0x48,0x81,0x7c,0x24,0x18,0x70,0x21,0xde,0x81,0x75,0x69,0x4c,
    0x89,0xcb,0x45,0x85,0xff,0x78,0x73,0x48,0x8b,0x14,0x24,0xe8,0x80,0x00,0x00,0x00,
    0x49,0x89,0xd9,0x4c,0x8b,0x54,0x24,0x20,0x41,0x01,0xc1,0x44,0x39,0xf0,0x75,0x19,
    0x45,0x29,0xf7,0x0f,0x84,0xf7,0xfd,0xff,0xff,0xe9,0x32,0xff,0xff,0xff,0x31,0xc0,
    0xeb,0xe6,0x0f,0x0b,0xe9,0x5d,0xff,0xff,0xff,0x48,0x8b,0x14,0x24,0x4c,0x8b,0x64,
    0x24,0x10,0x80,0x7c,0x24,0x08,0x00,0x74,0x37,0x45,0x29,0xe1,0x49,0x63,0xf1,0x48,
    0x89,0xd7,0xe8,0x59,0x40,0x0b,0x00,0xb8,0xf2,0xff,0xff,0xff,0xe9,0xc1,0xfd,0xff,
    0xff,0x31,0xc9,0xe9,0x5b,0xff,0xff,0xff,0x4c,0x89,0xcb,0x48,0x8b,0x54,0x24,0x60,
    0x48,0x8b,0x0c,0x24,0xff,0x54,0x24,0x18,0xeb,0x96,0x0f,0x0b,0x31,0xc0,0xeb,0x90,
    0x48,0x83,0x7a,0x18,0x00,0x0f,0x84,0x95,0xfd,0xff,0xff,0xeb,0xbc,
};
static const unsigned char ap_copy_image_simple_copy_to_iter[]={
    0x0f,0x1f,0x44,0x00,0x00,0x48,0x89,0xf0,0x48,0xc1,0xe8,0x1f,0x75,0x08,0x48,0x89,
    0xca,0xe9,0xda,0x6a,0x1d,0x00,0x0f,0x0b,0x31,0xc0,0xc3,
};
static const unsigned char ap_copy_image__copy_to_iter[]={
    0x55,0x41,0x57,0x41,0x56,0x41,0x55,0x41,0x54,0x53,0x48,0x83,0xec,0x58,0x80,0x7a,
    0x02,0x01,0x0f,0x84,0x0a,0x02,0x00,0x00,0x48,0x89,0xf3,0x48,0x8b,0x42,0x18,0x48,
    0x39,0xf0,0x48,0x0f,0x42,0xd8,0x48,0x85,0xdb,0x0f,0x84,0x80,0x01,0x00,0x00,0x49,
    0x89,0xfe,0x0f,0xb6,0x0a,0x85,0xc9,0x75,0x62,0x48,0x8b,0x72,0x08,0x48,0x8b,0x7a,
    0x10,0x48,0x01,0xf7,0x4c,0x8d,0x04,0x3b,0x49,0xb9,0xef,0xcd,0xab,0x89,0x67,0x45,
    0x23,0x01,0x48,0x89,0xd9,0x49,0x39,0xf8,0x72,0x1e,0x4d,0x39,0xc8,0x77,0x19,0x90,
    0x90,0x90,0x48,0x89,0xd9,0x4c,0x89,0xf6,0xf3,0xa4,0x90,0x90,0x90,0x90,0x90,0x90,
    0x48,0x8b,0x72,0x08,0x48,0x8b,0x42,0x18,0x48,0x29,0xcb,0x48,0x01,0xde,0x48,0x89,
    0x72,0x08,0x48,0x29,0xd8,0x48,0x89,0x42,0x18,0x48,0x89,0xd8,0x48,0x83,0xc4,0x58,
    0x5b,0x41,0x5c,0x41,0x5d,0x41,0x5e,0x41,0x5f,0x5d,0xc3,0xff,0xc9,0x83,0xf9,0x04,
    0x77,0xe0,0xff,0x24,0xcd,0xe0,0x59,0xaa,0x82,0x4c,0x8b,0x42,0x08,0x4c,0x8b,0x4a,
    0x10,0x49,0x8b,0x71,0x08,0x48,0x89,0xf0,0x4c,0x29,0xc0,0x48,0x39,0xc3,0x48,0x0f,
    0x42,0xc3,0x4c,0x39,0xc6,0x0f,0x84,0x4f,0x05,0x00,0x00,0x49,0x8b,0x39,0x4c,0x01,
    0xc7,0x4c,0x8d,0x14,0x38,0x49,0xbb,0xef,0xcd,0xab,0x89,0x67,0x45,0x23,0x01,0x48,
    0x89,0xc1,0x49,0x39,0xfa,0x72,0x20,0x4d,0x39,0xda,0x77,0x1b,0x90,0x90,0x90,0x48,
    0x89,0xc1,0x4c,0x89,0xf6,0x49,0x89,0xc2,0xf3,0xa4,0x90,0x90,0x90,0x4c,0x89,0xd0,
    0x90,0x90,0x90,0x49,0x8b,0x71,0x08,0x48,0x29,0xc8,0x49,0x01,0xc0,0x49,0x39,0xf0,
    0x73,0x20,0x4c,0x89,0xc9,0x48,0x2b,0x4a,0x10,0x48,0xc1,0xf9,0x04,0x48,0x29,0x4a,
    0x20,0x4c,0x89,0x4a,0x10,0x4c,0x89,0x42,0x08,0x48,0x29,0x42,0x18,0xe9,0x5a,0xff,
    0xff,0xff,0x49,0x83,0xc1,0x10,0x48,0x29,0xc3,0x75,0x7b,0x45,0x31,0xc0,0xeb,0xd2,
    0x4c,0x8b,0x7a,0x08,0x49,0x89,0xd5,0x4c,0x8b,0x62,0x10,0x49,0x8b,0x54,0x24,0x08,
    0x4c,0x29,0xfa,0x0f,0x84,0xcd,0x04,0x00,0x00,0x48,0x39,0xd3,0x48,0x0f,0x42,0xd3,
    0x49,0x8b,0x3c,0x24,0x4c,0x01,0xff,0x4c,0x89,0xf6,0x48,0x89,0xd5,0xe8,0x1e,0x14,
    0x3b,0x00,0x48,0x89,0xe8,0x49,0x01,0xef,0x4d,0x3b,0x7c,0x24,0x08,0x72,0x10,0x49,
    0x83,0xc4,0x10,0x48,0x29,0xc3,0x0f,0x85,0xa0,0x04,0x00,0x00,0x45,0x31,0xff,0x4c,
    0x89,0xe1,0x49,0x2b,0x4d,0x10,0x48,0xc1,0xf9,0x04,0x49,0x29,0x4d,0x20,0x4d,0x89,
    0x65,0x10,0x4d,0x89,0x7d,0x08,0x49,0x29,0x45,0x18,0xe9,0xdd,0xfe,0xff,0xff,0x31,
    0xc0,0xe9,0xd6,0xfe,0xff,0xff,0x49,0x89,0xc2,0x49,0x8b,0x41,0x08,0x48,0x39,0xc3,
    0x49,0x89,0xc0,0x4c,0x0f,0x42,0xc3,0x48,0x85,0xc0,0x74,0x42,0x49,0x8b,0x39,0x49,
    0x8d,0x34,0x38,0x49,0xbb,0xef,0xcd,0xab,0x89,0x67,0x45,0x23,0x01,0x4c,0x89,0xc1,
    0x48,0x39,0xfe,0x72,0x1b,0x4c,0x39,0xde,0x77,0x16,0x4b,0x8d,0x34,0x16,0x90,0x90,
    0x90,0x4c,0x89,0xc1,0xf3,0xa4,0x90,0x90,0x90,0x90,0x90,0x90,0x49,0x8b,0x41,0x08,
    0x49,0x29,0xc8,0x4d,0x01,0xc2,0x49,0x39,0xc0,0x72,0x0f,0x4c,0x29,0xc3,0x49,0x83,
    0xc1,0x10,0x48,0x85,0xdb,0x75,0xa2,0x45,0x31,0xc0,0x4c,0x89,0xd0,0xe9,0xf0,0xfe,
    0xff,0xff,0x0f,0x0b,0x31,0xc0,0xe9,0x61,0xfe,0xff,0xff,0x48,0x8b,0x42,0x10,0x48,
    0x89,0x04,0x24,0x48,0x89,0x54,0x24,0x10,0x0f,0xb6,0x42,0x20,0x89,0x44,0x24,0x08,
    0x83,0xf8,0x1f,0x75,0x17,0x48,0x8b,0x04,0x24,0x48,0x8b,0x80,0x20,0x01,0x00,0x00,
    0x48,0x89,0x04,0x24,0xc7,0x44,0x24,0x08,0x00,0x00,0x00,0x00,0x48,0x8b,0x44,0x24,
    0x10,0x4c,0x8b,0x68,0x08,0x31,0xed,0x8b,0x4c,0x24,0x08,0x48,0x8b,0x14,0x24,0x48,
    0x8b,0x7c,0xca,0x08,0x48,0x85,0xff,0x0f,0x84,0xa3,0x00,0x00,0x00,0x48,0x8b,0x14,
    0x24,0x8a,0x8c,0x0a,0x00,0x01,0x00,0x00,0x41,0xbc,0x00,0x10,0x00,0x00,0x49,0xd3,
    0xe4,0x4d,0x39,0xe5,0x73,0x43,0x48,0x2b,0x3d,0xb3,0x63,0xc8,0x00,0x48,0xc1,0xe7,
    0x06,0x48,0x03,0x3d,0xb8,0x63,0xc8,0x00,0x4c,0x01,0xef,0x44,0x89,0xe9,0x81,0xe1,
    0xff,0x0f,0x00,0x00,0x41,0xbf,0x00,0x10,0x00,0x00,0x49,0x29,0xcf,0x4c,0x39,0xfb,
    0x4c,0x0f,0x42,0xfb,0x49,0x8d,0x34,0x2e,0x4c,0x89,0xfa,0xe8,0xc0,0x12,0x3b,0x00,
    0x4c,0x29,0xfb,0x4c,0x01,0xfd,0x4d,0x01,0xfd,0x4d,0x39,0xe5,0x72,0x39,0x8b,0x4c,
    0x24,0x08,0xff,0xc1,0x89,0x4c,0x24,0x08,0x83,0xf9,0x1f,0x75,0x27,0x48,0x8b,0x14,
    0x24,0x48,0x8b,0x8a,0x20,0x01,0x00,0x00,0x48,0x85,0xc9,0xbe,0x00,0x00,0x00,0x00,
    0xbf,0x1f,0x00,0x00,0x00,0x0f,0x44,0xf7,0x89,0x74,0x24,0x08,0x48,0x0f,0x45,0xd1,
    0x48,0x89,0x14,0x24,0x45,0x31,0xed,0x48,0x85,0xdb,0x0f,0x85,0x47,0xff,0xff,0xff,
    0x48,0x8b,0x4c,0x24,0x10,0x8b,0x54,0x24,0x08,0x88,0x51,0x20,0x48,0x8b,0x14,0x24,
    0x48,0x89,0x51,0x10,0x4c,0x89,0x69,0x08,0x48,0x89,0xe8,0x48,0x29,0x69,0x18,0xe9,
    0x48,0xfd,0xff,0xff,0x48,0x8b,0x42,0x08,0x48,0x03,0x42,0x20,0x48,0x89,0x44,0x24,
    0x18,0x48,0xc1,0xe8,0x0c,0x48,0x89,0x54,0x24,0x10,0x48,0x8b,0x4a,0x10,0x48,0x8d,
    0x7c,0x24,0x20,0x48,0x89,0x0f,0x48,0x89,0x47,0x08,0x31,0xc0,0x48,0x89,0x47,0x10,
    0x48,0xc7,0x47,0x18,0x03,0x00,0x00,0x00,0x48,0x89,0x47,0x20,0x48,0x89,0x47,0x28,
    0x48,0xc7,0x04,0x24,0x00,0x00,0x00,0x00,0x48,0x89,0x47,0x30,0x65,0xff,0x05,0x35,
    0x90,0x98,0x02,0x48,0xc7,0xc6,0xff,0xff,0xff,0xff,0xe8,0x11,0xff,0xf8,0xff,0x48,
    0x85,0xc0,0x0f,0x84,0xcc,0x02,0x00,0x00,0x49,0x89,0xc4,0x48,0xc7,0x04,0x24,0x00,
    0x00,0x00,0x00,0x49,0x81,0xfc,0x06,0x04,0x00,0x00,0x74,0x16,0x49,0x81,0xfc,0x02,
    0x04,0x00,0x00,0x0f,0x85,0x8f,0x00,0x00,0x00,0x48,0xc7,0x44,0x24,0x38,0x03,0x00,
    0x00,0x00,0x48,0x8b,0x44,0x24,0x38,0x48,0x85,0xc0,0x0f,0x84,0x63,0x01,0x00,0x00,
    0x89,0xc1,0x83,0xe1,0x03,0x0f,0x85,0x58,0x01,0x00,0x00,0x80,0x38,0x00,0x0f,0x85,
    0x4f,0x01,0x00,0x00,0x0f,0xb6,0x4c,0x24,0x32,0x48,0x8b,0x54,0x24,0x28,0x89,0xd6,
    0x83,0xe6,0x3f,0x39,0xce,0x0f,0x85,0x38,0x01,0x00,0x00,0x48,0xff,0xc2,0x48,0x85,
    0xd2,0x0f,0x84,0x2c,0x01,0x00,0x00,0x80,0xf9,0x3f,0x0f,0x84,0x23,0x01,0x00,0x00,
    0x0f,0xb6,0xf1,0x4c,0x8b,0x64,0xf0,0x30,0x44,0x89,0xe6,0x83,0xe6,0x03,0x83,0xfe,
    0x02,0x0f,0x84,0x0c,0x01,0x00,0x00,0xfe,0xc1,0x88,0x4c,0x24,0x32,0x48,0x89,0x54,
    0x24,0x28,0x48,0xff,0xc2,0x4d,0x85,0xe4,0x74,0xc4,0x4d,0x85,0xe4,0x0f,0x85,0x60,
    0xff,0xff,0xff,0xe9,0x1c,0x02,0x00,0x00,0x41,0xf6,0xc4,0x01,0x0f,0x85,0x0c,0x02,
    0x00,0x00,0x41,0x0f,0xb6,0x44,0x24,0x33,0xc1,0xe0,0x18,0x3d,0x00,0x00,0x00,0xf4,
    0x0f,0x84,0xfc,0x01,0x00,0x00,0x49,0xf7,0x04,0x24,0x40,0x00,0x00,0x00,0x75,0x04,
    0x31,0xc9,0xeb,0x06,0x41,0x0f,0xb6,0x4c,0x24,0x40,0xbe,0x00,0x10,0x00,0x00,0x48,
    0xd3,0xe6,0x49,0xf7,0x04,0x24,0x40,0x00,0x00,0x00,0x75,0x04,0x31,0xc9,0xeb,0x06,
    0x41,0x0f,0xb6,0x4c,0x24,0x40,0x48,0x8b,0x04,0x24,0x48,0x8b,0x54,0x24,0x18,0x48,
    0x01,0xd0,0x48,0xff,0xce,0x48,0x21,0xc6,0xbd,0x00,0x10,0x00,0x00,0x48,0xd3,0xe5,
    0x48,0x89,0xf0,0x48,0x29,0xf5,0x48,0x39,0xdd,0x48,0x0f,0x43,0xeb,0x48,0x85,0xed,
    0x0f,0x84,0xfc,0xfe,0xff,0xff,0x4c,0x89,0xe7,0x48,0x2b,0x3d,0x70,0x61,0xc8,0x00,
    0x48,0xc1,0xe7,0x06,0x48,0x03,0x3d,0x75,0x61,0xc8,0x00,0x48,0x89,0x44,0x24,0x08,
    0x48,0x01,0xc7,0x25,0xff,0x0f,0x00,0x00,0x41,0xbd,0x00,0x10,0x00,0x00,0x49,0x29,
    0xc5,0x4c,0x39,0xed,0x4c,0x0f,0x42,0xed,0x4c,0x8b,0x3c,0x24,0x4b,0x8d,0x34,0x3e,
    0x4c,0x89,0xea,0xe8,0x78,0x10,0x3b,0x00,0x4d,0x01,0xef,0x4c,0x89,0x3c,0x24,0x4c,
    0x39,0xeb,0xb8,0x00,0x00,0x00,0x00,0x49,0x0f,0x45,0xc5,0x48,0x29,0xc5,0x48,0x8b,
    0x54,0x24,0x08,0x48,0x01,0xc2,0x48,0x89,0xd0,0x4c,0x29,0xeb,0x75,0x8f,0xe9,0x31,
    0x01,0x00,0x00,0x48,0x8d,0x7c,0x24,0x20,0x48,0xc7,0xc6,0xff,0xff,0xff,0xff,0xe8,
    0x5c,0xfd,0xf8,0xff,0x49,0x89,0xc4,0xe9,0xee,0xfe,0xff,0xff,0x4c,0x8b,0x62,0x08,
    0x48,0x89,0x54,0x24,0x10,0x48,0x8b,0x4a,0x10,0x31,0xed,0x49,0x89,0xcd,0x8b,0x49,
    0x0c,0x4c,0x01,0xe1,0x48,0x89,0xcf,0x48,0xc1,0xef,0x06,0x48,0x83,0xe7,0xc0,0x49,
    0x03,0x7d,0x00,0x48,0x2b,0x3d,0xc6,0x60,0xc8,0x00,0x41,0x8b,0x55,0x08,0x48,0xc1,
    0xe7,0x06,0x48,0x03,0x3d,0xc7,0x60,0xc8,0x00,0x4c,0x29,0xe2,0x81,0xe1,0xff,0x0f,
    0x00,0x00,0x41,0xbf,0x00,0x10,0x00,0x00,0x49,0x29,0xcf,0x4c,0x39,0xfa,0x4c,0x0f,
    0x42,0xfa,0x4c,0x39,0xfb,0x4c,0x0f,0x42,0xfb,0x48,0x01,0xcf,0x49,0x8d,0x34,0x2e,
    0x4c,0x89,0xfa,0xe8,0xc8,0x0f,0x3b,0x00,0x4c,0x01,0xfd,0x4d,0x01,0xfc,0x41,0x8b,
    0x55,0x08,0x31,0xc9,0x49,0x39,0xd4,0xba,0x00,0x00,0x00,0x00,0x4c,0x0f,0x43,0xe2,
    0x0f,0x93,0xc1,0xc1,0xe1,0x04,0x4c,0x01,0xe9,0x4c,0x29,0xfb,0x0f,0x85,0x79,0xff,
    0xff,0xff,0x48,0x89,0xca,0x48,0x8b,0x74,0x24,0x10,0x48,0x2b,0x56,0x10,0x48,0xc1,
    0xfa,0x04,0x48,0x29,0x56,0x20,0x48,0x89,0x4e,0x10,0x4c,0x89,0x66,0x08,0x48,0x89,
    0xe8,0x48,0x29,0x6e,0x18,0xe9,0x72,0xfa,0xff,0xff,0x49,0x83,0xc1,0x10,0x45,0x31,
    0xd2,0xe9,0x93,0xfb,0xff,0xff,0x49,0x83,0xc4,0x10,0x31,0xed,0x4d,0x8b,0x7c,0x24,
    0x08,0x4d,0x85,0xff,0x74,0x24,0x4c,0x39,0xfb,0x4c,0x0f,0x42,0xfb,0x49,0x8b,0x3c,
    0x24,0x49,0x8d,0x34,0x2e,0x4c,0x89,0xfa,0xe8,0x43,0x0f,0x3b,0x00,0x4c,0x01,0xfd,
    0x4d,0x3b,0x7c,0x24,0x08,0x72,0x0f,0x4c,0x29,0xfb,0x49,0x83,0xc4,0x10,0x48,0x85,
    0xdb,0x75,0xc9,0x45,0x31,0xff,0x48,0x89,0xe8,0xe9,0x21,0xfb,0xff,0xff,0x0f,0x0b,
    0xeb,0x02,0x0f,0x0b,0x65,0xff,0x0d,0x4d,0x8d,0x98,0x02,0x74,0x16,0x48,0x8b,0x4c,
    0x24,0x10,0x48,0x8b,0x04,0x24,0x48,0x01,0x41,0x08,0x48,0x29,0x41,0x18,0xe9,0xf9,
    0xf9,0xff,0xff,0xe8,0xa8,0xc6,0x0c,0x00,0xeb,0xe3,
};
static const unsigned char ap_copy_image_tcp_recvmsg[]={
    0x0f,0x1f,0x44,0x00,0x00,0x55,0x41,0x57,0x41,0x56,0x41,0x55,0x41,0x54,0x53,0x48,
    0x81,0xec,0xa8,0x01,0x00,0x00,0x49,0x89,0xd7,0x49,0x89,0xf4,0x49,0x89,0xfe,0x89,
    0x4c,0x24,0x08,0xf7,0xc1,0x00,0x20,0x00,0x00,0x0f,0x85,0x1f,0x05,0x00,0x00,0x41,
    0x83,0xbe,0xe8,0x00,0x00,0x00,0x00,0x0f,0x85,0xd9,0x0d,0x00,0x00,0x31,0xed,0x4c,
    0x89,0xf7,0x31,0xf6,0xe8,0x27,0xfd,0xff,0xff,0x41,0x0f,0xb6,0x46,0x12,0x3c,0x0a,
    0x0f,0x84,0xe1,0x04,0x00,0x00,0x41,0x0f,0xb6,0x86,0xdf,0x05,0x00,0x00,0x31,0xd2,
    0xa8,0x10,0x0f,0x85,0x65,0x05,0x00,0x00,0xf6,0x44,0x24,0x08,0x40,0x0f,0x84,0xcf,
    0x04,0x00,0x00,0x31,0xc9,0x48,0x89,0x4c,0x24,0x68,0xf6,0x44,0x24,0x08,0x01,0x89,
    0x54,0x24,0x04,0x0f,0x85,0x28,0x0e,0x00,0x00,0xa8,0x01,0x0f,0x85,0x4c,0x0e,0x00,
    0x00,0x49,0x8d,0x8e,0xe0,0x05,0x00,0x00,0xf6,0x44,0x24,0x08,0x02,0x0f,0x85,0x62,
    0x11,0x00,0x00,0x48,0xc7,0x84,0x24,0x80,0x00,0x00,0x00,0x00,0x00,0x00,0x00,0xb0,
    0x01,0x89,0x44,0x24,0x1c,0x48,0x89,0x4c,0x24,0x28,0xf7,0x44,0x24,0x08,0x00,0x01,
    0x00,0x00,0x48,0x89,0x4c,0x24,0x58,0x0f,0x85,0x2a,0x0e,0x00,0x00,0x41,0x8b,0x86,
    0x18,0x01,0x00,0x00,0x44,0x39,0xf8,0x41,0x0f,0x4d,0xc7,0x89,0x44,0x24,0x40,0x49,
    0x8d,0x86,0xa8,0x00,0x00,0x00,0x48,0x89,0x84,0x24,0x90,0x00,0x00,0x00,0x4c,0x89,
    0x64,0x24,0x60,0x49,0x8d,0x44,0x24,0x10,0x48,0x89,0x84,0x24,0xb8,0x00,0x00,0x00,
    0xbd,0xff,0xff,0xff,0xff,0x48,0xc7,0x84,0x24,0x88,0x00,0x00,0x00,0x00,0x00,0x00,
    0x00,0xc7,0x04,0x24,0x00,0x00,0x00,0x00,0x0f,0x1f,0x84,0x00,0x00,0x00,0x00,0x00,
    0x66,0x41,0x83,0xbe,0xf6,0x05,0x00,0x00,0x00,0x0f,0x85,0x3c,0x06,0x00,0x00,0x49,
    0x8b,0x86,0xa8,0x00,0x00,0x00,0x49,0x8b,0x8e,0xb0,0x00,0x00,0x00,0x48,0x8b,0x94,
    0x24,0x90,0x00,0x00,0x00,0x48,0x39,0xd1,0xbb,0x00,0x00,0x00,0x00,0x48,0x0f,0x45,
    0xd9,0x48,0x39,0xd0,0x0f,0x84,0xd8,0x04,0x00,0x00,0x48,0x89,0xc3,0x48,0x8b,0x44,
    0x24,0x28,0x44,0x8b,0x28,0x44,0x2b,0x6b,0x28,0x0f,0x88,0xa1,0x04,0x00,0x00,0xf6,
    0x43,0x34,0x02,0x0f,0x85,0x4e,0x06,0x00,0x00,0x44,0x8b,0x63,0x70,0x45,0x29,0xec,
    0x0f,0x86,0x37,0x03,0x00,0x00,0x4d,0x39,0xe7,0x4d,0x0f,0x42,0xe7,0x66,0x41,0x83,
    0xbe,0xf6,0x05,0x00,0x00,0x00,0x0f,0x85,0x40,0x06,0x00,0x00,0xf6,0x44,0x24,0x08,
    0x20,0x75,0x38,0x8b,0x83,0x81,0x00,0x00,0x00,0x83,0xfd,0xff,0x0f,0x85,0xf9,0x02,
    0x00,0x00,0xa9,0x00,0x00,0x00,0x01,0x0f,0x85,0x80,0x06,0x00,0x00,0x48,0x89,0xdf,
    0x44,0x89,0xee,0x48,0x8b,0x94,0x24,0xb8,0x00,0x00,0x00,0x44,0x89,0xe1,0xe8,0xad,
    0x10,0x00,0x00,0x85,0xc0,0x0f,0x85,0xba,0x0a,0x00,0x00,0x8b,0xab,0x81,0x00,0x00,
    0x00,0x48,0x8b,0x44,0x24,0x28,0x44,0x01,0x20,0x41,0x8b,0x86,0x8c,0x00,0x00,0x00,
    0x80,0x7c,0x24,0x1c,0x00,0x0f,0x84,0xc2,0x03,0x00,0x00,0x85,0xc0,0x0f,0x89,0xa7,
    0x0a,0x00,0x00,0xc1,0xed,0x18,0x83,0xe5,0x01,0x44,0x01,0x24,0x24,0x4d,0x29,0xe7,
    0x4c,0x89,0xf7,0xe8,0x08,0x12,0x00,0x00,0x66,0x41,0x83,0xbe,0xf6,0x05,0x00,0x00,
    0x00,0x0f,0x85,0x99,0x0a,0x00,0x00,0xf6,0x43,0x38,0x08,0x74,0x2b,0x48,0x8b,0x43,
    0x20,0x48,0x89,0x84,0x24,0xc0,0x00,0x00,0x00,0x48,0x8b,0x83,0xc8,0x00,0x00,0x00,
    0x8b,0x8b,0xc0,0x00,0x00,0x00,0x48,0x8b,0x44,0x08,0x10,0x48,0x89,0x84,0x24,0xd0,
    0x00,0x00,0x00,0x83,0x4c,0x24,0x04,0x02,0x44,0x89,0xe8,0x49,0x01,0xc4,0x8b,0x43,
    0x70,0x49,0x39,0xc4,0x72,0x63,0xf6,0x43,0x34,0x01,0x0f,0x85,0x57,0x02,0x00,0x00,
    0x80,0x7c,0x24,0x1c,0x00,0x74,0x52,0x41,0xff,0x8e,0xb8,0x00,0x00,0x00,0x48,0x8b,
    0x03,0x48,0x8b,0x4b,0x08,0x48,0xc7,0x03,0x00,0x00,0x00,0x00,0x48,0xc7,0x43,0x08,
    0x00,0x00,0x00,0x00,0x48,0x89,0x48,0x08,0x48,0x89,0x01,0x48,0x81,0x7b,0x60,0xd0,
    0x71,0xfb,0x81,0x0f,0x85,0xce,0x0a,0x00,0x00,0x48,0x89,0xdf,0xe8,0xcf,0xfb,0xff,
    0xff,0x48,0xc7,0x43,0x60,0x00,0x00,0x00,0x00,0x48,0xc7,0x43,0x18,0x00,0x00,0x00,
    0x00,0x48,0x89,0xdf,0xe8,0x47,0x10,0x00,0x00,0x4d,0x85,0xff,0x0f,0x85,0x4e,0xfe,
    0xff,0xff,0x48,0x8b,0x8c,0x24,0x90,0x00,0x00,0x00,0x48,0x8b,0x01,0x48,0x39,0xc8,
    0x0f,0x94,0xc1,0x48,0x85,0xc0,0x0f,0x94,0xc2,0x08,0xca,0x0f,0x84,0x6e,0x01,0x00,
    0x00,0x41,0x0f,0xb6,0x86,0x10,0x05,0x00,0x00,0xa8,0x01,0x4c,0x8b,0x64,0x24,0x60,
    0x8b,0x6c,0x24,0x04,0x44,0x8b,0x3c,0x24,0x0f,0x85,0xe7,0x00,0x00,0x00,0x45,0x85,
    0xff,0x7e,0x35,0x41,0xf6,0x86,0x57,0x02,0x00,0x00,0x01,0x75,0x2b,0x41,0x8b,0x86,
    0x18,0x07,0x00,0x00,0x41,0x03,0x86,0x54,0x07,0x00,0x00,0x41,0x2b,0x86,0xe8,0x06,
    0x00,0x00,0x31,0xdb,0x85,0xc0,0x0f,0x4f,0xd8,0x01,0xdb,0x41,0x3b,0x9e,0xf4,0x06,
    0x00,0x00,0x0f,0x86,0x49,0x01,0x00,0x00,0x4c,0x89,0xf7,0xe8,0x80,0xd1,0xf9,0xff,
    0x41,0x8b,0x4c,0x24,0x40,0xd1,0xe9,0x83,0xe1,0x01,0x45,0x85,0xff,0x0f,0x99,0xc0,
    0x09,0xe9,0x0f,0x84,0xc8,0x01,0x00,0x00,0x84,0xc0,0x74,0x74,0x40,0xf6,0xc5,0x02,
    0x74,0x5d,0x45,0x89,0xfd,0x4d,0x8b,0x7e,0x60,0x41,0x8b,0x9e,0x70,0x01,0x00,0x00,
    0x48,0x8b,0xbc,0x24,0xc0,0x00,0x00,0x00,0x48,0x85,0xff,0x74,0x23,0x49,0xf7,0x46,
    0x60,0x00,0x08,0x00,0x00,0x0f,0x85,0x66,0x0b,0x00,0x00,0xf6,0xc3,0x10,0x0f,0x85,
    0xfb,0x01,0x00,0x00,0x48,0xc7,0x84,0x24,0xc0,0x00,0x00,0x00,0x00,0x00,0x00,0x00,
    0x31,0xc0,0x48,0x83,0xbc,0x24,0xd0,0x00,0x00,0x00,0x00,0x45,0x89,0xef,0x0f,0x85,
    0x9d,0x0b,0x00,0x00,0x31,0xc9,0x48,0x09,0xc1,0x0f,0x85,0x9e,0x01,0x00,0x00,0x41,
    0x8b,0x44,0x24,0x40,0xd1,0xe8,0x09,0xe8,0xa8,0x01,0x0f,0x85,0xf7,0x01,0x00,0x00,
    0x44,0x89,0xf8,0x48,0x81,0xc4,0xa8,0x01,0x00,0x00,0x5b,0x41,0x5c,0x41,0x5d,0x41,
    0x5e,0x41,0x5f,0x5d,0xc3,0x41,0x8b,0x8e,0xe8,0x06,0x00,0x00,0x41,0x2b,0x8e,0x54,
    0x07,0x00,0x00,0x41,0x0f,0xb7,0x96,0x1e,0x05,0x00,0x00,0x39,0xd1,0x77,0x3b,0x45,
    0x85,0xff,0x0f,0x8e,0x30,0xff,0xff,0xff,0xa8,0x08,0x75,0x20,0xa8,0x04,0x0f,0x84,
    0xef,0xfe,0xff,0xff,0x41,0x0f,0xb6,0x86,0x12,0x05,0x00,0x00,0x49,0x8b,0x4e,0x30,
    0x3a,0x81,0x03,0x06,0x00,0x00,0x0f,0x83,0xd7,0xfe,0xff,0xff,0x41,0x83,0xbe,0xc0,
    0x00,0x00,0x00,0x00,0x0f,0x85,0xc9,0xfe,0xff,0xff,0x4c,0x89,0xf7,0xe8,0xbe,0xcf,
    0x00,0x00,0x4c,0x89,0xf7,0xe8,0x46,0x1b,0x01,0x00,0xe9,0xe9,0xfe,0xff,0xff,0x48,
    0x8b,0x4c,0x24,0x58,0x8b,0x09,0x3b,0x48,0x2c,0x0f,0x88,0x82,0xfe,0xff,0xff,0x48,
    0x8d,0x3d,0x5a,0xd7,0x16,0x02,0x8b,0x50,0x2c,0x41,0x8b,0xb6,0xe0,0x05,0x00,0x00,
    0x41,0x8b,0x8e,0xe8,0x06,0x00,0x00,0xe8,0xb4,0xd5,0x3c,0x00,0xe9,0x60,0xfe,0xff,
    0xff,0x4c,0x89,0xf7,0xe8,0xb7,0x8c,0x00,0x00,0x85,0xc0,0x0f,0x84,0xa7,0xfe,0xff,
    0xff,0x39,0xd8,0x0f,0x82,0x9f,0xfe,0xff,0xff,0xeb,0x9f,0x0f,0xba,0xe0,0x18,0x83,
    0xdd,0x00,0x0f,0x84,0xfa,0xfc,0xff,0xff,0xe9,0x15,0xfe,0xff,0xff,0xf6,0x43,0x34,
    0x01,0x0f,0x84,0xe1,0x0c,0x00,0x00,0x48,0x8b,0x44,0x24,0x28,0xff,0x00,0x80,0x7c,
    0x24,0x1c,0x00,0x0f,0x84,0xf9,0xfd,0xff,0xff,0x41,0xff,0x8e,0xb8,0x00,0x00,0x00,
    0x48,0x8b,0x03,0x48,0x8b,0x4b,0x08,0x48,0xc7,0x03,0x00,0x00,0x00,0x00,0x48,0xc7,
    0x43,0x08,0x00,0x00,0x00,0x00,0x48,0x89,0x48,0x08,0x48,0x89,0x01,0x48,0x81,0x7b,
    0x60,0xd0,0x71,0xfb,0x81,0x0f,0x85,0x71,0x0c,0x00,0x00,0x48,0x89,0xdf,0xe8,0x6d,
    0xf9,0xff,0xff,0x48,0xc7,0x43,0x60,0x00,0x00,0x00,0x00,0x48,0xc7,0x43,0x18,0x00,
    0x00,0x00,0x00,0x48,0x89,0xdf,0xe8,0xe5,0x0d,0x00,0x00,0xe9,0xa2,0xfd,0xff,0xff,
    0x31,0xc0,0xe9,0x31,0xfe,0xff,0xff,0x41,0xbf,0x95,0xff,0xff,0xff,0xe9,0x06,0xfe,
    0xff,0xff,0x49,0x8b,0x8e,0x10,0x01,0x00,0x00,0xe9,0x27,0xfb,0xff,0xff,0x4c,0x89,
    0xf7,0x4c,0x89,0xe6,0x44,0x89,0xfa,0x48,0x81,0xc4,0xa8,0x01,0x00,0x00,0x5b,0x41,
    0x5c,0x41,0x5d,0x41,0x5e,0x41,0x5f,0x5d,0xe9,0xe3,0xbc,0x2b,0xff,0x48,0xc7,0x84,
    0x24,0xc8,0x00,0x00,0x00,0x00,0x00,0x00,0x00,0x49,0x8b,0x46,0x60,0x48,0x8d,0xb4,
    0x24,0xc0,0x00,0x00,0x00,0x4c,0x89,0xe7,0x0f,0xba,0xe0,0x1a,0x0f,0x82,0x40,0x0c,
    0x00,0x00,0xe8,0xb9,0x5d,0x1a,0x00,0x45,0x89,0xef,0xe9,0x30,0xfe,0xff,0xff,0x89,
    0xd9,0x81,0xe1,0x08,0x00,0x02,0x00,0xb8,0x01,0x00,0x00,0x00,0x81,0xf9,0x00,0x00,
    0x02,0x00,0x0f,0x84,0xec,0xfd,0xff,0xff,0xe9,0xf5,0xfd,0xff,0xff,0x85,0xc0,0x0f,
    0x88,0x3e,0xfc,0xff,0xff,0x44,0x01,0xe0,0xe9,0xe0,0x06,0x00,0x00,0xba,0x01,0x00,
    0x00,0x00,0xe9,0x91,0xfa,0xff,0xff,0x83,0xe5,0x01,0x4c,0x89,0xf7,0xe8,0xae,0x8f,
    0x30,0xff,0x41,0x89,0x44,0x24,0x0c,0x85,0xed,0x0f,0x84,0xf1,0xfd,0xff,0xff,0x4d,
    0x8d,0x44,0x24,0x0c,0x4c,0x89,0xe7,0xbe,0x06,0x00,0x00,0x00,0xba,0x24,0x00,0x00,
    0x00,0xb9,0x04,0x00,0x00,0x00,0xe8,0xc5,0x3b,0x1a,0x00,0xe9,0xd0,0xfd,0xff,0xff,
    0x48,0x8d,0x3d,0xc9,0xd5,0x16,0x02,0x48,0x8b,0x44,0x24,0x28,0x8b,0x30,0x8b,0x53,
    0x28,0x41,0x8b,0x8e,0xe8,0x06,0x00,0x00,0x44,0x8b,0x44,0x24,0x08,0xe8,0x0e,0xd4,
    0x3c,0x00,0x8b,0x44,0x24,0x40,0x83,0xf8,0x01,0x83,0xd0,0x00,0x39,0x04,0x24,0x7c,
    0x0e,0x49,0x83,0xbe,0xd0,0x00,0x00,0x00,0x00,0x0f,0x84,0x83,0xfc,0xff,0xff,0x83,
    0x3c,0x24,0x00,0x0f,0x85,0xba,0x0a,0x00,0x00,0x49,0xf7,0x46,0x60,0x02,0x00,0x00,
    0x00,0x0f,0x85,0x3c,0x07,0x00,0x00,0x41,0x83,0xbe,0x1c,0x01,0x00,0x00,0x00,0x0f,
    0x85,0x1b,0x07,0x00,0x00,0x41,0xf6,0x86,0x57,0x02,0x00,0x00,0x01,0x0f,0x85,0x20,
    0x07,0x00,0x00,0x41,0x8a,0x4e,0x12,0x80,0xf9,0x07,0x0f,0x84,0x1f,0x07,0x00,0x00,
    0x48,0x8b,0x4c,0x24,0x68,0x48,0x85,0xc9,0x0f,0x84,0xe6,0x06,0x00,0x00,0x65,0x48,
    0x8b,0x15,0x22,0xa6,0x98,0x02,0x48,0xf7,0x02,0x04,0x00,0x00,0x00,0x0f,0x85,0x08,
    0x07,0x00,0x00,0x48,0xf7,0x02,0x02,0x00,0x00,0x00,0x0f,0x85,0xfb,0x06,0x00,0x00,
    0x39,0x04,0x24,0x0f,0x8d,0x13,0x0b,0x00,0x00,0x4c,0x89,0xf7,0x8b,0x34,0x24,0xe8,
    0xdc,0x3b,0x31,0x00,0x48,0x8d,0x74,0x24,0x68,0x4c,0x89,0xf7,0x48,0x89,0xda,0xe8,
    0x1c,0x84,0x2e,0xff,0x85,0xc0,0x0f,0x88,0xeb,0x06,0x00,0x00,0x80,0x7c,0x24,0x1c,
    0x00,0x0f,0x85,0xd2,0xfb,0xff,0xff,0x8b,0x44,0x24,0x44,0x48,0x8b,0x8c,0x24,0x80,
    0x00,0x00,0x00,0x48,0x8b,0x94,0x24,0x88,0x00,0x00,0x00,0x01,0xd1,0x03,0x0c,0x24,
    0x29,0xc8,0x48,0x8b,0x4c,0x24,0x58,0x3b,0x01,0x0f,0x84,0xaa,0xfb,0xff,0xff,0x66,
    0x90,0xeb,0x31,0xe8,0x28,0x4b,0x2f,0xff,0x85,0xc0,0x74,0x28,0x65,0x48,0x8b,0x15,
    0x94,0xa5,0x98,0x02,0x8b,0x8a,0x50,0x07,0x00,0x00,0x48,0x81,0xc2,0x58,0x09,0x00,
    0x00,0x48,0xc7,0xc7,0x00,0x0c,0x0a,0x84,0x48,0xc7,0xc6,0xbe,0x05,0x98,0x82,0xe8,
    0x0c,0x77,0x2e,0xff,0x48,0x8b,0x44,0x24,0x58,0x8b,0x00,0x03,0x84,0x24,0x80,0x00,
    0x00,0x00,0x89,0x44,0x24,0x44,0xe9,0x5e,0xfb,0xff,0xff,0x41,0x8b,0x86,0x10,0x09,
    0x00,0x00,0x48,0x8b,0x4c,0x24,0x28,0x3b,0x01,0x0f,0x85,0xb0,0xf9,0xff,0xff,0x83,
    0x3c,0x24,0x00,0x0f,0x85,0x49,0xfb,0xff,0xff,0x65,0x48,0x8b,0x05,0x37,0xa5,0x98,
    0x02,0x48,0xf7,0x00,0x04,0x00,0x00,0x00,0x75,0x0d,0x48,0xf7,0x00,0x02,0x00,0x00,
    0x00,0x0f,0x84,0x88,0xf9,0xff,0xff,0x48,0x8b,0x44,0x24,0x68,0x48,0x85,0xc0,0x0f,
    0x84,0xcf,0x05,0x00,0x00,0x48,0xb9,0xff,0xff,0xff,0xff,0xff,0xff,0xff,0x7f,0x48,
    0x39,0xc8,0xe9,0x01,0x06,0x00,0x00,0x80,0x3d,0x0d,0xf4,0x09,0x02,0x00,0x0f,0x84,
    0xb5,0x09,0x00,0x00,0x41,0xff,0xcd,0xe9,0x9d,0xf9,0xff,0xff,0x41,0x8b,0x86,0x10,
    0x09,0x00,0x00,0x48,0x8b,0x4c,0x24,0x28,0x8b,0x11,0x89,0xc1,0x29,0xd1,0x49,0x39,
    0xcc,0x0f,0x86,0xa5,0xf9,0xff,0xff,0x39,0xd0,0x0f,0x85,0xf1,0x05,0x00,0x00,0x49,
    0xf7,0x46,0x60,0x04,0x00,0x00,0x00,0x0f,0x85,0x8f,0xf9,0xff,0xff,0x8d,0x48,0x01,
    0x48,0x8b,0x54,0x24,0x28,0x89,0x0a,0x48,0x8b,0x8c,0x24,0x88,0x00,0x00,0x00,0xff,
    0xc1,0x48,0x89,0x8c,0x24,0x88,0x00,0x00,0x00,0x41,0xff,0xc5,0x49,0xff,0xcc,0x0f,
    0x85,0x67,0xf9,0xff,0xff,0x45,0x31,0xe4,0xe9,0x8a,0x04,0x00,0x00,0x0f,0xba,0x64,
    0x24,0x08,0x19,0x0f,0x83,0x4c,0x04,0x00,0x00,0x31,0xc0,0x48,0x8d,0x8c,0x24,0x98,
    0x00,0x00,0x00,0x48,0x89,0x41,0x10,0x48,0x89,0x41,0x08,0x48,0xc7,0x44,0x24,0x38,
    0x00,0x00,0x00,0x00,0x48,0x89,0x01,0x48,0x8d,0x84,0x24,0xd8,0x00,0x00,0x00,0x66,
    0xc7,0x00,0x00,0x00,0x44,0x89,0x6c,0x24,0x10,0x48,0x89,0x5c,0x24,0x20,0xc7,0x44,
    0x24,0x0c,0xed,0xff,0xff,0xff,0x48,0x8b,0x44,0x24,0x20,0xf6,0x80,0x84,0x00,0x00,
    0x00,0x01,0x0f,0x84,0x05,0x07,0x00,0x00,0x48,0x8b,0x44,0x24,0x20,0x8b,0x68,0x70,
    0x2b,0x68,0x74,0x89,0x6c,0x24,0x14,0x2b,0x6c,0x24,0x10,0x85,0xed,0x0f,0x8e,0x9a,
    0x00,0x00,0x00,0x44,0x39,0xe5,0x41,0x0f,0x4d,0xec,0x45,0x85,0xe4,0x0f,0x88,0x06,
    0x09,0x00,0x00,0x89,0xee,0x8b,0x7c,0x24,0x10,0x48,0x8b,0x44,0x24,0x20,0x48,0x03,
    0xb8,0xd0,0x00,0x00,0x00,0x48,0x8b,0x94,0x24,0xb8,0x00,0x00,0x00,0xe8,0x2e,0x10,
    0x00,0x00,0x39,0xc5,0x0f,0x85,0x14,0x07,0x00,0x00,0x31,0xc0,0x48,0x89,0x84,0x24,
    0xa0,0x00,0x00,0x00,0x48,0x89,0x84,0x24,0xa8,0x00,0x00,0x00,0x48,0x89,0x84,0x24,
    0x98,0x00,0x00,0x00,0x89,0xac,0x24,0xa0,0x00,0x00,0x00,0x48,0x8b,0x7c,0x24,0x60,
    0xbe,0x01,0x00,0x00,0x00,0xba,0x4e,0x00,0x00,0x00,0xb9,0x18,0x00,0x00,0x00,0x4c,
    0x8d,0x84,0x24,0x98,0x00,0x00,0x00,0xe8,0x14,0x5e,0x2e,0xff,0x85,0xc0,0x0f,0x85,
    0xbd,0x07,0x00,0x00,0x48,0x8b,0x44,0x24,0x38,0x01,0xe8,0x48,0x89,0x44,0x24,0x38,
    0x41,0x29,0xec,0x0f,0x84,0x4c,0x06,0x00,0x00,0x01,0x6c,0x24,0x10,0x48,0x8b,0x4c,
    0x24,0x20,0x48,0x8b,0x81,0xc8,0x00,0x00,0x00,0x8b,0x89,0xc0,0x00,0x00,0x00,0x80,
    0x7c,0x08,0x02,0x00,0x75,0x60,0x8b,0x44,0x24,0x14,0x89,0x44,0x24,0x34,0x4c,0x89,
    0xf7,0x48,0x8d,0xb4,0x24,0xd8,0x00,0x00,0x00,0xe8,0xf2,0xac,0x30,0xff,0x45,0x85,
    0xe4,0x0f,0x84,0x0e,0x06,0x00,0x00,0x48,0x8b,0x4c,0x24,0x20,0x48,0x8b,0x81,0xc8,
    0x00,0x00,0x00,0x8b,0x89,0xc0,0x00,0x00,0x00,0x48,0x8b,0x44,0x08,0x08,0x48,0x85,
    0xc0,0x75,0x08,0x48,0x8b,0x44,0x24,0x20,0x48,0x8b,0x00,0x8b,0x4c,0x24,0x34,0x29,
    0x4c,0x24,0x10,0x48,0x89,0x44,0x24,0x20,0x48,0x85,0xc0,0x0f,0x85,0xbd,0xfe,0xff,
    0xff,0xe9,0x38,0x06,0x00,0x00,0x48,0x89,0xca,0x48,0x01,0xc2,0x49,0x8d,0xb6,0x18,
    0x03,0x00,0x00,0x48,0x89,0x74,0x24,0x70,0x48,0xc7,0x44,0x24,0x50,0x00,0x00,0x00,
    0x00,0x48,0xc7,0x44,0x24,0x78,0x00,0x00,0x00,0x00,0x48,0x8b,0x74,0x24,0x50,0x48,
    0xc1,0xe6,0x04,0x48,0x8b,0x6c,0x32,0x30,0x40,0xf6,0xc5,0x01,0x0f,0x84,0xf6,0x03,
    0x00,0x00,0x48,0x83,0xe5,0xfe,0x0f,0x84,0xec,0x03,0x00,0x00,0x83,0x7d,0x30,0x00,
    0x0f,0x85,0x87,0x05,0x00,0x00,0x48,0x01,0xf2,0x48,0x83,0xc2,0x30,0x48,0x89,0x94,
    0x24,0xb0,0x00,0x00,0x00,0x8b,0x52,0x08,0x03,0x54,0x24,0x14,0x89,0x54,0x24,0x34,
    0x2b,0x54,0x24,0x10,0x85,0xd2,0x0f,0x8e,0x16,0x01,0x00,0x00,0x89,0xd6,0x89,0xd7,
    0x44,0x39,0xe6,0x41,0x0f,0x4d,0xfc,0x48,0x8b,0x45,0x38,0x48,0x89,0xe9,0x48,0x2b,
    0x08,0x48,0xc1,0xe1,0x06,0x48,0xba,0x00,0xf0,0xff,0xff,0xff,0x0f,0x00,0x00,0x48,
    0x21,0xd1,0x8b,0x54,0x24,0x10,0x8b,0x74,0x24,0x14,0x48,0x29,0xf2,0x48,0x03,0x50,
    0x10,0x48,0x8b,0x84,0x24,0xb0,0x00,0x00,0x00,0x8b,0x40,0x0c,0x48,0x01,0xc2,0x48,
    0x01,0xca,0x48,0x89,0x94,0x24,0x98,0x00,0x00,0x00,0x89,0x7c,0x24,0x14,0x89,0xbc,
    0x24,0xa0,0x00,0x00,0x00,0x8a,0x84,0x24,0xd9,0x00,0x00,0x00,0x3a,0x84,0x24,0xd8,
    0x00,0x00,0x00,0x0f,0x83,0xe3,0x00,0x00,0x00,0x0f,0xb6,0xc0,0x8b,0x84,0x84,0xdc,
    0x00,0x00,0x00,0x89,0x84,0x24,0xa4,0x00,0x00,0x00,0x48,0x8b,0x45,0x38,0x48,0x8b,
    0x40,0x18,0x8b,0x40,0x78,0x89,0x84,0x24,0xa8,0x00,0x00,0x00,0x48,0x8b,0x7c,0x24,
    0x60,0xbe,0x01,0x00,0x00,0x00,0xba,0x4f,0x00,0x00,0x00,0xb9,0x18,0x00,0x00,0x00,
    0x4c,0x8d,0x84,0x24,0x98,0x00,0x00,0x00,0xe8,0x53,0x5c,0x2e,0xff,0x85,0xc0,0x0f,
    0x85,0xfc,0x05,0x00,0x00,0xf0,0x48,0xff,0x45,0x28,0x0f,0xb6,0x84,0x24,0xd9,0x00,
    0x00,0x00,0x8d,0x48,0x01,0x48,0x8b,0x54,0x24,0x38,0x8b,0x74,0x24,0x14,0x01,0xf2,
    0x48,0x89,0x54,0x24,0x38,0x48,0x8b,0x94,0x24,0xb0,0x00,0x00,0x00,0x48,0x8b,0x12,
    0x88,0x8c,0x24,0xd9,0x00,0x00,0x00,0x48,0x89,0x94,0xc4,0x20,0x01,0x00,0x00,0x41,
    0x29,0xf4,0x0f,0x84,0x5d,0x04,0x00,0x00,0x8b,0x44,0x24,0x14,0x01,0x44,0x24,0x10,
    0x48,0x8b,0x4c,0x24,0x20,0x48,0x8b,0x81,0xc8,0x00,0x00,0x00,0x8b,0x89,0xc0,0x00,
    0x00,0x00,0x4c,0x8b,0x44,0x24,0x50,0x49,0xff,0xc0,0x89,0xce,0x48,0x8d,0x14,0x30,
    0x0f,0xb6,0x74,0x30,0x02,0x48,0x8b,0x7c,0x24,0x78,0xff,0xcf,0x48,0x89,0x7c,0x24,
    0x78,0x8b,0x7c,0x24,0x34,0x89,0x7c,0x24,0x14,0x4c,0x89,0x44,0x24,0x50,0x49,0x39,
    0xf0,0x0f,0x82,0x63,0xfe,0xff,0xff,0xe9,0xe2,0xfd,0xff,0xff,0x48,0x8b,0x4c,0x24,
    0x20,0x48,0x8b,0x81,0xc8,0x00,0x00,0x00,0x8b,0x89,0xc0,0x00,0x00,0x00,0x0f,0xb6,
    0x44,0x08,0x02,0x48,0x89,0x44,0x24,0x48,0x48,0x8b,0x7c,0x24,0x70,0xe8,0x0e,0xb9,
    0x3c,0x00,0x4c,0x89,0xf7,0x48,0x8d,0xb4,0x24,0xd8,0x00,0x00,0x00,0xe8,0x7e,0xab,
    0x30,0xff,0x48,0x8b,0x44,0x24,0x48,0x48,0x89,0xc2,0x89,0xc0,0x48,0x39,0x44,0x24,
    0x50,0x75,0x47,0xc7,0x44,0x24,0x18,0x00,0x00,0x00,0x00,0xc7,0x44,0x24,0x30,0x00,
    0x00,0x00,0x00,0x48,0x8b,0x7c,0x24,0x70,0xe8,0x73,0xb9,0x3c,0x00,0x8b,0x4c,0x24,
    0x18,0x88,0x8c,0x24,0xd8,0x00,0x00,0x00,0xc6,0x84,0x24,0xd9,0x00,0x00,0x00,0x00,
    0x31,0xc0,0x85,0xc9,0x0f,0x85,0x9f,0xfe,0xff,0xff,0x83,0x7c,0x24,0x30,0x00,0x0f,
    0x84,0x94,0xfe,0xff,0xff,0xe9,0xd3,0x04,0x00,0x00,0x48,0x8b,0x4c,0x24,0x78,0x8d,
    0x04,0x11,0x83,0xf8,0x01,0x11,0xca,0x48,0x89,0x54,0x24,0x48,0xc7,0x44,0x24,0x18,
    0x00,0x00,0x00,0x00,0x48,0x63,0x44,0x24,0x18,0x48,0x8d,0x8c,0x24,0xd8,0x00,0x00,
    0x00,0x48,0x8d,0x34,0x81,0x48,0x83,0xc6,0x04,0xba,0x06,0x04,0x00,0x00,0xb9,0xff,
    0xff,0xff,0x7f,0x48,0x8b,0x7c,0x24,0x70,0x41,0xb8,0xc0,0x0c,0x00,0x00,0xe8,0xdd,
    0x93,0x0f,0x00,0x89,0x44,0x24,0x30,0x85,0xc0,0x0f,0x85,0x74,0xff,0xff,0xff,0x8b,
    0x44,0x24,0x18,0xff,0xc0,0x89,0x44,0x24,0x18,0x39,0x44,0x24,0x48,0x75,0xb5,0xc7,
    0x44,0x24,0x30,0x00,0x00,0x00,0x00,0x48,0x8b,0x44,0x24,0x48,0x89,0x44,0x24,0x18,
    0xe9,0x4e,0xff,0xff,0xff,0x8b,0x0c,0x24,0x85,0xc9,0xb8,0xf2,0xff,0xff,0xff,0x0f,
    0x44,0xc8,0x89,0x0c,0x24,0xe9,0x28,0xf6,0xff,0xff,0x44,0x29,0xe0,0x31,0xc9,0x85,
    0xc0,0x0f,0x4f,0xc8,0x41,0x89,0x8e,0x8c,0x00,0x00,0x00,0xe9,0x43,0xf5,0xff,0xff,
    0x41,0x8b,0x86,0x10,0x09,0x00,0x00,0x48,0x8b,0x4c,0x24,0x58,0x3b,0x01,0x0f,0x89,
    0x53,0xf5,0xff,0xff,0x66,0x41,0xc7,0x86,0xf6,0x05,0x00,0x00,0x00,0x00,0x49,0x83,
    0xbe,0x18,0x06,0x00,0x00,0x00,0x0f,0x85,0x3b,0xf5,0xff,0xff,0x41,0x83,0xbe,0x18,
    0x07,0x00,0x00,0x00,0x0f,0x84,0x2d,0xf5,0xff,0xff,0x41,0x8b,0x86,0xc0,0x00,0x00,
    0x00,0x41,0x3b,0x86,0xf4,0x00,0x00,0x00,0x0f,0x8d,0x19,0xf5,0xff,0xff,0x41,0x8b,
    0x86,0xc4,0x05,0x00,0x00,0x41,0x8a,0x8e,0x35,0x07,0x00,0x00,0x80,0xe1,0x0f,0xd3,
    0xe8,0x41,0x80,0xbe,0x34,0x09,0x00,0x00,0x00,0x0f,0x85,0xf8,0xf4,0xff,0xff,0x41,
    0x8a,0x96,0xd0,0x06,0x00,0x00,0x80,0xe2,0x11,0x31,0xc9,0x80,0xfa,0x10,0x75,0x16,
    0x41,0x8b,0x8e,0x44,0x06,0x00,0x00,0xc1,0xe1,0x16,0x81,0xc1,0x00,0x00,0x40,0x01,
    0x81,0xe1,0x00,0x00,0xc0,0x01,0x41,0x8b,0x96,0xdc,0x05,0x00,0x00,0xc1,0xe2,0x1a,
    0x09,0xca,0x09,0xd0,0x0d,0x00,0x00,0x10,0x00,0x0f,0xc8,0x41,0x89,0x86,0xd4,0x06,
    0x00,0x00,0xe9,0xb0,0xf4,0xff,0xff,0x48,0x89,0xdf,0xe8,0x81,0x06,0x02,0x00,0xe9,
    0x45,0xf5,0xff,0xff,0xc7,0x04,0x24,0xf5,0xff,0xff,0xff,0xe9,0x42,0xf5,0xff,0xff,
    0x31,0xc0,0x41,0x87,0x86,0x1c,0x01,0x00,0x00,0xf7,0xd8,0x89,0x04,0x24,0xe9,0x2f,
    0xf5,0xff,0xff,0xc7,0x04,0x24,0x00,0x00,0x00,0x00,0xe9,0x23,0xf5,0xff,0xff,0xc7,
    0x04,0x24,0x95,0xff,0xff,0xff,0xe9,0x17,0xf5,0xff,0xff,0x48,0xb8,0xff,0xff,0xff,
    0xff,0xff,0xff,0xff,0x7f,0x48,0x39,0xc1,0xb8,0x00,0xfe,0xff,0xff,0xb9,0xfc,0xff,
    0xff,0xff,0xe9,0xc8,0xfe,0xff,0xff,0x44,0x8b,0x3c,0x24,0x45,0x85,0xff,0x44,0x0f,
    0x44,0xf8,0x4c,0x8b,0x64,0x24,0x60,0x8b,0x6c,0x24,0x04,0xe9,0x58,0xf5,0xff,0xff,
    0x49,0x89,0xcc,0xe9,0xa4,0xf3,0xff,0xff,0xe8,0x53,0x44,0x2f,0xff,0x85,0xc0,0x0f,
    0x84,0x98,0x01,0x00,0x00,0x48,0xc7,0xc7,0x82,0x5d,0x9b,0x82,0xe8,0xcf,0x91,0x24,
    0xff,0xe9,0x87,0x01,0x00,0x00,0x65,0x48,0x8b,0x05,0xaa,0x9e,0x98,0x02,0x48,0xf7,
    0x00,0x04,0x00,0x00,0x00,0x0f,0x85,0x12,0xf2,0xff,0xff,0x48,0xf7,0x00,0x02,0x00,
    0x00,0x00,0x0f,0x85,0x05,0xf2,0xff,0xff,0x49,0x8d,0x86,0xa8,0x00,0x00,0x00,0x49,
    0x8b,0x8e,0xa8,0x00,0x00,0x00,0x48,0x39,0xc1,0x0f,0x85,0xee,0xf1,0xff,0xff,0x41,
    0x8a,0x46,0x12,0x3c,0x01,0x0f,0x85,0xe2,0xf1,0xff,0xff,0x41,0x8b,0xbe,0xec,0x00,
    0x00,0x00,0x81,0xff,0x01,0x02,0x00,0x00,0x0f,0x82,0xcf,0xf1,0xff,0xff,0x31,0xf6,
    0xf6,0x44,0x24,0x08,0x40,0x48,0xc7,0xc0,0xb0,0xa5,0xdd,0x81,0x48,0x0f,0x44,0xf0,
    0x31,0xc9,0x41,0x80,0xbe,0xf2,0x00,0x00,0x00,0x00,0x0f,0x95,0xc1,0x41,0x0f,0xb7,
    0x86,0xf0,0x00,0x00,0x00,0x66,0x85,0xc0,0xba,0x08,0x00,0x00,0x00,0x0f,0x45,0xd0,
    0x44,0x0f,0xb7,0xc2,0x4c,0x89,0xf2,0xe8,0xc4,0x86,0x24,0xff,0xe9,0x8c,0xf1,0xff,
    0xff,0x49,0xf7,0x46,0x60,0x04,0x00,0x00,0x00,0x75,0x13,0x41,0x0f,0xb7,0x86,0xf6,
    0x05,0x00,0x00,0xa9,0xff,0xfb,0x00,0x00,0x0f,0x85,0x73,0x01,0x00,0x00,0x8b,0x6c,
    0x24,0x04,0x41,0xbf,0xea,0xff,0xff,0xff,0xe9,0x6b,0xf4,0xff,0xff,0xf6,0x44,0x24,
    0x08,0x02,0x0f,0x85,0x01,0x03,0x00,0x00,0x8b,0x6c,0x24,0x04,0x41,0xbf,0xff,0xff,
    0xff,0xff,0xe9,0x51,0xf4,0xff,0xff,0x44,0x89,0x7c,0x24,0x40,0xe9,0xde,0xf1,0xff,
    0xff,0xe8,0x3a,0xfe,0xfa,0xff,0x48,0x89,0xc1,0x49,0x8b,0x46,0x60,0x0f,0xba,0xe0,
    0x0c,0x0f,0x82,0xc2,0x00,0x00,0x00,0x48,0xbe,0xcf,0xf7,0x53,0xe3,0xa5,0x9b,0xc4,
    0x20,0x48,0x89,0xd0,0x48,0xf7,0xee,0x48,0x89,0xd0,0x48,0xc1,0xe8,0x3f,0x48,0xc1,
    0xfa,0x07,0x48,0x01,0xc2,0x4c,0x8d,0x84,0x24,0xd8,0x00,0x00,0x00,0x41,0x0f,0xba,
    0xe7,0x1a,0x0f,0x82,0xc0,0x00,0x00,0x00,0x49,0x89,0x08,0x49,0x89,0x50,0x08,0x4c,
    0x89,0xe7,0xbe,0x01,0x00,0x00,0x00,0xba,0x1d,0x00,0x00,0x00,0xe9,0xd1,0x00,0x00,
    0x00,0x89,0xda,0xc0,0xea,0x06,0x81,0xe3,0x04,0x00,0x02,0x00,0x81,0xfb,0x00,0x00,
    0x02,0x00,0x40,0x0f,0x95,0xc6,0xb9,0x01,0x00,0x00,0x00,0x40,0x84,0xf2,0x0f,0x85,
    0x42,0xf4,0xff,0xff,0x48,0xc7,0x84,0x24,0xd0,0x00,0x00,0x00,0x00,0x00,0x00,0x00,
    0xe9,0x2f,0xf4,0xff,0xff,0xc7,0x44,0x24,0x0c,0x00,0x00,0x00,0x00,0x48,0x8d,0xb4,
    0x24,0xd8,0x00,0x00,0x00,0x4c,0x89,0xf7,0xe8,0xc3,0xa6,0x30,0xff,0x48,0x8b,0x44,
    0x24,0x38,0x85,0xc0,0x8b,0x54,0x24,0x0c,0x0f,0x45,0xd0,0x89,0xd1,0x85,0xd2,0x78,
    0x08,0x41,0x89,0xcc,0xe9,0x12,0xf2,0xff,0xff,0x8b,0x04,0x24,0x85,0xc0,0x0f,0x44,
    0xc1,0x89,0x04,0x24,0xe9,0xf9,0xf2,0xff,0xff,0x4c,0x8d,0x84,0x24,0xd8,0x00,0x00,
    0x00,0x41,0x0f,0xba,0xe7,0x1a,0x72,0x36,0x49,0x89,0x08,0x49,0x89,0x50,0x08,0x4c,
    0x89,0xe7,0xbe,0x01,0x00,0x00,0x00,0xba,0x23,0x00,0x00,0x00,0xeb,0x34,0xc7,0x44,
    0x24,0x0c,0xf2,0xff,0xff,0xff,0xeb,0x95,0x49,0x89,0x08,0x49,0x89,0x50,0x08,0x4c,
    0x89,0xe7,0xbe,0x01,0x00,0x00,0x00,0xba,0x3f,0x00,0x00,0x00,0xeb,0x14,0x49,0x89,
    0x08,0x49,0x89,0x50,0x08,0x4c,0x89,0xe7,0xbe,0x01,0x00,0x00,0x00,0xba,0x40,0x00,
    0x00,0x00,0xb9,0x10,0x00,0x00,0x00,0xe8,0x94,0x31,0x1a,0x00,0xe9,0x5a,0xf3,0xff,
    0xff,0x41,0x8a,0x4e,0x12,0x80,0xf9,0x07,0x75,0x15,0x49,0xf7,0x46,0x60,0x02,0x00,
    0x00,0x00,0x75,0x0b,0x41,0xbf,0x95,0xff,0xff,0xff,0xe9,0x88,0xfd,0xff,0xff,0x0f,
    0xba,0xe0,0x08,0x72,0x18,0x41,0x8a,0x46,0x12,0x3c,0x07,0x0f,0x85,0x89,0x00,0x00,
    0x00,0x8b,0x6c,0x24,0x04,0x45,0x31,0xff,0xe9,0xcb,0xf2,0xff,0xff,0x88,0x84,0x24,
    0xd8,0x00,0x00,0x00,0xf6,0x44,0x24,0x08,0x02,0x75,0x0a,0x66,0x41,0xc7,0x86,0xf6,
    0x05,0x00,0x00,0x00,0x04,0x41,0x8b,0x44,0x24,0x44,0x89,0xc1,0x83,0xc9,0x01,0x41,
    0x89,0x4c,0x24,0x44,0x45,0x85,0xff,0x0f,0x8e,0xc2,0x00,0x00,0x00,0x41,0xbf,0x01,
    0x00,0x00,0x00,0xf6,0x44,0x24,0x08,0x20,0x0f,0x85,0xb9,0x00,0x00,0x00,0x49,0x8d,
    0x54,0x24,0x10,0x48,0x8d,0xbc,0x24,0xd8,0x00,0x00,0x00,0xbe,0x01,0x00,0x00,0x00,
    0xe8,0x3b,0x08,0x00,0x00,0x48,0x83,0xf8,0x01,0xb8,0x01,0x00,0x00,0x00,0x41,0xbf,
    0xf2,0xff,0xff,0xff,0x44,0x0f,0x44,0xf8,0xe9,0x8a,0x00,0x00,0x00,0x8b,0x44,0x24,
    0x30,0x89,0x44,0x24,0x0c,0xe9,0xa3,0xfe,0xff,0xff,0x31,0xc0,0x41,0xf6,0x86,0x57,
    0x02,0x00,0x00,0x01,0x41,0xbf,0xf5,0xff,0xff,0xff,0x44,0x0f,0x45,0xf8,0xe9,0xd4,
    0xfc,0xff,0xff,0x48,0x83,0x7c,0x24,0x68,0x00,0x0f,0x84,0xb3,0xf1,0xff,0xff,0x41,
    0x83,0xbe,0x1c,0x01,0x00,0x00,0x00,0x0f,0x85,0xa5,0xf1,0xff,0xff,0x41,0x8a,0x4e,
    0x12,0x80,0xf9,0x07,0x0f,0x84,0x98,0xf1,0xff,0xff,0x41,0xf6,0x86,0x57,0x02,0x00,
    0x00,0x01,0x0f,0x85,0x8a,0xf1,0xff,0xff,0x65,0x48,0x8b,0x0d,0x78,0x9b,0x98,0x02,
    0x48,0xf7,0x01,0x04,0x00,0x00,0x00,0x0f,0x85,0x75,0xf1,0xff,0xff,0x48,0xf7,0x01,
    0x02,0x00,0x00,0x00,0x0f,0x85,0x68,0xf1,0xff,0xff,0xe9,0x51,0xf5,0xff,0xff,0x83,
    0xc8,0x21,0x41,0x89,0x44,0x24,0x44,0xe9,0x6b,0xfc,0xff,0xff,0x48,0x89,0xdf,0xe8,
    0x7c,0x02,0x02,0x00,0xe9,0x49,0xf1,0xff,0xff,0xc6,0x05,0x4b,0xea,0x09,0x02,0x01,
    0x48,0xc7,0xc7,0x83,0x92,0x84,0x82,0x48,0xc7,0xc6,0x5d,0x2b,0x91,0x82,0xe8,0x3d,
    0x8e,0x24,0xff,0xe9,0x2c,0xf6,0xff,0xff,0x80,0x7c,0x24,0x1c,0x00,0x0f,0x85,0x8a,
    0x00,0x00,0x00,0x48,0x8b,0x03,0x48,0x3b,0x84,0x24,0x90,0x00,0x00,0x00,0x0f,0x85,
    0x96,0xef,0xff,0xff,0xe9,0x69,0xf4,0xff,0xff,0x0f,0x0b,0x31,0xc0,0xe9,0x10,0xf7,
    0xff,0xff,0xe8,0xe9,0x35,0x1a,0x00,0xe9,0xbb,0xf3,0xff,0xff,0x4c,0x89,0xf7,0xe8,
    0x9c,0x68,0x11,0x00,0xe9,0x03,0xf5,0xff,0xff,0x41,0x0f,0xb6,0x86,0xc3,0x07,0x00,
    0x00,0x85,0xc0,0x0f,0x84,0xd5,0xfc,0xff,0xff,0x83,0xf8,0x02,0x74,0x66,0x49,0x8d,
    0x8e,0xe0,0x05,0x00,0x00,0x41,0x8b,0xb6,0x8c,0x00,0x00,0x00,0x31,0xc0,0x85,0xf6,
    0xc7,0x44,0x24,0x1c,0x00,0x00,0x00,0x00,0x0f,0x4e,0xf0,0x41,0x8b,0x86,0xe0,0x05,
    0x00,0x00,0x48,0x89,0xb4,0x24,0x80,0x00,0x00,0x00,0x01,0xf0,0x48,0x8d,0x54,0x24,
    0x44,0x48,0x89,0x54,0x24,0x28,0x89,0x02,0xe9,0x7d,0xee,0xff,0xff,0x48,0x8d,0x3d,
    0xbc,0xc9,0x16,0x02,0x48,0x8b,0x44,0x24,0x28,0x8b,0x30,0x8b,0x53,0x28,0x41,0x8b,
    0x8e,0xe8,0x06,0x00,0x00,0x44,0x8b,0x44,0x24,0x08,0xe8,0xe1,0xc7,0x3c,0x00,0xe9,
    0x4f,0xff,0xff,0xff,0x4c,0x89,0xf7,0x4c,0x89,0xe6,0xe8,0x61,0x2c,0xeb,0xff,0x41,
    0x89,0xc7,0xe9,0x70,0xfb,0xff,0xff,
};
static const unsigned char ap_copy_image_tcp_recvmsg_locked[]={
    0x0f,0x1f,0x44,0x00,0x00,0x55,0x41,0x57,0x41,0x56,0x41,0x55,0x41,0x54,0x53,0x48,
    0x83,0xec,0x40,0x4c,0x89,0x44,0x24,0x20,0x48,0x89,0x4c,0x24,0x38,0x48,0x89,0x74,
    0x24,0x28,0x0f,0xb6,0x47,0x12,0x3c,0x0a,0x0f,0x84,0xb9,0x03,0x00,0x00,0x48,0x89,
    0xfb,0x0f,0xb6,0x87,0xdf,0x05,0x00,0x00,0xa8,0x10,0x0f,0x85,0xb1,0x03,0x00,0x00,
    0x48,0xc7,0x44,0x24,0x08,0x00,0x00,0x00,0x00,0xa8,0x01,0x0f,0x85,0x94,0x06,0x00,
    0x00,0x8b,0x83,0x18,0x01,0x00,0x00,0x89,0x44,0x24,0x1c,0x48,0x8d,0x83,0xa8,0x00,
    0x00,0x00,0x48,0x89,0x44,0x24,0x10,0x48,0x83,0x44,0x24,0x28,0x10,0xbd,0xff,0xff,
    0xff,0xff,0x48,0xc7,0x04,0x24,0x00,0x00,0x00,0x00,0x48,0x89,0x54,0x24,0x30,0x49,
    0x89,0xd7,0x66,0x66,0x66,0x66,0x66,0x2e,0x0f,0x1f,0x84,0x00,0x00,0x00,0x00,0x00,
    0x66,0x83,0xbb,0xf6,0x05,0x00,0x00,0x00,0x0f,0x85,0x7a,0x04,0x00,0x00,0x48,0x8b,
    0x83,0xa8,0x00,0x00,0x00,0x48,0x8b,0x8b,0xb0,0x00,0x00,0x00,0x48,0x8b,0x54,0x24,
    0x10,0x48,0x39,0xd1,0x41,0xbc,0x00,0x00,0x00,0x00,0x4c,0x0f,0x45,0xe1,0x48,0x39,
    0xd0,0x0f,0x84,0x76,0x03,0x00,0x00,0x49,0x89,0xc4,0x44,0x8b,0xb3,0xe0,0x05,0x00,
    0x00,0x44,0x2b,0x70,0x28,0x0f,0x88,0x3f,0x03,0x00,0x00,0x41,0xf6,0x44,0x24,0x34,
    0x02,0x0f,0x85,0x8b,0x04,0x00,0x00,0x45,0x8b,0x6c,0x24,0x70,0x45,0x29,0xf5,0x0f,
    0x86,0x7b,0x02,0x00,0x00,0x4d,0x39,0xef,0x4d,0x0f,0x42,0xef,0x66,0x83,0xbb,0xf6,
    0x05,0x00,0x00,0x00,0x0f,0x85,0x7d,0x04,0x00,0x00,0x41,0x8b,0x84,0x24,0x81,0x00,
    0x00,0x00,0x83,0xfd,0xff,0x0f,0x85,0x37,0x02,0x00,0x00,0xa9,0x00,0x00,0x00,0x01,
    0x0f,0x85,0xe1,0x02,0x00,0x00,0x4c,0x89,0xe7,0x44,0x89,0xf6,0x48,0x8b,0x54,0x24,
    0x28,0x44,0x89,0xe9,0xe8,0xb7,0xa4,0xf4,0xff,0x85,0xc0,0x0f,0x85,0xc6,0x02,0x00,
    0x00,0x41,0x8b,0xac,0x24,0x81,0x00,0x00,0x00,0x44,0x01,0xab,0xe0,0x05,0x00,0x00,
    0x8b,0x83,0x8c,0x00,0x00,0x00,0x85,0xc0,0x0f,0x89,0x72,0x04,0x00,0x00,0xc1,0xed,
    0x18,0x83,0xe5,0x01,0x48,0x8b,0x04,0x24,0x44,0x01,0xe8,0x48,0x89,0x04,0x24,0x4d,
    0x29,0xef,0x48,0x89,0xdf,0xe8,0x16,0xa6,0xf4,0xff,0x66,0x83,0xbb,0xf6,0x05,0x00,
    0x00,0x00,0x0f,0x85,0x5d,0x04,0x00,0x00,0x41,0xf6,0x44,0x24,0x38,0x08,0x74,0x2e,
    0x49,0x8b,0x44,0x24,0x20,0x48,0x8b,0x54,0x24,0x38,0x48,0x89,0x02,0x49,0x8b,0x84,
    0x24,0xc8,0x00,0x00,0x00,0x41,0x8b,0x8c,0x24,0xc0,0x00,0x00,0x00,0x48,0x8b,0x44,
    0x08,0x10,0x48,0x89,0x42,0x10,0x48,0x8b,0x44,0x24,0x20,0x80,0x08,0x02,0x44,0x89,
    0xf0,0x49,0x01,0xc5,0x41,0x8b,0x44,0x24,0x70,0x49,0x39,0xc5,0x72,0x64,0x41,0xf6,
    0x44,0x24,0x34,0x01,0x0f,0x85,0xa2,0x01,0x00,0x00,0xff,0x8b,0xb8,0x00,0x00,0x00,
    0x49,0x8b,0x04,0x24,0x49,0x8b,0x4c,0x24,0x08,0x49,0xc7,0x04,0x24,0x00,0x00,0x00,
    0x00,0x49,0xc7,0x44,0x24,0x08,0x00,0x00,0x00,0x00,0x48,0x89,0x48,0x08,0x48,0x89,
    0x01,0x49,0x81,0x7c,0x24,0x60,0xd0,0x71,0xfb,0x81,0x0f,0x85,0x81,0x04,0x00,0x00,
    0x4c,0x89,0xe7,0xe8,0xd8,0x8f,0xf4,0xff,0x49,0xc7,0x44,0x24,0x60,0x00,0x00,0x00,
    0x00,0x49,0xc7,0x44,0x24,0x18,0x00,0x00,0x00,0x00,0x4c,0x89,0xe7,0xe8,0x4e,0xa4,
    0xf4,0xff,0x48,0x8b,0x04,0x24,0x4d,0x85,0xff,0x0f,0x85,0x51,0xfe,0xff,0xff,0x48,
    0x8b,0x54,0x24,0x10,0x48,0x8b,0x0a,0x48,0x39,0xd1,0x0f,0x94,0xc2,0x48,0x85,0xc9,
    0x40,0x0f,0x94,0xc6,0x40,0x08,0xd6,0x0f,0x84,0xa6,0x00,0x00,0x00,0x0f,0xb6,0x8b,
    0x10,0x05,0x00,0x00,0xf6,0xc1,0x01,0x75,0x43,0x85,0xc0,0x7e,0x30,0xf6,0x83,0x57,
    0x02,0x00,0x00,0x01,0x75,0x27,0x8b,0x8b,0x18,0x07,0x00,0x00,0x03,0x8b,0x54,0x07,
    0x00,0x00,0x2b,0x8b,0xe8,0x06,0x00,0x00,0x31,0xed,0x85,0xc9,0x0f,0x4f,0xe9,0x01,
    0xed,0x3b,0xab,0xf4,0x06,0x00,0x00,0x0f,0x86,0x99,0x00,0x00,0x00,0x48,0x83,0xc4,
    0x40,0x5b,0x41,0x5c,0x41,0x5d,0x41,0x5e,0x41,0x5f,0x5d,0xc3,0x8b,0x93,0xe8,0x06,
    0x00,0x00,0x2b,0x93,0x54,0x07,0x00,0x00,0x0f,0xb7,0xb3,0x1e,0x05,0x00,0x00,0x39,
    0xf2,0x77,0x2a,0x85,0xc0,0x7e,0xd6,0xf6,0xc1,0x08,0x75,0x18,0xf6,0xc1,0x04,0x74,
    0x9c,0x0f,0xb6,0x8b,0x12,0x05,0x00,0x00,0x48,0x8b,0x53,0x30,0x3a,0x8a,0x03,0x06,
    0x00,0x00,0x73,0x89,0x83,0xbb,0xc0,0x00,0x00,0x00,0x00,0x75,0x80,0x48,0x89,0xdf,
    0x89,0xc5,0xe8,0x89,0x64,0xf5,0xff,0x48,0x89,0xdf,0xe8,0x11,0xb0,0xf5,0xff,0x89,
    0xe8,0xeb,0x9a,0x8b,0x93,0xe0,0x05,0x00,0x00,0x3b,0x51,0x2c,0x0f,0x88,0x4b,0xff,
    0xff,0xff,0x48,0x8d,0x3d,0x67,0x6c,0x0b,0x02,0x8b,0x51,0x2c,0x8b,0xb3,0xe0,0x05,
    0x00,0x00,0x8b,0x8b,0xe8,0x06,0x00,0x00,0x89,0xc5,0xe8,0x81,0x6a,0x31,0x00,0x89,
    0xe8,0xe9,0x27,0xff,0xff,0xff,0x41,0x89,0xc6,0x48,0x89,0xdf,0xe8,0x7f,0x21,0xf5,
    0xff,0x85,0xc0,0x74,0x23,0x39,0xe8,0x44,0x89,0xf0,0x0f,0x82,0x4d,0xff,0xff,0xff,
    0xeb,0x9b,0x0f,0xba,0xe0,0x18,0x83,0xdd,0x00,0x0f,0x84,0xbc,0xfd,0xff,0xff,0x48,
    0x8b,0x04,0x24,0xe9,0xd7,0xfe,0xff,0xff,0x44,0x89,0xf0,0xe9,0x2d,0xff,0xff,0xff,
    0x41,0xf6,0x44,0x24,0x34,0x01,0x0f,0x84,0x03,0x04,0x00,0x00,0x48,0x8b,0x04,0x24,
    0x89,0xc5,0xff,0x83,0xe0,0x05,0x00,0x00,0xff,0x8b,0xb8,0x00,0x00,0x00,0x49,0x8b,
    0x04,0x24,0x49,0x8b,0x4c,0x24,0x08,0x49,0xc7,0x04,0x24,0x00,0x00,0x00,0x00,0x49,
    0xc7,0x44,0x24,0x08,0x00,0x00,0x00,0x00,0x48,0x89,0x48,0x08,0x48,0x89,0x01,0x49,
    0x81,0x7c,0x24,0x60,0xd0,0x71,0xfb,0x81,0x0f,0x85,0x93,0x03,0x00,0x00,0x4c,0x89,
    0xe7,0xe8,0x2a,0x8e,0xf4,0xff,0x49,0xc7,0x44,0x24,0x60,0x00,0x00,0x00,0x00,0x49,
    0xc7,0x44,0x24,0x18,0x00,0x00,0x00,0x00,0x4c,0x89,0xe7,0xe8,0xa0,0xa2,0xf4,0xff,
    0x89,0xe8,0xe9,0x58,0xfe,0xff,0xff,0xb8,0x95,0xff,0xff,0xff,0xe9,0xac,0xfe,0xff,
    0xff,0x48,0x8b,0x44,0x24,0x20,0xc7,0x00,0x01,0x00,0x00,0x00,0x8a,0x83,0xdf,0x05,
    0x00,0x00,0xe9,0x39,0xfc,0xff,0xff,0x48,0x8b,0x0c,0x24,0x85,0xc9,0xb8,0xf2,0xff,
    0xff,0xff,0x0f,0x45,0xc1,0xe9,0x25,0xfe,0xff,0xff,0x48,0x8d,0x3d,0x6f,0x6b,0x0b,
    0x02,0x41,0x8b,0x54,0x24,0x28,0x8b,0xb3,0xe0,0x05,0x00,0x00,0x8b,0x8b,0xe8,0x06,
    0x00,0x00,0x41,0xb8,0x40,0x00,0x00,0x00,0xe8,0x73,0x69,0x31,0x00,0x48,0x8b,0x44,
    0x24,0x30,0x8b,0x54,0x24,0x1c,0x39,0xc2,0x89,0xc1,0x0f,0x4c,0xca,0x83,0xf9,0x01,
    0x83,0xd1,0x00,0x39,0x0c,0x24,0x7c,0x0e,0x48,0x83,0xbb,0xd0,0x00,0x00,0x00,0x00,
    0x0f,0x84,0xf9,0xfe,0xff,0xff,0x83,0x3c,0x24,0x00,0x0f,0x85,0x89,0x02,0x00,0x00,
    0x48,0xf7,0x43,0x60,0x02,0x00,0x00,0x00,0x0f,0x85,0x20,0x02,0x00,0x00,0x83,0xbb,
    0x1c,0x01,0x00,0x00,0x00,0x0f,0x85,0x1a,0x02,0x00,0x00,0xf6,0x83,0x57,0x02,0x00,
    0x00,0x01,0xb8,0x00,0x00,0x00,0x00,0x0f,0x85,0xa2,0xfd,0xff,0xff,0x8a,0x43,0x12,
    0x3c,0x07,0x0f,0x84,0x0c,0x02,0x00,0x00,0x48,0x8b,0x54,0x24,0x08,0xb8,0xf5,0xff,
    0xff,0xff,0x48,0x85,0xd2,0x0f,0x84,0x84,0xfd,0xff,0xff,0x65,0x48,0x8b,0x05,0x75,
    0x3b,0x8d,0x02,0x48,0xf7,0x00,0x04,0x00,0x00,0x00,0x0f,0x85,0xee,0x01,0x00,0x00,
    0x48,0xf7,0x00,0x02,0x00,0x00,0x00,0x0f,0x85,0xe1,0x01,0x00,0x00,0x39,0x0c,0x24,
    0x0f,0x8d,0xd0,0x02,0x00,0x00,0x48,0x89,0xdf,0x48,0x8b,0x34,0x24,0xe8,0x2e,0xd1,
    0x25,0x00,0x48,0x8d,0x74,0x24,0x08,0x48,0x89,0xdf,0x4c,0x89,0xe2,0xe8,0x6e,0x19,
    0x23,0xff,0x85,0xc0,0x0f,0x89,0x28,0xfd,0xff,0xff,0x48,0x8b,0x14,0x24,0x85,0xd2,
    0x0f,0x45,0xc2,0xe9,0x85,0xfd,0xff,0xff,0x8b,0x83,0x10,0x09,0x00,0x00,0x3b,0x83,
    0xe0,0x05,0x00,0x00,0x0f,0x85,0x74,0xfb,0xff,0xff,0x83,0x3c,0x24,0x00,0x0f,0x85,
    0x2b,0xfe,0xff,0xff,0x65,0x48,0x8b,0x05,0xfc,0x3a,0x8d,0x02,0x48,0xf7,0x00,0x04,
    0x00,0x00,0x00,0x75,0x0d,0x48,0xf7,0x00,0x02,0x00,0x00,0x00,0x0f,0x84,0x4c,0xfb,
    0xff,0xff,0x48,0x8b,0x44,0x24,0x08,0x48,0x85,0xc0,0x0f,0x84,0x8f,0x01,0x00,0x00,
    0x48,0xb9,0xff,0xff,0xff,0xff,0xff,0xff,0xff,0x7f,0x48,0x39,0xc8,0xe9,0x59,0x01,
    0x00,0x00,0x80,0x3d,0xd2,0x89,0xfe,0x01,0x00,0x0f,0x84,0xe1,0x01,0x00,0x00,0x41,
    0xff,0xce,0xe9,0x60,0xfb,0xff,0xff,0x8b,0x83,0x10,0x09,0x00,0x00,0x8b,0x93,0xe0,
    0x05,0x00,0x00,0x89,0xc1,0x29,0xd1,0x49,0x39,0xcd,0x0f,0x86,0x6a,0xfb,0xff,0xff,
    0x39,0xd0,0x0f,0x85,0x35,0x01,0x00,0x00,0x48,0xf7,0x43,0x60,0x04,0x00,0x00,0x00,
    0x0f,0x85,0x54,0xfb,0xff,0xff,0x8d,0x48,0x01,0x89,0x8b,0xe0,0x05,0x00,0x00,0x41,
    0xff,0xc6,0x49,0xff,0xcd,0x0f,0x85,0x3f,0xfb,0xff,0xff,0x45,0x31,0xed,0xeb,0x21,
    0x44,0x29,0xe8,0x31,0xc9,0x85,0xc0,0x0f,0x4f,0xc8,0x89,0x8b,0x8c,0x00,0x00,0x00,
    0xe9,0x79,0xfb,0xff,0xff,0x8b,0x83,0x10,0x09,0x00,0x00,0x8b,0x8b,0xe0,0x05,0x00,
    0x00,0x39,0xc8,0x0f,0x89,0x8f,0xfb,0xff,0xff,0x66,0xc7,0x83,0xf6,0x05,0x00,0x00,
    0x00,0x00,0x48,0x83,0xbb,0x18,0x06,0x00,0x00,0x00,0x0f,0x85,0x78,0xfb,0xff,0xff,
    0x83,0xbb,0x18,0x07,0x00,0x00,0x00,0x0f,0x84,0x6b,0xfb,0xff,0xff,0x8b,0x83,0xc0,
    0x00,0x00,0x00,0x3b,0x83,0xf4,0x00,0x00,0x00,0x0f,0x8d,0x59,0xfb,0xff,0xff,0x8b,
    0x83,0xc4,0x05,0x00,0x00,0x8a,0x8b,0x35,0x07,0x00,0x00,0x80,0xe1,0x0f,0xd3,0xe8,
    0x80,0xbb,0x34,0x09,0x00,0x00,0x00,0x0f,0x85,0x3b,0xfb,0xff,0xff,0x8a,0x93,0xd0,
    0x06,0x00,0x00,0x80,0xe2,0x11,0x31,0xc9,0x80,0xfa,0x10,0x75,0x15,0x8b,0x8b,0x44,
    0x06,0x00,0x00,0xc1,0xe1,0x16,0x81,0xc1,0x00,0x00,0x40,0x01,0x81,0xe1,0x00,0x00,
    0xc0,0x01,0x8b,0x93,0xdc,0x05,0x00,0x00,0xc1,0xe2,0x1a,0x09,0xca,0x09,0xd0,0x0d,
    0x00,0x00,0x10,0x00,0x0f,0xc8,0x89,0x83,0xd4,0x06,0x00,0x00,0xe9,0xf7,0xfa,0xff,
    0xff,0x4c,0x89,0xe7,0xe8,0xd7,0xa0,0xf6,0xff,0xe9,0x94,0xfb,0xff,0xff,0x31,0xc0,
    0xe9,0x9a,0xfb,0xff,0xff,0x31,0xc0,0x87,0x83,0x1c,0x01,0x00,0x00,0xf7,0xd8,0xe9,
    0x8b,0xfb,0xff,0xff,0xb8,0x95,0xff,0xff,0xff,0xe9,0x81,0xfb,0xff,0xff,0x48,0xb8,
    0xff,0xff,0xff,0xff,0xff,0xff,0xff,0x7f,0x48,0x39,0xc2,0xb9,0x00,0xfe,0xff,0xff,
    0xb8,0xfc,0xff,0xff,0xff,0x0f,0x44,0xc1,0xe9,0x62,0xfb,0xff,0xff,0x49,0x89,0xcd,
    0xe9,0x25,0xfa,0xff,0xff,0xb8,0xff,0xff,0xff,0xff,0xe9,0xae,0xfb,0xff,0xff,0xb8,
    0xf5,0xff,0xff,0xff,0xe9,0x46,0xfb,0xff,0xff,0x48,0x83,0x7c,0x24,0x08,0x00,0x0f,
    0x84,0x5a,0xfc,0xff,0xff,0x83,0xbb,0x1c,0x01,0x00,0x00,0x00,0x0f,0x85,0x4d,0xfc,
    0xff,0xff,0x8a,0x43,0x12,0x3c,0x07,0x0f,0x84,0x42,0xfc,0xff,0xff,0xf6,0x83,0x57,
    0x02,0x00,0x00,0x01,0x0f,0x85,0x35,0xfc,0xff,0xff,0x65,0x48,0x8b,0x05,0x06,0x39,
    0x8d,0x02,0x48,0xf7,0x00,0x04,0x00,0x00,0x00,0x0f,0x85,0x20,0xfc,0xff,0xff,0x48,
    0xf7,0x00,0x02,0x00,0x00,0x00,0x0f,0x85,0x13,0xfc,0xff,0xff,0xe9,0x8c,0xfd,0xff,
    0xff,0x4c,0x89,0xe7,0xe8,0x17,0xa0,0xf6,0xff,0x89,0xe8,0xe9,0xdf,0xfa,0xff,0xff,
    0xc6,0x05,0xe4,0x87,0xfe,0x01,0x01,0x48,0xc7,0xc7,0x83,0x92,0x84,0x82,0x48,0xc7,
    0xc6,0x5d,0x2b,0x91,0x82,0xe8,0xd6,0x2b,0x19,0xff,0xe9,0x00,0xfe,0xff,0xff,0x48,
    0x8d,0x3d,0x1a,0x68,0x0b,0x02,0x41,0x8b,0x54,0x24,0x28,0x8b,0xb3,0xe0,0x05,0x00,
    0x00,0x8b,0x8b,0xe8,0x06,0x00,0x00,0x41,0xb8,0x40,0x00,0x00,0x00,0xe8,0x0e,0x66,
    0x31,0x00,0x49,0x8b,0x04,0x24,0x48,0x3b,0x44,0x24,0x10,0x0f,0x85,0x16,0xf9,0xff,
    0xff,0xe9,0x87,0xfc,0xff,0xff,0x48,0x89,0xdf,0xe8,0x32,0x06,0x06,0x00,0xe9,0x6f,
    0xfa,0xff,0xff,
};
static const unsigned char ap_copy_image_unix_stream_read_actor[]={
    0x0f,0x1f,0x44,0x00,0x00,0x53,0x89,0xd3,0x03,0x77,0x44,0x48,0x8b,0x51,0x10,0x48,
    0x83,0xc2,0x10,0x89,0xd9,0xe8,0x36,0xd9,0xe5,0xff,0x85,0xc0,0x75,0x04,0x89,0xd8,
    0x5b,0xc3,0x89,0xc3,0xeb,0xf8,
};
/* Original epoll_ctl dispatch/copy/error route and complete native body,
 * including both exact fdget successors. The runtime text qualification remains
 * the same installed-image plus running-build-ID contract used above. */
static const unsigned char ap_copy_image_epoll_dispatch[]={
    0x55,0x41,0x57,0x41,0x56,0x41,0x54,0x53,0x48,0x83,0xec,0x40,0x48,0xc7,0xc0,0xda,
    0xff,0xff,0xff,0x81,0xfe,0xd7,0x01,0x00,0x00,0x0f,0x87,0xdf,0x00,0x00,0x00,0x89,
    0xf1,0xff,0x24,0xcd,0xc0,0xf3,0x9e,0x82,
};
static const unsigned char ap_copy_image_epoll_dispatch_entry[]={
    0x81,0xca,0xfa,0x81,0xff,0xff,0xff,0xff,
};
static const unsigned char ap_copy_image_epoll_copy_caller[]={
    0x8b,0x5f,0x70,0x8b,0x6f,0x68,0x44,0x8b,0x77,0x60,0x83,0xfd,0x02,0x74,0x1a,0x48,
    0x8b,0x77,0x38,0x48,0x89,0xe7,0xba,0x0c,0x00,0x00,0x00,0xe8,0x8f,0x42,0x00,0x00,
    0x48,0x85,0xc0,0x0f,0x85,0x78,0x0e,0x00,0x00,0x48,0x89,0xe1,0x89,0xdf,0x89,0xee,
    0x44,0x89,0xf2,0x45,0x31,0xc0,0xe8,0xe4,0x51,0x00,0x00,0x48,0x98,0x48,0x83,0xc4,
    0x40,0x5b,0x41,0x5c,0x41,0x5e,0x41,0x5f,0x5d,0xc3,
};
static const unsigned char ap_copy_image_epoll_copy_fault[]={
    0x48,0xc7,0xc0,0xf2,0xff,0xff,0xff,0xe9,0x90,0xf1,0xff,0xff,0x48,0x83,0xc4,0x40,
    0x5b,0x41,0x5c,0x41,0x5e,0x41,0x5f,0x5d,0xe9,0xb1,0xe2,0x2d,0xff,0x48,0x83,0xc4,
};
static const unsigned char ap_copy_image_epoll_control[]={
    0x0f,0x1f,0x44,0x00,0x00,0x55,0x41,0x57,0x41,0x56,0x41,0x55,0x41,0x54,0x53,0x48,
    0x83,0xec,0x50,0x45,0x89,0xc4,0x48,0x89,0xcd,0x41,0x89,0xd5,0x89,0xf3,0xe8,0xcd,
    0xe4,0xff,0xff,0x48,0x85,0xc0,0x0f,0x84,0xf1,0x06,0x00,0x00,0x49,0x89,0xc6,0x44,
    0x89,0xef,0xe8,0xb9,0xe4,0xff,0xff,0x48,0x85,0xc0,0x0f,0x84,0xc6,0x08,0x00,0x00,
    0x49,0x89,0xc7,0x49,0x83,0xe7,0xfc,0x49,0x8b,0x4f,0x08,0x48,0x83,0x79,0x48,0x00,
    0x4c,0x89,0x74,0x24,0x40,0x0f,0x84,0xb7,0x06,0x00,0x00,0x44,0x89,0x6c,0x24,0x18,
    0x83,0xfb,0x02,0x74,0x04,0x80,0x65,0x03,0xdf,0x49,0x83,0xe6,0xfc,0x41,0xbd,0xea,
    0xff,0xff,0xff,0x4d,0x39,0xfe,0x0f,0x84,0x03,0x01,0x00,0x00,0x49,0x81,0x7e,0x08,
    0x10,0xbf,0xa5,0x82,0x0f,0x85,0xf5,0x00,0x00,0x00,0x83,0xfb,0x02,0x48,0x89,0x44,
    0x24,0x10,0x74,0x0e,0x8b,0x45,0x00,0xa9,0x00,0x00,0x00,0x10,0x0f,0x85,0x32,0x08,
    0x00,0x00,0x4d,0x8b,0x6e,0x18,0x4c,0x89,0xef,0x45,0x84,0xe4,0x0f,0x85,0x5f,0x08,
    0x00,0x00,0xe8,0x09,0xb4,0x3c,0x00,0xb0,0x01,0x89,0x44,0x24,0x0c,0x83,0xfb,0x01,
    0x4c,0x89,0x2c,0x24,0x75,0x30,0x49,0x83,0xbe,0x80,0x00,0x00,0x00,0x00,0x0f,0x85,
    0x74,0x06,0x00,0x00,0x49,0x8b,0x85,0x90,0x00,0x00,0x00,0x48,0x3b,0x05,0x9e,0x79,
    0xc1,0x02,0x0f,0x84,0x60,0x06,0x00,0x00,0x49,0x81,0x7f,0x08,0x10,0xbf,0xa5,0x82,
    0x0f,0x84,0x52,0x06,0x00,0x00,0x4d,0x8b,0x65,0x60,0xeb,0x08,0x0f,0x1f,0x40,0x00,
    0x4d,0x8b,0x24,0x04,0x4d,0x85,0xe4,0x0f,0x84,0xa7,0x00,0x00,0x00,0xb8,0x08,0x00,
    0x00,0x00,0x4d,0x39,0x7c,0x24,0x30,0x72,0xe7,0x76,0x13,0xb8,0x10,0x00,0x00,0x00,
    0x4d,0x8b,0x24,0x04,0x4d,0x85,0xe4,0x75,0xe4,0xe9,0x86,0x00,0x00,0x00,0x8b,0x4c,
    0x24,0x18,0x41,0x2b,0x4c,0x24,0x38,0x85,0xc9,0x7f,0xc5,0xb8,0x10,0x00,0x00,0x00,
    0x78,0xbe,0x83,0xfb,0x01,0x74,0x75,0x83,0xfb,0x02,0x0f,0x85,0x36,0x04,0x00,0x00,
    0x4d,0x85,0xe4,0x0f,0x84,0x6e,0x08,0x00,0x00,0x4c,0x89,0xef,0x4c,0x89,0xe6,0xe8,
    0x4c,0x6f,0xfa,0xff,0x4c,0x89,0xef,0x45,0x31,0xed,0xe8,0x81,0xb3,0x3c,0x00,0x80,
    0x7c,0x24,0x0c,0x00,0x48,0x8b,0x44,0x24,0x10,0x0f,0x84,0xd4,0x09,0x00,0x00,0xa8,
    0x01,0x74,0x08,0x4c,0x89,0xff,0xe8,0xf5,0xe6,0xff,0xff,0x4c,0x8b,0x74,0x24,0x40,
    0x41,0xf6,0xc6,0x01,0x74,0x0c,0x49,0x83,0xe6,0xfc,0x4c,0x89,0xf7,0xe8,0xde,0xe6,
    0xff,0xff,0x44,0x89,0xe8,0x48,0x83,0xc4,0x50,0x5b,0x41,0x5c,0x41,0x5d,0x41,0x5e,
    0x41,0x5f,0x5d,0xc3,0x45,0x31,0xe4,0x83,0xfb,0x01,0x75,0x8b,0x4d,0x85,0xe4,0x0f,
    0x85,0x47,0x06,0x00,0x00,0x80,0x4d,0x00,0x18,0x49,0x81,0x7f,0x08,0x10,0xbf,0xa5,
    0x82,0x0f,0x84,0x5a,0x06,0x00,0x00,0x45,0x31,0xf6,0x49,0x8b,0xbd,0x80,0x00,0x00,
    0x00,0x48,0x8b,0x1d,0xd8,0xe5,0x13,0x02,0x48,0x8b,0x47,0x10,0x48,0x89,0xc1,0x48,
    0x29,0xd9,0x48,0x89,0xce,0x48,0xf7,0xde,0x48,0x0f,0x48,0xf1,0x8b,0x15,0xc6,0xe6,
    0x13,0x02,0x8b,0x0d,0x90,0xb5,0x13,0x02,0x0f,0xaf,0xca,0x48,0x39,0xce,0x0f,0x8e,
    0x85,0x07,0x00,0x00,0x48,0x39,0xd8,0x0f,0x8f,0x66,0x04,0x00,0x00,0x48,0x83,0xc7,
    0x08,0xbe,0x01,0x00,0x00,0x00,0xe8,0x95,0xd3,0xfd,0xff,0x0f,0x1f,0x44,0x00,0x00,
    0x48,0x8b,0x3d,0xb9,0x86,0xc9,0x00,0xbe,0xc0,0x0d,0x00,0x00,0xe8,0xff,0x9e,0x01,
    0x00,0x49,0x89,0xc5,0x4d,0x85,0xed,0x0f,0x84,0xfd,0x06,0x00,0x00,0x49,0x8d,0x45,
    0x18,0x49,0x89,0x45,0x18,0x48,0x89,0x44,0x24,0x38,0x49,0x89,0x45,0x20,0x48,0x8b,
    0x1c,0x24,0x49,0x89,0x5d,0x48,0x4d,0x89,0x7d,0x30,0x8b,0x44,0x24,0x18,0x41,0x89,
    0x45,0x38,0x48,0x8b,0x45,0x00,0x49,0x89,0x45,0x68,0x8b,0x45,0x08,0x41,0x89,0x45,
    0x70,0x49,0xc7,0x45,0x28,0xff,0xff,0xff,0xff,0x4c,0x89,0x74,0x24,0x18,0x4d,0x85,
    0xf6,0x0f,0x85,0xa3,0x05,0x00,0x00,0x48,0x83,0xc3,0x60,0x49,0x8d,0x6d,0x68,0x49,
    0x81,0x7f,0x08,0x10,0xbf,0xa5,0x82,0x0f,0x84,0x9c,0x05,0x00,0x00,0x49,0x83,0xbf,
    0x80,0x00,0x00,0x00,0x00,0x0f,0x85,0x3b,0x05,0x00,0x00,0x0f,0x1f,0x44,0x00,0x00,
    0x48,0x8b,0x3d,0x21,0x86,0xc9,0x00,0xbe,0xc0,0x0d,0x00,0x00,0xe8,0x6f,0x9e,0x01,
    0x00,0x49,0x89,0xc6,0x4d,0x89,0xf4,0x4d,0x85,0xf6,0x0f,0x84,0x49,0x06,0x00,0x00,
    0x4c,0x89,0xff,0xe8,0xf8,0x17,0x3d,0x00,0x49,0x8b,0x87,0x80,0x00,0x00,0x00,0x48,
    0x85,0xc0,0x75,0x16,0x4d,0x85,0xf6,0x0f,0x84,0x7f,0x07,0x00,0x00,0x4d,0x89,0xb7,
    0x80,0x00,0x00,0x00,0x45,0x31,0xe4,0x4c,0x89,0xf0,0x49,0x8d,0x4d,0x50,0x48,0x8b,
    0x10,0x49,0x89,0x55,0x50,0x49,0x89,0x45,0x58,0x48,0x89,0x08,0x48,0x85,0xd2,0x0f,
    0x85,0x1a,0x04,0x00,0x00,0x4c,0x89,0xff,0xe8,0x73,0x18,0x3d,0x00,0x4d,0x85,0xe4,
    0x4c,0x8b,0x74,0x24,0x18,0x0f,0x85,0xd1,0x06,0x00,0x00,0x4d,0x85,0xf6,0x0f,0x95,
    0xc0,0x0a,0x44,0x24,0x0c,0x0f,0x84,0xd5,0x06,0x00,0x00,0x48,0x8b,0x33,0x48,0x85,
    0xf6,0x49,0x89,0xec,0x0f,0x84,0x96,0x05,0x00,0x00,0x49,0x8b,0x55,0x30,0xb1,0x01,
    0x48,0x89,0xf0,0x48,0x3b,0x56,0x30,0x76,0x17,0x48,0x8b,0x70,0x08,0x31,0xc9,0x48,
    0x85,0xf6,0x75,0xec,0xeb,0x45,0x66,0x2e,0x0f,0x1f,0x84,0x00,0x00,0x00,0x00,0x00,
    0xbf,0x10,0x00,0x00,0x00,0x0f,0x83,0xef,0x05,0x00,0x00,0x48,0x8b,0x34,0x38,0x48,
    0x85,0xf6,0x75,0xcc,0x49,0x89,0x45,0x00,0x49,0xc7,0x45,0x08,0x00,0x00,0x00,0x00,
    0x49,0xc7,0x45,0x10,0x00,0x00,0x00,0x00,0x4c,0x89,0x2c,0x38,0xf6,0xc1,0x01,0x74,
    0x22,0x48,0x8b,0x04,0x24,0x4c,0x89,0x68,0x68,0xeb,0x18,0x49,0x89,0x45,0x00,0x49,
    0xc7,0x45,0x08,0x00,0x00,0x00,0x00,0x49,0xc7,0x45,0x10,0x00,0x00,0x00,0x00,0x4c,
    0x89,0x68,0x08,0x4c,0x89,0xef,0x48,0x89,0xde,0xe8,0x42,0xea,0xf9,0xff,0x4d,0x85,
    0xf6,0x0f,0x85,0x7e,0x04,0x00,0x00,0xbe,0x01,0x00,0x00,0x00,0xb8,0x01,0x00,0x00,
    0x00,0x48,0x8b,0x0c,0x24,0xf0,0x0f,0xc1,0x81,0xa4,0x00,0x00,0x00,0x85,0xc0,0x0f,
    0x84,0x44,0x06,0x00,0x00,0x8d,0x48,0x01,0x09,0xc1,0x0f,0x88,0x3e,0x06,0x00,0x00,
    0x80,0x7c,0x24,0x0c,0x00,0x0f,0x84,0x57,0x04,0x00,0x00,0x41,0xf6,0x44,0x24,0x03,
    0x20,0x0f,0x85,0x3c,0x06,0x00,0x00,0x4c,0x89,0x6c,0x24,0x30,0x48,0xc7,0x44,0x24,
    0x20,0xe0,0xb1,0xfc,0x81,0xc7,0x44,0x24,0x28,0xff,0xff,0xff,0xff,0x49,0x8b,0x5d,
    0x30,0x48,0x85,0xdb,0x0f,0x94,0xc0,0xf0,0x48,0x83,0x83,0xa8,0x00,0x00,0x00,0x01,
    0x40,0xb5,0x01,0xb1,0x01,0x78,0x02,0x89,0xc1,0x84,0xc9,0x75,0x4d,0x41,0x8b,0x04,
    0x24,0x89,0x44,0x24,0x28,0x48,0x8b,0x43,0x08,0x48,0x3d,0x10,0xbf,0xa5,0x82,0x0f,
    0x84,0xb3,0x02,0x00,0x00,0x48,0x8b,0x40,0x48,0x48,0x85,0xc0,0x0f,0x84,0x07,0x06,
    0x00,0x00,0x48,0x8d,0x74,0x24,0x20,0x48,0x89,0xdf,0xff,0xd0,0x89,0xc5,0x48,0x89,
    0xdf,0xe8,0xea,0xe3,0xff,0xff,0x41,0x85,0x2c,0x24,0x40,0x0f,0x94,0xc5,0x48,0x83,
    0x7c,0x24,0x30,0x00,0x0f,0x84,0xc1,0x05,0x00,0x00,0x48,0x8b,0x04,0x24,0x48,0x8d,
    0x58,0x58,0x48,0x89,0xdf,0xe8,0x86,0x16,0x3d,0x00,0x4d,0x8b,0x75,0x48,0x41,0x83,
    0xbe,0xbc,0x00,0x00,0x00,0x00,0x0f,0x85,0xe1,0x02,0x00,0x00,0x41,0x80,0xbe,0xc2,
    0x00,0x00,0x00,0x00,0x0f,0x85,0xd3,0x02,0x00,0x00,0x83,0x3d,0xff,0xf4,0x13,0x02,
    0x00,0x0f,0x85,0xc6,0x02,0x00,0x00,0x40,0x84,0xed,0x74,0x14,0x48,0x89,0xdf,0xe8,
    0xfc,0x16,0x3d,0x00,0x45,0x31,0xed,0x48,0x8b,0x3c,0x24,0xe9,0x6a,0xfc,0xff,0xff,
    0x48,0x8b,0x4c,0x24,0x38,0x48,0x8b,0x01,0x48,0x39,0xc8,0x75,0xdf,0x4c,0x8b,0x24,
    0x24,0x49,0x8d,0x44,0x24,0x48,0x49,0x8b,0x4c,0x24,0x50,0x48,0x8b,0x54,0x24,0x38,
    0x49,0x89,0x54,0x24,0x50,0x49,0x89,0x45,0x18,0x49,0x89,0x4d,0x20,0x48,0x89,0x11,
    0x49,0x8b,0x45,0x60,0x49,0x8d,0x44,0x24,0x20,0x49,0x8b,0x4c,0x24,0x20,0x48,0x39,
    0xc1,0x0f,0x85,0xb0,0x01,0x00,0x00,0x4d,0x8d,0x74,0x24,0x38,0x4d,0x8b,0x64,0x24,
    0x38,0x48,0x89,0xdf,0xe8,0x97,0x16,0x3d,0x00,0x45,0x31,0xed,0x4d,0x39,0xf4,0x74,
    0x96,0x48,0x8b,0x04,0x24,0x48,0x8d,0x78,0x30,0xb9,0x01,0x00,0x00,0x00,0xbe,0x03,
    0x00,0x00,0x00,0xba,0x01,0x00,0x00,0x00,0xe8,0x53,0x25,0xfa,0xff,0x48,0x8b,0x3c,
    0x24,0xe9,0xe4,0xfb,0xff,0xff,0x41,0xbd,0xea,0xff,0xff,0xff,0x83,0xfb,0x03,0x0f,
    0x85,0x62,0xff,0xff,0xff,0x4d,0x85,0xe4,0x0f,0x84,0x63,0x02,0x00,0x00,0x41,0xf6,
    0x44,0x24,0x6b,0x10,0x48,0x8b,0x3c,0x24,0x0f,0x85,0xbc,0xfb,0xff,0xff,0x8b,0x4d,
    0x00,0x89,0xc8,0x83,0xc8,0x18,0x89,0x45,0x00,0x48,0xc7,0x44,0x24,0x20,0x00,0x00,
    0x00,0x00,0x41,0x89,0x44,0x24,0x68,0x48,0x8b,0x45,0x04,0x49,0x89,0x44,0x24,0x6c,
    0x49,0x8b,0x44,0x24,0x60,0xf7,0xc1,0x00,0x00,0x00,0x20,0x0f,0x85,0x08,0x05,0x00,
    0x00,0x48,0x85,0xc0,0x4c,0x8b,0x2c,0x24,0x0f,0x85,0x15,0x05,0x00,0x00,0xf0,0x83,
    0x44,0x24,0xfc,0x00,0x49,0x8b,0x5c,0x24,0x30,0x48,0x85,0xdb,0x0f,0x94,0xc0,0xf0,
    0x48,0x83,0x83,0xa8,0x00,0x00,0x00,0x01,0x0f,0x88,0x02,0x05,0x00,0x00,0x84,0xc0,
    0x0f,0x85,0x4e,0xfb,0xff,0xff,0x41,0x8b,0x44,0x24,0x68,0x89,0x44,0x24,0x28,0x48,
    0x8b,0x43,0x08,0x48,0x3d,0x10,0xbf,0xa5,0x82,0x0f,0x84,0xeb,0x01,0x00,0x00,0x48,
    0x8b,0x40,0x48,0x48,0x85,0xc0,0x0f,0x84,0xdb,0x04,0x00,0x00,0x48,0x8d,0x74,0x24,
    0x20,0x48,0x89,0xdf,0xff,0xd0,0x89,0xc5,0x48,0x89,0xdf,0xe8,0x30,0xe2,0xff,0xff,
    0x41,0x85,0x6c,0x24,0x68,0x0f,0x84,0x09,0xfb,0xff,0xff,0x49,0x8d,0x5d,0x58,0x48,
    0x89,0xdf,0xe8,0xd9,0x14,0x3d,0x00,0x49,0x8d,0x44,0x24,0x18,0x49,0x8b,0x4c,0x24,
    0x18,0x48,0x39,0xc1,0x74,0x1c,0x48,0x89,0xdf,0xe8,0x72,0x15,0x3d,0x00,0xe9,0xe1,
    0xfa,0xff,0xff,0x41,0xbd,0xe4,0xff,0xff,0xff,0x48,0x8b,0x3c,0x24,0xe9,0xd8,0xfa,
    0xff,0xff,0x49,0x8d,0x4d,0x48,0x49,0x8b,0x55,0x50,0x49,0x89,0x45,0x50,0x49,0x89,
    0x4c,0x24,0x18,0x49,0x89,0x54,0x24,0x20,0x48,0x89,0x02,0x49,0x8b,0x44,0x24,0x60,
    0x49,0x8d,0x45,0x20,0x49,0x8b,0x4d,0x20,0x48,0x39,0xc1,0x0f,0x85,0x60,0x04,0x00,
    0x00,0x4d,0x8d,0x75,0x38,0x4d,0x8b,0x65,0x38,0x48,0x89,0xdf,0xe8,0x1f,0x15,0x3d,
    0x00,0x4d,0x39,0xf4,0x0f,0x84,0x8a,0xfa,0xff,0xff,0x49,0x8d,0x7d,0x30,0xb9,0x01,
    0x00,0x00,0x00,0xbe,0x03,0x00,0x00,0x00,0xba,0x01,0x00,0x00,0x00,0xe8,0xde,0x23,
    0xfa,0xff,0xe9,0x6d,0xfa,0xff,0xff,0x49,0x8d,0x7c,0x24,0x18,0xbe,0x03,0x00,0x00,
    0x00,0xba,0x01,0x00,0x00,0x00,0x31,0xc9,0xe8,0xc3,0x23,0xfa,0xff,0xe9,0x35,0xfe,
    0xff,0xff,0x41,0xbd,0xff,0xff,0xff,0xff,0xe9,0x62,0xfa,0xff,0xff,0x41,0xbd,0xf7,
    0xff,0xff,0xff,0xe9,0x7a,0xfa,0xff,0xff,0x48,0x8d,0x74,0x24,0x20,0x48,0x89,0xdf,
    0xba,0x01,0x00,0x00,0x00,0xe8,0xa6,0x68,0x22,0x00,0xe9,0x4d,0xfd,0xff,0xff,0x48,
    0x89,0x4a,0x08,0xe9,0xdd,0xfb,0xff,0xff,0x4c,0x89,0xef,0xe8,0xa0,0xad,0x3c,0x00,
    0x48,0xc7,0xc7,0x28,0x97,0xbc,0x84,0x45,0x84,0xe4,0x0f,0x85,0xdb,0x03,0x00,0x00,
    0xe8,0x5b,0xad,0x3c,0x00,0x48,0xff,0x05,0x14,0x73,0xc1,0x02,0x49,0x81,0x7f,0x08,
    0x10,0xbf,0xa5,0x82,0x75,0x15,0x49,0x8b,0x77,0x18,0x48,0x8b,0x3c,0x24,0xe8,0x2d,
    0xb9,0x2e,0xff,0x85,0xc0,0x0f,0x85,0xc2,0x03,0x00,0x00,0x45,0x84,0xe4,0x0f,0x85,
    0x44,0x04,0x00,0x00,0x4c,0x8b,0x2c,0x24,0x4c,0x89,0xef,0xe8,0x20,0xad,0x3c,0x00,
    0xc7,0x44,0x24,0x0c,0x00,0x00,0x00,0x00,0xe9,0x49,0xf9,0xff,0xff,0x49,0x8b,0x7d,
    0x30,0xe8,0xaa,0x8f,0x15,0x00,0x48,0x85,0xc0,0x0f,0x84,0x28,0xfd,0xff,0xff,0x48,
    0x8b,0x40,0x18,0x48,0x85,0xc0,0x0f,0x84,0x1b,0xfd,0xff,0xff,0x8b,0x80,0xec,0x00,
    0x00,0x00,0x3d,0x01,0x02,0x00,0x00,0x0f,0x82,0x0a,0xfd,0xff,0xff,0x41,0x3b,0x86,
    0xb8,0x00,0x00,0x00,0x0f,0x84,0xfd,0xfc,0xff,0xff,0x41,0x89,0x86,0xb8,0x00,0x00,
    0x00,0xe9,0xf1,0xfc,0xff,0xff,0x45,0x31,0xf6,0x45,0x31,0xe4,0xe9,0xdf,0xfa,0xff,
    0xff,0x41,0xbd,0xfe,0xff,0xff,0xff,0xe9,0xeb,0xfc,0xff,0xff,0x4c,0x89,0xef,0x41,
    0xbd,0xef,0xff,0xff,0xff,0xe9,0x50,0xf9,0xff,0xff,0x48,0x8d,0x74,0x24,0x20,0x48,
    0x89,0xdf,0xba,0x01,0x00,0x00,0x00,0xe8,0xb4,0x67,0x22,0x00,0xe9,0x15,0xfe,0xff,
    0xff,0x4d,0x8b,0x77,0x18,0xe9,0xa0,0xf9,0xff,0xff,0x48,0x8b,0x7c,0x24,0x18,0xe8,
    0x7c,0xac,0x3c,0x00,0xe9,0x4e,0xfa,0xff,0xff,0x4d,0x8b,0x77,0x18,0x4d,0x85,0xf6,
    0x0f,0x84,0x57,0xfa,0xff,0xff,0x49,0x81,0xc6,0x98,0x00,0x00,0x00,0x45,0x31,0xe4,
    0xe9,0x7b,0xfa,0xff,0xff,0x4c,0x89,0xf7,0xe8,0x83,0xac,0x3c,0x00,0xe9,0x75,0xfb,
    0xff,0xff,0x48,0x8b,0x1d,0xf7,0xc5,0xf9,0x01,0x48,0x83,0xfb,0xff,0x0f,0x84,0x98,
    0xfb,0xff,0xff,0x45,0x31,0xf6,0x4c,0x89,0x35,0x2b,0x72,0xc1,0x02,0x4c,0x89,0x35,
    0x1c,0x72,0xc1,0x02,0xc7,0x05,0x22,0x72,0xc1,0x02,0x00,0x00,0x00,0x00,0x65,0xff,
    0x05,0xe3,0xfa,0x98,0x02,0x48,0x89,0xdf,0x31,0xf6,0xe8,0x71,0x80,0x30,0xff,0x65,
    0xff,0x0d,0xd2,0xfa,0x98,0x02,0x0f,0x84,0x3a,0x03,0x00,0x00,0x85,0xc0,0x0f,0x85,
    0x3c,0x03,0x00,0x00,0x48,0x8b,0x5b,0x08,0x48,0x83,0xfb,0xff,0x0f,0x84,0x49,0xfb,
    0xff,0xff,0xeb,0xb2,0x83,0xfb,0x01,0x0f,0x84,0xf4,0x01,0x00,0x00,0x83,0xfb,0x03,
    0x48,0x8b,0x44,0x24,0x10,0x0f,0x85,0xb7,0xf7,0xff,0xff,0xe9,0x8f,0xf8,0xff,0xff,
    0x31,0xc0,0x49,0x89,0x45,0x10,0x49,0x89,0x45,0x08,0x49,0x89,0x45,0x00,0x4c,0x89,
    0x2b,0xe9,0xab,0xfa,0xff,0xff,0x41,0xbd,0xf7,0xff,0xff,0xff,0xe9,0x7f,0xf8,0xff,
    0xff,0xe8,0x0a,0xae,0x3c,0x00,0x85,0xc0,0x0f,0x85,0x99,0xf7,0xff,0xff,0x41,0xbd,
    0xf5,0xff,0xff,0xff,0xe9,0xa5,0x02,0x00,0x00,0x48,0x83,0x7c,0x24,0x18,0x00,0x74,
    0x0a,0x48,0x8b,0x7c,0x24,0x18,0xe8,0xb5,0xab,0x3c,0x00,0x48,0x8b,0x3d,0xae,0x7f,
    0xc9,0x00,0x4c,0x89,0xee,0xe8,0xc6,0x68,0x02,0x00,0x48,0x8b,0x04,0x24,0x48,0x8b,
    0xb8,0x80,0x00,0x00,0x00,0x48,0x83,0xc7,0x08,0x8b,0x15,0x69,0xdf,0x13,0x02,0x48,
    0xc7,0xc6,0xff,0xff,0xff,0xff,0xe8,0x55,0xcc,0xfd,0xff,0x41,0xbd,0xf4,0xff,0xff,
    0xff,0x48,0x8b,0x3c,0x24,0xe9,0xf0,0xf7,0xff,0xff,0x41,0x8b,0x75,0x38,0x2b,0x70,
    0x38,0x31,0xff,0x85,0xf6,0x40,0x0f,0x9e,0xc7,0x40,0x20,0xf9,0x48,0x8d,0x3c,0xfd,
    0x08,0x00,0x00,0x00,0xe9,0xf2,0xf9,0xff,0xff,0x48,0x83,0xc7,0x08,0xe8,0xfe,0x0d,
    0xfc,0xff,0x41,0xbd,0xe4,0xff,0xff,0xff,0x48,0x39,0xd8,0x0f,0x8d,0x46,0xfb,0xff,
    0xff,0x48,0x8b,0x04,0x24,0x48,0x8b,0xb8,0x80,0x00,0x00,0x00,0x8b,0x15,0x06,0xdf,
    0x13,0x02,0xe9,0x56,0xf8,0xff,0xff,0x4c,0x89,0xef,0x41,0xbd,0xfe,0xff,0xff,0xff,
    0xe9,0x95,0xf7,0xff,0xff,0x65,0x48,0x8b,0x1d,0x9b,0xf9,0x98,0x02,0x4d,0x89,0xf4,
    0x4c,0x8b,0x73,0x38,0x48,0xc7,0x43,0x38,0xb0,0x18,0x0b,0x84,0x48,0x8b,0x3d,0xfd,
    0x7e,0xc9,0x00,0xbe,0xc0,0x0d,0x00,0x00,0xe8,0x43,0x97,0x01,0x00,0x49,0x89,0xc5,
    0x4c,0x89,0x73,0x38,0x4d,0x89,0xe6,0xe9,0x38,0xf8,0xff,0xff,0x48,0x8b,0x3d,0xd5,
    0x7e,0xc9,0x00,0x4c,0x89,0xe6,0xe8,0xf5,0x67,0x02,0x00,0xe9,0x1b,0xf9,0xff,0xff,
    0x49,0x8b,0x87,0x80,0x00,0x00,0x00,0x48,0x83,0x78,0x08,0x00,0x0f,0x85,0x19,0xf9,
    0xff,0xff,0x48,0x8b,0x0d,0x37,0xc4,0xf9,0x01,0x48,0x89,0x48,0x08,0x48,0x89,0x05,
    0x2c,0xc4,0xf9,0x01,0xe9,0x02,0xf9,0xff,0xff,0xbe,0x02,0x00,0x00,0x00,0x48,0x8b,
    0x04,0x24,0x48,0x8d,0xb8,0xa4,0x00,0x00,0x00,0xe8,0x12,0x15,0x31,0xff,0xe9,0xad,
    0xf9,0xff,0xff,0x4c,0x89,0xef,0xe8,0x05,0x6c,0x58,0xff,0x48,0x8b,0x3c,0x24,0x4c,
    0x89,0xee,0xe8,0x39,0x66,0xfa,0xff,0xe9,0xef,0xfe,0xff,0xff,0x4c,0x89,0xff,0xe8,
    0x1c,0x11,0x3d,0x00,0xe9,0x32,0xf8,0xff,0xff,0xbd,0x45,0x01,0x00,0x00,0xe9,0xfb,
    0xf9,0xff,0xff,0x65,0x4c,0x8b,0x25,0xdd,0xf8,0x98,0x02,0x49,0x8b,0x44,0x24,0x38,
    0x48,0x89,0x44,0x24,0x48,0x49,0xc7,0x44,0x24,0x38,0xd8,0x18,0x0b,0x84,0x48,0x8b,
    0x3d,0x33,0x7e,0xc9,0x00,0xbe,0xc0,0x0d,0x00,0x00,0xe8,0x81,0x96,0x01,0x00,0x49,
    0x89,0xc6,0x48,0x8b,0x44,0x24,0x48,0x49,0x89,0x44,0x24,0x38,0xe9,0x03,0xf8,0xff,
    0xff,0xa9,0xe2,0xff,0xff,0x4f,0x0f,0x85,0xf2,0x00,0x00,0x00,0x49,0x81,0x7f,0x08,
    0x10,0xbf,0xa5,0x82,0xe9,0xf7,0xfd,0xff,0xff,0x48,0x85,0xc0,0x4c,0x8b,0x2c,0x24,
    0x0f,0x85,0xf8,0xfa,0xff,0xff,0x4c,0x89,0xe7,0xe8,0x72,0x6b,0x58,0xff,0xe9,0xeb,
    0xfa,0xff,0xff,0x4c,0x89,0xe7,0xe8,0xa5,0x6b,0x58,0xff,0xe9,0xde,0xfa,0xff,0xff,
    0xb0,0x01,0xe9,0xf7,0xfa,0xff,0xff,0xbd,0x45,0x01,0x00,0x00,0xe9,0x27,0xfb,0xff,
    0xff,0x49,0x8d,0x7d,0x18,0xbe,0x03,0x00,0x00,0x00,0xba,0x01,0x00,0x00,0x00,0x31,
    0xc9,0xe8,0x9a,0x1f,0xfa,0xff,0xe9,0x86,0xfb,0xff,0xff,0xe8,0xe0,0xab,0x3c,0x00,
    0x85,0xc0,0x0f,0x85,0x1d,0xfc,0xff,0xff,0xe9,0xd1,0xfd,0xff,0xff,0x41,0xbd,0xd8,
    0xff,0xff,0xff,0x65,0xff,0x05,0x2e,0xf8,0x98,0x02,0x48,0x8b,0x1d,0x0f,0xc3,0xf9,
    0x01,0x48,0x83,0xfb,0xff,0x74,0x4b,0x48,0x8b,0x43,0x08,0x48,0x89,0x05,0xfe,0xc2,
    0xf9,0x01,0x4c,0x8b,0x33,0x4d,0x85,0xf6,0x74,0x22,0x49,0x8b,0x7e,0xe0,0xe8,0x5d,
    0x0f,0x3d,0x00,0x4c,0x8b,0x23,0x48,0xc7,0x43,0x08,0x00,0x00,0x00,0x00,0x49,0x8b,
    0x7e,0xe0,0xe8,0x09,0x10,0x3d,0x00,0x4d,0x85,0xe4,0x75,0xbe,0x48,0x85,0xdb,0x74,
    0xb9,0x48,0x8b,0x3d,0x40,0x7d,0xc9,0x00,0x48,0x89,0xde,0xe8,0x60,0x66,0x02,0x00,
    0xeb,0xa8,0x65,0xff,0x0d,0xcf,0xf7,0x98,0x02,0x74,0x60,0x48,0xff,0x05,0xbe,0x6e,
    0xc1,0x02,0x48,0xc7,0xc7,0x28,0x97,0xbc,0x84,0xe8,0x22,0xa9,0x3c,0x00,0x48,0x8b,
    0x44,0x24,0x10,0xe9,0xa7,0xf5,0xff,0xff,0x48,0x8b,0x3c,0x24,0xe8,0x3f,0xab,0x3c,
    0x00,0x85,0xc0,0x74,0x3d,0xc7,0x44,0x24,0x0c,0x00,0x00,0x00,0x00,0x4c,0x8b,0x2c,
    0x24,0xe9,0x00,0xf5,0xff,0xff,0xe8,0x05,0x31,0x0d,0x00,0xe9,0xbc,0xfc,0xff,0xff,
    0x48,0x8b,0x3c,0x24,0x4c,0x89,0xee,0xe8,0xa4,0x64,0xfa,0xff,0x41,0xbd,0xea,0xff,
    0xff,0xff,0x48,0x8b,0x3c,0x24,0xe9,0x4f,0xf5,0xff,0xff,0xe8,0xe0,0x30,0x0d,0x00,
    0xeb,0x99,0x41,0xbd,0xf5,0xff,0xff,0xff,0xe9,0x26,0xff,0xff,0xff,
};
/* Full exact installed __sys_recvmsg body, including the marshaling/return branch. */
static const unsigned char ap_copy_image_helper___sys_recvmsg[]={
    0x0f,0x1f,0x44,0x00,0x00,0x55,0x41,0x57,0x41,0x56,0x41,0x54,0x53,0x48,0x83,0xec,
    0x68,0x85,0xd2,0x0f,0x98,0xc0,0x84,0xc8,0x75,0x64,0x89,0xd5,0x49,0x89,0xf4,0xe8,
    0x1c,0x85,0x1d,0x00,0x48,0x85,0xc0,0x74,0x5e,0x49,0x89,0xc6,0x49,0x89,0xc7,0x49,
    0x83,0xe7,0xfc,0x48,0xc7,0xc3,0xa8,0xff,0xff,0xff,0x49,0x81,0x7f,0x08,0x50,0x0d,
    0xbc,0x82,0x75,0x1c,0x49,0x8b,0x7f,0x18,0x48,0x85,0xff,0x74,0x13,0x48,0x89,0xe2,
    0x4c,0x89,0xe6,0x89,0xe9,0x45,0x31,0xc0,0xe8,0xc3,0x22,0x29,0x00,0x48,0x63,0xd8,
    0x41,0xf6,0xc6,0x01,0x74,0x08,0x4c,0x89,0xff,0xe8,0x62,0x88,0x1d,0x00,0x48,0x89,
    0xd8,0x48,0x83,0xc4,0x68,0x5b,0x41,0x5c,0x41,0x5e,0x41,0x5f,0x5d,0xc3,0x48,0xc7,
    0xc3,0xea,0xff,0xff,0xff,0xeb,0xe7,0x48,0xc7,0xc3,0xf7,0xff,0xff,0xff,0xeb,0xde,
};
/* Full exact installed ___sys_recvmsg body, including the marshaling/return branch. */
static const unsigned char ap_copy_image_helper____sys_recvmsg[]={
    0x0f,0x1f,0x44,0x00,0x00,0x55,0x48,0x89,0xe5,0x41,0x57,0x41,0x56,0x41,0x55,0x41,
    0x54,0x53,0x48,0x83,0xe4,0xf0,0x48,0x81,0xec,0xe0,0x00,0x00,0x00,0x44,0x89,0xc3,
    0x41,0x89,0xce,0x49,0x89,0xd4,0x49,0x89,0xf7,0x48,0x8d,0x44,0x24,0x50,0x48,0x89,
    0x44,0x24,0x08,0x85,0xc9,0x48,0x89,0x7c,0x24,0x10,0x0f,0x88,0x25,0x01,0x00,0x00,
    0x48,0x8d,0x7c,0x24,0x18,0xba,0x38,0x00,0x00,0x00,0x4c,0x89,0xfe,0xe8,0x6e,0x6d,
    0xf4,0xff,0x48,0x85,0xc0,0x0f,0x85,0x24,0x01,0x00,0x00,0x41,0x0f,0xb6,0x44,0x24,
    0x40,0x24,0xfc,0xfe,0xc0,0x41,0x88,0x44,0x24,0x40,0x48,0x8b,0x44,0x24,0x38,0x49,
    0x89,0x44,0x24,0x38,0x48,0x8b,0x44,0x24,0x40,0x49,0x89,0x44,0x24,0x48,0x8b,0x44,
    0x24,0x48,0x41,0x89,0x44,0x24,0x44,0x8b,0x4c,0x24,0x20,0x48,0x8b,0x44,0x24,0x18,
    0x31,0xd2,0x48,0x85,0xc0,0x0f,0x45,0xd1,0x41,0x89,0x54,0x24,0x08,0x85,0xd2,0x0f,
    0x88,0xb6,0x00,0x00,0x00,0x81,0xfa,0x80,0x00,0x00,0x00,0x0f,0x87,0xd8,0x00,0x00,
    0x00,0x48,0x85,0xc0,0x0f,0x94,0xc2,0x48,0x89,0x04,0x24,0x85,0xc9,0x0f,0x94,0xc0,
    0x08,0xd0,0x74,0x11,0x49,0xc7,0x04,0x24,0x00,0x00,0x00,0x00,0x41,0xc7,0x44,0x24,
    0x08,0x00,0x00,0x00,0x00,0x41,0x89,0xdd,0x48,0x8b,0x54,0x24,0x30,0x48,0x81,0xfa,
    0x00,0x04,0x00,0x00,0x0f,0x87,0xba,0x00,0x00,0x00,0x49,0xc7,0x44,0x24,0x58,0x00,
    0x00,0x00,0x00,0x49,0xc7,0x44,0x24,0x50,0x00,0x00,0x00,0x00,0x48,0x8b,0x74,0x24,
    0x28,0x4d,0x8d,0x4c,0x24,0x10,0x4c,0x8d,0x44,0x24,0x08,0x31,0xff,0xb9,0x08,0x00,
    0x00,0x00,0xe8,0xd9,0x6e,0xf4,0xff,0x48,0x89,0xc3,0x48,0xc1,0xfb,0x3f,0x21,0xc3,
    0x85,0xdb,0x78,0x26,0x48,0x8b,0x0c,0x24,0x48,0x8b,0x7c,0x24,0x10,0x4c,0x89,0xe6,
    0x4c,0x89,0xfa,0x45,0x89,0xf0,0x45,0x89,0xe9,0xe8,0x82,0x1c,0x00,0x00,0x89,0xc3,
    0x48,0x8b,0x7c,0x24,0x08,0xe8,0xd6,0xf3,0xf6,0xff,0x89,0xd8,0x48,0x8d,0x65,0xd8,
    0x5b,0x41,0x5c,0x41,0x5d,0x41,0x5e,0x41,0x5f,0x5d,0xc3,0x41,0x89,0xdd,0xbb,0xea,
    0xff,0xff,0xff,0xeb,0xbb,0x41,0x89,0xdd,0x48,0x89,0xe2,0x48,0x8d,0x4c,0x24,0x08,
    0x4c,0x89,0xe7,0x4c,0x89,0xfe,0xe8,0xd5,0x49,0xdc,0xff,0x89,0xc3,0xeb,0xa1,0x41,
    0x89,0xdd,0xbb,0xf2,0xff,0xff,0xff,0xeb,0x97,0x41,0xc7,0x44,0x24,0x08,0x80,0x00,
    0x00,0x00,0x48,0x89,0x04,0x24,0x48,0x85,0xc0,0x0f,0x84,0x25,0xff,0xff,0xff,0xe9,
    0x31,0xff,0xff,0xff,0xbb,0xa6,0xff,0xff,0xff,0xe9,0x72,0xff,0xff,0xff,
};
/* Full exact installed ____sys_recvmsg body, including the marshaling/return branch. */
static const unsigned char ap_copy_image_helper_____sys_recvmsg[]={
    0x0f,0x1f,0x44,0x00,0x00,0x55,0x41,0x57,0x41,0x56,0x41,0x55,0x41,0x54,0x53,0x48,
    0x81,0xec,0x98,0x00,0x00,0x00,0x44,0x89,0xc5,0x49,0x89,0xd6,0x49,0x89,0xf7,0x49,
    0x89,0xfd,0x45,0x85,0xc0,0x0f,0x88,0x5b,0x01,0x00,0x00,0xb8,0x08,0x00,0x00,0x00,
    0x48,0x89,0x04,0x24,0x48,0x89,0x4c,0x24,0x08,0x48,0x8d,0x44,0x24,0x18,0x49,0x89,
    0x07,0x49,0x8b,0x47,0x38,0x48,0x89,0x44,0x24,0x10,0x89,0xe8,0x25,0x00,0x00,0x00,
    0xc0,0x41,0x89,0x47,0x44,0x41,0xc7,0x47,0x08,0x00,0x00,0x00,0x00,0x49,0x8b,0x45,
    0x10,0x44,0x8b,0x60,0x28,0x41,0xc1,0xec,0x05,0x41,0x83,0xe4,0x40,0x41,0x09,0xec,
    0x45,0x85,0xc9,0x0f,0x85,0xd5,0x00,0x00,0x00,0x41,0x8b,0x57,0x28,0x0f,0x1f,0x44,
    0x00,0x00,0x0f,0x1f,0x44,0x00,0x00,0x0f,0x1f,0x44,0x00,0x00,0x0f,0x1f,0x44,0x00,
    0x00,0x49,0x8b,0x45,0x20,0x49,0x8b,0x57,0x28,0x4c,0x89,0xef,0x4c,0x89,0xfe,0x44,
    0x89,0xe1,0xff,0x90,0x98,0x00,0x00,0x00,0x89,0xc3,0x0f,0x1f,0x44,0x00,0x00,0x41,
    0x89,0xdd,0x85,0xdb,0x78,0x61,0x48,0x8b,0x54,0x24,0x08,0x48,0x85,0xd2,0x75,0x6c,
    0xb8,0xff,0xff,0xff,0x7f,0x41,0x23,0x47,0x44,0xb9,0x30,0x00,0x00,0x00,0x85,0xed,
    0x0f,0x88,0x2b,0x01,0x00,0x00,0x4c,0x01,0xf1,0xe8,0xb2,0xa4,0x03,0x00,0x48,0x89,
    0xc8,0x48,0xc1,0xe0,0x20,0x0f,0x85,0x96,0x00,0x00,0x00,0x49,0x8b,0x47,0x38,0x48,
    0x2b,0x44,0x24,0x10,0x85,0xed,0x0f,0x88,0x0f,0x01,0x00,0x00,0x49,0x83,0xc6,0x28,
    0x4c,0x89,0xf1,0xe8,0xb8,0xa4,0x03,0x00,0x48,0x89,0xe0,0x48,0x89,0xc4,0x48,0x89,
    0xc8,0x48,0xc1,0xe0,0x20,0x75,0x6a,0x44,0x89,0xe8,0x48,0x81,0xc4,0x98,0x00,0x00,
    0x00,0x5b,0x41,0x5c,0x41,0x5d,0x41,0x5e,0x41,0x5f,0x5d,0xc3,0x48,0x8b,0x0c,0x24,
    0x4c,0x01,0xf1,0x41,0x8b,0x77,0x08,0x48,0x8d,0x7c,0x24,0x18,0xe8,0x7f,0xdf,0xff,
    0xff,0x85,0xc0,0x0f,0x89,0x77,0xff,0xff,0xff,0x41,0x89,0xc5,0xeb,0xc9,0x49,0x8b,
    0x45,0x20,0x49,0x8b,0x57,0x28,0x4c,0x89,0xef,0x4c,0x89,0xfe,0x44,0x89,0xe1,0xff,
    0x90,0x98,0x00,0x00,0x00,0x89,0xc3,0x66,0x90,0xe9,0x41,0xff,0xff,0xff,0x49,0x8b,
    0x7d,0x18,0x89,0xde,0x44,0x89,0xe2,0xe8,0x54,0xc9,0xd6,0xff,0xe9,0x2e,0xff,0xff,
    0xff,0x4c,0x63,0xe9,0xeb,0x91,0xb8,0x04,0x00,0x00,0x00,0xe9,0xa0,0xfe,0xff,0xff,
    0x4c,0x89,0xef,0x4c,0x89,0xfe,0x89,0xd3,0x44,0x89,0xe1,0xe8,0x98,0xd3,0x31,0x00,
    0x89,0xda,0x85,0xc0,0x0f,0x84,0xd8,0xfe,0xff,0xff,0xeb,0x4e,0x4c,0x89,0xef,0x4c,
    0x89,0xfe,0x89,0xd3,0x44,0x89,0xe1,0xe8,0x84,0xd3,0x31,0x00,0x89,0xda,0x85,0xc0,
    0x0f,0x84,0xc1,0xfe,0xff,0xff,0xeb,0x32,0x4c,0x89,0xef,0x4c,0x89,0xfe,0x89,0xd3,
    0x44,0x89,0xe1,0xe8,0x70,0xd3,0x31,0x00,0x89,0xda,0x85,0xc0,0x0f,0x84,0xaa,0xfe,
    0xff,0xff,0xeb,0x16,0x4c,0x89,0xef,0x4c,0x89,0xfe,0x44,0x89,0xe1,0xe8,0x5e,0xd3,
    0x31,0x00,0x85,0xc0,0x0f,0x84,0x97,0xfe,0xff,0xff,0x89,0xc3,0xe9,0xae,0xfe,0xff,
    0xff,0xb9,0x18,0x00,0x00,0x00,0xe9,0xcb,0xfe,0xff,0xff,0x49,0x83,0xc6,0x14,0x4c,
    0x89,0xf1,0xe8,0x79,0xa3,0x03,0x00,0xe9,0xec,0xfe,0xff,0xff,
};
/* Full exact installed inet_recvmsg body, including the marshaling/return branch. */
static const unsigned char ap_copy_image_helper_inet_recvmsg[]={
    0x0f,0x1f,0x44,0x00,0x00,0x48,0x8b,0x7f,0x18,0xf7,0xc1,0x00,0x20,0x00,0x00,0x75,
    0x02,0x66,0x90,0x48,0x8b,0x47,0x28,0x48,0x8b,0x40,0x70,0xff,0xe0,0x8a,0x47,0x12,
    0x3c,0x01,0x75,0xef,0x44,0x8b,0x87,0x84,0x00,0x00,0x00,0x45,0x85,0xc0,0x74,0xe3,
    0x89,0xc8,0x65,0xff,0x05,0x2f,0xc2,0x5e,0x02,0x48,0x8b,0x0d,0x28,0x3d,0x2b,0x01,
    0x48,0x85,0xc9,0x74,0x38,0x41,0xb9,0xff,0xff,0xff,0xff,0x41,0xd3,0xe1,0x41,0xf7,
    0xd1,0x45,0x21,0xc1,0x44,0x8b,0x15,0x15,0x3d,0x2b,0x01,0x41,0xf7,0xd2,0x45,0x21,
    0xc2,0x65,0x44,0x8b,0x05,0x03,0xc2,0x5e,0x02,0x45,0x09,0xd0,0x48,0x83,0xe1,0xe0,
    0x46,0x8b,0x14,0x89,0x45,0x39,0xc2,0x74,0x04,0x46,0x89,0x04,0x89,0x65,0xff,0x0d,
    0xe4,0xc1,0x5e,0x02,0x89,0xc1,0x75,0x8b,0xe8,0x53,0xfb,0xd2,0xff,0xeb,0x84,
};
/* Full exact installed inet6_recvmsg body, including the marshaling/return branch. */
static const unsigned char ap_copy_image_helper_inet6_recvmsg[]={
    0x0f,0x1f,0x44,0x00,0x00,0x48,0x8b,0x7f,0x18,0xf7,0xc1,0x00,0x20,0x00,0x00,0x75,
    0x02,0x66,0x90,0x48,0x8b,0x47,0x28,0x48,0x8b,0x40,0x70,0xff,0xe0,0x8a,0x47,0x12,
    0x3c,0x01,0x75,0xef,0x44,0x8b,0x87,0x84,0x00,0x00,0x00,0x45,0x85,0xc0,0x74,0xe3,
    0x89,0xc8,0x65,0xff,0x05,0x4f,0xfb,0x8e,0x02,0x48,0x8b,0x0d,0x48,0x76,0x5b,0x01,
    0x48,0x85,0xc9,0x74,0x38,0x41,0xb9,0xff,0xff,0xff,0xff,0x41,0xd3,0xe1,0x41,0xf7,
    0xd1,0x45,0x21,0xc1,0x44,0x8b,0x15,0x35,0x76,0x5b,0x01,0x41,0xf7,0xd2,0x45,0x21,
    0xc2,0x65,0x44,0x8b,0x05,0x23,0xfb,0x8e,0x02,0x45,0x09,0xd0,0x48,0x83,0xe1,0xe0,
    0x46,0x8b,0x14,0x89,0x45,0x39,0xc2,0x74,0x04,0x46,0x89,0x04,0x89,0x65,0xff,0x0d,
    0x04,0xfb,0x8e,0x02,0x89,0xc1,0x75,0x8b,0xe8,0x73,0x34,0x03,0x00,0xeb,0x84,
};
/* Full exact installed unix_stream_recvmsg body, including the marshaling/return branch. */
static const unsigned char ap_copy_image_helper_unix_stream_recvmsg[]={
    0x0f,0x1f,0x44,0x00,0x00,0x48,0x83,0xec,0x30,0x48,0xc7,0x04,0x24,0x80,0xac,0x15,
    0x82,0x48,0x89,0x7c,0x24,0x08,0x48,0x89,0x74,0x24,0x10,0x48,0xc7,0x44,0x24,0x18,
    0x00,0x00,0x00,0x00,0x48,0x89,0x54,0x24,0x20,0x89,0x4c,0x24,0x28,0xc7,0x44,0x24,
    0x2c,0x00,0x00,0x00,0x00,0x48,0x8b,0x7f,0x18,0x48,0x8b,0x47,0x28,0x48,0x3d,0x28,
    0xdd,0x03,0x84,0x75,0x12,0x48,0x89,0xe7,0xbe,0x01,0x00,0x00,0x00,0xe8,0x1e,0x00,
    0x00,0x00,0x48,0x83,0xc4,0x30,0xc3,0x48,0x8b,0x40,0x70,0x48,0x83,0xc4,0x30,0xff,
    0xe0,
};
/* Full exact installed unix_stream_read_generic body, including the marshaling/return branch. */
static const unsigned char ap_copy_image_helper_unix_stream_read_generic[]={
    0x0f,0x1f,0x44,0x00,0x00,0x55,0x41,0x57,0x41,0x56,0x41,0x55,0x41,0x54,0x53,0x48,
    0x81,0xec,0xc0,0x00,0x00,0x00,0x89,0x74,0x24,0x78,0x44,0x8b,0x67,0x28,0x48,0x8b,
    0x57,0x08,0x48,0x8b,0x4f,0x10,0x4c,0x8b,0x72,0x18,0x48,0x89,0xbc,0x24,0x80,0x00,
    0x00,0x00,0x48,0x8b,0x77,0x20,0x41,0x0f,0xb6,0x46,0x12,0x3c,0x01,0x0f,0x85,0x1d,
    0x09,0x00,0x00,0x41,0xf6,0xc4,0x01,0x0f,0x85,0x1e,0x09,0x00,0x00,0x41,0xf7,0xc4,
    0x00,0x01,0x00,0x00,0x0f,0x85,0x2f,0x09,0x00,0x00,0x41,0x8b,0x86,0x18,0x01,0x00,
    0x00,0x39,0xf0,0x0f,0x4d,0xc6,0x83,0xf8,0x01,0x83,0xd0,0x00,0x41,0xf6,0xc4,0x40,
    0x48,0x89,0x94,0x24,0x90,0x00,0x00,0x00,0x89,0x44,0x24,0x7c,0x0f,0x84,0xa0,0x03,
    0x00,0x00,0x48,0xc7,0x44,0x24,0x40,0x00,0x00,0x00,0x00,0x48,0xc7,0x44,0x24,0x60,
    0x00,0x00,0x00,0x00,0x48,0xc7,0x44,0x24,0x58,0x00,0x00,0x00,0x00,0x48,0xc7,0x44,
    0x24,0x50,0x00,0x00,0x00,0x00,0x48,0xc7,0x44,0x24,0x48,0x00,0x00,0x00,0x00,0x49,
    0x8d,0xbe,0x40,0x03,0x00,0x00,0x49,0x8d,0x86,0x88,0x03,0x00,0x00,0x48,0x89,0x44,
    0x24,0x20,0x49,0x8d,0x86,0xa8,0x00,0x00,0x00,0x48,0x89,0x44,0x24,0x30,0x49,0x8d,
    0x86,0xbc,0x00,0x00,0x00,0x48,0x89,0x44,0x24,0x68,0x48,0x89,0x4c,0x24,0x10,0x48,
    0x8d,0x41,0x08,0x48,0x89,0x84,0x24,0x88,0x00,0x00,0x00,0xc7,0x44,0x24,0x0c,0x00,
    0x00,0x00,0x00,0x45,0x31,0xff,0x4c,0x89,0x34,0x24,0x44,0x89,0x64,0x24,0x1c,0x48,
    0x89,0x7c,0x24,0x70,0x48,0x89,0x74,0x24,0x38,0xe8,0xd2,0x2e,0x22,0x00,0x31,0xc9,
    0x41,0xf6,0xc4,0x02,0x0f,0x85,0x79,0x03,0x00,0x00,0x85,0xc9,0xb8,0x00,0x00,0x00,
    0x00,0x0f,0x4e,0xc8,0x89,0x4c,0x24,0x28,0x48,0x8b,0x6c,0x24,0x10,0x48,0x8b,0x7c,
    0x24,0x20,0xe8,0xc9,0x94,0x22,0x00,0x49,0x8b,0x46,0x60,0xa8,0x01,0x0f,0x85,0x95,
    0x03,0x00,0x00,0x48,0x8b,0x44,0x24,0x30,0x48,0x8b,0x28,0x48,0x39,0xc5,0x48,0x8b,
    0x5c,0x24,0x38,0x0f,0x84,0x94,0x03,0x00,0x00,0x48,0x85,0xed,0x8b,0x54,0x24,0x28,
    0x0f,0x84,0x87,0x03,0x00,0x00,0x49,0x89,0xed,0x8b,0x45,0x70,0x3b,0x45,0x44,0x0f,
    0x84,0xf3,0x03,0x00,0x00,0x49,0x3b,0xae,0x40,0x04,0x00,0x00,0x0f,0x84,0xe6,0x03,
    0x00,0x00,0x49,0x89,0xec,0x89,0xd0,0x48,0x8b,0x6c,0x24,0x10,0x89,0x54,0x24,0x28,
    0x4d,0x89,0xe5,0x41,0x8b,0x4c,0x24,0x70,0x41,0x2b,0x4c,0x24,0x44,0x29,0xc8,0x0f,
    0x83,0x73,0x06,0x00,0x00,0x48,0x8b,0x7c,0x24,0x20,0xe8,0x11,0x95,0x22,0x00,0x41,
    0xf6,0xc7,0x01,0x0f,0x85,0x87,0x00,0x00,0x00,0x41,0xf6,0x86,0xa4,0x02,0x00,0x00,
    0x05,0x0f,0x85,0xe9,0x00,0x00,0x00,0x45,0x31,0xff,0x48,0x85,0xed,0x74,0x20,0x48,
    0x83,0x7d,0x00,0x00,0x74,0x19,0x49,0x8b,0x45,0x18,0x48,0x8b,0xb0,0x28,0x03,0x00,
    0x00,0x48,0x85,0xf6,0x0f,0x85,0xa6,0x00,0x00,0x00,0x0f,0x1f,0x44,0x00,0x00,0x41,
    0x8b,0x55,0x70,0x41,0x8b,0x45,0x44,0x8b,0x74,0x24,0x28,0x01,0xf0,0x29,0xc2,0x39,
    0xda,0x0f,0x43,0xd3,0x4c,0x89,0xef,0x48,0x8b,0x8c,0x24,0x80,0x00,0x00,0x00,0xff,
    0x11,0x85,0xc0,0x0f,0x88,0xe8,0x05,0x00,0x00,0x41,0x89,0xc4,0x01,0x44,0x24,0x0c,
    0x89,0xc0,0x48,0x29,0xc3,0xf6,0x44,0x24,0x1c,0x02,0x48,0x8b,0x54,0x24,0x68,0x0f,
    0x84,0xdb,0x00,0x00,0x00,0xe9,0xf9,0x01,0x00,0x00,0x66,0x0f,0x1f,0x44,0x00,0x00,
    0x49,0x8b,0x45,0x28,0x45,0x31,0xe4,0x48,0x3b,0x44,0x24,0x48,0x0f,0x85,0x67,0x01,
    0x00,0x00,0x41,0x8b,0x45,0x30,0x3b,0x44,0x24,0x5c,0x0f,0x85,0x59,0x01,0x00,0x00,
    0x41,0x8b,0x45,0x34,0x3b,0x44,0x24,0x60,0x0f,0x85,0x4b,0x01,0x00,0x00,0x8b,0x44,
    0x24,0x64,0x41,0xb7,0x01,0x41,0x3b,0x45,0x40,0x0f,0x84,0x4b,0xff,0xff,0xff,0xe9,
    0x35,0x01,0x00,0x00,0x66,0x66,0x66,0x2e,0x0f,0x1f,0x84,0x00,0x00,0x00,0x00,0x00,
    0x48,0x63,0x56,0x04,0x89,0x55,0x08,0x48,0x8b,0x7d,0x00,0x48,0x83,0xc6,0x08,0xe8,
    0xcc,0xfd,0x20,0x00,0xe9,0x41,0xff,0xff,0xff,0x0f,0x1f,0x80,0x00,0x00,0x00,0x00,
    0x49,0x8b,0x7d,0x28,0x41,0x8b,0x6d,0x30,0x45,0x8b,0x65,0x34,0x48,0x85,0xff,0x74,
    0x1c,0xb8,0x01,0x00,0x00,0x00,0xf0,0x0f,0xc1,0x07,0x85,0xc0,0x0f,0x84,0x0c,0x07,
    0x00,0x00,0x8d,0x48,0x01,0x09,0xc1,0x0f,0x88,0x0b,0x07,0x00,0x00,0x48,0x89,0x7c,
    0x24,0x48,0xe8,0x59,0x0d,0x00,0x00,0x89,0x44,0x24,0x58,0x89,0x6c,0x24,0x5c,0x44,
    0x89,0x64,0x24,0x60,0x41,0x8b,0x45,0x40,0x89,0x44,0x24,0x64,0x41,0xb7,0x01,0x48,
    0x8b,0x6c,0x24,0x10,0xe9,0xc1,0xfe,0xff,0xff,0x0f,0x1f,0x80,0x00,0x00,0x00,0x00,
    0x45,0x01,0x65,0x44,0x41,0x8b,0x86,0x8c,0x00,0x00,0x00,0x85,0xc0,0x0f,0x89,0xa9,
    0x05,0x00,0x00,0x49,0x8b,0x7d,0x38,0x48,0x85,0xff,0x0f,0x85,0x6f,0x01,0x00,0x00,
    0x48,0x89,0x5c,0x24,0x38,0x44,0x89,0xfb,0x48,0x89,0xd7,0x49,0x89,0xd7,0xe8,0xbd,
    0x92,0x22,0x00,0x45,0x29,0xa6,0x38,0x04,0x00,0x00,0x41,0x8b,0x45,0x70,0x41,0x3b,
    0x45,0x44,0x75,0x5a,0x41,0xff,0x8e,0xb8,0x00,0x00,0x00,0x49,0x8b,0x45,0x00,0x49,
    0x8b,0x4d,0x08,0x49,0xc7,0x45,0x00,0x00,0x00,0x00,0x00,0x49,0xc7,0x45,0x08,0x00,
    0x00,0x00,0x00,0x48,0x89,0x48,0x08,0x48,0x89,0x01,0x4c,0x89,0xff,0xe8,0x3e,0x93,
    0x22,0x00,0x4c,0x89,0xef,0xe8,0xb6,0x07,0x00,0x00,0x45,0x31,0xe4,0x48,0x83,0x7c,
    0x24,0x50,0x00,0x0f,0x85,0x83,0x00,0x00,0x00,0x48,0x83,0x7c,0x24,0x38,0x00,0x41,
    0x89,0xdf,0x4c,0x8b,0x34,0x24,0x0f,0x85,0x81,0xfd,0xff,0xff,0xeb,0x0b,0x4c,0x89,
    0xff,0xe8,0x0a,0x93,0x22,0x00,0x45,0x31,0xe4,0x48,0x8b,0x7c,0x24,0x70,0xe8,0x4d,
    0x2c,0x22,0x00,0x48,0x85,0xed,0x0f,0x84,0x07,0x04,0x00,0x00,0x41,0x0f,0xb6,0x9e,
    0x3c,0x04,0x00,0x00,0x48,0x8d,0x54,0x24,0x48,0x48,0x8b,0xbc,0x24,0x90,0x00,0x00,
    0x00,0x48,0x89,0xee,0x8b,0x4c,0x24,0x1c,0xe8,0xf3,0x0c,0x00,0x00,0x0f,0xb6,0x45,
    0x40,0xd0,0xe8,0x24,0x01,0x08,0xd8,0x0f,0x85,0x93,0x05,0x00,0x00,0x8b,0x44,0x24,
    0x0c,0x85,0xc0,0x44,0x0f,0x45,0xe0,0x44,0x89,0xe0,0x48,0x81,0xc4,0xc0,0x00,0x00,
    0x00,0x5b,0x41,0x5c,0x41,0x5d,0x41,0x5e,0x41,0x5f,0x5d,0xc3,0x4c,0x8b,0x34,0x24,
    0xeb,0x97,0x49,0x8b,0x86,0x10,0x01,0x00,0x00,0x48,0x89,0x44,0x24,0x40,0xe9,0x58,
    0xfc,0xff,0xff,0x49,0x8b,0x7d,0x38,0x48,0x85,0xff,0x0f,0x85,0x62,0x06,0x00,0x00,
    0x41,0x8b,0x86,0x8c,0x00,0x00,0x00,0x85,0xc0,0x0f,0x89,0x6a,0x06,0x00,0x00,0x49,
    0x83,0x7d,0x38,0x00,0x75,0x30,0x48,0x8b,0x7c,0x24,0x20,0xe8,0xa0,0x91,0x22,0x00,
    0x49,0x8b,0x6d,0x00,0x48,0x3b,0x6c,0x24,0x30,0x0f,0x95,0xc0,0x48,0x85,0xed,0x0f,
    0x95,0xc1,0x31,0xd2,0x84,0xc8,0x0f,0x85,0xed,0xfc,0xff,0xff,0x48,0x8b,0x7c,0x24,
    0x20,0xe8,0x3a,0x92,0x22,0x00,0x45,0x31,0xe4,0x48,0x8b,0x6c,0x24,0x10,0xe9,0x26,
    0xff,0xff,0xff,0x41,0x8b,0x8e,0x8c,0x00,0x00,0x00,0xe9,0x7b,0xfc,0xff,0xff,0x0f,
    0xbf,0x07,0x85,0xc0,0x74,0x11,0xf0,0x41,0x29,0x86,0x28,0x04,0x00,0x00,0xe8,0xdd,
    0x6f,0x15,0x00,0x49,0x8b,0x7d,0x38,0x48,0x89,0x7c,0x24,0x50,0x49,0xc7,0x45,0x38,
    0x00,0x00,0x00,0x00,0x48,0x8b,0x7c,0x24,0x50,0xe8,0x42,0x6f,0x15,0x00,0x48,0x8b,
    0x54,0x24,0x68,0xe9,0x58,0xfe,0xff,0xff,0x41,0xbc,0x98,0xff,0xff,0xff,0x48,0x8b,
    0x7c,0x24,0x20,0xe8,0xd8,0x91,0x22,0x00,0xe9,0xcc,0xfe,0xff,0xff,0x44,0x89,0x7c,
    0x24,0x18,0x45,0x31,0xed,0x45,0x31,0xe4,0x8b,0x44,0x24,0x7c,0x39,0x44,0x24,0x0c,
    0x7c,0x0b,0x48,0x8b,0x6c,0x24,0x10,0x4c,0x8b,0x34,0x24,0xeb,0xd1,0x48,0x8b,0x04,
    0x24,0x83,0xb8,0x1c,0x01,0x00,0x00,0x00,0x75,0x37,0x48,0x8b,0x04,0x24,0xf6,0x80,
    0x57,0x02,0x00,0x00,0x01,0x75,0xdb,0x48,0x8b,0x7c,0x24,0x20,0xe8,0x8f,0x91,0x22,
    0x00,0x41,0xbc,0xf5,0xff,0xff,0xff,0x48,0x83,0x7c,0x24,0x40,0x00,0x0f,0x85,0xb6,
    0x00,0x00,0x00,0x48,0x8b,0x6c,0x24,0x10,0x4c,0x8b,0x34,0x24,0xe9,0x68,0xfe,0xff,
    0xff,0x31,0xc0,0x48,0x8b,0x0c,0x24,0x87,0x81,0x1c,0x01,0x00,0x00,0x85,0xc0,0x74,
    0xb9,0xf7,0xd8,0x41,0x89,0xc4,0xeb,0x9a,0x89,0x54,0x24,0x28,0x48,0x89,0x5c,0x24,
    0x38,0x44,0x89,0x7c,0x24,0x18,0x48,0x8b,0x7c,0x24,0x68,0xe8,0x80,0x90,0x22,0x00,
    0x8b,0x45,0x70,0x3b,0x45,0x44,0x0f,0x85,0xc8,0x02,0x00,0x00,0x83,0x7c,0x24,0x0c,
    0x00,0x74,0x2b,0x48,0x8b,0x04,0x24,0x48,0x8b,0x80,0x40,0x04,0x00,0x00,0x45,0x31,
    0xf6,0x48,0x85,0xc0,0x0f,0x84,0xc7,0x04,0x00,0x00,0xbb,0x00,0x00,0x00,0x00,0x41,
    0xbc,0x00,0x00,0x00,0x00,0x48,0x39,0xc5,0x0f,0x84,0xaf,0x02,0x00,0x00,0x48,0x8b,
    0x45,0x00,0xf6,0x44,0x24,0x1c,0x02,0x0f,0x85,0x61,0x03,0x00,0x00,0x48,0x8b,0x0c,
    0x24,0xff,0x89,0xb8,0x00,0x00,0x00,0x45,0x31,0xf6,0x48,0x8b,0x4d,0x00,0x48,0x8b,
    0x55,0x08,0x4c,0x89,0x75,0x00,0x4c,0x89,0x75,0x08,0x48,0x89,0x51,0x08,0x48,0x89,
    0x0a,0x48,0x89,0xeb,0xe9,0x42,0x03,0x00,0x00,0x0f,0xb6,0x6c,0x24,0x78,0xc1,0xe5,
    0x0d,0xff,0xc5,0x4c,0x8d,0xa4,0x24,0xb0,0x00,0x00,0x00,0x48,0x8b,0x7c,0x24,0x70,
    0xe8,0xfb,0x29,0x22,0x00,0x45,0x31,0xf6,0x4d,0x89,0x74,0x24,0xe8,0x65,0x48,0x8b,
    0x05,0x73,0x78,0x7e,0x02,0x48,0x89,0x44,0x24,0x28,0x49,0x89,0x44,0x24,0xf0,0x49,
    0xc7,0x44,0x24,0xf8,0x10,0x8c,0x05,0x82,0x4d,0x89,0x24,0x24,0x4d,0x89,0x64,0x24,
    0x08,0x48,0x8b,0x7c,0x24,0x20,0xe8,0xb5,0x8f,0x22,0x00,0x48,0x8b,0x1c,0x24,0x48,
    0x8b,0xbb,0x00,0x01,0x00,0x00,0x48,0x8d,0xb4,0x24,0x98,0x00,0x00,0x00,0x89,0xea,
    0xe8,0x9b,0x88,0xef,0xff,0x48,0x8b,0x83,0xb0,0x00,0x00,0x00,0x48,0x3b,0x44,0x24,
    0x30,0x49,0x0f,0x44,0xc6,0x4c,0x39,0xe8,0x0f,0x85,0xe1,0x00,0x00,0x00,0x4c,0x8d,
    0xb4,0x24,0x98,0x00,0x00,0x00,0x48,0x8b,0x04,0x24,0x83,0xb8,0x1c,0x01,0x00,0x00,
    0x00,0x0f,0x85,0xc8,0x00,0x00,0x00,0x48,0x8b,0x04,0x24,0xf6,0x80,0x57,0x02,0x00,
    0x00,0x01,0x0f,0x85,0xb7,0x00,0x00,0x00,0x48,0x8b,0x44,0x24,0x28,0x48,0xf7,0x00,
    0x04,0x00,0x00,0x00,0x0f,0x85,0xa5,0x00,0x00,0x00,0x48,0x8b,0x44,0x24,0x28,0x48,
    0xf7,0x00,0x02,0x00,0x00,0x00,0x0f,0x85,0x93,0x00,0x00,0x00,0x48,0x83,0x7c,0x24,
    0x40,0x00,0x0f,0x84,0x87,0x00,0x00,0x00,0x48,0x8b,0x04,0x24,0x48,0x8b,0x40,0x60,
    0x0f,0xba,0xe0,0x10,0x0f,0x82,0xe5,0x03,0x00,0x00,0x4c,0x8b,0x64,0x24,0x20,0x4c,
    0x89,0xe7,0xe8,0xc9,0x8f,0x22,0x00,0x48,0x8b,0x7c,0x24,0x40,0xe8,0xff,0x82,0x22,
    0x00,0x48,0x89,0x44,0x24,0x40,0x4c,0x89,0xe7,0xe8,0xf2,0x8e,0x22,0x00,0x48,0x8b,
    0x04,0x24,0x48,0x8b,0x40,0x60,0xa8,0x01,0x75,0x45,0x48,0x8b,0x04,0x24,0x48,0x8b,
    0x40,0x60,0x0f,0xba,0xe0,0x10,0x0f,0x82,0xb8,0x03,0x00,0x00,0x48,0x8b,0x1c,0x24,
    0x48,0x8b,0xbb,0x00,0x01,0x00,0x00,0x4c,0x89,0xf6,0x89,0xea,0xe8,0xbf,0x87,0xef,
    0xff,0x48,0x8b,0x83,0xb0,0x00,0x00,0x00,0x48,0x3b,0x44,0x24,0x30,0xb9,0x00,0x00,
    0x00,0x00,0x48,0x0f,0x45,0xc8,0x4c,0x39,0xe9,0x0f,0x84,0x27,0xff,0xff,0xff,0x4c,
    0x8b,0x34,0x24,0x49,0x8b,0xbe,0x00,0x01,0x00,0x00,0x48,0x8d,0xb4,0x24,0x98,0x00,
    0x00,0x00,0xe8,0x09,0x88,0xef,0xff,0x48,0x8b,0x7c,0x24,0x20,0xe8,0x3f,0x8f,0x22,
    0x00,0x48,0x8b,0x44,0x24,0x28,0x48,0xf7,0x00,0x04,0x00,0x00,0x00,0x44,0x8b,0x64,
    0x24,0x1c,0x48,0x8b,0x7c,0x24,0x70,0x44,0x8b,0x7c,0x24,0x18,0x48,0x8b,0x74,0x24,
    0x38,0x75,0x12,0x48,0x8b,0x44,0x24,0x28,0x48,0xf7,0x00,0x02,0x00,0x00,0x00,0x0f,
    0x84,0x4f,0xf9,0xff,0xff,0x48,0xb8,0xff,0xff,0xff,0xff,0xff,0xff,0xff,0x7f,0x48,
    0x39,0x44,0x24,0x40,0xb8,0x00,0xfe,0xff,0xff,0x41,0xbc,0xfc,0xff,0xff,0xff,0x44,
    0x0f,0x44,0xe0,0x48,0x8b,0x7c,0x24,0x48,0xe8,0xd3,0xe2,0xe7,0xff,0x48,0xc7,0x44,
    0x24,0x48,0x00,0x00,0x00,0x00,0x48,0x83,0x7c,0x24,0x50,0x00,0x0f,0x84,0x0b,0xfc,
    0xff,0xff,0x48,0x8d,0x7c,0x24,0x48,0xe8,0x84,0x0c,0x15,0xff,0xe9,0xfc,0xfb,0xff,
    0xff,0x8b,0x4c,0x24,0x0c,0x85,0xc9,0xb8,0xf2,0xff,0xff,0xff,0x0f,0x44,0xc8,0x89,
    0x4c,0x24,0x0c,0xe9,0x9e,0xfb,0xff,0xff,0x48,0x89,0x5c,0x24,0x38,0x44,0x89,0x7c,
    0x24,0x18,0x4d,0x8b,0x65,0x00,0x4c,0x3b,0x64,0x24,0x30,0x0f,0x84,0xc4,0xfc,0xff,
    0xff,0x89,0xc2,0x4d,0x85,0xe4,0x48,0x8b,0x6c,0x24,0x10,0x44,0x8b,0x7c,0x24,0x18,
    0x4c,0x8b,0x34,0x24,0x48,0x8b,0x5c,0x24,0x38,0x0f,0x85,0x3d,0xf9,0xff,0xff,0xe9,
    0xa1,0xfc,0xff,0xff,0x31,0xdb,0x48,0x8b,0x04,0x24,0x48,0x3b,0xa8,0x40,0x04,0x00,
    0x00,0x0f,0x84,0xb1,0x00,0x00,0x00,0x45,0x31,0xf6,0x49,0x89,0xec,0x48,0x8b,0x7c,
    0x24,0x68,0xe8,0x49,0x8e,0x22,0x00,0x48,0x89,0xdf,0xe8,0xc1,0x02,0x00,0x00,0x31,
    0xff,0x4c,0x89,0xf6,0xba,0x08,0x00,0x00,0x00,0xe8,0x72,0x8e,0xea,0xff,0x4d,0x85,
    0xe4,0x75,0x07,0x83,0x7c,0x24,0x0c,0x00,0x75,0x20,0x4d,0x85,0xe4,0x44,0x8b,0x7c,
    0x24,0x18,0x4c,0x8b,0x34,0x24,0x48,0x8b,0x5c,0x24,0x38,0x8b,0x54,0x24,0x28,0x0f,
    0x84,0x40,0xfc,0xff,0xff,0xe9,0xcb,0xf8,0xff,0xff,0x48,0x8b,0x7c,0x24,0x20,0xe8,
    0xfc,0x8d,0x22,0x00,0x45,0x31,0xe4,0xe9,0x77,0xfc,0xff,0xff,0x44,0x29,0xe0,0x31,
    0xc9,0x85,0xc0,0x0f,0x4f,0xc8,0x41,0x89,0x8e,0x8c,0x00,0x00,0x00,0xe9,0x41,0xfa,
    0xff,0xff,0x4c,0x89,0xf7,0x31,0xf6,0xe8,0x54,0xc6,0xe5,0xff,0x48,0x8b,0x75,0x00,
    0x4c,0x89,0xf7,0x48,0x8b,0x94,0x24,0x88,0x00,0x00,0x00,0xb9,0x12,0x00,0x00,0x00,
    0x45,0x31,0xc0,0x45,0x31,0xc9,0xe8,0x25,0x53,0xf6,0xff,0x4c,0x89,0xf7,0xe8,0x8d,
    0x9d,0xdf,0xff,0xe9,0xd7,0xf8,0xff,0xff,0x83,0x7c,0x24,0x0c,0x00,0x0f,0x84,0xe1,
    0x00,0x00,0x00,0x45,0x31,0xf6,0x45,0x31,0xe4,0xe9,0x3f,0xff,0xff,0xff,0x31,0xed,
    0x41,0xbe,0x00,0x00,0x00,0x00,0xbb,0x00,0x00,0x00,0x00,0x41,0xbc,0x00,0x00,0x00,
    0x00,0x48,0x3b,0x44,0x24,0x30,0x0f,0x84,0x21,0xff,0xff,0xff,0x48,0x85,0xc0,0x0f,
    0x84,0x0e,0x01,0x00,0x00,0x48,0x89,0xeb,0x48,0x89,0xc5,0xe9,0xf6,0xfe,0xff,0xff,
    0x41,0xbc,0xea,0xff,0xff,0xff,0xe9,0x9c,0xfa,0xff,0xff,0x48,0x8b,0xbc,0x24,0x80,
    0x00,0x00,0x00,0x48,0x81,0xc4,0xc0,0x00,0x00,0x00,0x5b,0x41,0x5c,0x41,0x5d,0x41,
    0x5e,0x41,0x5f,0x5d,0xe9,0x77,0xaa,0xd5,0xff,0x89,0xf0,0xe9,0xd6,0xf6,0xff,0xff,
    0x8b,0x44,0x24,0x0c,0x85,0xc0,0x41,0x0f,0x44,0xc4,0x85,0xc0,0x0f,0x88,0x5b,0xfa,
    0xff,0xff,0x48,0x8b,0x04,0x24,0x8b,0x80,0x38,0x04,0x00,0x00,0x48,0x8b,0x4c,0x24,
    0x10,0x89,0x41,0x0c,0x84,0xdb,0x0f,0x84,0x41,0xfa,0xff,0xff,0x48,0x8b,0x7c,0x24,
    0x10,0x4c,0x8d,0x47,0x0c,0xbe,0x01,0x00,0x00,0x00,0xba,0x54,0x00,0x00,0x00,0xb9,
    0x04,0x00,0x00,0x00,0xe8,0xc7,0x09,0x00,0x00,0xe9,0x1f,0xfa,0xff,0xff,0x49,0x89,
    0xfe,0xbe,0x02,0x00,0x00,0x00,0xeb,0x08,0x49,0x89,0xfe,0xbe,0x01,0x00,0x00,0x00,
    0x4c,0x89,0xf7,0xe8,0x98,0x90,0x16,0xff,0x4c,0x89,0xf7,0x4c,0x8b,0x34,0x24,0xe9,
    0xd9,0xf8,0xff,0xff,0xf6,0x44,0x24,0x1c,0x02,0x75,0x70,0x48,0x8b,0x04,0x24,0x48,
    0xc7,0x80,0x40,0x04,0x00,0x00,0x00,0x00,0x00,0x00,0x48,0xf7,0x40,0x60,0x04,0x00,
    0x00,0x00,0x0f,0x85,0x3f,0xfe,0xff,0xff,0x48,0x8b,0x34,0x24,0xff,0x8e,0xb8,0x00,
    0x00,0x00,0x48,0x8b,0x45,0x00,0x48,0x8b,0x4d,0x08,0x31,0xd2,0x48,0x89,0x55,0x00,
    0x48,0x89,0x55,0x08,0x48,0x89,0x48,0x08,0x48,0x89,0x01,0x4c,0x8b,0xa6,0xa8,0x00,
    0x00,0x00,0x4c,0x3b,0x64,0x24,0x30,0x4c,0x0f,0x44,0xe2,0x49,0x89,0xee,0xe9,0x0a,
    0xfe,0xff,0xff,0x45,0x31,0xf6,0x48,0x89,0xeb,0x45,0x31,0xe4,0xe9,0xfc,0xfd,0xff,
    0xff,0x31,0xdb,0x45,0x31,0xe4,0xe9,0xf2,0xfd,0xff,0xff,0x48,0x8b,0x04,0x24,0x48,
    0xf7,0x40,0x60,0x04,0x00,0x00,0x00,0x0f,0x85,0xda,0xfd,0xff,0xff,0x4c,0x8b,0x65,
    0x00,0x45,0x31,0xf6,0x4c,0x3b,0x64,0x24,0x30,0x4d,0x0f,0x44,0xe6,0xe9,0xcb,0xfd,
    0xff,0xff,0xe8,0x79,0x81,0xc8,0xff,0x48,0x89,0x44,0x24,0x50,0x48,0x89,0xc7,0xe8,
    0x8c,0xb9,0xd5,0xff,0xe9,0x87,0xf9,0xff,0xff,0x44,0x01,0xe0,0x31,0xc9,0x85,0xc0,
    0x0f,0x4f,0xc8,0x41,0x89,0x8e,0x8c,0x00,0x00,0x00,0xe9,0x80,0xf9,0xff,0xff,0x48,
    0x8b,0x04,0x24,0x48,0x8b,0x80,0x00,0x01,0x00,0x00,0xf0,0x80,0x48,0x20,0x02,0xe9,
    0x06,0xfc,0xff,0xff,0x48,0x8b,0x04,0x24,0x48,0x8b,0x80,0x00,0x01,0x00,0x00,0xf0,
    0x80,0x60,0x20,0xfd,0xe9,0x33,0xfc,0xff,0xff,
};
struct ap_copy_image_slice { long offset;const unsigned char *bytes;size_t size; };
static const struct ap_copy_image_slice ap_copy_image_slices[]={
    {0xfd7c50,ap_copy_image_helper___sys_recvmsg,sizeof(ap_copy_image_helper___sys_recvmsg)},
    {0x1269f70,ap_copy_image_helper____sys_recvmsg,sizeof(ap_copy_image_helper____sys_recvmsg)},
    {0x126bd30,ap_copy_image_helper_____sys_recvmsg,sizeof(ap_copy_image_helper_____sys_recvmsg)},
    {0x1555dc0,ap_copy_image_helper_inet_recvmsg,sizeof(ap_copy_image_helper_inet_recvmsg)},
    {0x12524a0,ap_copy_image_helper_inet6_recvmsg,sizeof(ap_copy_image_helper_inet6_recvmsg)},
    {0x135a110,ap_copy_image_helper_unix_stream_recvmsg,sizeof(ap_copy_image_helper_unix_stream_recvmsg)},
    {0x135a180,ap_copy_image_helper_unix_stream_read_generic,sizeof(ap_copy_image_helper_unix_stream_read_generic)},
    {0x11ac9c0,ap_copy_image_epoll_dispatch,sizeof(ap_copy_image_epoll_dispatch)},
    {0x1befb08,ap_copy_image_epoll_dispatch_entry,sizeof(ap_copy_image_epoll_dispatch_entry)},
    {0x11aca81,ap_copy_image_epoll_copy_caller,sizeof(ap_copy_image_epoll_copy_caller)},
    {0x11ad922,ap_copy_image_epoll_copy_fault,sizeof(ap_copy_image_epoll_copy_fault)},
    {0x11b1ca0,ap_copy_image_epoll_control,sizeof(ap_copy_image_epoll_control)},

    {0x11b7350,ap_copy_image_tcp_recvmsg,sizeof(ap_copy_image_tcp_recvmsg)},
    {0x126dfe0,ap_copy_image_tcp_recvmsg_locked,sizeof(ap_copy_image_tcp_recvmsg_locked)},
    {0x135ac80,ap_copy_image_unix_stream_read_actor,sizeof(ap_copy_image_unix_stream_read_actor)},
    {0x0,ap_copy_image_elf_layout,sizeof(ap_copy_image_elf_layout)},
    {0x1f5b798,ap_copy_image_notes,sizeof(ap_copy_image_notes)},
    {0x11b85d0,ap_copy_image_skb_copy_datagram_iter,sizeof(ap_copy_image_skb_copy_datagram_iter)},
    {0x11b8970,ap_copy_image___skb_datagram_iter,sizeof(ap_copy_image___skb_datagram_iter)},
    {0xfe2170,ap_copy_image_simple_copy_to_iter,sizeof(ap_copy_image_simple_copy_to_iter)},
    {0x11b8c60,ap_copy_image__copy_to_iter,sizeof(ap_copy_image__copy_to_iter)},
};
static int ap_check_copy_image(FILE *input) {
    unsigned char actual[256];
    for(size_t i=0;i<sizeof(ap_copy_image_slices)/sizeof(ap_copy_image_slices[0]);i++) {
        const struct ap_copy_image_slice *slice=&ap_copy_image_slices[i];
        if(fseek(input,slice->offset,SEEK_SET))return -1;
        for(size_t at=0;at<slice->size;) {
            size_t size=slice->size-at;if(size>sizeof(actual))size=sizeof(actual);
            if(fread(actual,1,size,input)!=size) {if(!ferror(input))errno=ENODATA;return -1;}
            if(memcmp(actual,slice->bytes+at,size)) {errno=ESTALE;return -1;}
            at+=size;
        }
    }
    return 0;
}
static int ap_require_copy_image(void) {
    FILE *input=fopen(AP_COPY_KERNEL_IMAGE,"re");if(!input)return -1;
    int rc=ap_check_copy_image(input),saved=errno;
    if(fclose(input) && !rc)return -1;
    errno=saved;return rc;
}
static int ap_require_retirement_target(void) {
    unsigned char notes[65536];
    FILE *input=fopen("/sys/kernel/notes","re");if(!input)return -1;
    size_t size=fread(notes,1,sizeof(notes),input);int failed=ferror(input),extra=fgetc(input);
    int saved=errno;
    if(fclose(input) && !failed) { failed=1;saved=errno; }
    if(failed) { errno=saved;return -1; }
    if(extra!=EOF) { errno=EOVERFLOW;return -1; }
    if(ap_check_kernel_notes(notes,size))return -1;
    input=fopen("/proc/kallsyms","re");if(!input)return -1;
    int rc=ap_check_retirement_symbols(input);saved=errno;
    if(fclose(input) && !rc)return -1;
    if(rc) {errno=saved;return rc;}
    return ap_require_copy_image();
}
/* Exact libbpf public classic-probe ABI. Mode3 requires BPF_LINK_CREATE;
 * there is no ioctl-only or tracefs fallback with unaccounted event lifetime. */
struct ap_kprobe_opts {
    size_t sz;
    unsigned long long bpf_cookie;
    size_t offset;
    bool retprobe;
    int attach_mode;
    size_t :0;
};
_Static_assert(sizeof(struct ap_kprobe_opts)==32,"libbpf x86_64 kprobe opts");
_Static_assert(offsetof(struct ap_kprobe_opts,bpf_cookie)==8,"libbpf classic cookie");
_Static_assert(offsetof(struct ap_kprobe_opts,offset)==16,"libbpf classic offset");
_Static_assert(offsetof(struct ap_kprobe_opts,retprobe)==24,"libbpf classic return selector");
_Static_assert(offsetof(struct ap_kprobe_opts,attach_mode)==28,"libbpf classic mode");
/* Exact public libbpf1.6.3 ABI. Explicit one-symbol multi-kprobe uses a real
 * BPF link and has no perf/tracefs legacy fallback or persisted event. */
struct ap_kprobe_multi_opts {
    size_t sz;
    const char **syms;
    const unsigned long *addrs;
    const unsigned long long *cookies;
    size_t cnt;
    bool retprobe,session,unique_match;
    size_t :0;
};
_Static_assert(sizeof(struct ap_kprobe_multi_opts)==48,"libbpf x86_64 kprobe-multi opts");
_Static_assert(offsetof(struct ap_kprobe_multi_opts,syms)==8,"libbpf syms offset");
_Static_assert(offsetof(struct ap_kprobe_multi_opts,addrs)==16,"libbpf addrs offset");
_Static_assert(offsetof(struct ap_kprobe_multi_opts,cookies)==24,"libbpf cookies offset");
_Static_assert(offsetof(struct ap_kprobe_multi_opts,cnt)==32,"libbpf cnt offset");
_Static_assert(offsetof(struct ap_kprobe_multi_opts,retprobe)==40,"libbpf retprobe offset");
_Static_assert(offsetof(struct ap_kprobe_multi_opts,session)==41,"libbpf session offset");
_Static_assert(offsetof(struct ap_kprobe_multi_opts,unique_match)==42,"libbpf unique_match offset");
#endif
#endif
