Running as unit: gdb-vfile-pin-932f7130-bootstrap1-20260916.scope; invocation ID: 0c936acb9575476384998df7e945bdab
validate: local iterative run is OFF THE RECORD: it may help find and fix a failure, but it writes no ledger row, publishes no receipt, and cannot be cited as validation evidence.
validate: base: up to date with origin/main (ahead 2, behind 0)
validate: whole-run budget 11400s across lanes and retries; in-flight nodes are cut and rows flushed on breach
[dagrun] CPU cap: shared dagrun.slice CPUQuota=28440% (~90% of 316 cores, AGGREGATE across concurrent runs).
[dagrun] outer scope run budget: RuntimeMaxSec=12526s (systemd terminates the whole scope; the runner's own budget must fire first).
[dagrun] build width: no CARGO_BUILD_JOBS in the environment, so the containment default governs at 316 for this scope, refined downward per step.
[dagrun] re-exec inside transient systemd scope dagrun-108548.scope (two-level cgroup; full-descendant cleanup on exit)…
validate: local iterative run is OFF THE RECORD: it may help find and fix a failure, but it writes no ledger row, publishes no receipt, and cannot be cited as validation evidence.
validate: base: up to date with origin/main (ahead 2, behind 0)
validate: preserving its run-owned state across the verified cgroup scope re-exec
validate: whole-run budget 11400s across lanes and retries; in-flight nodes are cut and rows flushed on breach
[safe-ci] outer cgroup audit at /sys/fs/cgroup/user.slice/user-212630.slice/user@212630.service/dagrun.slice/dagrun-108548.scope: memory.max=669791571968 (bound), memory.swap.max=0 (disabled), memory.oom.group=1 (enabled)
[dagrun] outer scope run budget ENFORCED: dagrun-108548.scope RuntimeMaxSec=12526s (read back from the live unit).
validate: cgroup boxing ACTIVE; containment and outer limits OBSERVED: pid 108548 observed in /sys/fs/cgroup/user.slice/user-212630.slice/user@212630.service/dagrun.slice/dagrun-108548.scope (promised unit dagrun-108548.scope).
validate: durable log: /home/newton/work/dev-hermit/ignored/validate/validate-full-932f7130ea3c-gdb-vfile-pin-932f7130ea-20260916-cli-1.log
validate: per-cell results: /home/newton/work/dev-hermit/ignored/validate/e2e/gdb-vfile-pin-932f7130ea-20260916-cli-1
Validation profile: full (selection: selected)
Commit: 932f7130ea3c77dcdb2547b6834f46f08bf593f0 (clean tree at admission; commit anchoring finalizes after the run)
Build cache: cold; host cores: 284; scheduler width: -j 1
Plan: 12 boxed DAG node(s)
Estimated time: ~15m51s (median; range 1m41s-31m44s; cold cache, devbig014, this profile, n=297)
[scheduler] per-step logs + test-boundary journal: /home/newton/work/dev-hermit/worktrees/slots/dev-hermit-gdb-vfile-pin-20260916/ignored/gdb-vfile-pin-20260916/official-cli-1/nodes (set DAGRUN_LOG_DIR to relocate, DAGRUN_NO_STEP_LOGS=1 to disable)
[scheduler] CONTAINMENT: run-boxed — run-boxed: pid 108548 observed in /sys/fs/cgroup/user.slice/user-212630.slice/user@212630.service/dagrun.slice/dagrun-108548.scope/supervisor (promised unit dagrun-108548.scope) (per-step caps enforced, subtree killable)
[pre.submodules] ▶ START  Verify repository submodules without initializing or repairing them
[pre.submodules] PASS: verify-submodules checks unregistered populated repositories and refuses missing, non-repo, wrong-HEAD, dirty, conflicted, nested, malformed, and unreadable states without repair
[pre.submodules]  39e5c18e7e43236b7ca0fb1eb647fe9c93e3934e third-party/rr
[pre.submodules]  2781b1054efc3a9c561dbed35584a6fca1ed8676 agent-utils
[pre.submodules] submodules OK -- 2 configured path(s), verified against HEAD and populated worktrees without repair
[pre.submodules] ✓ PASS   Verify repository submodules without initializing or repairing them (6s)  [submodules OK -- 2 configured path(s), verified against HEAD and populated worktrees without repair]
[pre.reverie_pin] ▶ START  Reverie pin consistency
[pre.reverie_pin] Scope: scanned 18 tracked Cargo.toml and 3 tracked Cargo.lock files; 10 files contain 46 Reverie revision entries.
[pre.reverie_pin] Scope exclusions: non-Cargo tracked files, untracked/generated files, and nested submodule contents; tracked vendored Cargo metadata is included.
[pre.reverie_pin] Pin read from checkout HEAD 932f7130ea3c77dcdb2547b6834f46f08bf593f0.
[pre.reverie_pin] LiteInst cache keys: 0 revision-keyed token(s) all track the pin (d87a03a).
[pre.reverie_pin] DBT budget bindings: 3 binding(s) all equal the pin (d87a03a).
[pre.reverie_pin] Reverie pin equals the main tip: d87a03a312421d34dee81dae71aa395b40231e63 (46 revision entries across 10 tracked Cargo metadata files)
[pre.reverie_pin] Scope: 21 tracked Cargo metadata file(s) PLUS tracked submodule gitlinks; 5 git dependency/ies pinned. Untracked, generated and vendored copies are EXCLUDED by design.
[pre.reverie_pin]   OK    https://github.com/facebookexperimental/rust-shed  4 entries @ 84a82026bc1d
[pre.reverie_pin]   FLOAT https://github.com/facebookexperimental/rust-shed  tracked by branch=main -- KNOWN EXCEPTION: branch=main since before 2026-08-24; the manifests are autocargo-generated from Meta's internal Buck targets, so pinning it is an owner decision rather than a hand edit. Only the lockfile records what was built (84a82026 at time of writing). Filed separately.
[pre.reverie_pin]   OK    https://github.com/rr-debugger/rr  1 entry @ 39e5c18e7e43
[pre.reverie_pin]   OK    https://github.com/rrnewton/agent-utils  1 entry @ 2781b1054efc
[pre.reverie_pin]   OK    https://github.com/rrnewton/liteinst2  2 entries @ 95ee5e6917fa
[pre.reverie_pin]   OK    https://github.com/rrnewton/reverie  46 entries @ d87a03a31242
[pre.reverie_pin] check-git-pin-uniformity.rs: OK -- every REVISION-PINNED git dependency is pinned at exactly one revision
[pre.reverie_pin]   ⚠️ 1 dependency/ies are NOT PINNED AT ALL and were excluded from that statement, by approved exception: https://github.com/facebookexperimental/rust-shed
[pre.reverie_pin]   A BRANCH IS NOT A PIN -- it moves under you. Uniformity cannot be asserted over a dependency that names one.
[pre.reverie_pin] ✓ PASS   Reverie pin consistency (6s)  [A BRANCH IS NOT A PIN -- it moves under you. Uniformity cannot be asserted over a dependency that names one.]
[build.rust_scripts] ▶ START  Build every tracked rust-script before graph consumers run
[build.rust_scripts] warning: profiles for the non root package will be ignored, specify profiles at the workspace root:
[build.rust_scripts] package:   /home/newton/work/dev-hermit/worktrees/slots/dev-hermit-gdb-vfile-pin-20260916/ignored/gdb-vfile-pin-20260916/official-cli-1/runtime-tmp/hermit-rust-script-packages.7WgGeFwa/5f829a04c0a8df85/Cargo.toml
[build.rust_scripts] workspace: /home/newton/work/dev-hermit/worktrees/slots/dev-hermit-gdb-vfile-pin-20260916/ignored/gdb-vfile-pin-20260916/official-cli-1/runtime-tmp/hermit-rust-script-packages.7WgGeFwa/Cargo.toml
[build.rust_scripts] warning: profiles for the non root package will be ignored, specify profiles at the workspace root:
[build.rust_scripts] package:   /home/newton/work/dev-hermit/worktrees/slots/dev-hermit-gdb-vfile-pin-20260916/ignored/gdb-vfile-pin-20260916/official-cli-1/runtime-tmp/hermit-rust-script-packages.7WgGeFwa/ea43a74c69f612af/Cargo.toml
[build.rust_scripts] workspace: /home/newton/work/dev-hermit/worktrees/slots/dev-hermit-gdb-vfile-pin-20260916/ignored/gdb-vfile-pin-20260916/official-cli-1/runtime-tmp/hermit-rust-script-packages.7WgGeFwa/Cargo.toml
[build.rust_scripts] warning: profiles for the non root package will be ignored, specify profiles at the workspace root:
[build.rust_scripts] package:   /home/newton/work/dev-hermit/worktrees/slots/dev-hermit-gdb-vfile-pin-20260916/ignored/gdb-vfile-pin-20260916/official-cli-1/runtime-tmp/hermit-rust-script-packages.7WgGeFwa/914eb5845ec9abe9/Cargo.toml
[build.rust_scripts] workspace: /home/newton/work/dev-hermit/worktrees/slots/dev-hermit-gdb-vfile-pin-20260916/ignored/gdb-vfile-pin-20260916/official-cli-1/runtime-tmp/hermit-rust-script-packages.7WgGeFwa/Cargo.toml
[build.rust_scripts] warning: profiles for the non root package will be ignored, specify profiles at the workspace root:
[build.rust_scripts] package:   /home/newton/work/dev-hermit/worktrees/slots/dev-hermit-gdb-vfile-pin-20260916/ignored/gdb-vfile-pin-20260916/official-cli-1/runtime-tmp/hermit-rust-script-packages.7WgGeFwa/59ea0555bb7bb866/Cargo.toml
[build.rust_scripts] workspace: /home/newton/work/dev-hermit/worktrees/slots/dev-hermit-gdb-vfile-pin-20260916/ignored/gdb-vfile-pin-20260916/official-cli-1/runtime-tmp/hermit-rust-script-packages.7WgGeFwa/Cargo.toml
[build.rust_scripts] warning: profiles for the non root package will be ignored, specify profiles at the workspace root:
[build.rust_scripts] package:   /home/newton/work/dev-hermit/worktrees/slots/dev-hermit-gdb-vfile-pin-20260916/ignored/gdb-vfile-pin-20260916/official-cli-1/runtime-tmp/hermit-rust-script-packages.7WgGeFwa/2162d8a3b81d996d/Cargo.toml
[build.rust_scripts] workspace: /home/newton/work/dev-hermit/worktrees/slots/dev-hermit-gdb-vfile-pin-20260916/ignored/gdb-vfile-pin-20260916/official-cli-1/runtime-tmp/hermit-rust-script-packages.7WgGeFwa/Cargo.toml
[build.rust_scripts] warning: profiles for the non root package will be ignored, specify profiles at the workspace root:
[build.rust_scripts] package:   /home/newton/work/dev-hermit/worktrees/slots/dev-hermit-gdb-vfile-pin-20260916/ignored/gdb-vfile-pin-20260916/official-cli-1/runtime-tmp/hermit-rust-script-packages.7WgGeFwa/74f4de48268e496d/Cargo.toml
[build.rust_scripts] workspace: /home/newton/work/dev-hermit/worktrees/slots/dev-hermit-gdb-vfile-pin-20260916/ignored/gdb-vfile-pin-20260916/official-cli-1/runtime-tmp/hermit-rust-script-packages.7WgGeFwa/Cargo.toml
[build.rust_scripts] warning: profiles for the non root package will be ignored, specify profiles at the workspace root:
[build.rust_scripts] package:   /home/newton/work/dev-hermit/worktrees/slots/dev-hermit-gdb-vfile-pin-20260916/ignored/gdb-vfile-pin-20260916/official-cli-1/runtime-tmp/hermit-rust-script-packages.7WgGeFwa/cfee71cd74153651/Cargo.toml
[build.rust_scripts] workspace: /home/newton/work/dev-hermit/worktrees/slots/dev-hermit-gdb-vfile-pin-20260916/ignored/gdb-vfile-pin-20260916/official-cli-1/runtime-tmp/hermit-rust-script-packages.7WgGeFwa/Cargo.toml
[build.rust_scripts] warning: profiles for the non root package will be ignored, specify profiles at the workspace root:
[build.rust_scripts] package:   /home/newton/work/dev-hermit/worktrees/slots/dev-hermit-gdb-vfile-pin-20260916/ignored/gdb-vfile-pin-20260916/official-cli-1/runtime-tmp/hermit-rust-script-packages.7WgGeFwa/dbfbd1f3870f1cf4/Cargo.toml
[build.rust_scripts] workspace: /home/newton/work/dev-hermit/worktrees/slots/dev-hermit-gdb-vfile-pin-20260916/ignored/gdb-vfile-pin-20260916/official-cli-1/runtime-tmp/hermit-rust-script-packages.7WgGeFwa/Cargo.toml
[build.rust_scripts] warning: profiles for the non root package will be ignored, specify profiles at the workspace root:
[build.rust_scripts] package:   /home/newton/work/dev-hermit/worktrees/slots/dev-hermit-gdb-vfile-pin-20260916/ignored/gdb-vfile-pin-20260916/official-cli-1/runtime-tmp/hermit-rust-script-packages.7WgGeFwa/344d4004465230b9/Cargo.toml
[build.rust_scripts] workspace: /home/newton/work/dev-hermit/worktrees/slots/dev-hermit-gdb-vfile-pin-20260916/ignored/gdb-vfile-pin-20260916/official-cli-1/runtime-tmp/hermit-rust-script-packages.7WgGeFwa/Cargo.toml
[build.rust_scripts] warning: profiles for the non root package will be ignored, specify profiles at the workspace root:
[build.rust_scripts] package:   /home/newton/work/dev-hermit/worktrees/slots/dev-hermit-gdb-vfile-pin-20260916/ignored/gdb-vfile-pin-20260916/official-cli-1/runtime-tmp/hermit-rust-script-packages.7WgGeFwa/cd189eff27bcb3f6/Cargo.toml
[build.rust_scripts] workspace: /home/newton/work/dev-hermit/worktrees/slots/dev-hermit-gdb-vfile-pin-20260916/ignored/gdb-vfile-pin-20260916/official-cli-1/runtime-tmp/hermit-rust-script-packages.7WgGeFwa/Cargo.toml
[build.rust_scripts] warning: profiles for the non root package will be ignored, specify profiles at the workspace root:
[build.rust_scripts] package:   /home/newton/work/dev-hermit/worktrees/slots/dev-hermit-gdb-vfile-pin-20260916/ignored/gdb-vfile-pin-20260916/official-cli-1/runtime-tmp/hermit-rust-script-packages.7WgGeFwa/91a6f85b46f9a093/Cargo.toml
[build.rust_scripts] workspace: /home/newton/work/dev-hermit/worktrees/slots/dev-hermit-gdb-vfile-pin-20260916/ignored/gdb-vfile-pin-20260916/official-cli-1/runtime-tmp/hermit-rust-script-packages.7WgGeFwa/Cargo.toml
[build.rust_scripts] warning: profiles for the non root package will be ignored, specify profiles at the workspace root:
[build.rust_scripts] package:   /home/newton/work/dev-hermit/worktrees/slots/dev-hermit-gdb-vfile-pin-20260916/ignored/gdb-vfile-pin-20260916/official-cli-1/runtime-tmp/hermit-rust-script-packages.7WgGeFwa/a1bd4437bae839b6/Cargo.toml
[build.rust_scripts] workspace: /home/newton/work/dev-hermit/worktrees/slots/dev-hermit-gdb-vfile-pin-20260916/ignored/gdb-vfile-pin-20260916/official-cli-1/runtime-tmp/hermit-rust-script-packages.7WgGeFwa/Cargo.toml
[build.rust_scripts] warning: profiles for the non root package will be ignored, specify profiles at the workspace root:
[build.rust_scripts] package:   /home/newton/work/dev-hermit/worktrees/slots/dev-hermit-gdb-vfile-pin-20260916/ignored/gdb-vfile-pin-20260916/official-cli-1/runtime-tmp/hermit-rust-script-packages.7WgGeFwa/6b330abf7c0ddfd4/Cargo.toml
[build.rust_scripts] workspace: /home/newton/work/dev-hermit/worktrees/slots/dev-hermit-gdb-vfile-pin-20260916/ignored/gdb-vfile-pin-20260916/official-cli-1/runtime-tmp/hermit-rust-script-packages.7WgGeFwa/Cargo.toml
[build.rust_scripts] warning: profiles for the non root package will be ignored, specify profiles at the workspace root:
[build.rust_scripts] package:   /home/newton/work/dev-hermit/worktrees/slots/dev-hermit-gdb-vfile-pin-20260916/ignored/gdb-vfile-pin-20260916/official-cli-1/runtime-tmp/hermit-rust-script-packages.7WgGeFwa/55ba5f117f6432d6/Cargo.toml
[build.rust_scripts] workspace: /home/newton/work/dev-hermit/worktrees/slots/dev-hermit-gdb-vfile-pin-20260916/ignored/gdb-vfile-pin-20260916/official-cli-1/runtime-tmp/hermit-rust-script-packages.7WgGeFwa/Cargo.toml
[build.rust_scripts] warning: profiles for the non root package will be ignored, specify profiles at the workspace root:
[build.rust_scripts] package:   /home/newton/work/dev-hermit/worktrees/slots/dev-hermit-gdb-vfile-pin-20260916/ignored/gdb-vfile-pin-20260916/official-cli-1/runtime-tmp/hermit-rust-script-packages.7WgGeFwa/40aa044d7d34c808/Cargo.toml
[build.rust_scripts] workspace: /home/newton/work/dev-hermit/worktrees/slots/dev-hermit-gdb-vfile-pin-20260916/ignored/gdb-vfile-pin-20260916/official-cli-1/runtime-tmp/hermit-rust-script-packages.7WgGeFwa/Cargo.toml
[build.rust_scripts] warning: profiles for the non root package will be ignored, specify profiles at the workspace root:
[build.rust_scripts] package:   /home/newton/work/dev-hermit/worktrees/slots/dev-hermit-gdb-vfile-pin-20260916/ignored/gdb-vfile-pin-20260916/official-cli-1/runtime-tmp/hermit-rust-script-packages.7WgGeFwa/f8017f227c95ed9a/Cargo.toml
[build.rust_scripts] workspace: /home/newton/work/dev-hermit/worktrees/slots/dev-hermit-gdb-vfile-pin-20260916/ignored/gdb-vfile-pin-20260916/official-cli-1/runtime-tmp/hermit-rust-script-packages.7WgGeFwa/Cargo.toml
[build.rust_scripts] warning: profiles for the non root package will be ignored, specify profiles at the workspace root:
[build.rust_scripts] package:   /home/newton/work/dev-hermit/worktrees/slots/dev-hermit-gdb-vfile-pin-20260916/ignored/gdb-vfile-pin-20260916/official-cli-1/runtime-tmp/hermit-rust-script-packages.7WgGeFwa/93265ab9957e4aba/Cargo.toml
[build.rust_scripts] workspace: /home/newton/work/dev-hermit/worktrees/slots/dev-hermit-gdb-vfile-pin-20260916/ignored/gdb-vfile-pin-20260916/official-cli-1/runtime-tmp/hermit-rust-script-packages.7WgGeFwa/Cargo.toml
[build.rust_scripts] warning: profiles for the non root package will be ignored, specify profiles at the workspace root:
[build.rust_scripts] package:   /home/newton/work/dev-hermit/worktrees/slots/dev-hermit-gdb-vfile-pin-20260916/ignored/gdb-vfile-pin-20260916/official-cli-1/runtime-tmp/hermit-rust-script-packages.7WgGeFwa/2952a53430d12a42/Cargo.toml
[build.rust_scripts] workspace: /home/newton/work/dev-hermit/worktrees/slots/dev-hermit-gdb-vfile-pin-20260916/ignored/gdb-vfile-pin-20260916/official-cli-1/runtime-tmp/hermit-rust-script-packages.7WgGeFwa/Cargo.toml
[build.rust_scripts] warning: profiles for the non root package will be ignored, specify profiles at the workspace root:
[build.rust_scripts] package:   /home/newton/work/dev-hermit/worktrees/slots/dev-hermit-gdb-vfile-pin-20260916/ignored/gdb-vfile-pin-20260916/official-cli-1/runtime-tmp/hermit-rust-script-packages.7WgGeFwa/cae18980d4930ac8/Cargo.toml
[build.rust_scripts] workspace: /home/newton/work/dev-hermit/worktrees/slots/dev-hermit-gdb-vfile-pin-20260916/ignored/gdb-vfile-pin-20260916/official-cli-1/runtime-tmp/hermit-rust-script-packages.7WgGeFwa/Cargo.toml
[build.rust_scripts] warning: profiles for the non root package will be ignored, specify profiles at the workspace root:
[build.rust_scripts] package:   /home/newton/work/dev-hermit/worktrees/slots/dev-hermit-gdb-vfile-pin-20260916/ignored/gdb-vfile-pin-20260916/official-cli-1/runtime-tmp/hermit-rust-script-packages.7WgGeFwa/62ac2bfb61938d72/Cargo.toml
[build.rust_scripts] workspace: /home/newton/work/dev-hermit/worktrees/slots/dev-hermit-gdb-vfile-pin-20260916/ignored/gdb-vfile-pin-20260916/official-cli-1/runtime-tmp/hermit-rust-script-packages.7WgGeFwa/Cargo.toml
[build.rust_scripts] warning: profiles for the non root package will be ignored, specify profiles at the workspace root:
[build.rust_scripts] package:   /home/newton/work/dev-hermit/worktrees/slots/dev-hermit-gdb-vfile-pin-20260916/ignored/gdb-vfile-pin-20260916/official-cli-1/runtime-tmp/hermit-rust-script-packages.7WgGeFwa/76d1a06784c51374/Cargo.toml
[build.rust_scripts] workspace: /home/newton/work/dev-hermit/worktrees/slots/dev-hermit-gdb-vfile-pin-20260916/ignored/gdb-vfile-pin-20260916/official-cli-1/runtime-tmp/hermit-rust-script-packages.7WgGeFwa/Cargo.toml
[build.rust_scripts] warning: profiles for the non root package will be ignored, specify profiles at the workspace root:
[build.rust_scripts] package:   /home/newton/work/dev-hermit/worktrees/slots/dev-hermit-gdb-vfile-pin-20260916/ignored/gdb-vfile-pin-20260916/official-cli-1/runtime-tmp/hermit-rust-script-packages.7WgGeFwa/e306610591edf591/Cargo.toml
[build.rust_scripts] workspace: /home/newton/work/dev-hermit/worktrees/slots/dev-hermit-gdb-vfile-pin-20260916/ignored/gdb-vfile-pin-20260916/official-cli-1/runtime-tmp/hermit-rust-script-packages.7WgGeFwa/Cargo.toml
[build.rust_scripts] warning: profiles for the non root package will be ignored, specify profiles at the workspace root:
[build.rust_scripts] package:   /home/newton/work/dev-hermit/worktrees/slots/dev-hermit-gdb-vfile-pin-20260916/ignored/gdb-vfile-pin-20260916/official-cli-1/runtime-tmp/hermit-rust-script-packages.7WgGeFwa/d409f34a1c6de4ee/Cargo.toml
[build.rust_scripts] workspace: /home/newton/work/dev-hermit/worktrees/slots/dev-hermit-gdb-vfile-pin-20260916/ignored/gdb-vfile-pin-20260916/official-cli-1/runtime-tmp/hermit-rust-script-packages.7WgGeFwa/Cargo.toml
[build.rust_scripts] warning: profiles for the non root package will be ignored, specify profiles at the workspace root:
[build.rust_scripts] package:   /home/newton/work/dev-hermit/worktrees/slots/dev-hermit-gdb-vfile-pin-20260916/ignored/gdb-vfile-pin-20260916/official-cli-1/runtime-tmp/hermit-rust-script-packages.7WgGeFwa/fc33cf509da19b1c/Cargo.toml
[build.rust_scripts] workspace: /home/newton/work/dev-hermit/worktrees/slots/dev-hermit-gdb-vfile-pin-20260916/ignored/gdb-vfile-pin-20260916/official-cli-1/runtime-tmp/hermit-rust-script-packages.7WgGeFwa/Cargo.toml
[build.rust_scripts] warning: profiles for the non root package will be ignored, specify profiles at the workspace root:
[build.rust_scripts] package:   /home/newton/work/dev-hermit/worktrees/slots/dev-hermit-gdb-vfile-pin-20260916/ignored/gdb-vfile-pin-20260916/official-cli-1/runtime-tmp/hermit-rust-script-packages.7WgGeFwa/3872522b0d01e12d/Cargo.toml
[build.rust_scripts] workspace: /home/newton/work/dev-hermit/worktrees/slots/dev-hermit-gdb-vfile-pin-20260916/ignored/gdb-vfile-pin-20260916/official-cli-1/runtime-tmp/hermit-rust-script-packages.7WgGeFwa/Cargo.toml
[build.rust_scripts] warning: profiles for the non root package will be ignored, specify profiles at the workspace root:
[build.rust_scripts] package:   /home/newton/work/dev-hermit/worktrees/slots/dev-hermit-gdb-vfile-pin-20260916/ignored/gdb-vfile-pin-20260916/official-cli-1/runtime-tmp/hermit-rust-script-packages.7WgGeFwa/81da3f1d442cc879/Cargo.toml
[build.rust_scripts] workspace: /home/newton/work/dev-hermit/worktrees/slots/dev-hermit-gdb-vfile-pin-20260916/ignored/gdb-vfile-pin-20260916/official-cli-1/runtime-tmp/hermit-rust-script-packages.7WgGeFwa/Cargo.toml
[build.rust_scripts] warning: profiles for the non root package will be ignored, specify profiles at the workspace root:
[build.rust_scripts] package:   /home/newton/work/dev-hermit/worktrees/slots/dev-hermit-gdb-vfile-pin-20260916/ignored/gdb-vfile-pin-20260916/official-cli-1/runtime-tmp/hermit-rust-script-packages.7WgGeFwa/b7908774f65bce43/Cargo.toml
[build.rust_scripts] workspace: /home/newton/work/dev-hermit/worktrees/slots/dev-hermit-gdb-vfile-pin-20260916/ignored/gdb-vfile-pin-20260916/official-cli-1/runtime-tmp/hermit-rust-script-packages.7WgGeFwa/Cargo.toml
[build.rust_scripts] warning: profiles for the non root package will be ignored, specify profiles at the workspace root:
[build.rust_scripts] package:   /home/newton/work/dev-hermit/worktrees/slots/dev-hermit-gdb-vfile-pin-20260916/ignored/gdb-vfile-pin-20260916/official-cli-1/runtime-tmp/hermit-rust-script-packages.7WgGeFwa/6972560c9ef2290f/Cargo.toml
[build.rust_scripts] workspace: /home/newton/work/dev-hermit/worktrees/slots/dev-hermit-gdb-vfile-pin-20260916/ignored/gdb-vfile-pin-20260916/official-cli-1/runtime-tmp/hermit-rust-script-packages.7WgGeFwa/Cargo.toml
[build.rust_scripts]     Updating crates.io index
[build.rust_scripts]     Updating git repository `https://github.com/rrnewton/reverie.git`
[build.rust_scripts]      Locking 217 packages to highest compatible versions
[build.rust_scripts]       Adding generic-array v0.14.7 (available: v0.14.9)
[build.rust_scripts]       Adding sha2 v0.10.9 (available: v0.11.0)
[build.rust_scripts]       Adding syn v2.0.119 (available: v3.0.6)
[build.rust_scripts]       Adding toml v0.8.23 (available: v1.1.6+spec-1.1.0)
[build.rust_scripts]       Adding toml_edit v0.22.27 (available: v0.25.15+spec-1.1.0)
[build.rust_scripts]    Compiling proc-macro2 v1.0.107
[build.rust_scripts]    Compiling unicode-ident v1.0.25
[build.rust_scripts]    Compiling quote v1.0.47
[build.rust_scripts]    Compiling serde_core v1.0.229
[build.rust_scripts]    Compiling libc v0.2.189
[build.rust_scripts]    Compiling serde v1.0.229
[build.rust_scripts]     Checking memchr v2.8.3
[build.rust_scripts]     Checking cfg-if v1.0.5
[build.rust_scripts]     Checking itoa v1.0.18
[build.rust_scripts]    Compiling autocfg v1.5.1
[build.rust_scripts]     Checking hashbrown v0.17.1
[build.rust_scripts]     Checking equivalent v1.0.2
[build.rust_scripts]    Compiling zmij v1.0.23
[build.rust_scripts]    Compiling serde_json v1.0.151
[build.rust_scripts]    Compiling rustix v1.1.5
[build.rust_scripts]    Compiling libm v0.2.16
[build.rust_scripts]    Compiling num-traits v0.2.19
[build.rust_scripts]     Checking linux-raw-sys v0.12.1
[build.rust_scripts]    Compiling version_check v0.9.5
[build.rust_scripts]     Checking pin-project-lite v0.2.17
[build.rust_scripts]     Checking indexmap v2.14.2
[build.rust_scripts]    Compiling syn v3.0.6
[build.rust_scripts]    Compiling generic-array v0.14.7
[build.rust_scripts]    Compiling syn v2.0.119
[build.rust_scripts]    Compiling memoffset v0.9.1
[build.rust_scripts]     Checking ryu v1.0.23
[build.rust_scripts]    Compiling syscalls v0.6.18
[build.rust_scripts]    Compiling cfg_aliases v0.2.2
[build.rust_scripts]    Compiling nix v0.30.1
[build.rust_scripts]     Checking typenum v1.20.1
[build.rust_scripts]    Compiling unicode-segmentation v1.13.3
[build.rust_scripts]     Checking utf8parse v0.2.2
[build.rust_scripts]    Compiling paste v1.0.15
[build.rust_scripts]     Checking iana-time-zone v0.1.65
[build.rust_scripts]    Compiling convert_case v0.6.0
[build.rust_scripts]    Compiling virtue v0.0.18
[build.rust_scripts]     Checking errno v0.3.14
[build.rust_scripts]     Checking signal-hook-registry v1.4.8
[build.rust_scripts]    Compiling unicode-xid v0.2.6
[build.rust_scripts]     Checking anstyle-parse v1.0.0
[build.rust_scripts]     Checking unty v0.0.4
[build.rust_scripts]    Compiling anyhow v1.0.104
[build.rust_scripts]     Checking anstyle v1.0.14
[build.rust_scripts]    Compiling radium v0.7.0
[build.rust_scripts]     Checking unicode-width v0.2.2
[build.rust_scripts]     Checking anstyle-query v1.1.5
[build.rust_scripts]     Checking once_cell v1.21.4
[build.rust_scripts]     Checking is_terminal_polyfill v1.70.2
[build.rust_scripts]     Checking bitflags v2.13.2
[build.rust_scripts]     Checking colorchoice v1.0.5
[build.rust_scripts]    Compiling bincode_derive v2.0.1
[build.rust_scripts]     Checking anstream v1.0.0
[build.rust_scripts]     Checking block-buffer v0.10.4
[build.rust_scripts]     Checking crypto-common v0.1.7
[build.rust_scripts]     Checking tap v1.0.1
[build.rust_scripts]     Checking strsim v0.11.1
[build.rust_scripts]     Checking unicase v2.9.0
[build.rust_scripts]    Compiling crc32fast v1.5.2
[build.rust_scripts]    Compiling signal-hook v0.4.4
[build.rust_scripts]     Checking clap_lex v1.1.1
[build.rust_scripts]    Compiling heck v0.5.0
[build.rust_scripts]     Checking rand_core v0.10.1
[build.rust_scripts]     Checking wyz v0.5.1
[build.rust_scripts]     Checking digest v0.10.7
[build.rust_scripts]     Checking tracing-core v0.1.36
[build.rust_scripts]     Checking cpufeatures v0.2.17
[build.rust_scripts]     Checking funty v2.0.0
[build.rust_scripts]     Checking simd-adler32 v0.3.10
[build.rust_scripts]    Compiling getrandom v0.4.3
[build.rust_scripts]     Checking unsafe-libyaml-norway v0.2.15
[build.rust_scripts]     Checking adler2 v2.0.1
[build.rust_scripts]     Checking miniz_oxide v0.9.1
[build.rust_scripts]     Checking sha2 v0.10.9
[build.rust_scripts]     Checking futures-sink v0.3.34
[build.rust_scripts]     Checking unsafe-libyaml v0.2.11
[build.rust_scripts]    Compiling parking_lot_core v0.9.12
[build.rust_scripts]     Checking bytesize v2.7.0
[build.rust_scripts]     Checking smallvec v1.16.1
[build.rust_scripts]     Checking futures-core v0.3.34
[build.rust_scripts]     Checking shell-words v1.1.1
[build.rust_scripts]     Checking futures-channel v0.3.34
[build.rust_scripts]     Checking flate2 v1.1.10
[build.rust_scripts]     Checking futures v0.1.31
[build.rust_scripts]     Checking scopeguard v1.2.0
[build.rust_scripts]     Checking futures-io v0.3.34
[build.rust_scripts]     Checking slab v0.4.12
[build.rust_scripts]     Checking futures-task v0.3.34
[build.rust_scripts]     Checking lock_api v0.4.14
[build.rust_scripts]     Checking static_assertions v1.1.0
[build.rust_scripts]     Checking twox-hash v2.1.4
[build.rust_scripts]    Compiling thiserror v2.0.20
[build.rust_scripts]    Compiling object v0.39.1
[build.rust_scripts]    Compiling cpp_demangle v0.5.1
[build.rust_scripts]     Checking parking_lot v0.12.5
[build.rust_scripts]    Compiling serde_derive v1.0.229
[build.rust_scripts]    Compiling serde_repr v0.1.21
[build.rust_scripts]    Compiling clap_derive v4.6.7
[build.rust_scripts]    Compiling futures-macro v0.3.34
[build.rust_scripts]    Compiling tokio-macros v2.7.2
[build.rust_scripts]    Compiling thiserror-impl v2.0.20
[build.rust_scripts]     Checking futures-util v0.3.34
[build.rust_scripts]     Checking ruzstd v0.8.3
[build.rust_scripts]     Checking terminal_size v0.4.4
[build.rust_scripts]     Checking clap_builder v4.6.7
[build.rust_scripts]    Compiling derive_more-impl v1.0.0
[build.rust_scripts]    Compiling tracing-attributes v0.1.31
[build.rust_scripts]     Checking twox-hash v1.6.3
[build.rust_scripts]     Checking mio v1.2.3
[build.rust_scripts]     Checking socket2 v0.6.5
[build.rust_scripts]     Checking typed-arena v2.0.2
[build.rust_scripts]     Checking winnow v0.7.15
[build.rust_scripts]     Checking toml_write v0.1.2
[build.rust_scripts]     Checking hex v0.4.3
[build.rust_scripts]     Checking cpufeatures v0.3.1
[build.rust_scripts]    Compiling procfs v0.18.0
[build.rust_scripts]    Compiling object v0.36.7
[build.rust_scripts]     Checking foldhash v0.1.5
[build.rust_scripts]     Checking fastrand v2.5.0
[build.rust_scripts]     Checking bytes v1.12.1
[build.rust_scripts]     Checking lazy_static v1.5.0
[build.rust_scripts]     Checking tracing v0.1.44
[build.rust_scripts]     Checking colored v2.2.0
[build.rust_scripts]     Checking clap v4.6.7
[build.rust_scripts]     Checking tempfile v3.27.0
[build.rust_scripts]     Checking hashbrown v0.15.5
[build.rust_scripts]     Checking chacha20 v0.10.2
[build.rust_scripts]     Checking tokio v1.53.1
[build.rust_scripts]     Checking ruzstd v0.7.3
[build.rust_scripts]     Checking memmap2 v0.9.11
[build.rust_scripts]     Checking aho-corasick v1.1.5
[build.rust_scripts]     Checking chrono v0.4.45
[build.rust_scripts]     Checking bincode v2.0.1
[build.rust_scripts]     Checking reverie-memory v0.2.0 (https://github.com/rrnewton/reverie.git?rev=d87a03a312421d34dee81dae71aa395b40231e63#d87a03a3)
[build.rust_scripts]     Checking serde_norway v0.9.42
[build.rust_scripts]     Checking bitvec v1.1.1
[build.rust_scripts]     Checking serde_yaml v0.9.34+deprecated
[build.rust_scripts]     Checking futures-executor v0.3.34
[build.rust_scripts]     Checking toml_datetime v0.6.11
[build.rust_scripts]     Checking serde_spanned v0.6.9
[build.rust_scripts]     Checking procfs-core v0.18.0
[build.rust_scripts]     Checking toml_edit v0.22.27
[build.rust_scripts]     Checking dagrun v0.15.0 (/home/newton/work/dev-hermit/worktrees/slots/dev-hermit-gdb-vfile-pin-20260916/agent-utils/rs/dagrun)
[build.rust_scripts]     Checking derive_more v1.0.0
[build.rust_scripts]     Checking reverie-syscalls v0.2.0 (https://github.com/rrnewton/reverie.git?rev=d87a03a312421d34dee81dae71aa395b40231e63#d87a03a3)
[build.rust_scripts]     Checking futures v0.3.34
[build.rust_scripts]     Checking bitflags v1.3.2
[build.rust_scripts]     Checking rustc-demangle v0.1.28
[build.rust_scripts]     Checking gimli v0.33.0
[build.rust_scripts]     Checking fallible-iterator v0.3.0
[build.rust_scripts]     Checking regex-syntax v0.8.11
[build.rust_scripts]     Checking raw-cpuid v10.7.0
[build.rust_scripts]     Checking linked-hash-map v0.5.6
[build.rust_scripts]     Checking rand v0.10.2
[build.rust_scripts]     Checking reverie-process v0.2.0 (https://github.com/rrnewton/reverie.git?rev=d87a03a312421d34dee81dae71aa395b40231e63#d87a03a3)
[build.rust_scripts]    Compiling async-trait v0.1.92
[build.rust_scripts]     Checking addr2line v0.26.1
[build.rust_scripts]     Checking regex-automata v0.4.18
[build.rust_scripts]     Checking csv-core v0.1.13
[build.rust_scripts]     Checking yansi v1.0.1
[build.rust_scripts]     Checking diff v0.1.13
[build.rust_scripts]     Checking arrayvec v0.5.2
[build.rust_scripts]     Checking byteorder v1.5.0
[build.rust_scripts]     Checking never-say-never v6.6.666
[build.rust_scripts]     Checking pretty_assertions v1.4.1
[build.rust_scripts]     Checking pretty v0.12.5
[build.rust_scripts]     Checking csv v1.4.0
[build.rust_scripts]     Checking rand_distr v0.6.0
[build.rust_scripts]     Checking toml v0.8.23
[build.rust_scripts]     Checking rand_pcg v0.10.2
[build.rust_scripts]     Checking fs2 v0.4.3
[build.rust_scripts]     Checking update_spreadsheet_79cca440e9ac9d843e58eea2 v0.1.0 (/home/newton/work/dev-hermit/worktrees/slots/dev-hermit-gdb-vfile-pin-20260916/ignored/gdb-vfile-pin-20260916/official-cli-1/runtime-tmp/hermit-rust-script-packages.7WgGeFwa/81da3f1d442cc879)
[build.rust_scripts]     Checking manifest-to-commands_688e7ac55122198c85d6a45a v0.1.0 (/home/newton/work/dev-hermit/worktrees/slots/dev-hermit-gdb-vfile-pin-20260916/ignored/gdb-vfile-pin-20260916/official-cli-1/runtime-tmp/hermit-rust-script-packages.7WgGeFwa/fc33cf509da19b1c)
[build.rust_scripts]     Checking nextest-timeout-config_7cbcbbbf4f525c447fda0f44 v0.1.0 (/home/newton/work/dev-hermit/worktrees/slots/dev-hermit-gdb-vfile-pin-20260916/ignored/gdb-vfile-pin-20260916/official-cli-1/runtime-tmp/hermit-rust-script-packages.7WgGeFwa/2162d8a3b81d996d)
[build.rust_scripts]     Checking manifest-cli_3c931129bf3ddf5a56094fdc v0.1.0 (/home/newton/work/dev-hermit/worktrees/slots/dev-hermit-gdb-vfile-pin-20260916/ignored/gdb-vfile-pin-20260916/official-cli-1/runtime-tmp/hermit-rust-script-packages.7WgGeFwa/6972560c9ef2290f)
[build.rust_scripts]     Checking hermit-code-coverage_45f087d1094c4c522a58ab17 v0.1.0 (/home/newton/work/dev-hermit/worktrees/slots/dev-hermit-gdb-vfile-pin-20260916/ignored/gdb-vfile-pin-20260916/official-cli-1/runtime-tmp/hermit-rust-script-packages.7WgGeFwa/e306610591edf591)
[build.rust_scripts]     Checking select-tests_fd51724200e6267559757e84 v0.1.0 (/home/newton/work/dev-hermit/worktrees/slots/dev-hermit-gdb-vfile-pin-20260916/ignored/gdb-vfile-pin-20260916/official-cli-1/runtime-tmp/hermit-rust-script-packages.7WgGeFwa/cfee71cd74153651)
[build.rust_scripts]     Checking detcore-model v0.2.0 (/home/newton/work/dev-hermit/worktrees/slots/dev-hermit-gdb-vfile-pin-20260916/detcore-model)
[build.rust_scripts]     Checking power-to-weight_aeb0399a17a0f8106fccab9e v0.1.0 (/home/newton/work/dev-hermit/worktrees/slots/dev-hermit-gdb-vfile-pin-20260916/ignored/gdb-vfile-pin-20260916/official-cli-1/runtime-tmp/hermit-rust-script-packages.7WgGeFwa/74f4de48268e496d)
[build.rust_scripts]     Checking structured-test-results_b483cd2a9aec723cc083efcb v0.1.0 (/home/newton/work/dev-hermit/worktrees/slots/dev-hermit-gdb-vfile-pin-20260916/ignored/gdb-vfile-pin-20260916/official-cli-1/runtime-tmp/hermit-rust-script-packages.7WgGeFwa/dbfbd1f3870f1cf4)
[build.rust_scripts]     Checking nextest-test-results_5051903d76063ea36056888c v0.1.0 (/home/newton/work/dev-hermit/worktrees/slots/dev-hermit-gdb-vfile-pin-20260916/ignored/gdb-vfile-pin-20260916/official-cli-1/runtime-tmp/hermit-rust-script-packages.7WgGeFwa/59ea0555bb7bb866)
[build.rust_scripts]     Checking bisect-probe_d2b444528acfe8cfb4c74dfa v0.1.0 (/home/newton/work/dev-hermit/worktrees/slots/dev-hermit-gdb-vfile-pin-20260916/ignored/gdb-vfile-pin-20260916/official-cli-1/runtime-tmp/hermit-rust-script-packages.7WgGeFwa/344d4004465230b9)
[build.rust_scripts]     Checking runner_health_5d6b9a8686b608ce9f09da9d v0.1.0 (/home/newton/work/dev-hermit/worktrees/slots/dev-hermit-gdb-vfile-pin-20260916/ignored/gdb-vfile-pin-20260916/official-cli-1/runtime-tmp/hermit-rust-script-packages.7WgGeFwa/3872522b0d01e12d)
[build.rust_scripts]     Checking check-exit-status-class_67db1d8e71f9624a32b580db v0.1.0 (/home/newton/work/dev-hermit/worktrees/slots/dev-hermit-gdb-vfile-pin-20260916/ignored/gdb-vfile-pin-20260916/official-cli-1/runtime-tmp/hermit-rust-script-packages.7WgGeFwa/a1bd4437bae839b6)
[build.rust_scripts]     Checking check-record-version-floor_b07408d97b2d867ad66160a4 v0.1.0 (/home/newton/work/dev-hermit/worktrees/slots/dev-hermit-gdb-vfile-pin-20260916/ignored/gdb-vfile-pin-20260916/official-cli-1/runtime-tmp/hermit-rust-script-packages.7WgGeFwa/f8017f227c95ed9a)
[build.rust_scripts]     Checking docs-pages-contract_c958c81bd52ec825e3ed276b v0.1.0 (/home/newton/work/dev-hermit/worktrees/slots/dev-hermit-gdb-vfile-pin-20260916/ignored/gdb-vfile-pin-20260916/official-cli-1/runtime-tmp/hermit-rust-script-packages.7WgGeFwa/76d1a06784c51374)
[build.rust_scripts]     Checking check-dbt-runtime-abi_8b3dad6a3d4ba48ae1de7193 v0.1.0 (/home/newton/work/dev-hermit/worktrees/slots/dev-hermit-gdb-vfile-pin-20260916/ignored/gdb-vfile-pin-20260916/official-cli-1/runtime-tmp/hermit-rust-script-packages.7WgGeFwa/91a6f85b46f9a093)
[build.rust_scripts]     Checking check-nested-lockfiles_8566e8dae2f79552eb2ed511 v0.1.0 (/home/newton/work/dev-hermit/worktrees/slots/dev-hermit-gdb-vfile-pin-20260916/ignored/gdb-vfile-pin-20260916/official-cli-1/runtime-tmp/hermit-rust-script-packages.7WgGeFwa/40aa044d7d34c808)
[build.rust_scripts]     Checking regex v1.13.1
[build.rust_scripts]     Checking check-git-pin-uniformity_dd140c74607aabe79e585d7d v0.1.0 (/home/newton/work/dev-hermit/worktrees/slots/dev-hermit-gdb-vfile-pin-20260916/ignored/gdb-vfile-pin-20260916/official-cli-1/runtime-tmp/hermit-rust-script-packages.7WgGeFwa/6b330abf7c0ddfd4)
[build.rust_scripts]     Checking check-skill-discovery_7166a05291b62701efd51d82 v0.1.0 (/home/newton/work/dev-hermit/worktrees/slots/dev-hermit-gdb-vfile-pin-20260916/ignored/gdb-vfile-pin-20260916/official-cli-1/runtime-tmp/hermit-rust-script-packages.7WgGeFwa/2952a53430d12a42)
[build.rust_scripts]     Checking check-checker-scheduling_5165b99b2d5998523d5f81ee v0.1.0 (/home/newton/work/dev-hermit/worktrees/slots/dev-hermit-gdb-vfile-pin-20260916/ignored/gdb-vfile-pin-20260916/official-cli-1/runtime-tmp/hermit-rust-script-packages.7WgGeFwa/cd189eff27bcb3f6)
[build.rust_scripts]     Checking check-github-actions-triggers_465c98ff1e10e638d45eafa8 v0.1.0 (/home/newton/work/dev-hermit/worktrees/slots/dev-hermit-gdb-vfile-pin-20260916/ignored/gdb-vfile-pin-20260916/official-cli-1/runtime-tmp/hermit-rust-script-packages.7WgGeFwa/55ba5f117f6432d6)
[build.rust_scripts]     Checking log_timeslice_184505acbb73b88bc3b66a77 v0.1.0 (/home/newton/work/dev-hermit/worktrees/slots/dev-hermit-gdb-vfile-pin-20260916/ignored/gdb-vfile-pin-20260916/official-cli-1/runtime-tmp/hermit-rust-script-packages.7WgGeFwa/d409f34a1c6de4ee)
[build.rust_scripts]     Checking check-reverie-pin_f063d27954929bea8dab4ec7 v0.1.0 (/home/newton/work/dev-hermit/worktrees/slots/dev-hermit-gdb-vfile-pin-20260916/ignored/gdb-vfile-pin-20260916/official-cli-1/runtime-tmp/hermit-rust-script-packages.7WgGeFwa/93265ab9957e4aba)
[build.rust_scripts]     Checking detcore-backend-source_641ce0a3d62a56861556f1ec v0.1.0 (/home/newton/work/dev-hermit/worktrees/slots/dev-hermit-gdb-vfile-pin-20260916/ignored/gdb-vfile-pin-20260916/official-cli-1/runtime-tmp/hermit-rust-script-packages.7WgGeFwa/62ac2bfb61938d72)
[build.rust_scripts]     Checking reverie-core v0.2.0 (https://github.com/rrnewton/reverie.git?rev=d87a03a312421d34dee81dae71aa395b40231e63#d87a03a3)
[build.rust_scripts]     Checking hermit-manifest-plan v0.2.0 (/home/newton/work/dev-hermit/worktrees/slots/dev-hermit-gdb-vfile-pin-20260916/ci/manifest-plan)
[build.rust_scripts]     Checking hermit-detcore v0.2.0 (/home/newton/work/dev-hermit/worktrees/slots/dev-hermit-gdb-vfile-pin-20260916/detcore)
[build.rust_scripts]     Checking validate_244e3fe7b9f248471d830868 v0.1.0 (/home/newton/work/dev-hermit/worktrees/slots/dev-hermit-gdb-vfile-pin-20260916/ignored/gdb-vfile-pin-20260916/official-cli-1/runtime-tmp/hermit-rust-script-packages.7WgGeFwa/b7908774f65bce43)
[build.rust_scripts]     Checking nextest-binaries_d9674131c3e38af09c287f7b v0.1.0 (/home/newton/work/dev-hermit/worktrees/slots/dev-hermit-gdb-vfile-pin-20260916/ignored/gdb-vfile-pin-20260916/official-cli-1/runtime-tmp/hermit-rust-script-packages.7WgGeFwa/914eb5845ec9abe9)
[build.rust_scripts]     Checking scorecard_7aa50f1871c99bb240e08a60 v0.1.0 (/home/newton/work/dev-hermit/worktrees/slots/dev-hermit-gdb-vfile-pin-20260916/ignored/gdb-vfile-pin-20260916/official-cli-1/runtime-tmp/hermit-rust-script-packages.7WgGeFwa/ea43a74c69f612af)
[build.rust_scripts]     Checking pressure-test_b4b5310e07bdddd1920b76e5 v0.1.0 (/home/newton/work/dev-hermit/worktrees/slots/dev-hermit-gdb-vfile-pin-20260916/ignored/gdb-vfile-pin-20260916/official-cli-1/runtime-tmp/hermit-rust-script-packages.7WgGeFwa/5f829a04c0a8df85)
[build.rust_scripts]     Checking cross-backend-detlog-diff_05a032aafefdcbb8e0504a14 v0.1.0 (/home/newton/work/dev-hermit/worktrees/slots/dev-hermit-gdb-vfile-pin-20260916/ignored/gdb-vfile-pin-20260916/official-cli-1/runtime-tmp/hermit-rust-script-packages.7WgGeFwa/cae18980d4930ac8)
[build.rust_scripts]     Finished `dev` profile [unoptimized + debuginfo] target(s) in 18.73s
[build.rust_scripts] … 30s elapsed, no test events yet
[build.rust_scripts] … 60s elapsed, no test events yet
[build.rust_scripts] warning: profiles for the non root package will be ignored, specify profiles at the workspace root:
[build.rust_scripts] package:   /home/newton/work/dev-hermit/worktrees/slots/dev-hermit-gdb-vfile-pin-20260916/ignored/gdb-vfile-pin-20260916/official-cli-1/runtime-tmp/hermit-rust-script-packages.7WgGeFwa/5f829a04c0a8df85/Cargo.toml
[build.rust_scripts] workspace: /home/newton/work/dev-hermit/worktrees/slots/dev-hermit-gdb-vfile-pin-20260916/ignored/gdb-vfile-pin-20260916/official-cli-1/runtime-tmp/hermit-rust-script-packages.7WgGeFwa/Cargo.toml
[build.rust_scripts] warning: profiles for the non root package will be ignored, specify profiles at the workspace root:
[build.rust_scripts] package:   /home/newton/work/dev-hermit/worktrees/slots/dev-hermit-gdb-vfile-pin-20260916/ignored/gdb-vfile-pin-20260916/official-cli-1/runtime-tmp/hermit-rust-script-packages.7WgGeFwa/ea43a74c69f612af/Cargo.toml
[build.rust_scripts] workspace: /home/newton/work/dev-hermit/worktrees/slots/dev-hermit-gdb-vfile-pin-20260916/ignored/gdb-vfile-pin-20260916/official-cli-1/runtime-tmp/hermit-rust-script-packages.7WgGeFwa/Cargo.toml
[build.rust_scripts] warning: profiles for the non root package will be ignored, specify profiles at the workspace root:
[build.rust_scripts] package:   /home/newton/work/dev-hermit/worktrees/slots/dev-hermit-gdb-vfile-pin-20260916/ignored/gdb-vfile-pin-20260916/official-cli-1/runtime-tmp/hermit-rust-script-packages.7WgGeFwa/914eb5845ec9abe9/Cargo.toml
[build.rust_scripts] workspace: /home/newton/work/dev-hermit/worktrees/slots/dev-hermit-gdb-vfile-pin-20260916/ignored/gdb-vfile-pin-20260916/official-cli-1/runtime-tmp/hermit-rust-script-packages.7WgGeFwa/Cargo.toml
[build.rust_scripts] warning: profiles for the non root package will be ignored, specify profiles at the workspace root:
[build.rust_scripts] package:   /home/newton/work/dev-hermit/worktrees/slots/dev-hermit-gdb-vfile-pin-20260916/ignored/gdb-vfile-pin-20260916/official-cli-1/runtime-tmp/hermit-rust-script-packages.7WgGeFwa/59ea0555bb7bb866/Cargo.toml
[build.rust_scripts] workspace: /home/newton/work/dev-hermit/worktrees/slots/dev-hermit-gdb-vfile-pin-20260916/ignored/gdb-vfile-pin-20260916/official-cli-1/runtime-tmp/hermit-rust-script-packages.7WgGeFwa/Cargo.toml
[build.rust_scripts] warning: profiles for the non root package will be ignored, specify profiles at the workspace root:
[build.rust_scripts] package:   /home/newton/work/dev-hermit/worktrees/slots/dev-hermit-gdb-vfile-pin-20260916/ignored/gdb-vfile-pin-20260916/official-cli-1/runtime-tmp/hermit-rust-script-packages.7WgGeFwa/2162d8a3b81d996d/Cargo.toml
[build.rust_scripts] workspace: /home/newton/work/dev-hermit/worktrees/slots/dev-hermit-gdb-vfile-pin-20260916/ignored/gdb-vfile-pin-20260916/official-cli-1/runtime-tmp/hermit-rust-script-packages.7WgGeFwa/Cargo.toml
[build.rust_scripts] warning: profiles for the non root package will be ignored, specify profiles at the workspace root:
[build.rust_scripts] package:   /home/newton/work/dev-hermit/worktrees/slots/dev-hermit-gdb-vfile-pin-20260916/ignored/gdb-vfile-pin-20260916/official-cli-1/runtime-tmp/hermit-rust-script-packages.7WgGeFwa/74f4de48268e496d/Cargo.toml
[build.rust_scripts] workspace: /home/newton/work/dev-hermit/worktrees/slots/dev-hermit-gdb-vfile-pin-20260916/ignored/gdb-vfile-pin-20260916/official-cli-1/runtime-tmp/hermit-rust-script-packages.7WgGeFwa/Cargo.toml
[build.rust_scripts] warning: profiles for the non root package will be ignored, specify profiles at the workspace root:
[build.rust_scripts] package:   /home/newton/work/dev-hermit/worktrees/slots/dev-hermit-gdb-vfile-pin-20260916/ignored/gdb-vfile-pin-20260916/official-cli-1/runtime-tmp/hermit-rust-script-packages.7WgGeFwa/cfee71cd74153651/Cargo.toml
[build.rust_scripts] workspace: /home/newton/work/dev-hermit/worktrees/slots/dev-hermit-gdb-vfile-pin-20260916/ignored/gdb-vfile-pin-20260916/official-cli-1/runtime-tmp/hermit-rust-script-packages.7WgGeFwa/Cargo.toml
[build.rust_scripts] warning: profiles for the non root package will be ignored, specify profiles at the workspace root:
[build.rust_scripts] package:   /home/newton/work/dev-hermit/worktrees/slots/dev-hermit-gdb-vfile-pin-20260916/ignored/gdb-vfile-pin-20260916/official-cli-1/runtime-tmp/hermit-rust-script-packages.7WgGeFwa/dbfbd1f3870f1cf4/Cargo.toml
[build.rust_scripts] workspace: /home/newton/work/dev-hermit/worktrees/slots/dev-hermit-gdb-vfile-pin-20260916/ignored/gdb-vfile-pin-20260916/official-cli-1/runtime-tmp/hermit-rust-script-packages.7WgGeFwa/Cargo.toml
[build.rust_scripts] warning: profiles for the non root package will be ignored, specify profiles at the workspace root:
[build.rust_scripts] package:   /home/newton/work/dev-hermit/worktrees/slots/dev-hermit-gdb-vfile-pin-20260916/ignored/gdb-vfile-pin-20260916/official-cli-1/runtime-tmp/hermit-rust-script-packages.7WgGeFwa/344d4004465230b9/Cargo.toml
[build.rust_scripts] workspace: /home/newton/work/dev-hermit/worktrees/slots/dev-hermit-gdb-vfile-pin-20260916/ignored/gdb-vfile-pin-20260916/official-cli-1/runtime-tmp/hermit-rust-script-packages.7WgGeFwa/Cargo.toml
[build.rust_scripts] warning: profiles for the non root package will be ignored, specify profiles at the workspace root:
[build.rust_scripts] package:   /home/newton/work/dev-hermit/worktrees/slots/dev-hermit-gdb-vfile-pin-20260916/ignored/gdb-vfile-pin-20260916/official-cli-1/runtime-tmp/hermit-rust-script-packages.7WgGeFwa/cd189eff27bcb3f6/Cargo.toml
[build.rust_scripts] workspace: /home/newton/work/dev-hermit/worktrees/slots/dev-hermit-gdb-vfile-pin-20260916/ignored/gdb-vfile-pin-20260916/official-cli-1/runtime-tmp/hermit-rust-script-packages.7WgGeFwa/Cargo.toml
[build.rust_scripts] warning: profiles for the non root package will be ignored, specify profiles at the workspace root:
[build.rust_scripts] package:   /home/newton/work/dev-hermit/worktrees/slots/dev-hermit-gdb-vfile-pin-20260916/ignored/gdb-vfile-pin-20260916/official-cli-1/runtime-tmp/hermit-rust-script-packages.7WgGeFwa/91a6f85b46f9a093/Cargo.toml
[build.rust_scripts] workspace: /home/newton/work/dev-hermit/worktrees/slots/dev-hermit-gdb-vfile-pin-20260916/ignored/gdb-vfile-pin-20260916/official-cli-1/runtime-tmp/hermit-rust-script-packages.7WgGeFwa/Cargo.toml
[build.rust_scripts] warning: profiles for the non root package will be ignored, specify profiles at the workspace root:
[build.rust_scripts] package:   /home/newton/work/dev-hermit/worktrees/slots/dev-hermit-gdb-vfile-pin-20260916/ignored/gdb-vfile-pin-20260916/official-cli-1/runtime-tmp/hermit-rust-script-packages.7WgGeFwa/a1bd4437bae839b6/Cargo.toml
[build.rust_scripts] workspace: /home/newton/work/dev-hermit/worktrees/slots/dev-hermit-gdb-vfile-pin-20260916/ignored/gdb-vfile-pin-20260916/official-cli-1/runtime-tmp/hermit-rust-script-packages.7WgGeFwa/Cargo.toml
[build.rust_scripts] warning: profiles for the non root package will be ignored, specify profiles at the workspace root:
[build.rust_scripts] package:   /home/newton/work/dev-hermit/worktrees/slots/dev-hermit-gdb-vfile-pin-20260916/ignored/gdb-vfile-pin-20260916/official-cli-1/runtime-tmp/hermit-rust-script-packages.7WgGeFwa/6b330abf7c0ddfd4/Cargo.toml
[build.rust_scripts] workspace: /home/newton/work/dev-hermit/worktrees/slots/dev-hermit-gdb-vfile-pin-20260916/ignored/gdb-vfile-pin-20260916/official-cli-1/runtime-tmp/hermit-rust-script-packages.7WgGeFwa/Cargo.toml
[build.rust_scripts] warning: profiles for the non root package will be ignored, specify profiles at the workspace root:
[build.rust_scripts] package:   /home/newton/work/dev-hermit/worktrees/slots/dev-hermit-gdb-vfile-pin-20260916/ignored/gdb-vfile-pin-20260916/official-cli-1/runtime-tmp/hermit-rust-script-packages.7WgGeFwa/55ba5f117f6432d6/Cargo.toml
[build.rust_scripts] workspace: /home/newton/work/dev-hermit/worktrees/slots/dev-hermit-gdb-vfile-pin-20260916/ignored/gdb-vfile-pin-20260916/official-cli-1/runtime-tmp/hermit-rust-script-packages.7WgGeFwa/Cargo.toml
[build.rust_scripts] warning: profiles for the non root package will be ignored, specify profiles at the workspace root:
[build.rust_scripts] package:   /home/newton/work/dev-hermit/worktrees/slots/dev-hermit-gdb-vfile-pin-20260916/ignored/gdb-vfile-pin-20260916/official-cli-1/runtime-tmp/hermit-rust-script-packages.7WgGeFwa/40aa044d7d34c808/Cargo.toml
[build.rust_scripts] workspace: /home/newton/work/dev-hermit/worktrees/slots/dev-hermit-gdb-vfile-pin-20260916/ignored/gdb-vfile-pin-20260916/official-cli-1/runtime-tmp/hermit-rust-script-packages.7WgGeFwa/Cargo.toml
[build.rust_scripts] warning: profiles for the non root package will be ignored, specify profiles at the workspace root:
[build.rust_scripts] package:   /home/newton/work/dev-hermit/worktrees/slots/dev-hermit-gdb-vfile-pin-20260916/ignored/gdb-vfile-pin-20260916/official-cli-1/runtime-tmp/hermit-rust-script-packages.7WgGeFwa/f8017f227c95ed9a/Cargo.toml
[build.rust_scripts] workspace: /home/newton/work/dev-hermit/worktrees/slots/dev-hermit-gdb-vfile-pin-20260916/ignored/gdb-vfile-pin-20260916/official-cli-1/runtime-tmp/hermit-rust-script-packages.7WgGeFwa/Cargo.toml
[build.rust_scripts] warning: profiles for the non root package will be ignored, specify profiles at the workspace root:
[build.rust_scripts] package:   /home/newton/work/dev-hermit/worktrees/slots/dev-hermit-gdb-vfile-pin-20260916/ignored/gdb-vfile-pin-20260916/official-cli-1/runtime-tmp/hermit-rust-script-packages.7WgGeFwa/93265ab9957e4aba/Cargo.toml
[build.rust_scripts] workspace: /home/newton/work/dev-hermit/worktrees/slots/dev-hermit-gdb-vfile-pin-20260916/ignored/gdb-vfile-pin-20260916/official-cli-1/runtime-tmp/hermit-rust-script-packages.7WgGeFwa/Cargo.toml
[build.rust_scripts] warning: profiles for the non root package will be ignored, specify profiles at the workspace root:
[build.rust_scripts] package:   /home/newton/work/dev-hermit/worktrees/slots/dev-hermit-gdb-vfile-pin-20260916/ignored/gdb-vfile-pin-20260916/official-cli-1/runtime-tmp/hermit-rust-script-packages.7WgGeFwa/2952a53430d12a42/Cargo.toml
[build.rust_scripts] workspace: /home/newton/work/dev-hermit/worktrees/slots/dev-hermit-gdb-vfile-pin-20260916/ignored/gdb-vfile-pin-20260916/official-cli-1/runtime-tmp/hermit-rust-script-packages.7WgGeFwa/Cargo.toml
[build.rust_scripts] warning: profiles for the non root package will be ignored, specify profiles at the workspace root:
[build.rust_scripts] package:   /home/newton/work/dev-hermit/worktrees/slots/dev-hermit-gdb-vfile-pin-20260916/ignored/gdb-vfile-pin-20260916/official-cli-1/runtime-tmp/hermit-rust-script-packages.7WgGeFwa/cae18980d4930ac8/Cargo.toml
[build.rust_scripts] workspace: /home/newton/work/dev-hermit/worktrees/slots/dev-hermit-gdb-vfile-pin-20260916/ignored/gdb-vfile-pin-20260916/official-cli-1/runtime-tmp/hermit-rust-script-packages.7WgGeFwa/Cargo.toml
[build.rust_scripts] warning: profiles for the non root package will be ignored, specify profiles at the workspace root:
[build.rust_scripts] package:   /home/newton/work/dev-hermit/worktrees/slots/dev-hermit-gdb-vfile-pin-20260916/ignored/gdb-vfile-pin-20260916/official-cli-1/runtime-tmp/hermit-rust-script-packages.7WgGeFwa/62ac2bfb61938d72/Cargo.toml
[build.rust_scripts] workspace: /home/newton/work/dev-hermit/worktrees/slots/dev-hermit-gdb-vfile-pin-20260916/ignored/gdb-vfile-pin-20260916/official-cli-1/runtime-tmp/hermit-rust-script-packages.7WgGeFwa/Cargo.toml
[build.rust_scripts] warning: profiles for the non root package will be ignored, specify profiles at the workspace root:
[build.rust_scripts] package:   /home/newton/work/dev-hermit/worktrees/slots/dev-hermit-gdb-vfile-pin-20260916/ignored/gdb-vfile-pin-20260916/official-cli-1/runtime-tmp/hermit-rust-script-packages.7WgGeFwa/76d1a06784c51374/Cargo.toml
[build.rust_scripts] workspace: /home/newton/work/dev-hermit/worktrees/slots/dev-hermit-gdb-vfile-pin-20260916/ignored/gdb-vfile-pin-20260916/official-cli-1/runtime-tmp/hermit-rust-script-packages.7WgGeFwa/Cargo.toml
[build.rust_scripts] warning: profiles for the non root package will be ignored, specify profiles at the workspace root:
[build.rust_scripts] package:   /home/newton/work/dev-hermit/worktrees/slots/dev-hermit-gdb-vfile-pin-20260916/ignored/gdb-vfile-pin-20260916/official-cli-1/runtime-tmp/hermit-rust-script-packages.7WgGeFwa/e306610591edf591/Cargo.toml
[build.rust_scripts] workspace: /home/newton/work/dev-hermit/worktrees/slots/dev-hermit-gdb-vfile-pin-20260916/ignored/gdb-vfile-pin-20260916/official-cli-1/runtime-tmp/hermit-rust-script-packages.7WgGeFwa/Cargo.toml
[build.rust_scripts] warning: profiles for the non root package will be ignored, specify profiles at the workspace root:
[build.rust_scripts] package:   /home/newton/work/dev-hermit/worktrees/slots/dev-hermit-gdb-vfile-pin-20260916/ignored/gdb-vfile-pin-20260916/official-cli-1/runtime-tmp/hermit-rust-script-packages.7WgGeFwa/d409f34a1c6de4ee/Cargo.toml
[build.rust_scripts] workspace: /home/newton/work/dev-hermit/worktrees/slots/dev-hermit-gdb-vfile-pin-20260916/ignored/gdb-vfile-pin-20260916/official-cli-1/runtime-tmp/hermit-rust-script-packages.7WgGeFwa/Cargo.toml
[build.rust_scripts] warning: profiles for the non root package will be ignored, specify profiles at the workspace root:
[build.rust_scripts] package:   /home/newton/work/dev-hermit/worktrees/slots/dev-hermit-gdb-vfile-pin-20260916/ignored/gdb-vfile-pin-20260916/official-cli-1/runtime-tmp/hermit-rust-script-packages.7WgGeFwa/fc33cf509da19b1c/Cargo.toml
[build.rust_scripts] workspace: /home/newton/work/dev-hermit/worktrees/slots/dev-hermit-gdb-vfile-pin-20260916/ignored/gdb-vfile-pin-20260916/official-cli-1/runtime-tmp/hermit-rust-script-packages.7WgGeFwa/Cargo.toml
[build.rust_scripts] warning: profiles for the non root package will be ignored, specify profiles at the workspace root:
[build.rust_scripts] package:   /home/newton/work/dev-hermit/worktrees/slots/dev-hermit-gdb-vfile-pin-20260916/ignored/gdb-vfile-pin-20260916/official-cli-1/runtime-tmp/hermit-rust-script-packages.7WgGeFwa/3872522b0d01e12d/Cargo.toml
[build.rust_scripts] workspace: /home/newton/work/dev-hermit/worktrees/slots/dev-hermit-gdb-vfile-pin-20260916/ignored/gdb-vfile-pin-20260916/official-cli-1/runtime-tmp/hermit-rust-script-packages.7WgGeFwa/Cargo.toml
[build.rust_scripts] warning: profiles for the non root package will be ignored, specify profiles at the workspace root:
[build.rust_scripts] package:   /home/newton/work/dev-hermit/worktrees/slots/dev-hermit-gdb-vfile-pin-20260916/ignored/gdb-vfile-pin-20260916/official-cli-1/runtime-tmp/hermit-rust-script-packages.7WgGeFwa/81da3f1d442cc879/Cargo.toml
[build.rust_scripts] workspace: /home/newton/work/dev-hermit/worktrees/slots/dev-hermit-gdb-vfile-pin-20260916/ignored/gdb-vfile-pin-20260916/official-cli-1/runtime-tmp/hermit-rust-script-packages.7WgGeFwa/Cargo.toml
[build.rust_scripts] warning: profiles for the non root package will be ignored, specify profiles at the workspace root:
[build.rust_scripts] package:   /home/newton/work/dev-hermit/worktrees/slots/dev-hermit-gdb-vfile-pin-20260916/ignored/gdb-vfile-pin-20260916/official-cli-1/runtime-tmp/hermit-rust-script-packages.7WgGeFwa/b7908774f65bce43/Cargo.toml
[build.rust_scripts] workspace: /home/newton/work/dev-hermit/worktrees/slots/dev-hermit-gdb-vfile-pin-20260916/ignored/gdb-vfile-pin-20260916/official-cli-1/runtime-tmp/hermit-rust-script-packages.7WgGeFwa/Cargo.toml
[build.rust_scripts] warning: profiles for the non root package will be ignored, specify profiles at the workspace root:
[build.rust_scripts] package:   /home/newton/work/dev-hermit/worktrees/slots/dev-hermit-gdb-vfile-pin-20260916/ignored/gdb-vfile-pin-20260916/official-cli-1/runtime-tmp/hermit-rust-script-packages.7WgGeFwa/6972560c9ef2290f/Cargo.toml
[build.rust_scripts] workspace: /home/newton/work/dev-hermit/worktrees/slots/dev-hermit-gdb-vfile-pin-20260916/ignored/gdb-vfile-pin-20260916/official-cli-1/runtime-tmp/hermit-rust-script-packages.7WgGeFwa/Cargo.toml
[build.rust_scripts]    Compiling proc-macro2 v1.0.107
[build.rust_scripts]    Compiling quote v1.0.47
[build.rust_scripts]    Compiling unicode-ident v1.0.25
[build.rust_scripts]    Compiling serde_core v1.0.229
[build.rust_scripts]    Compiling serde v1.0.229
[build.rust_scripts]    Compiling libc v0.2.189
[build.rust_scripts]    Compiling cfg-if v1.0.5
[build.rust_scripts]    Compiling memchr v2.8.3
[build.rust_scripts]    Compiling itoa v1.0.18
[build.rust_scripts]    Compiling autocfg v1.5.1
[build.rust_scripts]    Compiling equivalent v1.0.2
[build.rust_scripts]    Compiling hashbrown v0.17.1
[build.rust_scripts]    Compiling zmij v1.0.23
[build.rust_scripts]    Compiling serde_json v1.0.151
[build.rust_scripts]    Compiling libm v0.2.16
[build.rust_scripts]    Compiling rustix v1.1.5
[build.rust_scripts]    Compiling num-traits v0.2.19
[build.rust_scripts]    Compiling pin-project-lite v0.2.17
[build.rust_scripts]    Compiling linux-raw-sys v0.12.1
[build.rust_scripts]    Compiling version_check v0.9.5
[build.rust_scripts]    Compiling syn v3.0.6
[build.rust_scripts]    Compiling generic-array v0.14.7
[build.rust_scripts]    Compiling syn v2.0.119
[build.rust_scripts]    Compiling indexmap v2.14.2
[build.rust_scripts]    Compiling memoffset v0.9.1
[build.rust_scripts]    Compiling ryu v1.0.23
[build.rust_scripts]    Compiling syscalls v0.6.18
[build.rust_scripts]    Compiling cfg_aliases v0.2.2
[build.rust_scripts]    Compiling nix v0.30.1
[build.rust_scripts]    Compiling typenum v1.20.1
[build.rust_scripts]    Compiling unicode-segmentation v1.13.3
[build.rust_scripts]    Compiling errno v0.3.14
[build.rust_scripts]    Compiling signal-hook-registry v1.4.8
[build.rust_scripts]    Compiling convert_case v0.6.0
[build.rust_scripts]    Compiling utf8parse v0.2.2
[build.rust_scripts]    Compiling virtue v0.0.18
[build.rust_scripts]    Compiling unicode-xid v0.2.6
[build.rust_scripts]    Compiling iana-time-zone v0.1.65
[build.rust_scripts]    Compiling bitflags v2.13.2
[build.rust_scripts]    Compiling paste v1.0.15
[build.rust_scripts]    Compiling bincode_derive v2.0.1
[build.rust_scripts]    Compiling anstyle-parse v1.0.0
[build.rust_scripts]    Compiling radium v0.7.0
[build.rust_scripts]    Compiling anyhow v1.0.104
[build.rust_scripts]    Compiling anstyle v1.0.14
[build.rust_scripts]    Compiling once_cell v1.21.4
[build.rust_scripts]    Compiling unicode-width v0.2.2
[build.rust_scripts]    Compiling anstyle-query v1.1.5
[build.rust_scripts]    Compiling unty v0.0.4
[build.rust_scripts]    Compiling is_terminal_polyfill v1.70.2
[build.rust_scripts]    Compiling colorchoice v1.0.5
[build.rust_scripts]    Compiling block-buffer v0.10.4
[build.rust_scripts]    Compiling anstream v1.0.0
[build.rust_scripts]    Compiling crypto-common v0.1.7
[build.rust_scripts]    Compiling strsim v0.11.1
[build.rust_scripts]    Compiling crc32fast v1.5.2
[build.rust_scripts]    Compiling clap_lex v1.1.1
[build.rust_scripts]    Compiling rand_core v0.10.1
[build.rust_scripts]    Compiling unicase v2.9.0
[build.rust_scripts]    Compiling tap v1.0.1
[build.rust_scripts]    Compiling heck v0.5.0
[build.rust_scripts]    Compiling serde_derive v1.0.229
[build.rust_scripts]    Compiling serde_repr v0.1.21
[build.rust_scripts]    Compiling signal-hook v0.4.4
[build.rust_scripts]    Compiling clap_derive v4.6.7
[build.rust_scripts]    Compiling wyz v0.5.1
[build.rust_scripts]    Compiling digest v0.10.7
[build.rust_scripts]    Compiling tracing-core v0.1.36
[build.rust_scripts]    Compiling derive_more-impl v1.0.0
[build.rust_scripts]    Compiling tracing-attributes v0.1.31
[build.rust_scripts]    Compiling simd-adler32 v0.3.10
[build.rust_scripts]    Compiling cpufeatures v0.2.17
[build.rust_scripts]    Compiling unsafe-libyaml-norway v0.2.15
[build.rust_scripts]    Compiling getrandom v0.4.3
[build.rust_scripts]    Compiling adler2 v2.0.1
[build.rust_scripts]    Compiling terminal_size v0.4.4
[build.rust_scripts]    Compiling clap_builder v4.6.7
[build.rust_scripts]    Compiling funty v2.0.0
[build.rust_scripts]    Compiling miniz_oxide v0.9.1
[build.rust_scripts]    Compiling chrono v0.4.45
[build.rust_scripts]    Compiling reverie-memory v0.2.0 (https://github.com/rrnewton/reverie.git?rev=d87a03a312421d34dee81dae71aa395b40231e63#d87a03a3)
[build.rust_scripts]    Compiling bincode v2.0.1
[build.rust_scripts]    Compiling bitvec v1.1.1
[build.rust_scripts]    Compiling serde_norway v0.9.42
[build.rust_scripts]    Compiling derive_more v1.0.0
[build.rust_scripts]    Compiling reverie-syscalls v0.2.0 (https://github.com/rrnewton/reverie.git?rev=d87a03a312421d34dee81dae71aa395b40231e63#d87a03a3)
[build.rust_scripts]    Compiling clap v4.6.7
[build.rust_scripts]    Compiling tracing v0.1.44
[build.rust_scripts]    Compiling sha2 v0.10.9
[build.rust_scripts]    Compiling smallvec v1.16.1
[build.rust_scripts]    Compiling futures-sink v0.3.34
[build.rust_scripts]    Compiling bytesize v2.7.0
[build.rust_scripts]    Compiling futures-core v0.3.34
[build.rust_scripts]    Compiling shell-words v1.1.1
[build.rust_scripts]    Compiling parking_lot_core v0.9.12
[build.rust_scripts]    Compiling unsafe-libyaml v0.2.11
[build.rust_scripts]    Compiling futures-channel v0.3.34
[build.rust_scripts]    Compiling dagrun v0.15.0 (/home/newton/work/dev-hermit/worktrees/slots/dev-hermit-gdb-vfile-pin-20260916/agent-utils/rs/dagrun)
[build.rust_scripts]    Compiling flate2 v1.1.10
[build.rust_scripts]    Compiling futures-macro v0.3.34
[build.rust_scripts]    Compiling futures v0.1.31
[build.rust_scripts]    Compiling serde_yaml v0.9.34+deprecated
[build.rust_scripts]    Compiling slab v0.4.12
[build.rust_scripts]    Compiling scopeguard v1.2.0
[build.rust_scripts]    Compiling futures-io v0.3.34
[build.rust_scripts]    Compiling futures-task v0.3.34
[build.rust_scripts]    Compiling lock_api v0.4.14
[build.rust_scripts]    Compiling futures-util v0.3.34
[build.rust_scripts]    Compiling twox-hash v2.1.4
[build.rust_scripts]    Compiling static_assertions v1.1.0
[build.rust_scripts]    Compiling object v0.39.1
[build.rust_scripts]    Compiling thiserror v2.0.20
[build.rust_scripts]    Compiling cpp_demangle v0.5.1
[build.rust_scripts]    Compiling twox-hash v1.6.3
[build.rust_scripts]    Compiling detcore-model v0.2.0 (/home/newton/work/dev-hermit/worktrees/slots/dev-hermit-gdb-vfile-pin-20260916/detcore-model)
[build.rust_scripts]    Compiling ruzstd v0.8.3
[build.rust_scripts]    Compiling parking_lot v0.12.5
[build.rust_scripts]    Compiling toml_datetime v0.6.11
[build.rust_scripts]    Compiling serde_spanned v0.6.9
[build.rust_scripts]    Compiling thiserror-impl v2.0.20
[build.rust_scripts]    Compiling tokio-macros v2.7.2
[build.rust_scripts]    Compiling mio v1.2.3
[build.rust_scripts]    Compiling socket2 v0.6.5
[build.rust_scripts]    Compiling hex v0.4.3
[build.rust_scripts]    Compiling futures-executor v0.3.34
[build.rust_scripts]    Compiling cpufeatures v0.3.1
[build.rust_scripts]    Compiling procfs v0.18.0
[build.rust_scripts]    Compiling lazy_static v1.5.0
[build.rust_scripts]    Compiling object v0.36.7
[build.rust_scripts]    Compiling foldhash v0.1.5
[build.rust_scripts]    Compiling winnow v0.7.15
[build.rust_scripts]    Compiling fastrand v2.5.0
[build.rust_scripts]    Compiling toml_write v0.1.2
[build.rust_scripts]    Compiling typed-arena v2.0.2
[build.rust_scripts]    Compiling bytes v1.12.1
[build.rust_scripts]    Compiling tempfile v3.27.0
[build.rust_scripts]    Compiling hashbrown v0.15.5
[build.rust_scripts]    Compiling tokio v1.53.1
[build.rust_scripts]    Compiling colored v2.2.0
[build.rust_scripts]    Compiling futures v0.3.34
[build.rust_scripts]    Compiling chacha20 v0.10.2
[build.rust_scripts]    Compiling procfs-core v0.18.0
[build.rust_scripts]    Compiling ruzstd v0.7.3
[build.rust_scripts]    Compiling toml_edit v0.22.27
[build.rust_scripts]    Compiling hermit-manifest-plan v0.2.0 (/home/newton/work/dev-hermit/worktrees/slots/dev-hermit-gdb-vfile-pin-20260916/ci/manifest-plan)
[build.rust_scripts]    Compiling memmap2 v0.9.11
[build.rust_scripts]    Compiling aho-corasick v1.1.5
[build.rust_scripts]    Compiling regex-syntax v0.8.11
[build.rust_scripts]    Compiling rustc-demangle v0.1.28
[build.rust_scripts]    Compiling gimli v0.33.0
[build.rust_scripts]    Compiling fallible-iterator v0.3.0
[build.rust_scripts]    Compiling bitflags v1.3.2
[build.rust_scripts]    Compiling raw-cpuid v10.7.0
[build.rust_scripts]    Compiling addr2line v0.26.1
[build.rust_scripts]    Compiling regex-automata v0.4.18
[build.rust_scripts]    Compiling reverie-process v0.2.0 (https://github.com/rrnewton/reverie.git?rev=d87a03a312421d34dee81dae71aa395b40231e63#d87a03a3)
[build.rust_scripts]    Compiling rand v0.10.2
[build.rust_scripts]    Compiling linked-hash-map v0.5.6
[build.rust_scripts]    Compiling async-trait v0.1.92
[build.rust_scripts]    Compiling csv-core v0.1.13
[build.rust_scripts]    Compiling yansi v1.0.1
[build.rust_scripts]    Compiling never-say-never v6.6.666
[build.rust_scripts]    Compiling diff v0.1.13
[build.rust_scripts]    Compiling arrayvec v0.5.2
[build.rust_scripts]    Compiling byteorder v1.5.0
[build.rust_scripts]    Compiling pretty v0.12.5
[build.rust_scripts]    Compiling pretty_assertions v1.4.1
[build.rust_scripts]    Compiling csv v1.4.0
[build.rust_scripts]    Compiling rand_distr v0.6.0
[build.rust_scripts]    Compiling regex v1.13.1
[build.rust_scripts]    Compiling toml v0.8.23
[build.rust_scripts]    Compiling reverie-core v0.2.0 (https://github.com/rrnewton/reverie.git?rev=d87a03a312421d34dee81dae71aa395b40231e63#d87a03a3)
[build.rust_scripts]    Compiling rand_pcg v0.10.2
[build.rust_scripts]    Compiling hermit-detcore v0.2.0 (/home/newton/work/dev-hermit/worktrees/slots/dev-hermit-gdb-vfile-pin-20260916/detcore)
[build.rust_scripts]    Compiling fs2 v0.4.3
[build.rust_scripts]    Compiling manifest-to-commands_688e7ac55122198c85d6a45a v0.1.0 (/home/newton/work/dev-hermit/worktrees/slots/dev-hermit-gdb-vfile-pin-20260916/ignored/gdb-vfile-pin-20260916/official-cli-1/runtime-tmp/hermit-rust-script-packages.7WgGeFwa/fc33cf509da19b1c)
[build.rust_scripts]    Compiling update_spreadsheet_79cca440e9ac9d843e58eea2 v0.1.0 (/home/newton/work/dev-hermit/worktrees/slots/dev-hermit-gdb-vfile-pin-20260916/ignored/gdb-vfile-pin-20260916/official-cli-1/runtime-tmp/hermit-rust-script-packages.7WgGeFwa/81da3f1d442cc879)
[build.rust_scripts]    Compiling nextest-timeout-config_7cbcbbbf4f525c447fda0f44 v0.1.0 (/home/newton/work/dev-hermit/worktrees/slots/dev-hermit-gdb-vfile-pin-20260916/ignored/gdb-vfile-pin-20260916/official-cli-1/runtime-tmp/hermit-rust-script-packages.7WgGeFwa/2162d8a3b81d996d)
[build.rust_scripts]    Compiling manifest-cli_3c931129bf3ddf5a56094fdc v0.1.0 (/home/newton/work/dev-hermit/worktrees/slots/dev-hermit-gdb-vfile-pin-20260916/ignored/gdb-vfile-pin-20260916/official-cli-1/runtime-tmp/hermit-rust-script-packages.7WgGeFwa/6972560c9ef2290f)
[build.rust_scripts]    Compiling hermit-code-coverage_45f087d1094c4c522a58ab17 v0.1.0 (/home/newton/work/dev-hermit/worktrees/slots/dev-hermit-gdb-vfile-pin-20260916/ignored/gdb-vfile-pin-20260916/official-cli-1/runtime-tmp/hermit-rust-script-packages.7WgGeFwa/e306610591edf591)
[build.rust_scripts]    Compiling select-tests_fd51724200e6267559757e84 v0.1.0 (/home/newton/work/dev-hermit/worktrees/slots/dev-hermit-gdb-vfile-pin-20260916/ignored/gdb-vfile-pin-20260916/official-cli-1/runtime-tmp/hermit-rust-script-packages.7WgGeFwa/cfee71cd74153651)
[build.rust_scripts]    Compiling power-to-weight_aeb0399a17a0f8106fccab9e v0.1.0 (/home/newton/work/dev-hermit/worktrees/slots/dev-hermit-gdb-vfile-pin-20260916/ignored/gdb-vfile-pin-20260916/official-cli-1/runtime-tmp/hermit-rust-script-packages.7WgGeFwa/74f4de48268e496d)
[build.rust_scripts]    Compiling bisect-probe_d2b444528acfe8cfb4c74dfa v0.1.0 (/home/newton/work/dev-hermit/worktrees/slots/dev-hermit-gdb-vfile-pin-20260916/ignored/gdb-vfile-pin-20260916/official-cli-1/runtime-tmp/hermit-rust-script-packages.7WgGeFwa/344d4004465230b9)
[build.rust_scripts]    Compiling docs-pages-contract_c958c81bd52ec825e3ed276b v0.1.0 (/home/newton/work/dev-hermit/worktrees/slots/dev-hermit-gdb-vfile-pin-20260916/ignored/gdb-vfile-pin-20260916/official-cli-1/runtime-tmp/hermit-rust-script-packages.7WgGeFwa/76d1a06784c51374)
[build.rust_scripts]    Compiling check-record-version-floor_b07408d97b2d867ad66160a4 v0.1.0 (/home/newton/work/dev-hermit/worktrees/slots/dev-hermit-gdb-vfile-pin-20260916/ignored/gdb-vfile-pin-20260916/official-cli-1/runtime-tmp/hermit-rust-script-packages.7WgGeFwa/f8017f227c95ed9a)
[build.rust_scripts]    Compiling runner_health_5d6b9a8686b608ce9f09da9d v0.1.0 (/home/newton/work/dev-hermit/worktrees/slots/dev-hermit-gdb-vfile-pin-20260916/ignored/gdb-vfile-pin-20260916/official-cli-1/runtime-tmp/hermit-rust-script-packages.7WgGeFwa/3872522b0d01e12d)
[build.rust_scripts]    Compiling check-exit-status-class_67db1d8e71f9624a32b580db v0.1.0 (/home/newton/work/dev-hermit/worktrees/slots/dev-hermit-gdb-vfile-pin-20260916/ignored/gdb-vfile-pin-20260916/official-cli-1/runtime-tmp/hermit-rust-script-packages.7WgGeFwa/a1bd4437bae839b6)
[build.rust_scripts]    Compiling check-nested-lockfiles_8566e8dae2f79552eb2ed511 v0.1.0 (/home/newton/work/dev-hermit/worktrees/slots/dev-hermit-gdb-vfile-pin-20260916/ignored/gdb-vfile-pin-20260916/official-cli-1/runtime-tmp/hermit-rust-script-packages.7WgGeFwa/40aa044d7d34c808)
[build.rust_scripts]    Compiling log_timeslice_184505acbb73b88bc3b66a77 v0.1.0 (/home/newton/work/dev-hermit/worktrees/slots/dev-hermit-gdb-vfile-pin-20260916/ignored/gdb-vfile-pin-20260916/official-cli-1/runtime-tmp/hermit-rust-script-packages.7WgGeFwa/d409f34a1c6de4ee)
[build.rust_scripts]    Compiling check-skill-discovery_7166a05291b62701efd51d82 v0.1.0 (/home/newton/work/dev-hermit/worktrees/slots/dev-hermit-gdb-vfile-pin-20260916/ignored/gdb-vfile-pin-20260916/official-cli-1/runtime-tmp/hermit-rust-script-packages.7WgGeFwa/2952a53430d12a42)
[build.rust_scripts]    Compiling check-dbt-runtime-abi_8b3dad6a3d4ba48ae1de7193 v0.1.0 (/home/newton/work/dev-hermit/worktrees/slots/dev-hermit-gdb-vfile-pin-20260916/ignored/gdb-vfile-pin-20260916/official-cli-1/runtime-tmp/hermit-rust-script-packages.7WgGeFwa/91a6f85b46f9a093)
[build.rust_scripts]    Compiling check-github-actions-triggers_465c98ff1e10e638d45eafa8 v0.1.0 (/home/newton/work/dev-hermit/worktrees/slots/dev-hermit-gdb-vfile-pin-20260916/ignored/gdb-vfile-pin-20260916/official-cli-1/runtime-tmp/hermit-rust-script-packages.7WgGeFwa/55ba5f117f6432d6)
[build.rust_scripts]    Compiling check-reverie-pin_f063d27954929bea8dab4ec7 v0.1.0 (/home/newton/work/dev-hermit/worktrees/slots/dev-hermit-gdb-vfile-pin-20260916/ignored/gdb-vfile-pin-20260916/official-cli-1/runtime-tmp/hermit-rust-script-packages.7WgGeFwa/93265ab9957e4aba)
[build.rust_scripts]    Compiling check-checker-scheduling_5165b99b2d5998523d5f81ee v0.1.0 (/home/newton/work/dev-hermit/worktrees/slots/dev-hermit-gdb-vfile-pin-20260916/ignored/gdb-vfile-pin-20260916/official-cli-1/runtime-tmp/hermit-rust-script-packages.7WgGeFwa/cd189eff27bcb3f6)
[build.rust_scripts]    Compiling check-git-pin-uniformity_dd140c74607aabe79e585d7d v0.1.0 (/home/newton/work/dev-hermit/worktrees/slots/dev-hermit-gdb-vfile-pin-20260916/ignored/gdb-vfile-pin-20260916/official-cli-1/runtime-tmp/hermit-rust-script-packages.7WgGeFwa/6b330abf7c0ddfd4)
[build.rust_scripts]    Compiling detcore-backend-source_641ce0a3d62a56861556f1ec v0.1.0 (/home/newton/work/dev-hermit/worktrees/slots/dev-hermit-gdb-vfile-pin-20260916/ignored/gdb-vfile-pin-20260916/official-cli-1/runtime-tmp/hermit-rust-script-packages.7WgGeFwa/62ac2bfb61938d72)
[build.rust_scripts]    Compiling nextest-test-results_5051903d76063ea36056888c v0.1.0 (/home/newton/work/dev-hermit/worktrees/slots/dev-hermit-gdb-vfile-pin-20260916/ignored/gdb-vfile-pin-20260916/official-cli-1/runtime-tmp/hermit-rust-script-packages.7WgGeFwa/59ea0555bb7bb866)
[build.rust_scripts]    Compiling validate_244e3fe7b9f248471d830868 v0.1.0 (/home/newton/work/dev-hermit/worktrees/slots/dev-hermit-gdb-vfile-pin-20260916/ignored/gdb-vfile-pin-20260916/official-cli-1/runtime-tmp/hermit-rust-script-packages.7WgGeFwa/b7908774f65bce43)
[build.rust_scripts]    Compiling nextest-binaries_d9674131c3e38af09c287f7b v0.1.0 (/home/newton/work/dev-hermit/worktrees/slots/dev-hermit-gdb-vfile-pin-20260916/ignored/gdb-vfile-pin-20260916/official-cli-1/runtime-tmp/hermit-rust-script-packages.7WgGeFwa/914eb5845ec9abe9)
[build.rust_scripts]    Compiling scorecard_7aa50f1871c99bb240e08a60 v0.1.0 (/home/newton/work/dev-hermit/worktrees/slots/dev-hermit-gdb-vfile-pin-20260916/ignored/gdb-vfile-pin-20260916/official-cli-1/runtime-tmp/hermit-rust-script-packages.7WgGeFwa/ea43a74c69f612af)
[build.rust_scripts]    Compiling pressure-test_b4b5310e07bdddd1920b76e5 v0.1.0 (/home/newton/work/dev-hermit/worktrees/slots/dev-hermit-gdb-vfile-pin-20260916/ignored/gdb-vfile-pin-20260916/official-cli-1/runtime-tmp/hermit-rust-script-packages.7WgGeFwa/5f829a04c0a8df85)
[build.rust_scripts]    Compiling structured-test-results_b483cd2a9aec723cc083efcb v0.1.0 (/home/newton/work/dev-hermit/worktrees/slots/dev-hermit-gdb-vfile-pin-20260916/ignored/gdb-vfile-pin-20260916/official-cli-1/runtime-tmp/hermit-rust-script-packages.7WgGeFwa/dbfbd1f3870f1cf4)
[build.rust_scripts]    Compiling cross-backend-detlog-diff_05a032aafefdcbb8e0504a14 v0.1.0 (/home/newton/work/dev-hermit/worktrees/slots/dev-hermit-gdb-vfile-pin-20260916/ignored/gdb-vfile-pin-20260916/official-cli-1/runtime-tmp/hermit-rust-script-packages.7WgGeFwa/cae18980d4930ac8)
[build.rust_scripts]     Finished `release` profile [optimized] target(s) in 1m 09s
[build.rust_scripts] … 90s elapsed, no test events yet
[build.rust_scripts] warning: profiles for the non root package will be ignored, specify profiles at the workspace root:
[build.rust_scripts] package:   /home/newton/work/dev-hermit/worktrees/slots/dev-hermit-gdb-vfile-pin-20260916/ignored/gdb-vfile-pin-20260916/official-cli-1/runtime-tmp/hermit-rust-script-packages.7WgGeFwa/5f829a04c0a8df85/Cargo.toml
[build.rust_scripts] workspace: /home/newton/work/dev-hermit/worktrees/slots/dev-hermit-gdb-vfile-pin-20260916/ignored/gdb-vfile-pin-20260916/official-cli-1/runtime-tmp/hermit-rust-script-packages.7WgGeFwa/Cargo.toml
[build.rust_scripts] warning: profiles for the non root package will be ignored, specify profiles at the workspace root:
[build.rust_scripts] package:   /home/newton/work/dev-hermit/worktrees/slots/dev-hermit-gdb-vfile-pin-20260916/ignored/gdb-vfile-pin-20260916/official-cli-1/runtime-tmp/hermit-rust-script-packages.7WgGeFwa/ea43a74c69f612af/Cargo.toml
[build.rust_scripts] workspace: /home/newton/work/dev-hermit/worktrees/slots/dev-hermit-gdb-vfile-pin-20260916/ignored/gdb-vfile-pin-20260916/official-cli-1/runtime-tmp/hermit-rust-script-packages.7WgGeFwa/Cargo.toml
[build.rust_scripts] warning: profiles for the non root package will be ignored, specify profiles at the workspace root:
[build.rust_scripts] package:   /home/newton/work/dev-hermit/worktrees/slots/dev-hermit-gdb-vfile-pin-20260916/ignored/gdb-vfile-pin-20260916/official-cli-1/runtime-tmp/hermit-rust-script-packages.7WgGeFwa/914eb5845ec9abe9/Cargo.toml
[build.rust_scripts] workspace: /home/newton/work/dev-hermit/worktrees/slots/dev-hermit-gdb-vfile-pin-20260916/ignored/gdb-vfile-pin-20260916/official-cli-1/runtime-tmp/hermit-rust-script-packages.7WgGeFwa/Cargo.toml
[build.rust_scripts] warning: profiles for the non root package will be ignored, specify profiles at the workspace root:
[build.rust_scripts] package:   /home/newton/work/dev-hermit/worktrees/slots/dev-hermit-gdb-vfile-pin-20260916/ignored/gdb-vfile-pin-20260916/official-cli-1/runtime-tmp/hermit-rust-script-packages.7WgGeFwa/59ea0555bb7bb866/Cargo.toml
[build.rust_scripts] workspace: /home/newton/work/dev-hermit/worktrees/slots/dev-hermit-gdb-vfile-pin-20260916/ignored/gdb-vfile-pin-20260916/official-cli-1/runtime-tmp/hermit-rust-script-packages.7WgGeFwa/Cargo.toml
[build.rust_scripts] warning: profiles for the non root package will be ignored, specify profiles at the workspace root:
[build.rust_scripts] package:   /home/newton/work/dev-hermit/worktrees/slots/dev-hermit-gdb-vfile-pin-20260916/ignored/gdb-vfile-pin-20260916/official-cli-1/runtime-tmp/hermit-rust-script-packages.7WgGeFwa/2162d8a3b81d996d/Cargo.toml
[build.rust_scripts] workspace: /home/newton/work/dev-hermit/worktrees/slots/dev-hermit-gdb-vfile-pin-20260916/ignored/gdb-vfile-pin-20260916/official-cli-1/runtime-tmp/hermit-rust-script-packages.7WgGeFwa/Cargo.toml
[build.rust_scripts] warning: profiles for the non root package will be ignored, specify profiles at the workspace root:
[build.rust_scripts] package:   /home/newton/work/dev-hermit/worktrees/slots/dev-hermit-gdb-vfile-pin-20260916/ignored/gdb-vfile-pin-20260916/official-cli-1/runtime-tmp/hermit-rust-script-packages.7WgGeFwa/74f4de48268e496d/Cargo.toml
[build.rust_scripts] workspace: /home/newton/work/dev-hermit/worktrees/slots/dev-hermit-gdb-vfile-pin-20260916/ignored/gdb-vfile-pin-20260916/official-cli-1/runtime-tmp/hermit-rust-script-packages.7WgGeFwa/Cargo.toml
[build.rust_scripts] warning: profiles for the non root package will be ignored, specify profiles at the workspace root:
[build.rust_scripts] package:   /home/newton/work/dev-hermit/worktrees/slots/dev-hermit-gdb-vfile-pin-20260916/ignored/gdb-vfile-pin-20260916/official-cli-1/runtime-tmp/hermit-rust-script-packages.7WgGeFwa/cfee71cd74153651/Cargo.toml
[build.rust_scripts] workspace: /home/newton/work/dev-hermit/worktrees/slots/dev-hermit-gdb-vfile-pin-20260916/ignored/gdb-vfile-pin-20260916/official-cli-1/runtime-tmp/hermit-rust-script-packages.7WgGeFwa/Cargo.toml
[build.rust_scripts] warning: profiles for the non root package will be ignored, specify profiles at the workspace root:
[build.rust_scripts] package:   /home/newton/work/dev-hermit/worktrees/slots/dev-hermit-gdb-vfile-pin-20260916/ignored/gdb-vfile-pin-20260916/official-cli-1/runtime-tmp/hermit-rust-script-packages.7WgGeFwa/dbfbd1f3870f1cf4/Cargo.toml
[build.rust_scripts] workspace: /home/newton/work/dev-hermit/worktrees/slots/dev-hermit-gdb-vfile-pin-20260916/ignored/gdb-vfile-pin-20260916/official-cli-1/runtime-tmp/hermit-rust-script-packages.7WgGeFwa/Cargo.toml
[build.rust_scripts] warning: profiles for the non root package will be ignored, specify profiles at the workspace root:
[build.rust_scripts] package:   /home/newton/work/dev-hermit/worktrees/slots/dev-hermit-gdb-vfile-pin-20260916/ignored/gdb-vfile-pin-20260916/official-cli-1/runtime-tmp/hermit-rust-script-packages.7WgGeFwa/344d4004465230b9/Cargo.toml
[build.rust_scripts] workspace: /home/newton/work/dev-hermit/worktrees/slots/dev-hermit-gdb-vfile-pin-20260916/ignored/gdb-vfile-pin-20260916/official-cli-1/runtime-tmp/hermit-rust-script-packages.7WgGeFwa/Cargo.toml
[build.rust_scripts] warning: profiles for the non root package will be ignored, specify profiles at the workspace root:
[build.rust_scripts] package:   /home/newton/work/dev-hermit/worktrees/slots/dev-hermit-gdb-vfile-pin-20260916/ignored/gdb-vfile-pin-20260916/official-cli-1/runtime-tmp/hermit-rust-script-packages.7WgGeFwa/cd189eff27bcb3f6/Cargo.toml
[build.rust_scripts] workspace: /home/newton/work/dev-hermit/worktrees/slots/dev-hermit-gdb-vfile-pin-20260916/ignored/gdb-vfile-pin-20260916/official-cli-1/runtime-tmp/hermit-rust-script-packages.7WgGeFwa/Cargo.toml
[build.rust_scripts] warning: profiles for the non root package will be ignored, specify profiles at the workspace root:
[build.rust_scripts] package:   /home/newton/work/dev-hermit/worktrees/slots/dev-hermit-gdb-vfile-pin-20260916/ignored/gdb-vfile-pin-20260916/official-cli-1/runtime-tmp/hermit-rust-script-packages.7WgGeFwa/91a6f85b46f9a093/Cargo.toml
[build.rust_scripts] workspace: /home/newton/work/dev-hermit/worktrees/slots/dev-hermit-gdb-vfile-pin-20260916/ignored/gdb-vfile-pin-20260916/official-cli-1/runtime-tmp/hermit-rust-script-packages.7WgGeFwa/Cargo.toml
[build.rust_scripts] warning: profiles for the non root package will be ignored, specify profiles at the workspace root:
[build.rust_scripts] package:   /home/newton/work/dev-hermit/worktrees/slots/dev-hermit-gdb-vfile-pin-20260916/ignored/gdb-vfile-pin-20260916/official-cli-1/runtime-tmp/hermit-rust-script-packages.7WgGeFwa/a1bd4437bae839b6/Cargo.toml
[build.rust_scripts] workspace: /home/newton/work/dev-hermit/worktrees/slots/dev-hermit-gdb-vfile-pin-20260916/ignored/gdb-vfile-pin-20260916/official-cli-1/runtime-tmp/hermit-rust-script-packages.7WgGeFwa/Cargo.toml
[build.rust_scripts] warning: profiles for the non root package will be ignored, specify profiles at the workspace root:
[build.rust_scripts] package:   /home/newton/work/dev-hermit/worktrees/slots/dev-hermit-gdb-vfile-pin-20260916/ignored/gdb-vfile-pin-20260916/official-cli-1/runtime-tmp/hermit-rust-script-packages.7WgGeFwa/6b330abf7c0ddfd4/Cargo.toml
[build.rust_scripts] workspace: /home/newton/work/dev-hermit/worktrees/slots/dev-hermit-gdb-vfile-pin-20260916/ignored/gdb-vfile-pin-20260916/official-cli-1/runtime-tmp/hermit-rust-script-packages.7WgGeFwa/Cargo.toml
[build.rust_scripts] warning: profiles for the non root package will be ignored, specify profiles at the workspace root:
[build.rust_scripts] package:   /home/newton/work/dev-hermit/worktrees/slots/dev-hermit-gdb-vfile-pin-20260916/ignored/gdb-vfile-pin-20260916/official-cli-1/runtime-tmp/hermit-rust-script-packages.7WgGeFwa/55ba5f117f6432d6/Cargo.toml
[build.rust_scripts] workspace: /home/newton/work/dev-hermit/worktrees/slots/dev-hermit-gdb-vfile-pin-20260916/ignored/gdb-vfile-pin-20260916/official-cli-1/runtime-tmp/hermit-rust-script-packages.7WgGeFwa/Cargo.toml
[build.rust_scripts] warning: profiles for the non root package will be ignored, specify profiles at the workspace root:
[build.rust_scripts] package:   /home/newton/work/dev-hermit/worktrees/slots/dev-hermit-gdb-vfile-pin-20260916/ignored/gdb-vfile-pin-20260916/official-cli-1/runtime-tmp/hermit-rust-script-packages.7WgGeFwa/40aa044d7d34c808/Cargo.toml
[build.rust_scripts] workspace: /home/newton/work/dev-hermit/worktrees/slots/dev-hermit-gdb-vfile-pin-20260916/ignored/gdb-vfile-pin-20260916/official-cli-1/runtime-tmp/hermit-rust-script-packages.7WgGeFwa/Cargo.toml
[build.rust_scripts] warning: profiles for the non root package will be ignored, specify profiles at the workspace root:
[build.rust_scripts] package:   /home/newton/work/dev-hermit/worktrees/slots/dev-hermit-gdb-vfile-pin-20260916/ignored/gdb-vfile-pin-20260916/official-cli-1/runtime-tmp/hermit-rust-script-packages.7WgGeFwa/f8017f227c95ed9a/Cargo.toml
[build.rust_scripts] workspace: /home/newton/work/dev-hermit/worktrees/slots/dev-hermit-gdb-vfile-pin-20260916/ignored/gdb-vfile-pin-20260916/official-cli-1/runtime-tmp/hermit-rust-script-packages.7WgGeFwa/Cargo.toml
[build.rust_scripts] warning: profiles for the non root package will be ignored, specify profiles at the workspace root:
[build.rust_scripts] package:   /home/newton/work/dev-hermit/worktrees/slots/dev-hermit-gdb-vfile-pin-20260916/ignored/gdb-vfile-pin-20260916/official-cli-1/runtime-tmp/hermit-rust-script-packages.7WgGeFwa/93265ab9957e4aba/Cargo.toml
[build.rust_scripts] workspace: /home/newton/work/dev-hermit/worktrees/slots/dev-hermit-gdb-vfile-pin-20260916/ignored/gdb-vfile-pin-20260916/official-cli-1/runtime-tmp/hermit-rust-script-packages.7WgGeFwa/Cargo.toml
[build.rust_scripts] warning: profiles for the non root package will be ignored, specify profiles at the workspace root:
[build.rust_scripts] package:   /home/newton/work/dev-hermit/worktrees/slots/dev-hermit-gdb-vfile-pin-20260916/ignored/gdb-vfile-pin-20260916/official-cli-1/runtime-tmp/hermit-rust-script-packages.7WgGeFwa/2952a53430d12a42/Cargo.toml
[build.rust_scripts] workspace: /home/newton/work/dev-hermit/worktrees/slots/dev-hermit-gdb-vfile-pin-20260916/ignored/gdb-vfile-pin-20260916/official-cli-1/runtime-tmp/hermit-rust-script-packages.7WgGeFwa/Cargo.toml
[build.rust_scripts] warning: profiles for the non root package will be ignored, specify profiles at the workspace root:
[build.rust_scripts] package:   /home/newton/work/dev-hermit/worktrees/slots/dev-hermit-gdb-vfile-pin-20260916/ignored/gdb-vfile-pin-20260916/official-cli-1/runtime-tmp/hermit-rust-script-packages.7WgGeFwa/cae18980d4930ac8/Cargo.toml
[build.rust_scripts] workspace: /home/newton/work/dev-hermit/worktrees/slots/dev-hermit-gdb-vfile-pin-20260916/ignored/gdb-vfile-pin-20260916/official-cli-1/runtime-tmp/hermit-rust-script-packages.7WgGeFwa/Cargo.toml
[build.rust_scripts] warning: profiles for the non root package will be ignored, specify profiles at the workspace root:
[build.rust_scripts] package:   /home/newton/work/dev-hermit/worktrees/slots/dev-hermit-gdb-vfile-pin-20260916/ignored/gdb-vfile-pin-20260916/official-cli-1/runtime-tmp/hermit-rust-script-packages.7WgGeFwa/62ac2bfb61938d72/Cargo.toml
[build.rust_scripts] workspace: /home/newton/work/dev-hermit/worktrees/slots/dev-hermit-gdb-vfile-pin-20260916/ignored/gdb-vfile-pin-20260916/official-cli-1/runtime-tmp/hermit-rust-script-packages.7WgGeFwa/Cargo.toml
[build.rust_scripts] warning: profiles for the non root package will be ignored, specify profiles at the workspace root:
[build.rust_scripts] package:   /home/newton/work/dev-hermit/worktrees/slots/dev-hermit-gdb-vfile-pin-20260916/ignored/gdb-vfile-pin-20260916/official-cli-1/runtime-tmp/hermit-rust-script-packages.7WgGeFwa/76d1a06784c51374/Cargo.toml
[build.rust_scripts] workspace: /home/newton/work/dev-hermit/worktrees/slots/dev-hermit-gdb-vfile-pin-20260916/ignored/gdb-vfile-pin-20260916/official-cli-1/runtime-tmp/hermit-rust-script-packages.7WgGeFwa/Cargo.toml
[build.rust_scripts] warning: profiles for the non root package will be ignored, specify profiles at the workspace root:
[build.rust_scripts] package:   /home/newton/work/dev-hermit/worktrees/slots/dev-hermit-gdb-vfile-pin-20260916/ignored/gdb-vfile-pin-20260916/official-cli-1/runtime-tmp/hermit-rust-script-packages.7WgGeFwa/e306610591edf591/Cargo.toml
[build.rust_scripts] workspace: /home/newton/work/dev-hermit/worktrees/slots/dev-hermit-gdb-vfile-pin-20260916/ignored/gdb-vfile-pin-20260916/official-cli-1/runtime-tmp/hermit-rust-script-packages.7WgGeFwa/Cargo.toml
[build.rust_scripts] warning: profiles for the non root package will be ignored, specify profiles at the workspace root:
[build.rust_scripts] package:   /home/newton/work/dev-hermit/worktrees/slots/dev-hermit-gdb-vfile-pin-20260916/ignored/gdb-vfile-pin-20260916/official-cli-1/runtime-tmp/hermit-rust-script-packages.7WgGeFwa/d409f34a1c6de4ee/Cargo.toml
[build.rust_scripts] workspace: /home/newton/work/dev-hermit/worktrees/slots/dev-hermit-gdb-vfile-pin-20260916/ignored/gdb-vfile-pin-20260916/official-cli-1/runtime-tmp/hermit-rust-script-packages.7WgGeFwa/Cargo.toml
[build.rust_scripts] warning: profiles for the non root package will be ignored, specify profiles at the workspace root:
[build.rust_scripts] package:   /home/newton/work/dev-hermit/worktrees/slots/dev-hermit-gdb-vfile-pin-20260916/ignored/gdb-vfile-pin-20260916/official-cli-1/runtime-tmp/hermit-rust-script-packages.7WgGeFwa/fc33cf509da19b1c/Cargo.toml
[build.rust_scripts] workspace: /home/newton/work/dev-hermit/worktrees/slots/dev-hermit-gdb-vfile-pin-20260916/ignored/gdb-vfile-pin-20260916/official-cli-1/runtime-tmp/hermit-rust-script-packages.7WgGeFwa/Cargo.toml
[build.rust_scripts] warning: profiles for the non root package will be ignored, specify profiles at the workspace root:
[build.rust_scripts] package:   /home/newton/work/dev-hermit/worktrees/slots/dev-hermit-gdb-vfile-pin-20260916/ignored/gdb-vfile-pin-20260916/official-cli-1/runtime-tmp/hermit-rust-script-packages.7WgGeFwa/3872522b0d01e12d/Cargo.toml
[build.rust_scripts] workspace: /home/newton/work/dev-hermit/worktrees/slots/dev-hermit-gdb-vfile-pin-20260916/ignored/gdb-vfile-pin-20260916/official-cli-1/runtime-tmp/hermit-rust-script-packages.7WgGeFwa/Cargo.toml
[build.rust_scripts] warning: profiles for the non root package will be ignored, specify profiles at the workspace root:
[build.rust_scripts] package:   /home/newton/work/dev-hermit/worktrees/slots/dev-hermit-gdb-vfile-pin-20260916/ignored/gdb-vfile-pin-20260916/official-cli-1/runtime-tmp/hermit-rust-script-packages.7WgGeFwa/81da3f1d442cc879/Cargo.toml
[build.rust_scripts] workspace: /home/newton/work/dev-hermit/worktrees/slots/dev-hermit-gdb-vfile-pin-20260916/ignored/gdb-vfile-pin-20260916/official-cli-1/runtime-tmp/hermit-rust-script-packages.7WgGeFwa/Cargo.toml
[build.rust_scripts] warning: profiles for the non root package will be ignored, specify profiles at the workspace root:
[build.rust_scripts] package:   /home/newton/work/dev-hermit/worktrees/slots/dev-hermit-gdb-vfile-pin-20260916/ignored/gdb-vfile-pin-20260916/official-cli-1/runtime-tmp/hermit-rust-script-packages.7WgGeFwa/b7908774f65bce43/Cargo.toml
[build.rust_scripts] workspace: /home/newton/work/dev-hermit/worktrees/slots/dev-hermit-gdb-vfile-pin-20260916/ignored/gdb-vfile-pin-20260916/official-cli-1/runtime-tmp/hermit-rust-script-packages.7WgGeFwa/Cargo.toml
[build.rust_scripts] warning: profiles for the non root package will be ignored, specify profiles at the workspace root:
[build.rust_scripts] package:   /home/newton/work/dev-hermit/worktrees/slots/dev-hermit-gdb-vfile-pin-20260916/ignored/gdb-vfile-pin-20260916/official-cli-1/runtime-tmp/hermit-rust-script-packages.7WgGeFwa/6972560c9ef2290f/Cargo.toml
[build.rust_scripts] workspace: /home/newton/work/dev-hermit/worktrees/slots/dev-hermit-gdb-vfile-pin-20260916/ignored/gdb-vfile-pin-20260916/official-cli-1/runtime-tmp/hermit-rust-script-packages.7WgGeFwa/Cargo.toml
[build.rust_scripts]    Compiling itoa v1.0.18
[build.rust_scripts]    Compiling memchr v2.8.3
[build.rust_scripts]    Compiling serde_core v1.0.229
[build.rust_scripts]    Compiling libc v0.2.189
[build.rust_scripts]    Compiling hashbrown v0.17.1
[build.rust_scripts]    Compiling equivalent v1.0.2
[build.rust_scripts]    Compiling syn v3.0.6
[build.rust_scripts]    Compiling zmij v1.0.23
[build.rust_scripts]    Compiling rustix v1.1.5
[build.rust_scripts]    Compiling ryu v1.0.23
[build.rust_scripts]    Compiling cfg-if v1.0.5
[build.rust_scripts]    Compiling typenum v1.20.1
[build.rust_scripts]    Compiling linux-raw-sys v0.12.1
[build.rust_scripts]    Compiling utf8parse v0.2.2
[build.rust_scripts]    Compiling anstyle-parse v1.0.0
[build.rust_scripts]    Compiling num-traits v0.2.19
[build.rust_scripts]    Compiling indexmap v2.14.2
[build.rust_scripts]    Compiling unsafe-libyaml-norway v0.2.15
[build.rust_scripts]    Compiling anstyle v1.0.14
[build.rust_scripts]    Compiling is_terminal_polyfill v1.70.2
[build.rust_scripts]    Compiling once_cell v1.21.4
[build.rust_scripts]    Compiling colorchoice v1.0.5
[build.rust_scripts]    Compiling anstyle-query v1.1.5
[build.rust_scripts]    Compiling anstream v1.0.0
[build.rust_scripts]    Compiling memoffset v0.9.1
[build.rust_scripts]    Compiling unicase v2.9.0
[build.rust_scripts]    Compiling unicode-width v0.2.2
[build.rust_scripts]    Compiling tap v1.0.1
[build.rust_scripts]    Compiling strsim v0.11.1
[build.rust_scripts]    Compiling clap_lex v1.1.1
[build.rust_scripts]    Compiling errno v0.3.14
[build.rust_scripts]    Compiling generic-array v0.14.7
[build.rust_scripts]    Compiling wyz v0.5.1
[build.rust_scripts]    Compiling signal-hook-registry v1.4.8
[build.rust_scripts]    Compiling radium v0.7.0
[build.rust_scripts]    Compiling derive_more v1.0.0
[build.rust_scripts]    Compiling tracing-core v0.1.36
[build.rust_scripts]    Compiling signal-hook v0.4.4
[build.rust_scripts]    Compiling funty v2.0.0
[build.rust_scripts]    Compiling cpufeatures v0.2.17
[build.rust_scripts]    Compiling winnow v0.7.15
[build.rust_scripts]    Compiling block-buffer v0.10.4
[build.rust_scripts]    Compiling crypto-common v0.1.7
[build.rust_scripts]    Compiling digest v0.10.7
[build.rust_scripts]    Compiling toml_write v0.1.2
[build.rust_scripts]    Compiling iana-time-zone v0.1.65
[build.rust_scripts]    Compiling unsafe-libyaml v0.2.11
[build.rust_scripts]    Compiling pin-project-lite v0.2.17
[build.rust_scripts]    Compiling unty v0.0.4
[build.rust_scripts]    Compiling tracing v0.1.44
[build.rust_scripts]    Compiling sha2 v0.10.9
[build.rust_scripts]    Compiling anyhow v1.0.104
[build.rust_scripts]    Compiling bitflags v2.13.2
[build.rust_scripts]    Compiling serde_json v1.0.151
[build.rust_scripts]    Compiling shell-words v1.1.1
[build.rust_scripts]    Compiling nix v0.30.1
[build.rust_scripts]    Compiling getrandom v0.4.3
[build.rust_scripts]    Compiling bytesize v2.7.0
[build.rust_scripts]    Compiling csv-core v0.1.13
[build.rust_scripts]    Compiling fastrand v2.5.0
[build.rust_scripts]    Compiling csv v1.4.0
[build.rust_scripts]    Compiling check-reverie-pin_f063d27954929bea8dab4ec7 v0.1.0 (/home/newton/work/dev-hermit/worktrees/slots/dev-hermit-gdb-vfile-pin-20260916/ignored/gdb-vfile-pin-20260916/official-cli-1/runtime-tmp/hermit-rust-script-packages.7WgGeFwa/93265ab9957e4aba)
[build.rust_scripts]    Compiling check-nested-lockfiles_8566e8dae2f79552eb2ed511 v0.1.0 (/home/newton/work/dev-hermit/worktrees/slots/dev-hermit-gdb-vfile-pin-20260916/ignored/gdb-vfile-pin-20260916/official-cli-1/runtime-tmp/hermit-rust-script-packages.7WgGeFwa/40aa044d7d34c808)
[build.rust_scripts]    Compiling check-exit-status-class_67db1d8e71f9624a32b580db v0.1.0 (/home/newton/work/dev-hermit/worktrees/slots/dev-hermit-gdb-vfile-pin-20260916/ignored/gdb-vfile-pin-20260916/official-cli-1/runtime-tmp/hermit-rust-script-packages.7WgGeFwa/a1bd4437bae839b6)
[build.rust_scripts]    Compiling serde_derive v1.0.229
[build.rust_scripts]    Compiling serde_repr v0.1.21
[build.rust_scripts]    Compiling clap_derive v4.6.7
[build.rust_scripts]    Compiling bisect-probe_d2b444528acfe8cfb4c74dfa v0.1.0 (/home/newton/work/dev-hermit/worktrees/slots/dev-hermit-gdb-vfile-pin-20260916/ignored/gdb-vfile-pin-20260916/official-cli-1/runtime-tmp/hermit-rust-script-packages.7WgGeFwa/344d4004465230b9)
[build.rust_scripts]    Compiling runner_health_5d6b9a8686b608ce9f09da9d v0.1.0 (/home/newton/work/dev-hermit/worktrees/slots/dev-hermit-gdb-vfile-pin-20260916/ignored/gdb-vfile-pin-20260916/official-cli-1/runtime-tmp/hermit-rust-script-packages.7WgGeFwa/3872522b0d01e12d)
[build.rust_scripts]    Compiling terminal_size v0.4.4
[build.rust_scripts]    Compiling clap_builder v4.6.7
[build.rust_scripts]    Compiling tempfile v3.27.0
[build.rust_scripts]    Compiling check-checker-scheduling_5165b99b2d5998523d5f81ee v0.1.0 (/home/newton/work/dev-hermit/worktrees/slots/dev-hermit-gdb-vfile-pin-20260916/ignored/gdb-vfile-pin-20260916/official-cli-1/runtime-tmp/hermit-rust-script-packages.7WgGeFwa/cd189eff27bcb3f6)
[build.rust_scripts]    Compiling docs-pages-contract_c958c81bd52ec825e3ed276b v0.1.0 (/home/newton/work/dev-hermit/worktrees/slots/dev-hermit-gdb-vfile-pin-20260916/ignored/gdb-vfile-pin-20260916/official-cli-1/runtime-tmp/hermit-rust-script-packages.7WgGeFwa/76d1a06784c51374)
[build.rust_scripts]    Compiling check-git-pin-uniformity_dd140c74607aabe79e585d7d v0.1.0 (/home/newton/work/dev-hermit/worktrees/slots/dev-hermit-gdb-vfile-pin-20260916/ignored/gdb-vfile-pin-20260916/official-cli-1/runtime-tmp/hermit-rust-script-packages.7WgGeFwa/6b330abf7c0ddfd4)
[build.rust_scripts]    Compiling check-record-version-floor_b07408d97b2d867ad66160a4 v0.1.0 (/home/newton/work/dev-hermit/worktrees/slots/dev-hermit-gdb-vfile-pin-20260916/ignored/gdb-vfile-pin-20260916/official-cli-1/runtime-tmp/hermit-rust-script-packages.7WgGeFwa/f8017f227c95ed9a)
[build.rust_scripts]    Compiling check-github-actions-triggers_465c98ff1e10e638d45eafa8 v0.1.0 (/home/newton/work/dev-hermit/worktrees/slots/dev-hermit-gdb-vfile-pin-20260916/ignored/gdb-vfile-pin-20260916/official-cli-1/runtime-tmp/hermit-rust-script-packages.7WgGeFwa/55ba5f117f6432d6)
[build.rust_scripts]    Compiling serde v1.0.229
[build.rust_scripts]    Compiling serde_norway v0.9.42
[build.rust_scripts]    Compiling syscalls v0.6.18
[build.rust_scripts]    Compiling toml_datetime v0.6.11
[build.rust_scripts]    Compiling serde_spanned v0.6.9
[build.rust_scripts]    Compiling chrono v0.4.45
[build.rust_scripts]    Compiling serde_yaml v0.9.34+deprecated
[build.rust_scripts]    Compiling bitvec v1.1.1
[build.rust_scripts]    Compiling toml_edit v0.22.27
[build.rust_scripts]    Compiling clap v4.6.7
[build.rust_scripts]    Compiling bincode v2.0.1
[build.rust_scripts]    Compiling reverie-memory v0.2.0 (https://github.com/rrnewton/reverie.git?rev=d87a03a312421d34dee81dae71aa395b40231e63#d87a03a3)
[build.rust_scripts]    Compiling reverie-syscalls v0.2.0 (https://github.com/rrnewton/reverie.git?rev=d87a03a312421d34dee81dae71aa395b40231e63#d87a03a3)
[build.rust_scripts]    Compiling dagrun v0.15.0 (/home/newton/work/dev-hermit/worktrees/slots/dev-hermit-gdb-vfile-pin-20260916/agent-utils/rs/dagrun)
[build.rust_scripts]    Compiling hermit-code-coverage_45f087d1094c4c522a58ab17 v0.1.0 (/home/newton/work/dev-hermit/worktrees/slots/dev-hermit-gdb-vfile-pin-20260916/ignored/gdb-vfile-pin-20260916/official-cli-1/runtime-tmp/hermit-rust-script-packages.7WgGeFwa/e306610591edf591)
[build.rust_scripts]    Compiling toml v0.8.23
[build.rust_scripts]    Compiling manifest-to-commands_688e7ac55122198c85d6a45a v0.1.0 (/home/newton/work/dev-hermit/worktrees/slots/dev-hermit-gdb-vfile-pin-20260916/ignored/gdb-vfile-pin-20260916/official-cli-1/runtime-tmp/hermit-rust-script-packages.7WgGeFwa/fc33cf509da19b1c)
[build.rust_scripts]    Compiling nextest-timeout-config_7cbcbbbf4f525c447fda0f44 v0.1.0 (/home/newton/work/dev-hermit/worktrees/slots/dev-hermit-gdb-vfile-pin-20260916/ignored/gdb-vfile-pin-20260916/official-cli-1/runtime-tmp/hermit-rust-script-packages.7WgGeFwa/2162d8a3b81d996d)
[build.rust_scripts]    Compiling detcore-model v0.2.0 (/home/newton/work/dev-hermit/worktrees/slots/dev-hermit-gdb-vfile-pin-20260916/detcore-model)
[build.rust_scripts]    Compiling hermit-manifest-plan v0.2.0 (/home/newton/work/dev-hermit/worktrees/slots/dev-hermit-gdb-vfile-pin-20260916/ci/manifest-plan)
[build.rust_scripts]    Compiling structured-test-results_b483cd2a9aec723cc083efcb v0.1.0 (/home/newton/work/dev-hermit/worktrees/slots/dev-hermit-gdb-vfile-pin-20260916/ignored/gdb-vfile-pin-20260916/official-cli-1/runtime-tmp/hermit-rust-script-packages.7WgGeFwa/dbfbd1f3870f1cf4)
[build.rust_scripts]    Compiling nextest-test-results_5051903d76063ea36056888c v0.1.0 (/home/newton/work/dev-hermit/worktrees/slots/dev-hermit-gdb-vfile-pin-20260916/ignored/gdb-vfile-pin-20260916/official-cli-1/runtime-tmp/hermit-rust-script-packages.7WgGeFwa/59ea0555bb7bb866)
[build.rust_scripts]    Compiling pressure-test_b4b5310e07bdddd1920b76e5 v0.1.0 (/home/newton/work/dev-hermit/worktrees/slots/dev-hermit-gdb-vfile-pin-20260916/ignored/gdb-vfile-pin-20260916/official-cli-1/runtime-tmp/hermit-rust-script-packages.7WgGeFwa/5f829a04c0a8df85)
[build.rust_scripts]    Compiling validate_244e3fe7b9f248471d830868 v0.1.0 (/home/newton/work/dev-hermit/worktrees/slots/dev-hermit-gdb-vfile-pin-20260916/ignored/gdb-vfile-pin-20260916/official-cli-1/runtime-tmp/hermit-rust-script-packages.7WgGeFwa/b7908774f65bce43)
[build.rust_scripts]     Finished `test` profile [unoptimized + debuginfo] target(s) in 21.36s
[build.rust_scripts] prepare-rust-scripts: built 28 entrypoints and 17 test harnesses in /home/newton/work/dev-hermit/worktrees/slots/dev-hermit-gdb-vfile-pin-20260916/target/ci/rust-scripts
[build.rust_scripts] ✓ PASS   Build every tracked rust-script before graph consumers run (112s)  [prepare-rust-scripts: built 28 entrypoints and 17 test harnesses in /home/newton/work/dev-hermit/worktrees/slots/dev-hermit-gdb-vfile-pin-20260916/target/ci/rust-scripts]
[setup.manifest_plan] ▶ START  Build the manifest-plan binaries the metadata validation runs
[setup.manifest_plan] [dagrun] discarding missing cached Rust artifact(s) for dagrun
[setup.manifest_plan] … 30s elapsed, no test events yet
[setup.manifest_plan] … 60s elapsed, no test events yet
[setup.manifest_plan] [dagrun] rust cache=refreshed source=d96608fc061e binary=a7c69d49584f
[setup.manifest_plan] /home/newton/work/dev-hermit/worktrees/slots/dev-hermit-gdb-vfile-pin-20260916/agent-utils/rs/target/x86_64-unknown-linux-gnu/release/dagrun
[setup.manifest_plan]    Compiling proc-macro2 v1.0.107
[setup.manifest_plan]    Compiling unicode-ident v1.0.24
[setup.manifest_plan]    Compiling quote v1.0.47
[setup.manifest_plan]    Compiling serde_core v1.0.229
[setup.manifest_plan]    Compiling syn v3.0.3
[setup.manifest_plan]    Compiling serde v1.0.229
[setup.manifest_plan]    Compiling serde_derive v1.0.229
[setup.manifest_plan]    Compiling autocfg v1.5.1
[setup.manifest_plan]    Compiling libc v0.2.189
[setup.manifest_plan]    Compiling bitflags v2.13.1
[setup.manifest_plan]    Compiling version_check v0.9.5
[setup.manifest_plan]    Compiling generic-array v0.14.7
[setup.manifest_plan]    Compiling syn v2.0.119
[setup.manifest_plan]    Compiling rustix v1.1.4
[setup.manifest_plan]    Compiling memoffset v0.9.1
[setup.manifest_plan]    Compiling syscalls v0.6.18
[setup.manifest_plan]    Compiling zmij v1.0.23
[setup.manifest_plan]    Compiling unicode-segmentation v1.13.3
[setup.manifest_plan]    Compiling utf8parse v0.2.2
[setup.manifest_plan]    Compiling itoa v1.0.18
[setup.manifest_plan]    Compiling linux-raw-sys v0.12.1
[setup.manifest_plan]    Compiling typenum v1.20.1
[setup.manifest_plan]    Compiling cfg_aliases v0.2.2
[setup.manifest_plan]    Compiling nix v0.30.1
[setup.manifest_plan]    Compiling anstyle-parse v1.0.0
[setup.manifest_plan]    Compiling convert_case v0.6.0
[setup.manifest_plan]    Compiling num-traits v0.2.19
[setup.manifest_plan]    Compiling serde_repr v0.1.21
[setup.manifest_plan]    Compiling paste v1.0.15
[setup.manifest_plan]    Compiling radium v0.7.0
[setup.manifest_plan]    Compiling cfg-if v1.0.4
[setup.manifest_plan]    Compiling is_terminal_polyfill v1.70.2
[setup.manifest_plan]    Compiling anstyle-query v1.1.5
[setup.manifest_plan]    Compiling hashbrown v0.17.1
[setup.manifest_plan]    Compiling serde_json v1.0.151
[setup.manifest_plan]    Compiling equivalent v1.0.2
[setup.manifest_plan]    Compiling anstyle v1.0.14
[setup.manifest_plan]    Compiling colorchoice v1.0.5
[setup.manifest_plan]    Compiling unicode-xid v0.2.6
[setup.manifest_plan]    Compiling derive_more-impl v1.0.0
[setup.manifest_plan]    Compiling anstream v1.0.0
[setup.manifest_plan]    Compiling indexmap v2.14.0
[setup.manifest_plan]    Compiling terminal_size v0.4.4
[setup.manifest_plan]    Compiling errno v0.3.14
[setup.manifest_plan]    Compiling unicase v2.9.0
[setup.manifest_plan]    Compiling ryu v1.0.23
[setup.manifest_plan]    Compiling unicode-width v0.2.2
[setup.manifest_plan]    Compiling anyhow v1.0.104
[setup.manifest_plan]    Compiling signal-hook v0.4.4
[setup.manifest_plan]    Compiling memchr v2.8.3
[setup.manifest_plan]    Compiling strsim v0.11.1
[setup.manifest_plan]    Compiling clap_lex v1.1.0
[setup.manifest_plan]    Compiling tap v1.0.1
[setup.manifest_plan]    Compiling virtue v0.0.18
[setup.manifest_plan]    Compiling heck v0.5.0
[setup.manifest_plan]    Compiling once_cell v1.21.4
[setup.manifest_plan]    Compiling tracing-core v0.1.36
[setup.manifest_plan]    Compiling clap_derive v4.6.4
[setup.manifest_plan]    Compiling bincode_derive v2.0.1
[setup.manifest_plan]    Compiling wyz v0.5.1
[setup.manifest_plan]    Compiling clap_builder v4.6.2
[setup.manifest_plan]    Compiling signal-hook-registry v1.4.8
[setup.manifest_plan] … 90s elapsed, no test events yet
[setup.manifest_plan]    Compiling reverie-memory v0.2.0 (https://github.com/rrnewton/reverie.git?rev=d87a03a312421d34dee81dae71aa395b40231e63#d87a03a3)
[setup.manifest_plan]    Compiling derive_more v1.0.0
[setup.manifest_plan]    Compiling block-buffer v0.10.4
[setup.manifest_plan]    Compiling crypto-common v0.1.7
[setup.manifest_plan]    Compiling tracing-attributes v0.1.31
[setup.manifest_plan]    Compiling iana-time-zone v0.1.65
[setup.manifest_plan]    Compiling unty v0.0.4
[setup.manifest_plan]    Compiling unsafe-libyaml-norway v0.2.15
[setup.manifest_plan]    Compiling funty v2.0.0
[setup.manifest_plan]    Compiling pin-project-lite v0.2.17
[setup.manifest_plan]    Compiling tracing v0.1.44
[setup.manifest_plan]    Compiling bitvec v1.1.1
[setup.manifest_plan]    Compiling serde_norway v0.9.42
[setup.manifest_plan]    Compiling bincode v2.0.1
[setup.manifest_plan]    Compiling chrono v0.4.45
[setup.manifest_plan]    Compiling digest v0.10.7
[setup.manifest_plan]    Compiling reverie-syscalls v0.2.0 (https://github.com/rrnewton/reverie.git?rev=d87a03a312421d34dee81dae71aa395b40231e63#d87a03a3)
[setup.manifest_plan]    Compiling clap v4.6.4
[setup.manifest_plan]    Compiling bytesize v2.4.2
[setup.manifest_plan]    Compiling shell-words v1.1.1
[setup.manifest_plan]    Compiling cpufeatures v0.2.17
[setup.manifest_plan]    Compiling unsafe-libyaml v0.2.11
[setup.manifest_plan]    Compiling serde_yaml v0.9.34+deprecated
[setup.manifest_plan]    Compiling sha2 v0.10.9
[setup.manifest_plan]    Compiling detcore-model v0.2.0 (/home/newton/work/dev-hermit/worktrees/slots/dev-hermit-gdb-vfile-pin-20260916/detcore-model)
[setup.manifest_plan]    Compiling dagrun v0.15.0 (/home/newton/work/dev-hermit/worktrees/slots/dev-hermit-gdb-vfile-pin-20260916/agent-utils/rs/dagrun)
[setup.manifest_plan] … 120s elapsed, no test events yet
[setup.manifest_plan]    Compiling hermit-manifest-plan v0.2.0 (/home/newton/work/dev-hermit/worktrees/slots/dev-hermit-gdb-vfile-pin-20260916/ci/manifest-plan)
[setup.manifest_plan]     Finished `dev` profile [unoptimized + debuginfo] target(s) in 1m 27s
[setup.manifest_plan] ✓ PASS   Build the manifest-plan binaries the metadata validation runs (149s)  [Finished `dev` profile [unoptimized + debuginfo] target(s) in 1m 27s]
[gate.manifest] ▶ START  Centralized test manifest and inventory
[gate.manifest] budget ordering: 16 baseline inversion(s), 23 portable sharded + 12 privileged nodes checked
[gate.manifest] warning: expected one comparison-evidence line, found 0; reporting unknown
[gate.manifest] warning: expected one comparison-evidence line, found 2; reporting unknown
[gate.manifest] warning: verification attempts reported different comparison evidence; reporting unknown
[gate.manifest] determinism-stress comparison evidence self-test: positive and refusal directions pass
[gate.manifest] … 30s elapsed, no test events yet
[gate.manifest] … 60s elapsed, no test events yet
[gate.manifest] … 90s elapsed, no test events yet
[gate.manifest] … 120s elapsed, no test events yet
[gate.manifest] … 150s elapsed, no test events yet
[gate.manifest] … 180s elapsed, no test events yet
[gate.manifest] … 210s elapsed, no test events yet
[gate.manifest] … 240s elapsed, no test events yet
[gate.manifest] … 270s elapsed, no test events yet
[gate.manifest] … 300s elapsed, no test events yet
[gate.manifest] … 330s elapsed, no test events yet
[gate.manifest] … 360s elapsed, no test events yet
[gate.manifest] … 390s elapsed, no test events yet
[gate.manifest] … 420s elapsed, no test events yet
[gate.manifest] Cloning into '/home/newton/work/dev-hermit/worktrees/slots/dev-hermit-gdb-vfile-pin-20260916/ignored/gdb-vfile-pin-20260916/official-cli-1/runtime-tmp/.tmpMrpMKu/repo/agent-utils'...
[gate.manifest] done.
[gate.manifest] generate-test-footprints: ci/test-footprints.json is current
[gate.manifest] PASS: splitter assigns every hunk once and reproduces the source tree
[gate.manifest] manifest-cli self-test: PASS
[gate.manifest] safe-ci scope self-test: ERROR: planted refusal.
[gate.manifest] PASS: ci/run-with-reverie-dbt-budget.sh reaches its wrapped command at the recorded pin
[gate.manifest] safe-ci scope self-test: WARNING: planted refusal; running UNBOXED (--allow-cgroup-failure).
[gate.manifest] PASS: ci/run-with-reverie-dbt-budget.sh refuses a mismatched pin, by pin mismatch, without running the command
[gate.manifest] [safe-ci] outer cgroup audit at /home/newton/work/dev-hermit/worktrees/slots/dev-hermit-gdb-vfile-pin-20260916/ignored/gdb-vfile-pin-20260916/official-cli-1/runtime-tmp/safe-ci-scope-self-test-604665-1789601858958260623/fixture.scope: memory.max=104857600 (bound), memory.swap.max=0 (disabled), memory.oom.group=1 (enabled)
[gate.manifest] PASS: small extra stdout is rejected explicitly without running the command
[gate.manifest] [safe-ci] expected-refusal: observed cgroup /home/newton/work/dev-hermit/worktrees/slots/dev-hermit-gdb-vfile-pin-20260916/ignored/gdb-vfile-pin-20260916/official-cli-1/runtime-tmp/safe-ci-scope-self-test-604665-1789601858958260623/fixture.scope/step-child has no ancestor matching promised unit missing.scope
[gate.manifest] PASS: large extra stdout is rejected explicitly without running the command
[gate.manifest] PASS: a pin-mismatch refusal exits 75 and runs nothing
[gate.manifest] PASS: a wrapped compile-failure status (101) exits 101
[gate.manifest] PASS: a wrapped generic failure (1) exits 1
[gate.manifest] PASS: a wrapped success exits 0
[gate.manifest] PASS: the usage error still exits 2
[gate.manifest] run-with-reverie-dbt-budget-test.sh: OK
[gate.manifest] Submodule path 'agent-utils': checked out '2781b1054efc3a9c561dbed35584a6fca1ed8676'
[gate.manifest] compatibility scorecard: projected 0 cell(s) from 0 canonical series row(s), then merged 1 pass, 0 located divergence, and 0 unlocated divergence validate observation(s) at 932f7130ea3c77dcdb2547b6834f46f08bf593f0
[gate.manifest] compatibility scorecard: generated files changed
[gate.manifest] [safe-ci] expected-refusal: observed cgroup /home/newton/work/dev-hermit/worktrees/slots/dev-hermit-gdb-vfile-pin-20260916/ignored/gdb-vfile-pin-20260916/official-cli-1/runtime-tmp/safe-ci-scope-self-test-604665-1789601858958260623/fixture.scope/step-child has no ancestor matching promised unit fixture
[gate.manifest] compatibility scorecard: projected 0 cell(s) from 1 canonical series row(s), then merged 1 pass, 0 located divergence, and 0 unlocated divergence validate observation(s) at 932f7130ea3c77dcdb2547b6834f46f08bf593f0
[gate.manifest] [safe-ci] expected-refusal: outer cgroup audit at /home/newton/work/dev-hermit/worktrees/slots/dev-hermit-gdb-vfile-pin-20260916/ignored/gdb-vfile-pin-20260916/official-cli-1/runtime-tmp/safe-ci-scope-self-test-604665-1789601858958260623/fixture.scope: memory.max=104849408 (MISMATCH), memory.swap.max=0 (disabled), memory.oom.group=1 (enabled)
[gate.manifest] compatibility scorecard: generated files changed
[gate.manifest]   1 series event(s) were represented once by richer direct validation evidence
[gate.manifest] [safe-ci] expected-refusal: outer cgroup audit at /home/newton/work/dev-hermit/worktrees/slots/dev-hermit-gdb-vfile-pin-20260916/ignored/gdb-vfile-pin-20260916/official-cli-1/runtime-tmp/safe-ci-scope-self-test-604665-1789601858958260623/fixture.scope: memory.max=UNREADABLE (MISMATCH), memory.swap.max=0 (disabled), memory.oom.group=1 (enabled)
[gate.manifest] compatibility scorecard: projected 0 cell(s) from 1 canonical series row(s), then merged 1 pass, 0 located divergence, and 0 unlocated divergence validate observation(s) at 932f7130ea3c77dcdb2547b6834f46f08bf593f0
[gate.manifest] compatibility scorecard: generated files unchanged
[gate.manifest] [safe-ci] expected-refusal: outer cgroup audit at /home/newton/work/dev-hermit/worktrees/slots/dev-hermit-gdb-vfile-pin-20260916/ignored/gdb-vfile-pin-20260916/official-cli-1/runtime-tmp/safe-ci-scope-self-test-604665-1789601858958260623/fixture.scope: memory.max=104857600 (bound), memory.swap.max=1 (MISMATCH), memory.oom.group=1 (enabled)
[gate.manifest]   1 series event(s) were represented once by richer direct validation evidence
[gate.manifest] [safe-ci] expected-refusal: outer cgroup audit at /home/newton/work/dev-hermit/worktrees/slots/dev-hermit-gdb-vfile-pin-20260916/ignored/gdb-vfile-pin-20260916/official-cli-1/runtime-tmp/safe-ci-scope-self-test-604665-1789601858958260623/fixture.scope: memory.max=104857600 (bound), memory.swap.max=UNREADABLE (MISMATCH), memory.oom.group=1 (enabled)
[gate.manifest] compatibility scorecard: projected 0 cell(s) from 1 canonical series row(s), then merged 1 pass, 0 located divergence, and 0 unlocated divergence validate observation(s) at 932f7130ea3c77dcdb2547b6834f46f08bf593f0
[gate.manifest] compatibility scorecard: generated files changed
[gate.manifest] [safe-ci] expected-refusal: outer cgroup audit at /home/newton/work/dev-hermit/worktrees/slots/dev-hermit-gdb-vfile-pin-20260916/ignored/gdb-vfile-pin-20260916/official-cli-1/runtime-tmp/safe-ci-scope-self-test-604665-1789601858958260623/fixture.scope: memory.max=104857600 (bound), memory.swap.max=0 (disabled), memory.oom.group=0 (MISMATCH)
[gate.manifest]   1 series event(s) were represented once by richer direct validation evidence
[gate.manifest] scorecard self-test: reconciliation pass-and-no-result refused unchanged
[gate.manifest] scorecard self-test: reconciliation no-result-and-pass refused unchanged
[gate.manifest] [safe-ci] expected-refusal: outer memory.oom.group=1 write failed at /home/newton/work/dev-hermit/worktrees/slots/dev-hermit-gdb-vfile-pin-20260916/ignored/gdb-vfile-pin-20260916/official-cli-1/runtime-tmp/safe-ci-scope-self-test-604665-1789601858958260623/fixture.scope/memory.oom.group (Is a directory (os error 21))
[gate.manifest] scorecard self-test: reconciliation pass-and-failure refused unchanged
[gate.manifest] Cloning into '/home/newton/work/dev-hermit/worktrees/slots/dev-hermit-gdb-vfile-pin-20260916/ignored/pressure-clone-self-test-604665-1789601862994760551/ignored/pressure-fresh-TFgemTeR'...
[gate.manifest] compatibility scorecard: projected 1 cell(s) from 2 canonical series row(s), then merged 1 pass, 0 located divergence, and 0 unlocated divergence validate observation(s) at 932f7130ea3c77dcdb2547b6834f46f08bf593f0
[gate.manifest] done.
[gate.manifest] compatibility scorecard: generated files changed
[gate.manifest] HEAD is now at 7f253b9 fixture
[gate.manifest]   1 series event(s) were represented once by richer direct validation evidence
[gate.manifest] compatibility scorecard: projected 1 cell(s) from 2 canonical series row(s), then merged 1 pass, 0 located divergence, and 0 unlocated divergence validate observation(s) at 932f7130ea3c77dcdb2547b6834f46f08bf593f0
[gate.manifest] [scheduler] ⚠ UNCONTAINED run: exact cgroup cpu.stat accounting is unavailable; a best-effort procfs process-group CPU floor will police 10 step(s) (largest 5s), but it can miss processes that leave the group and not-yet-reaped exits. `capabilities` cannot express that quality difference.
[gate.manifest] compatibility scorecard: generated files unchanged
[gate.manifest]   1 series event(s) were represented once by richer direct validation evidence
[gate.manifest] [scheduler] per-step logs + test-boundary journal: /home/newton/work/dev-hermit/worktrees/slots/dev-hermit-gdb-vfile-pin-20260916/ignored/gdb-vfile-pin-20260916/official-cli-1/runtime-tmp/hermit-pressure-self-test-604665-1789601862994760551/prerequisites-runner-positive/runner-profile (set DAGRUN_LOG_DIR to relocate, DAGRUN_NO_STEP_LOGS=1 to disable)
[gate.manifest] scorecard self-test: reconciliation different-attempt passed twice identically
[gate.manifest] [scheduler] CONTAINMENT: unboxed — unboxed: no containment (no containment manager was established for this run)
[gate.manifest] compatibility scorecard: projected 1 cell(s) from 2 canonical series row(s), then merged 1 pass, 0 located divergence, and 0 unlocated divergence validate observation(s) at 932f7130ea3c77dcdb2547b6834f46f08bf593f0
[gate.manifest] [scheduler] WARNING: steps are UNBOXED (no cgroup containment). Teardown is a process-group kill plus a /proc descendant sweep, not an atomic cgroup.kill. A budget can only be enforced as far as the kill reaches.
[gate.manifest] compatibility scorecard: generated files changed
[gate.manifest]   1 series event(s) were represented once by richer direct validation evidence
[gate.manifest] [scheduler] ⚠ UNCONTAINED run: exact cgroup cpu.stat accounting is unavailable; a best-effort procfs process-group CPU floor will police 10 step(s) (largest 5s), but it can miss processes that leave the group and not-yet-reaped exits. `capabilities` cannot express that quality difference.
[gate.manifest] compatibility scorecard: projected 1 cell(s) from 2 canonical series row(s), then merged 1 pass, 0 located divergence, and 0 unlocated divergence validate observation(s) at 932f7130ea3c77dcdb2547b6834f46f08bf593f0
[gate.manifest] [scheduler] per-step logs + test-boundary journal: /home/newton/work/dev-hermit/worktrees/slots/dev-hermit-gdb-vfile-pin-20260916/ignored/gdb-vfile-pin-20260916/official-cli-1/runtime-tmp/hermit-pressure-self-test-604665-1789601862994760551/prerequisites-runner-pre.submodules/runner-profile (set DAGRUN_LOG_DIR to relocate, DAGRUN_NO_STEP_LOGS=1 to disable)
[gate.manifest] compatibility scorecard: generated files unchanged
[gate.manifest] [scheduler] CONTAINMENT: unboxed — unboxed: no containment (no containment manager was established for this run)
[gate.manifest]   1 series event(s) were represented once by richer direct validation evidence
[gate.manifest] [scheduler] ⚠ UNCONTAINED run: exact cgroup cpu.stat accounting is unavailable; a best-effort procfs process-group CPU floor will police 10 step(s) (largest 5s), but it can miss processes that leave the group and not-yet-reaped exits. `capabilities` cannot express that quality difference.
[gate.manifest] scorecard self-test: reconciliation different-run passed twice identically
[gate.manifest] [scheduler] per-step logs + test-boundary journal: /home/newton/work/dev-hermit/worktrees/slots/dev-hermit-gdb-vfile-pin-20260916/ignored/gdb-vfile-pin-20260916/official-cli-1/runtime-tmp/hermit-pressure-self-test-604665-1789601862994760551/prerequisites-runner-pre.reverie_pin/runner-profile (set DAGRUN_LOG_DIR to relocate, DAGRUN_NO_STEP_LOGS=1 to disable)
[gate.manifest] compatibility scorecard: projected 1 cell(s) from 2 canonical series row(s), then merged 1 pass, 0 located divergence, and 0 unlocated divergence validate observation(s) at 932f7130ea3c77dcdb2547b6834f46f08bf593f0
[gate.manifest] [scheduler] CONTAINMENT: unboxed — unboxed: no containment (no containment manager was established for this run)
[gate.manifest] compatibility scorecard: generated files changed
[gate.manifest]   1 series event(s) were represented once by richer direct validation evidence
[gate.manifest] [scheduler] ⚠ UNCONTAINED run: exact cgroup cpu.stat accounting is unavailable; a best-effort procfs process-group CPU floor will police 10 step(s) (largest 5s), but it can miss processes that leave the group and not-yet-reaped exits. `capabilities` cannot express that quality difference.
[gate.manifest] compatibility scorecard: projected 1 cell(s) from 2 canonical series row(s), then merged 1 pass, 0 located divergence, and 0 unlocated divergence validate observation(s) at 932f7130ea3c77dcdb2547b6834f46f08bf593f0
[gate.manifest] compatibility scorecard: generated files unchanged
[gate.manifest] [scheduler] per-step logs + test-boundary journal: /home/newton/work/dev-hermit/worktrees/slots/dev-hermit-gdb-vfile-pin-20260916/ignored/gdb-vfile-pin-20260916/official-cli-1/runtime-tmp/hermit-pressure-self-test-604665-1789601862994760551/prerequisites-runner-build.rust_scripts/runner-profile (set DAGRUN_LOG_DIR to relocate, DAGRUN_NO_STEP_LOGS=1 to disable)
[gate.manifest]   1 series event(s) were represented once by richer direct validation evidence
[gate.manifest] [scheduler] CONTAINMENT: unboxed — unboxed: no containment (no containment manager was established for this run)
[gate.manifest] scorecard self-test: reconciliation previously-projected passed twice identically
[gate.manifest] scorecard self-test: reconciliation wrong-explicit-attempt refused unchanged
[gate.manifest] [scheduler] ⚠ UNCONTAINED run: exact cgroup cpu.stat accounting is unavailable; a best-effort procfs process-group CPU floor will police 10 step(s) (largest 5s), but it can miss processes that leave the group and not-yet-reaped exits. `capabilities` cannot express that quality difference.
[gate.manifest] compatibility scorecard: projected 0 cell(s) from 2 canonical series row(s), then merged 1 pass, 0 located divergence, and 0 unlocated divergence validate observation(s) at 932f7130ea3c77dcdb2547b6834f46f08bf593f0
[gate.manifest] [scheduler] per-step logs + test-boundary journal: /home/newton/work/dev-hermit/worktrees/slots/dev-hermit-gdb-vfile-pin-20260916/ignored/gdb-vfile-pin-20260916/official-cli-1/runtime-tmp/hermit-pressure-self-test-604665-1789601862994760551/prerequisites-runner-gate.manifest/runner-profile (set DAGRUN_LOG_DIR to relocate, DAGRUN_NO_STEP_LOGS=1 to disable)
[gate.manifest] compatibility scorecard: generated files changed
[gate.manifest] [scheduler] CONTAINMENT: unboxed — unboxed: no containment (no containment manager was established for this run)
[gate.manifest]   1 current result row(s) determined no canonical product result; their exact invocation evidence was retained
[gate.manifest] [scheduler] ⚠ UNCONTAINED run: exact cgroup cpu.stat accounting is unavailable; a best-effort procfs process-group CPU floor will police 22 step(s) (largest 5s), but it can miss processes that leave the group and not-yet-reaped exits. `capabilities` cannot express that quality difference.
[gate.manifest]     determined nothing: portable/system-utils/system-utils/record-getpid/replay@ptrace (outcome=ERROR, reason=NO_RESULT: attempt 1 did not produce a comparison (status=Some(125), signal=None))
[gate.manifest]   2 series event(s) were represented once by richer direct validation evidence
[gate.manifest] [scheduler] per-step logs + test-boundary journal: /home/newton/work/dev-hermit/worktrees/slots/dev-hermit-gdb-vfile-pin-20260916/ignored/gdb-vfile-pin-20260916/official-cli-1/runtime-tmp/hermit-pressure-self-test-604665-1789601862994760551/direct-scheduler/runner-profile (set DAGRUN_LOG_DIR to relocate, DAGRUN_NO_STEP_LOGS=1 to disable)
[gate.manifest] compatibility scorecard: projected 0 cell(s) from 2 canonical series row(s), then merged 1 pass, 0 located divergence, and 0 unlocated divergence validate observation(s) at 932f7130ea3c77dcdb2547b6834f46f08bf593f0
[gate.manifest] [scheduler] CONTAINMENT: unboxed — unboxed: no containment (no containment manager was established for this run)
[gate.manifest] compatibility scorecard: generated files unchanged
[gate.manifest]   1 current result row(s) determined no canonical product result; their exact invocation evidence was retained
[gate.manifest]     determined nothing: portable/system-utils/system-utils/record-getpid/replay@ptrace (outcome=ERROR, reason=NO_RESULT: attempt 1 did not produce a comparison (status=Some(125), signal=None))
[gate.manifest]   2 series event(s) were represented once by richer direct validation evidence
[gate.manifest] scorecard self-test: reconciliation multiple-current-attempts passed twice identically
[gate.manifest] scorecard self-test: reconciliation conflicting-current-attempts refused unchanged
[gate.manifest] compatibility scorecard: projected 0 cell(s) from 1 canonical series row(s), then merged 0 pass, 1 located divergence, and 0 unlocated divergence validate observation(s) at 932f7130ea3c77dcdb2547b6834f46f08bf593f0
[gate.manifest] compatibility scorecard: generated files changed
[gate.manifest]   1 series event(s) were represented once by richer direct validation evidence
[gate.manifest] compatibility scorecard: projected 0 cell(s) from 1 canonical series row(s), then merged 0 pass, 0 located divergence, and 0 unlocated divergence validate observation(s) at 932f7130ea3c77dcdb2547b6834f46f08bf593f0
[gate.manifest] compatibility scorecard: generated files changed
[gate.manifest]   1 current result row(s) determined no canonical product result; their exact invocation evidence was retained
[gate.manifest]     determined nothing: portable/system-utils/system-utils/record-getpid/replay@ptrace (outcome=ERROR, reason=attempt 1 recorded 1 HERMIT_SKID_OVERSHOOT report(s))
[gate.manifest]   1 series event(s) were represented once by richer direct validation evidence
[gate.manifest] compatibility scorecard: projected 0 cell(s) from 1 canonical series row(s), then merged 0 pass, 0 located divergence, and 0 unlocated divergence validate observation(s) at 932f7130ea3c77dcdb2547b6834f46f08bf593f0
[gate.manifest] compatibility scorecard: generated files changed
[gate.manifest]   1 current result row(s) determined no canonical product result; their exact invocation evidence was retained
[gate.manifest]     determined nothing: portable/system-utils/system-utils/record-getpid/replay@ptrace (outcome=ERROR, reason=NO_RESULT: attempt 1 did not produce a comparison (status=Some(125), signal=None))
[gate.manifest]   1 series event(s) were represented once by richer direct validation evidence
[gate.manifest] [scheduler] ⚠ UNCONTAINED run: exact cgroup cpu.stat accounting is unavailable; a best-effort procfs process-group CPU floor will police 1 step(s) (largest 5s), but it can miss processes that leave the group and not-yet-reaped exits. `capabilities` cannot express that quality difference.
[gate.manifest] [scheduler] per-step logs + test-boundary journal: /home/newton/work/dev-hermit/worktrees/slots/dev-hermit-gdb-vfile-pin-20260916/ignored/gdb-vfile-pin-20260916/official-cli-1/runtime-tmp/hermit-pressure-self-test-604665-1789601862994760551/direct-scheduler/runner-profile (set DAGRUN_LOG_DIR to relocate, DAGRUN_NO_STEP_LOGS=1 to disable)
[gate.manifest] [scheduler] CONTAINMENT: unboxed — unboxed: no containment (no containment manager was established for this run)
[gate.manifest] validate: unknown argument: --run-on-dirty-tree (try --help)
[gate.manifest] [scheduler] ⚠ UNCONTAINED run: exact cgroup cpu.stat accounting is unavailable; a best-effort procfs process-group CPU floor will police 9 step(s) (largest 10s), but it can miss processes that leave the group and not-yet-reaped exits. `capabilities` cannot express that quality difference.
[gate.manifest] compatibility scorecard self-test: retained-comparison FRESH/DRIFTED/WRONG/UNCHECKABLE, provenance, distinct-evidence, result, selected-chaos, status-measurement-display, ratchet, observation-range, storage-round-trip, coordinate-less-divergence, recovered-no-result, determined-nothing-third-state, non-error-outcome-class, batch-equivalence, green-admission, validate-observation, empty-result command, source-identity, writer-boundary, projection, projection-schema, object-store-independence, path-independence, infrastructure-refusal, and divergence-without-a-comparison brackets pass
[gate.manifest] [scheduler] per-step logs + test-boundary journal: /home/newton/work/dev-hermit/worktrees/slots/dev-hermit-gdb-vfile-pin-20260916/ignored/gdb-vfile-pin-20260916/official-cli-1/runtime-tmp/validate-self-test-runner-logs-bBs3kQ (set DAGRUN_LOG_DIR to relocate, DAGRUN_NO_STEP_LOGS=1 to disable)
[gate.manifest] compatibility scorecard: tracked table and 5760 comparable cells are current; selected regression denominator 734 = 731 comparable + 3 custom
[gate.manifest] [scheduler] CONTAINMENT: unboxed — unboxed: no containment (no containment manager was established for this run)
[gate.manifest] compatibility scorecard: tracked table and 5760 comparable cells are current; selected regression denominator 734 = 731 comparable + 3 custom
[gate.manifest] [scheduler] WARNING: steps are UNBOXED (no cgroup containment). Teardown is a process-group kill plus a /proc descendant sweep, not an atomic cgroup.kill. A budget can only be enforced as far as the kill reaches.
[gate.manifest] [pre.submodules] ▶ START  Verify repository submodules without initializing or repairing them
[gate.manifest] validate: --run-timeout needs a positive number of SECONDS
[gate.manifest] [pre.submodules] ✓ PASS   Verify repository submodules without initializing or repairing them (0s)
[gate.manifest] validate: --run-timeout needs a positive number of SECONDS
[gate.manifest] [pre.reverie_pin] ▶ START  Reverie pin consistency
[gate.manifest] validate: --run-timeout needs a positive number of SECONDS
[gate.manifest] [pre.reverie_pin] ✓ PASS   Reverie pin consistency (0s)
[gate.manifest] validate: --run-timeout needs a positive number of SECONDS
[gate.manifest] [build.rust_scripts] ▶ START  Build every tracked rust-script before graph consumers run
[gate.manifest] validate: --write-constructed-dag needs a FILE
[gate.manifest] [build.rust_scripts] ✓ PASS   Build every tracked rust-script before graph consumers run (0s)
[gate.manifest] validate: --write-generated-plan needs a FILE
[gate.manifest] [setup.manifest_plan] ▶ START  Build the manifest-plan binaries the metadata validation runs
[gate.manifest] validate: choose only one constructed-plan output form
[gate.manifest] [setup.manifest_plan] ✓ PASS   Build the manifest-plan binaries the metadata validation runs (0s)
[gate.manifest] validate: choose only one constructed-plan output form
[gate.manifest] [gate.manifest] ▶ START  Centralized test manifest and inventory
[gate.manifest] safe-ci scope self-test: ERROR: planted refusal.
[gate.manifest] [gate.manifest] ✓ PASS   Centralized test manifest and inventory (0s)
[gate.manifest] safe-ci scope self-test: WARNING: planted refusal; running UNBOXED (--allow-cgroup-failure).
[gate.manifest] [build.runtime_release] ▶ START  Prepare DBT native resources, then build release Hermit and backend artifacts
[gate.manifest] [safe-ci] outer cgroup audit at /home/newton/work/dev-hermit/worktrees/slots/dev-hermit-gdb-vfile-pin-20260916/ignored/gdb-vfile-pin-20260916/official-cli-1/runtime-tmp/safe-ci-scope-self-test-775539-1789601997674270184/fixture.scope: memory.max=104857600 (bound), memory.swap.max=0 (disabled), memory.oom.group=1 (enabled)
[gate.manifest] [setup.nextest] ▶ START  cargo-nextest available
[gate.manifest] [setup.nextest] ✓ PASS   cargo-nextest available (0s)
[gate.manifest] [safe-ci] expected-refusal: observed cgroup /home/newton/work/dev-hermit/worktrees/slots/dev-hermit-gdb-vfile-pin-20260916/ignored/gdb-vfile-pin-20260916/official-cli-1/runtime-tmp/safe-ci-scope-self-test-775539-1789601997674270184/fixture.scope/step-child has no ancestor matching promised unit missing.scope
[gate.manifest] [build.workspace] ▶ START  Prepare DBT native resources, then build all debug workspace targets
[gate.manifest] [build.runtime_release] ✓ PASS   Prepare DBT native resources, then build release Hermit and backend artifacts (0s)
[gate.manifest] [safe-ci] expected-refusal: observed cgroup /home/newton/work/dev-hermit/worktrees/slots/dev-hermit-gdb-vfile-pin-20260916/ignored/gdb-vfile-pin-20260916/official-cli-1/runtime-tmp/safe-ci-scope-self-test-775539-1789601997674270184/fixture.scope/step-child has no ancestor matching promised unit fixture
[gate.manifest] [build.workspace] ✓ PASS   Prepare DBT native resources, then build all debug workspace targets (0s)
[gate.manifest] [safe-ci] expected-refusal: outer cgroup audit at /home/newton/work/dev-hermit/worktrees/slots/dev-hermit-gdb-vfile-pin-20260916/ignored/gdb-vfile-pin-20260916/official-cli-1/runtime-tmp/safe-ci-scope-self-test-775539-1789601997674270184/fixture.scope: memory.max=104849408 (MISMATCH), memory.swap.max=0 (disabled), memory.oom.group=1 (enabled)
[gate.manifest] [build.e2e_artifact] ▶ START  Publish a verified content-addressed Hermit binary and complete backend-resource bundle
[gate.manifest] [build.e2e_artifact] ✓ PASS   Publish a verified content-addressed Hermit binary and complete backend-resource bundle (0s)
[gate.manifest] [safe-ci] expected-refusal: outer cgroup audit at /home/newton/work/dev-hermit/worktrees/slots/dev-hermit-gdb-vfile-pin-20260916/ignored/gdb-vfile-pin-20260916/official-cli-1/runtime-tmp/safe-ci-scope-self-test-775539-1789601997674270184/fixture.scope: memory.max=UNREADABLE (MISMATCH), memory.swap.max=0 (disabled), memory.oom.group=1 (enabled)
[gate.manifest] [build.liteinst_runtime_release] ▶ START  Build and stage the release LiteInst runtime
[gate.manifest] [build.liteinst_runtime_release] ✓ PASS   Build and stage the release LiteInst runtime (0s)
[gate.manifest] [safe-ci] expected-refusal: outer cgroup audit at /home/newton/work/dev-hermit/worktrees/slots/dev-hermit-gdb-vfile-pin-20260916/ignored/gdb-vfile-pin-20260916/official-cli-1/runtime-tmp/safe-ci-scope-self-test-775539-1789601997674270184/fixture.scope: memory.max=104857600 (bound), memory.swap.max=1 (MISMATCH), memory.oom.group=1 (enabled)
[gate.manifest] [pre.submodules] ▶ START  Verify repository submodules without initializing or repairing them
[gate.manifest] [safe-ci] expected-refusal: outer cgroup audit at /home/newton/work/dev-hermit/worktrees/slots/dev-hermit-gdb-vfile-pin-20260916/ignored/gdb-vfile-pin-20260916/official-cli-1/runtime-tmp/safe-ci-scope-self-test-775539-1789601997674270184/fixture.scope: memory.max=104857600 (bound), memory.swap.max=UNREADABLE (MISMATCH), memory.oom.group=1 (enabled)
[gate.manifest] 
[gate.manifest] DAGRUN STEP ERROR [pre.submodules]
[gate.manifest] [safe-ci] expected-refusal: outer cgroup audit at /home/newton/work/dev-hermit/worktrees/slots/dev-hermit-gdb-vfile-pin-20260916/ignored/gdb-vfile-pin-20260916/official-cli-1/runtime-tmp/safe-ci-scope-self-test-775539-1789601997674270184/fixture.scope: memory.max=104857600 (bound), memory.swap.max=0 (disabled), memory.oom.group=0 (MISMATCH)
[gate.manifest] [pre.submodules] ✗ FAIL   Verify repository submodules without initializing or repairing them (0s, exit 17)
[gate.manifest] [pre.submodules] ----- detail -----
[gate.manifest] [safe-ci] expected-refusal: outer memory.oom.group=1 write failed at /home/newton/work/dev-hermit/worktrees/slots/dev-hermit-gdb-vfile-pin-20260916/ignored/gdb-vfile-pin-20260916/official-cli-1/runtime-tmp/safe-ci-scope-self-test-775539-1789601997674270184/fixture.scope/memory.oom.group (Is a directory (os error 21))
[gate.manifest] [pre.submodules] ----- end detail -----
[gate.manifest] [pre.submodules] ▶ START  Verify repository submodules without initializing or repairing them
[gate.manifest] [scheduler] ⚠ UNCONTAINED run: exact cgroup cpu.stat accounting is unavailable; a best-effort procfs process-group CPU floor will police 2 step(s) (largest 30s), but it can miss processes that leave the group and not-yet-reaped exits. `capabilities` cannot express that quality difference.
[gate.manifest] [pre.submodules] ✓ PASS   Verify repository submodules without initializing or repairing them (0s)
[gate.manifest] [pre.reverie_pin] ▶ START  Reverie pin consistency
[gate.manifest] [scheduler] per-step logs + test-boundary journal: /home/newton/work/dev-hermit/worktrees/slots/dev-hermit-gdb-vfile-pin-20260916/ignored/gdb-vfile-pin-20260916/official-cli-1/runtime-tmp/validate-scheduler-accounting-775539-1789601998/dagrun-evidence (set DAGRUN_LOG_DIR to relocate, DAGRUN_NO_STEP_LOGS=1 to disable)
[gate.manifest] 
[gate.manifest] [scheduler] CONTAINMENT: unboxed — unboxed: no containment (no containment manager was established for this run)
[gate.manifest] DAGRUN STEP ERROR [pre.reverie_pin]
[gate.manifest] [pre.reverie_pin] ✗ FAIL   Reverie pin consistency (0s, exit 17)
[gate.manifest] [scheduler] ⚠ UNCONTAINED run: exact cgroup cpu.stat accounting is unavailable; a best-effort procfs process-group CPU floor will police 3 step(s) (largest 30s), but it can miss processes that leave the group and not-yet-reaped exits. `capabilities` cannot express that quality difference.
[gate.manifest] [pre.reverie_pin] ----- detail -----
[gate.manifest] [pre.reverie_pin] ----- end detail -----
[gate.manifest] [scheduler] per-step logs + test-boundary journal: /home/newton/work/dev-hermit/worktrees/slots/dev-hermit-gdb-vfile-pin-20260916/ignored/gdb-vfile-pin-20260916/official-cli-1/runtime-tmp/validate-scheduler-accounting-775539-1789601998/dagrun-evidence (set DAGRUN_LOG_DIR to relocate, DAGRUN_NO_STEP_LOGS=1 to disable)
[gate.manifest] [pre.submodules] ▶ START  Verify repository submodules without initializing or repairing them
[gate.manifest] [scheduler] CONTAINMENT: unboxed — unboxed: no containment (no containment manager was established for this run)
[gate.manifest] [pre.submodules] ✓ PASS   Verify repository submodules without initializing or repairing them (0s)
[gate.manifest] [pre.reverie_pin] ▶ START  Reverie pin consistency
[gate.manifest] validate: 2 planned node(s) DID NOT RUN; the scheduler returned them in not_launched after it stopped admitting work (fail-fast or outer run budget): fixture.pending_a, fixture.pending_b. They are accounted for, but the lane remains incomplete and cannot be green.
[gate.manifest] [pre.reverie_pin] ✓ PASS   Reverie pin consistency (0s)
[gate.manifest] [scheduler] ⚠ UNCONTAINED run: exact cgroup cpu.stat accounting is unavailable; a best-effort procfs process-group CPU floor will police 3 step(s) (largest 30s), but it can miss processes that leave the group and not-yet-reaped exits. `capabilities` cannot express that quality difference.
[gate.manifest] [build.rust_scripts] ▶ START  Build every tracked rust-script before graph consumers run
[gate.manifest] 
[gate.manifest] [scheduler] per-step logs + test-boundary journal: /home/newton/work/dev-hermit/worktrees/slots/dev-hermit-gdb-vfile-pin-20260916/ignored/gdb-vfile-pin-20260916/official-cli-1/runtime-tmp/validate-scheduler-accounting-775539-1789601998/dagrun-evidence (set DAGRUN_LOG_DIR to relocate, DAGRUN_NO_STEP_LOGS=1 to disable)
[gate.manifest] DAGRUN STEP ERROR [build.rust_scripts]
[gate.manifest] [scheduler] CONTAINMENT: unboxed — unboxed: no containment (no containment manager was established for this run)
[gate.manifest] [build.rust_scripts] ✗ FAIL   Build every tracked rust-script before graph consumers run (0s, exit 17)
[gate.manifest] [build.rust_scripts] ----- detail -----
[gate.manifest] [scheduler] ⚠ UNCONTAINED run: exact cgroup cpu.stat accounting is unavailable; a best-effort procfs process-group CPU floor will police 2 step(s) (largest 30s), but it can miss processes that leave the group and not-yet-reaped exits. `capabilities` cannot express that quality difference.
[gate.manifest] [build.rust_scripts] ----- end detail -----
[gate.manifest] [pre.submodules] ▶ START  Verify repository submodules without initializing or repairing them
[gate.manifest] [pre.submodules] ✓ PASS   Verify repository submodules without initializing or repairing them (0s)
[gate.manifest] [pre.reverie_pin] ▶ START  Reverie pin consistency
[gate.manifest] [pre.reverie_pin] ✓ PASS   Reverie pin consistency (0s)
[gate.manifest] [build.rust_scripts] ▶ START  Build every tracked rust-script before graph consumers run
[gate.manifest] [build.rust_scripts] ✓ PASS   Build every tracked rust-script before graph consumers run (0s)
[gate.manifest] [setup.manifest_plan] ▶ START  Build the manifest-plan binaries the metadata validation runs
[gate.manifest] [setup.manifest_plan] ✓ PASS   Build the manifest-plan binaries the metadata validation runs (0s)
[gate.manifest] [gate.manifest] ▶ START  Centralized test manifest and inventory
[gate.manifest] 
[gate.manifest] DAGRUN STEP ERROR [gate.manifest]
[gate.manifest] [gate.manifest] ✗ FAIL   Centralized test manifest and inventory (0s, exit 17)
[gate.manifest] [gate.manifest] ----- detail -----
[gate.manifest] [gate.manifest] ----- end detail -----
[gate.manifest]   prerequisite scheduler: ten-node positive and four failed-preflight controls retain exact execution identities
[gate.manifest]   prerequisite runner logs: all five fixtures preserve inherited journal/step bytes and restore the log directory
[gate.manifest] [build.shared] ▶ START  
[gate.manifest] [build.shared] ✓ PASS    (0s)
[gate.manifest] [cell.run-01] ▶ START  
[gate.manifest] [cell.run-02] ▶ START  
[gate.manifest] [cell.run-02] ✓ PASS    (0s)
[gate.manifest] [cell.run-03] ▶ START  
[gate.manifest] [cell.run-01] ✓ PASS    (1s)
[gate.manifest] [cell.run-04] ▶ START  
[gate.manifest] [cell.run-04] ✓ PASS    (1s)
[gate.manifest] [cell.run-05] ▶ START  
[gate.manifest] 
[gate.manifest] DAGRUN STEP ERROR [cell.run-03]
[gate.manifest] [cell.run-03] ✗ FAIL    (1s, exit 1)
[gate.manifest] [cell.run-03] ----- detail -----
[gate.manifest] [cell.run-03] ----- end detail -----
[gate.manifest] [cell.run-06] ▶ START  
[gate.manifest] [cell.run-05] ✓ PASS    (1s)
[gate.manifest] [cell.run-07] ▶ START  
[gate.manifest] [cell.run-06] ✓ PASS    (1s)
[gate.manifest] [cell.run-08] ▶ START  
[gate.manifest] [cell.run-07] ✓ PASS    (0s)
[gate.manifest] [cell.run-09] ▶ START  
[gate.manifest] [cell.run-08] ✓ PASS    (0s)
[gate.manifest] [cell.run-10] ▶ START  
[gate.manifest] [cell.run-09] ✓ PASS    (0s)
[gate.manifest] [cell.run-11] ▶ START  
[gate.manifest] [cell.run-10] ✓ PASS    (0s)
[gate.manifest] [cell.run-12] ▶ START  
[gate.manifest] [cell.run-11] ✓ PASS    (0s)
[gate.manifest] [cell.run-13] ▶ START  
[gate.manifest] [cell.run-12] ✓ PASS    (0s)
[gate.manifest] [cell.run-14] ▶ START  
[gate.manifest] [cell.run-13] ✓ PASS    (0s)
[gate.manifest] [cell.run-15] ▶ START  
[gate.manifest] [cell.run-14] ✓ PASS    (0s)
[gate.manifest] [cell.run-16] ▶ START  
[gate.manifest] [cell.run-15] ✓ PASS    (0s)
[gate.manifest] [cell.run-17] ▶ START  
[gate.manifest] [cell.run-16] ✓ PASS    (0s)
[gate.manifest] [cell.run-18] ▶ START  
[gate.manifest] 
[gate.manifest] DAGRUN STEP ERROR [cell.run-17]
[gate.manifest] [cell.run-17] ✗ FAIL    (0s, exit 1)
[gate.manifest] [cell.run-17] ----- detail -----
[gate.manifest] [cell.run-17] ----- end detail -----
[gate.manifest] [cell.run-19] ▶ START  
[gate.manifest] [cell.run-18] ✓ PASS    (0s)
[gate.manifest] [cell.run-20] ▶ START  
[gate.manifest] [cell.run-19] ✓ PASS    (0s)
[gate.manifest] [cell.run-20] ✓ PASS    (0s)
[gate.manifest] [pressure.summarize] ▶ START  
[gate.manifest] [pressure.summarize] ✓ PASS    (0s)
[gate.manifest] # Repeated red-cell results
[gate.manifest] 
[gate.manifest] Final-result denominator: one framework-selected result per selected cell repetition; `attempted` counts every attributable harness attempt.
[gate.manifest] 
[gate.manifest] Metric: current pre-basic-sanity manifest contract. Verify uses the legacy stripped comparison unless that cell's verification report says bitwise_parity=true; this is not the Milestone 2 strict-default metric.
[gate.manifest] 
[gate.manifest] | Backend | Pass | Determinism failure | Replay failure | Crash/error | Timeout | OOM | Sandbox denied | Infrastructure error | Total |
[gate.manifest] | --- | ---: | ---: | ---: | ---: | ---: | ---: | ---: | ---: | ---: |
[gate.manifest] | `ptrace` | 0 | 0 | 0 | 0 | 0 | 0 | 0 | 0 | 0 |
[gate.manifest] | `dbt` | 0 | 0 | 0 | 0 | 0 | 0 | 0 | 0 | 0 |
[gate.manifest] | `kvm` | 0 | 0 | 0 | 0 | 0 | 0 | 0 | 0 | 0 |
[gate.manifest] | `sabre` | 0 | 0 | 0 | 0 | 0 | 0 | 0 | 0 | 0 |
[gate.manifest] [scheduler] per-step logs + test-boundary journal: /home/newton/work/dev-hermit/worktrees/slots/dev-hermit-gdb-vfile-pin-20260916/ignored/gdb-vfile-pin-20260916/official-cli-1/runtime-tmp/validate-scheduler-accounting-775539-1789601998/dagrun-evidence (set DAGRUN_LOG_DIR to relocate, DAGRUN_NO_STEP_LOGS=1 to disable)
[gate.manifest] | `liteinst` | 0 | 0 | 0 | 0 | 0 | 0 | 0 | 0 | 0 |
[gate.manifest] | `native` | 1 | 0 | 0 | 0 | 0 | 0 | 0 | 0 | 1 |
[gate.manifest] [scheduler] CONTAINMENT: unboxed — unboxed: no containment (no containment manager was established for this run)
[gate.manifest] | **Total** | **1** | **0** | **0** | **0** | **0** | **0** | **0** | **0** | **1** |
[gate.manifest] 
[gate.manifest] [scheduler] ⚠ UNCONTAINED run: exact cgroup cpu.stat accounting is unavailable; a best-effort procfs process-group CPU floor will police 2 step(s) (largest 30s), but it can miss processes that leave the group and not-yet-reaped exits. `capabilities` cannot express that quality difference.
[gate.manifest] Crash/error combines remaining nonzero harness exits. It includes signal-caused crashes when the shell reports a nonzero status; this runner does not yet distinguish the signal.
[gate.manifest] 
[gate.manifest] [scheduler] per-step logs + test-boundary journal: /home/newton/work/dev-hermit/worktrees/slots/dev-hermit-gdb-vfile-pin-20260916/ignored/gdb-vfile-pin-20260916/official-cli-1/runtime-tmp/validate-scheduler-accounting-775539-1789601998/dagrun-evidence (set DAGRUN_LOG_DIR to relocate, DAGRUN_NO_STEP_LOGS=1 to disable)
[gate.manifest] Repeated result: 1/1 terminally passed; 0/1 passed cleanly; flaky.
[gate.manifest] [scheduler] CONTAINMENT: unboxed — unboxed: no containment (no containment manager was established for this run)
[gate.manifest] Sample classification for `portable/data-handling/data-handling/jq-json-transform/naked@native`: incomplete; 0/1 qualifying first attempts.
[gate.manifest] [scheduler] ⚠ step "fixture.aborted_peer": procfs process-group CPU accounting is unavailable, so the 30s CPU-time budget CANNOT be enforced for this step; only the wall timeout still applies.
[gate.manifest] Summary: /home/newton/work/dev-hermit/worktrees/slots/dev-hermit-gdb-vfile-pin-20260916/ignored/gdb-vfile-pin-20260916/official-cli-1/runtime-tmp/hermit-pressure-self-test-604665-1789601862994760551/summarize-retry/summary.json
[gate.manifest] # Repeated red-cell results
[gate.manifest] [scheduler] ⚠ UNCONTAINED run: exact cgroup cpu.stat accounting is unavailable; a best-effort procfs process-group CPU floor will police 4 step(s) (largest 30s), but it can miss processes that leave the group and not-yet-reaped exits. `capabilities` cannot express that quality difference.
[gate.manifest] 
[gate.manifest] Final-result denominator: one framework-selected result per selected cell repetition; `attempted` counts every attributable harness attempt.
[gate.manifest] [scheduler] per-step logs + test-boundary journal: /home/newton/work/dev-hermit/worktrees/slots/dev-hermit-gdb-vfile-pin-20260916/ignored/gdb-vfile-pin-20260916/official-cli-1/runtime-tmp/validate-scheduler-accounting-775539-1789601998/dagrun-evidence (set DAGRUN_LOG_DIR to relocate, DAGRUN_NO_STEP_LOGS=1 to disable)
[gate.manifest] 
[gate.manifest] [scheduler] CONTAINMENT: unboxed — unboxed: no containment (no containment manager was established for this run)
[gate.manifest] Metric: current pre-basic-sanity manifest contract. Verify uses the legacy stripped comparison unless that cell's verification report says bitwise_parity=true; this is not the Milestone 2 strict-default metric.
[gate.manifest] 
[gate.manifest] [scheduler] ⚠ step "fixture.family_peer": procfs process-group CPU accounting is unavailable, so the 30s CPU-time budget CANNOT be enforced for this step; only the wall timeout still applies.
[gate.manifest] [scheduler] ⚠ UNCONTAINED run: exact cgroup cpu.stat accounting is unavailable; a best-effort procfs process-group CPU floor will police 2 step(s) (largest 30s), but it can miss processes that leave the group and not-yet-reaped exits. `capabilities` cannot express that quality difference.
[gate.manifest] [scheduler] per-step logs + test-boundary journal: /home/newton/work/dev-hermit/worktrees/slots/dev-hermit-gdb-vfile-pin-20260916/ignored/gdb-vfile-pin-20260916/official-cli-1/runtime-tmp/validate-scheduler-accounting-775539-1789601998/dagrun-evidence (set DAGRUN_LOG_DIR to relocate, DAGRUN_NO_STEP_LOGS=1 to disable)
[gate.manifest] [scheduler] CONTAINMENT: unboxed — unboxed: no containment (no containment manager was established for this run)
[gate.manifest] [scheduler] ⚠ UNCONTAINED run: exact cgroup cpu.stat accounting is unavailable; a best-effort procfs process-group CPU floor will police 3 step(s) (largest 30s), but it can miss processes that leave the group and not-yet-reaped exits. `capabilities` cannot express that quality difference.
[gate.manifest] [scheduler] per-step logs + test-boundary journal: /home/newton/work/dev-hermit/worktrees/slots/dev-hermit-gdb-vfile-pin-20260916/ignored/gdb-vfile-pin-20260916/official-cli-1/runtime-tmp/validate-scheduler-accounting-775539-1789601998/dagrun-evidence (set DAGRUN_LOG_DIR to relocate, DAGRUN_NO_STEP_LOGS=1 to disable)
[gate.manifest] [scheduler] CONTAINMENT: unboxed — unboxed: no containment (no containment manager was established for this run)
[gate.manifest] [scheduler] ⚠ UNCONTAINED run: exact cgroup cpu.stat accounting is unavailable; a best-effort procfs process-group CPU floor will police 1 step(s) (largest 30s), but it can miss processes that leave the group and not-yet-reaped exits. `capabilities` cannot express that quality difference.
[gate.manifest] [scheduler] per-step logs + test-boundary journal: /home/newton/work/dev-hermit/worktrees/slots/dev-hermit-gdb-vfile-pin-20260916/ignored/gdb-vfile-pin-20260916/official-cli-1/runtime-tmp/validate-scheduler-accounting-775539-1789601998/dagrun-evidence (set DAGRUN_LOG_DIR to relocate, DAGRUN_NO_STEP_LOGS=1 to disable)
[gate.manifest] [scheduler] CONTAINMENT: unboxed — unboxed: no containment (no containment manager was established for this run)
[gate.manifest] [scheduler] ⚠ UNCONTAINED run: exact cgroup cpu.stat accounting is unavailable; a best-effort procfs process-group CPU floor will police 1 step(s) (largest 30s), but it can miss processes that leave the group and not-yet-reaped exits. `capabilities` cannot express that quality difference.
[gate.manifest] [scheduler] per-step logs + test-boundary journal: /home/newton/work/dev-hermit/worktrees/slots/dev-hermit-gdb-vfile-pin-20260916/ignored/gdb-vfile-pin-20260916/official-cli-1/runtime-tmp/validate-scheduler-accounting-775539-1789601998/dagrun-evidence (set DAGRUN_LOG_DIR to relocate, DAGRUN_NO_STEP_LOGS=1 to disable)
[gate.manifest] [scheduler] CONTAINMENT: unboxed — unboxed: no containment (no containment manager was established for this run)
[gate.manifest] validate: --envelope-compare needs a FILE
[gate.manifest] validate: validation levels cannot be combined with focused validation modes
[gate.manifest] validate: --all/--full-run requires level full and forbids every focused or selective mode
[gate.manifest] validate: choose only one focused validation mode
[gate.manifest] validate: verbosity must be an integer from 1 through 5, got "0"
[gate.manifest] validate: verbosity must be an integer from 1 through 5, got "6"
[gate.manifest] validate: verbosity must be an integer from 1 through 5, got "loud"
[gate.manifest] Preparing worktree (new branch 'tool')
[gate.manifest] Cloning into '/home/newton/work/dev-hermit/worktrees/slots/dev-hermit-gdb-vfile-pin-20260916/ignored/gdb-vfile-pin-20260916/official-cli-1/runtime-tmp/validate-tool-root-775539-1789602030/other-root'...
[gate.manifest] done.
[gate.manifest] validate: per-cell series updated from 2 retained row(s) under /home/newton/work/dev-hermit/worktrees/slots/dev-hermit-gdb-vfile-pin-20260916/ignored/gdb-vfile-pin-20260916/official-cli-1/runtime-tmp/validate-series-writer-775539-1789602032/results: fixture append accepted
[gate.manifest] [scheduler] ⚠ UNCONTAINED run: exact cgroup cpu.stat accounting is unavailable; a best-effort procfs process-group CPU floor will police 4 step(s) (largest 30s), but it can miss processes that leave the group and not-yet-reaped exits. `capabilities` cannot express that quality difference.
[gate.manifest] [scheduler] per-step logs + test-boundary journal: /home/newton/work/dev-hermit/worktrees/slots/dev-hermit-gdb-vfile-pin-20260916/ignored/gdb-vfile-pin-20260916/official-cli-1/runtime-tmp/validate-self-test-runner-logs-bBs3kQ (set DAGRUN_LOG_DIR to relocate, DAGRUN_NO_STEP_LOGS=1 to disable)
[gate.manifest] [scheduler] CONTAINMENT: unboxed — unboxed: no containment (no containment manager was established for this run)
[gate.manifest] [scheduler] ⚠ UNCONTAINED run: exact cgroup cpu.stat accounting is unavailable; a best-effort procfs process-group CPU floor will police 4 step(s) (largest 30s), but it can miss processes that leave the group and not-yet-reaped exits. `capabilities` cannot express that quality difference.
[gate.manifest] [scheduler] per-step logs + test-boundary journal: /home/newton/work/dev-hermit/worktrees/slots/dev-hermit-gdb-vfile-pin-20260916/ignored/gdb-vfile-pin-20260916/official-cli-1/runtime-tmp/validate-self-test-runner-logs-bBs3kQ (set DAGRUN_LOG_DIR to relocate, DAGRUN_NO_STEP_LOGS=1 to disable)
[gate.manifest] [scheduler] CONTAINMENT: unboxed — unboxed: no containment (no containment manager was established for this run)
[gate.manifest] validate: --sequential-lanes was removed when validation moved to one labelled DAG; select the committed full graph instead
[gate.manifest] | Backend | Pass | Determinism failure | Replay failure | Crash/error | Timeout | OOM | Sandbox denied | Infrastructure error | Total |
[gate.manifest] | --- | ---: | ---: | ---: | ---: | ---: | ---: | ---: | ---: | ---: |
[gate.manifest] | `ptrace` | 0 | 0 | 0 | 0 | 0 | 0 | 0 | 0 | 0 |
[gate.manifest] | `dbt` | 0 | 0 | 0 | 0 | 0 | 0 | 0 | 0 | 0 |
[gate.manifest] | `kvm` | 0 | 0 | 0 | 0 | 0 | 0 | 0 | 0 | 0 |
[gate.manifest] | `sabre` | 0 | 0 | 0 | 0 | 0 | 0 | 0 | 0 | 0 |
[gate.manifest] | `liteinst` | 0 | 0 | 0 | 0 | 0 | 0 | 0 | 0 | 0 |
[gate.manifest] | `native` | 1 | 0 | 0 | 0 | 0 | 0 | 0 | 0 | 1 |
[gate.manifest] | **Total** | **1** | **0** | **0** | **0** | **0** | **0** | **0** | **0** | **1** |
[gate.manifest] 
[gate.manifest] Crash/error combines remaining nonzero harness exits. It includes signal-caused crashes when the shell reports a nonzero status; this runner does not yet distinguish the signal.
[gate.manifest] 
[gate.manifest] Repeated result: 1/1 terminally passed; 0/1 passed cleanly; flaky.
[gate.manifest] Sample classification for `portable/data-handling/data-handling/jq-json-transform/naked@native`: incomplete; 0/1 qualifying first attempts.
[gate.manifest] Summary: /home/newton/work/dev-hermit/worktrees/slots/dev-hermit-gdb-vfile-pin-20260916/ignored/gdb-vfile-pin-20260916/official-cli-1/runtime-tmp/hermit-pressure-self-test-604665-1789601862994760551/summarize-retry/summary.json
[gate.manifest] # Repeated red-cell results
[gate.manifest] 
[gate.manifest] Final-result denominator: one framework-selected result per selected cell repetition; `attempted` counts every attributable harness attempt.
[gate.manifest] 
[gate.manifest] Metric: current pre-basic-sanity manifest contract. Verify uses the legacy stripped comparison unless that cell's verification report says bitwise_parity=true; this is not the Milestone 2 strict-default metric.
[gate.manifest] 
[gate.manifest] | Backend | Pass | Determinism failure | Replay failure | Crash/error | Timeout | OOM | Sandbox denied | Infrastructure error | Total |
[gate.manifest] | --- | ---: | ---: | ---: | ---: | ---: | ---: | ---: | ---: | ---: |
[gate.manifest] | `ptrace` | 0 | 0 | 0 | 0 | 0 | 0 | 0 | 0 | 0 |
[gate.manifest] | `dbt` | 0 | 0 | 0 | 0 | 0 | 0 | 0 | 0 | 0 |
[gate.manifest] | `kvm` | 0 | 0 | 0 | 0 | 0 | 0 | 0 | 0 | 0 |
[gate.manifest] | `sabre` | 0 | 0 | 0 | 0 | 0 | 0 | 0 | 0 | 0 |
[gate.manifest] | `liteinst` | 0 | 0 | 0 | 0 | 0 | 0 | 0 | 0 | 0 |
[gate.manifest] | `native` | 0 | 0 | 0 | 0 | 0 | 0 | 0 | 1 | 1 |
[gate.manifest] | **Total** | **0** | **0** | **0** | **0** | **0** | **0** | **0** | **1** | **1** |
[gate.manifest] 
[gate.manifest] Crash/error combines remaining nonzero harness exits. It includes signal-caused crashes when the shell reports a nonzero status; this runner does not yet distinguish the signal.
[gate.manifest] 
[gate.manifest] Repeated result: 0/1 terminally passed; 0/1 passed cleanly; incomplete because 1 check(s) have no trustworthy result.
[gate.manifest] Sample classification for `portable/data-handling/data-handling/jq-json-transform/naked@native`: incomplete; 0/1 qualifying first attempts.
[gate.manifest] Summary: /home/newton/work/dev-hermit/worktrees/slots/dev-hermit-gdb-vfile-pin-20260916/ignored/gdb-vfile-pin-20260916/official-cli-1/runtime-tmp/hermit-pressure-self-test-604665-1789601862994760551/summarize-retry/summary.json
[gate.manifest] # Repeated red-cell results
[gate.manifest] 
[gate.manifest] Final-result denominator: one framework-selected result per selected cell repetition; `attempted` counts every attributable harness attempt.
[gate.manifest] 
[gate.manifest] Metric: current pre-basic-sanity manifest contract. Verify uses the legacy stripped comparison unless that cell's verification report says bitwise_parity=true; this is not the Milestone 2 strict-default metric.
[gate.manifest] 
[gate.manifest] | Backend | Pass | Determinism failure | Replay failure | Crash/error | Timeout | OOM | Sandbox denied | Infrastructure error | Total |
[gate.manifest] | --- | ---: | ---: | ---: | ---: | ---: | ---: | ---: | ---: | ---: |
[gate.manifest] | `ptrace` | 0 | 0 | 0 | 0 | 0 | 0 | 0 | 0 | 0 |
[gate.manifest] | `dbt` | 0 | 0 | 0 | 0 | 0 | 0 | 0 | 0 | 0 |
[gate.manifest] | `kvm` | 0 | 0 | 0 | 0 | 0 | 0 | 0 | 0 | 0 |
[gate.manifest] | `sabre` | 0 | 0 | 0 | 0 | 0 | 0 | 0 | 0 | 0 |
[gate.manifest] | `liteinst` | 0 | 0 | 0 | 0 | 0 | 0 | 0 | 0 | 0 |
[gate.manifest] | `native` | 1 | 0 | 0 | 0 | 0 | 0 | 0 | 0 | 1 |
[gate.manifest] | **Total** | **1** | **0** | **0** | **0** | **0** | **0** | **0** | **0** | **1** |
[gate.manifest] 
[gate.manifest] Crash/error combines remaining nonzero harness exits. It includes signal-caused crashes when the shell reports a nonzero status; this runner does not yet distinguish the signal.
[gate.manifest] 
[gate.manifest] Repeated result: 1/1 terminally passed; 0/1 passed cleanly; flaky.
[gate.manifest] Sample classification for `portable/data-handling/data-handling/jq-json-transform/naked@native`: incomplete; 0/1 qualifying first attempts.
[gate.manifest] Summary: /home/newton/work/dev-hermit/worktrees/slots/dev-hermit-gdb-vfile-pin-20260916/ignored/gdb-vfile-pin-20260916/official-cli-1/runtime-tmp/hermit-pressure-self-test-604665-1789601862994760551/summarize-retry/summary.json
[gate.manifest] # Repeated red-cell results
[gate.manifest] 
[gate.manifest] Final-result denominator: one framework-selected result per selected cell repetition; `attempted` counts every attributable harness attempt.
[gate.manifest] 
[gate.manifest] Metric: current pre-basic-sanity manifest contract. Verify uses the legacy stripped comparison unless that cell's verification report says bitwise_parity=true; this is not the Milestone 2 strict-default metric.
[gate.manifest] 
[gate.manifest] | Backend | Pass | Determinism failure | Replay failure | Crash/error | Timeout | OOM | Sandbox denied | Infrastructure error | Total |
[gate.manifest] | --- | ---: | ---: | ---: | ---: | ---: | ---: | ---: | ---: | ---: |
[gate.manifest] | `ptrace` | 0 | 0 | 0 | 0 | 0 | 0 | 0 | 0 | 0 |
[gate.manifest] | `dbt` | 0 | 0 | 0 | 0 | 0 | 0 | 0 | 0 | 0 |
[gate.manifest] | `kvm` | 0 | 0 | 0 | 0 | 0 | 0 | 0 | 0 | 0 |
[gate.manifest] | `sabre` | 0 | 0 | 0 | 0 | 0 | 0 | 0 | 0 | 0 |
[gate.manifest] | `liteinst` | 0 | 0 | 0 | 0 | 0 | 0 | 0 | 0 | 0 |
[gate.manifest] | `native` | 1 | 0 | 0 | 0 | 0 | 0 | 0 | 0 | 1 |
[gate.manifest] | **Total** | **1** | **0** | **0** | **0** | **0** | **0** | **0** | **0** | **1** |
[gate.manifest] 
[gate.manifest] Crash/error combines remaining nonzero harness exits. It includes signal-caused crashes when the shell reports a nonzero status; this runner does not yet distinguish the signal.
[gate.manifest] 
[gate.manifest] Repeated result: 1/1 terminally passed; 1/1 passed cleanly; passed every repetition.
[gate.manifest] Sample classification for `portable/data-handling/data-handling/jq-json-transform/naked@native`: incomplete; 1/1 qualifying first attempts.
[gate.manifest] Summary: /home/newton/work/dev-hermit/worktrees/slots/dev-hermit-gdb-vfile-pin-20260916/ignored/gdb-vfile-pin-20260916/official-cli-1/runtime-tmp/hermit-pressure-self-test-604665-1789601862994760551/summarize-retry/summary.json
[gate.manifest] # Repeated red-cell results
[gate.manifest] 
[gate.manifest] Final-result denominator: one framework-selected result per selected cell repetition; `attempted` counts every attributable harness attempt.
[gate.manifest] 
[gate.manifest] Metric: current pre-basic-sanity manifest contract. Verify uses the legacy stripped comparison unless that cell's verification report says bitwise_parity=true; this is not the Milestone 2 strict-default metric.
[gate.manifest] 
[gate.manifest] | Backend | Pass | Determinism failure | Replay failure | Crash/error | Timeout | OOM | Sandbox denied | Infrastructure error | Total |
[gate.manifest] | --- | ---: | ---: | ---: | ---: | ---: | ---: | ---: | ---: | ---: |
[gate.manifest] | `ptrace` | 0 | 0 | 0 | 0 | 0 | 0 | 0 | 0 | 0 |
[gate.manifest] | `dbt` | 0 | 0 | 0 | 0 | 0 | 0 | 0 | 0 | 0 |
[gate.manifest] | `kvm` | 0 | 0 | 0 | 0 | 0 | 0 | 0 | 0 | 0 |
[gate.manifest] | `sabre` | 0 | 0 | 0 | 0 | 0 | 0 | 0 | 0 | 0 |
[gate.manifest] | `liteinst` | 0 | 0 | 0 | 0 | 0 | 0 | 0 | 0 | 0 |
[gate.manifest] | `native` | 1 | 0 | 0 | 0 | 0 | 0 | 0 | 0 | 1 |
[gate.manifest] | **Total** | **1** | **0** | **0** | **0** | **0** | **0** | **0** | **0** | **1** |
[gate.manifest] 
[gate.manifest] Crash/error combines remaining nonzero harness exits. It includes signal-caused crashes when the shell reports a nonzero status; this runner does not yet distinguish the signal.
[gate.manifest] 
[gate.manifest] Repeated result: 1/1 terminally passed; 1/1 passed cleanly; passed every repetition.
[gate.manifest] Sample classification for `portable/data-handling/data-handling/jq-json-transform/naked@native`: incomplete; 0/1 qualifying first attempts.
[gate.manifest] Summary: /home/newton/work/dev-hermit/worktrees/slots/dev-hermit-gdb-vfile-pin-20260916/ignored/gdb-vfile-pin-20260916/official-cli-1/runtime-tmp/hermit-pressure-self-test-604665-1789601862994760551/summarize-retry/summary.json
[gate.manifest] # Repeated red-cell results
[gate.manifest] 
[gate.manifest] Final-result denominator: one framework-selected result per selected cell repetition; `attempted` counts every attributable harness attempt.
[gate.manifest] 
[gate.manifest] Metric: current pre-basic-sanity manifest contract. Verify uses the legacy stripped comparison unless that cell's verification report says bitwise_parity=true; this is not the Milestone 2 strict-default metric.
[gate.manifest] 
[gate.manifest] | Backend | Pass | Determinism failure | Replay failure | Crash/error | Timeout | OOM | Sandbox denied | Infrastructure error | Total |
[gate.manifest] | --- | ---: | ---: | ---: | ---: | ---: | ---: | ---: | ---: | ---: |
[gate.manifest] | `ptrace` | 0 | 0 | 0 | 0 | 0 | 0 | 0 | 0 | 0 |
[gate.manifest] | `dbt` | 0 | 0 | 0 | 0 | 0 | 0 | 0 | 0 | 0 |
[gate.manifest] | `kvm` | 0 | 0 | 0 | 0 | 0 | 0 | 0 | 0 | 0 |
[gate.manifest] | `sabre` | 0 | 0 | 0 | 0 | 0 | 0 | 0 | 0 | 0 |
[gate.manifest] | `liteinst` | 0 | 0 | 0 | 0 | 0 | 0 | 0 | 0 | 0 |
[gate.manifest] | `native` | 1 | 0 | 0 | 0 | 0 | 0 | 0 | 0 | 1 |
[gate.manifest] | **Total** | **1** | **0** | **0** | **0** | **0** | **0** | **0** | **0** | **1** |
[gate.manifest] 
[gate.manifest] Crash/error combines remaining nonzero harness exits. It includes signal-caused crashes when the shell reports a nonzero status; this runner does not yet distinguish the signal.
[gate.manifest] 
[gate.manifest] Repeated result: 1/1 terminally passed; 1/1 passed cleanly; passed every repetition.
[gate.manifest] Sample classification for `portable/data-handling/data-handling/jq-json-transform/naked@native`: incomplete; 0/1 qualifying first attempts.
[gate.manifest] Summary: /home/newton/work/dev-hermit/worktrees/slots/dev-hermit-gdb-vfile-pin-20260916/ignored/gdb-vfile-pin-20260916/official-cli-1/runtime-tmp/hermit-pressure-self-test-604665-1789601862994760551/summarize-retry/summary.json
[gate.manifest] # Repeated red-cell results
[gate.manifest] 
[gate.manifest] Final-result denominator: one framework-selected result per selected cell repetition; `attempted` counts every attributable harness attempt.
[gate.manifest] 
[gate.manifest] Metric: current pre-basic-sanity manifest contract. Verify uses the legacy stripped comparison unless that cell's verification report says bitwise_parity=true; this is not the Milestone 2 strict-default metric.
[gate.manifest] 
[gate.manifest] | Backend | Pass | Determinism failure | Replay failure | Crash/error | Timeout | OOM | Sandbox denied | Infrastructure error | Total |
[gate.manifest] | --- | ---: | ---: | ---: | ---: | ---: | ---: | ---: | ---: | ---: |
[gate.manifest] | `ptrace` | 0 | 0 | 0 | 0 | 0 | 0 | 0 | 0 | 0 |
[gate.manifest] | `dbt` | 0 | 0 | 0 | 0 | 0 | 0 | 0 | 0 | 0 |
[gate.manifest] | `kvm` | 0 | 0 | 0 | 0 | 0 | 0 | 0 | 0 | 0 |
[gate.manifest] | `sabre` | 0 | 0 | 0 | 0 | 0 | 0 | 0 | 0 | 0 |
[gate.manifest] | `liteinst` | 0 | 0 | 0 | 0 | 0 | 0 | 0 | 0 | 0 |
[gate.manifest] | `native` | 0 | 0 | 0 | 0 | 0 | 0 | 0 | 1 | 1 |
[gate.manifest] | **Total** | **0** | **0** | **0** | **0** | **0** | **0** | **0** | **1** | **1** |
[gate.manifest] 
[gate.manifest] Crash/error combines remaining nonzero harness exits. It includes signal-caused crashes when the shell reports a nonzero status; this runner does not yet distinguish the signal.
[gate.manifest] 
[gate.manifest] Repeated result: 0/1 terminally passed; 0/1 passed cleanly; incomplete because 1 check(s) have no trustworthy result.
[gate.manifest] Sample classification for `portable/data-handling/data-handling/jq-json-transform/naked@native`: incomplete; 0/1 qualifying first attempts.
[gate.manifest] Summary: /home/newton/work/dev-hermit/worktrees/slots/dev-hermit-gdb-vfile-pin-20260916/ignored/gdb-vfile-pin-20260916/official-cli-1/runtime-tmp/hermit-pressure-self-test-604665-1789601862994760551/summarize-prerequisite/summary.json
[gate.manifest] # Repeated red-cell results
[gate.manifest] 
[gate.manifest] Final-result denominator: one framework-selected result per selected cell repetition; `attempted` counts every attributable harness attempt.
[gate.manifest] 
[gate.manifest] Metric: current pre-basic-sanity manifest contract. Verify uses the legacy stripped comparison unless that cell's verification report says bitwise_parity=true; this is not the Milestone 2 strict-default metric.
[gate.manifest] 
[gate.manifest] | Backend | Pass | Determinism failure | Replay failure | Crash/error | Timeout | OOM | Sandbox denied | Infrastructure error | Total |
[gate.manifest] | --- | ---: | ---: | ---: | ---: | ---: | ---: | ---: | ---: | ---: |
[gate.manifest] | `ptrace` | 0 | 0 | 0 | 0 | 0 | 0 | 0 | 0 | 0 |
[gate.manifest] | `dbt` | 0 | 0 | 0 | 0 | 0 | 0 | 0 | 0 | 0 |
[gate.manifest] | `kvm` | 0 | 0 | 0 | 0 | 0 | 0 | 0 | 0 | 0 |
[gate.manifest] | `sabre` | 0 | 0 | 0 | 0 | 0 | 0 | 0 | 0 | 0 |
[gate.manifest] | `liteinst` | 0 | 0 | 0 | 0 | 0 | 0 | 0 | 0 | 0 |
[gate.manifest] | `native` | 0 | 0 | 0 | 0 | 0 | 0 | 0 | 1 | 1 |
[gate.manifest] | **Total** | **0** | **0** | **0** | **0** | **0** | **0** | **0** | **1** | **1** |
[gate.manifest] 
[gate.manifest] Crash/error combines remaining nonzero harness exits. It includes signal-caused crashes when the shell reports a nonzero status; this runner does not yet distinguish the signal.
[gate.manifest] 
[gate.manifest] Repeated result: 0/1 terminally passed; 0/1 passed cleanly; incomplete because 1 check(s) have no trustworthy result.
[gate.manifest] Sample classification for `portable/data-handling/data-handling/jq-json-transform/naked@native`: incomplete; 0/1 qualifying first attempts.
[gate.manifest] Summary: /home/newton/work/dev-hermit/worktrees/slots/dev-hermit-gdb-vfile-pin-20260916/ignored/gdb-vfile-pin-20260916/official-cli-1/runtime-tmp/hermit-pressure-self-test-604665-1789601862994760551/summarize-empty-timeout/summary.json
[gate.manifest] # Repeated red-cell results
[gate.manifest] 
[gate.manifest] Final-result denominator: one framework-selected result per selected cell repetition; `attempted` counts every attributable harness attempt.
[gate.manifest] 
[gate.manifest] Metric: current pre-basic-sanity manifest contract. Verify uses the legacy stripped comparison unless that cell's verification report says bitwise_parity=true; this is not the Milestone 2 strict-default metric.
[gate.manifest] 
[gate.manifest] | Backend | Pass | Determinism failure | Replay failure | Crash/error | Timeout | OOM | Sandbox denied | Infrastructure error | Total |
[gate.manifest] | --- | ---: | ---: | ---: | ---: | ---: | ---: | ---: | ---: | ---: |
[gate.manifest] | `ptrace` | 0 | 0 | 0 | 0 | 0 | 0 | 0 | 0 | 0 |
[gate.manifest] | `dbt` | 0 | 0 | 0 | 0 | 0 | 0 | 0 | 0 | 0 |
[gate.manifest] | `kvm` | 0 | 0 | 0 | 0 | 0 | 0 | 0 | 0 | 0 |
[gate.manifest] | `sabre` | 0 | 0 | 0 | 0 | 0 | 0 | 0 | 0 | 0 |
[gate.manifest] | `liteinst` | 0 | 0 | 0 | 0 | 0 | 0 | 0 | 0 | 0 |
[gate.manifest] | `native` | 0 | 0 | 0 | 0 | 0 | 0 | 0 | 1 | 1 |
[gate.manifest] | **Total** | **0** | **0** | **0** | **0** | **0** | **0** | **0** | **1** | **1** |
[gate.manifest] 
[gate.manifest] Crash/error combines remaining nonzero harness exits. It includes signal-caused crashes when the shell reports a nonzero status; this runner does not yet distinguish the signal.
[gate.manifest] 
[gate.manifest] Repeated result: 0/1 terminally passed; 0/1 passed cleanly; incomplete because 1 check(s) have no trustworthy result.
[gate.manifest] Sample classification for `portable/data-handling/data-handling/jq-json-transform/naked@native`: incomplete; 0/1 qualifying first attempts.
[gate.manifest] Summary: /home/newton/work/dev-hermit/worktrees/slots/dev-hermit-gdb-vfile-pin-20260916/ignored/gdb-vfile-pin-20260916/official-cli-1/runtime-tmp/hermit-pressure-self-test-604665-1789601862994760551/summarize-empty-oom/summary.json
[gate.manifest] compatibility pressure-test self-test: no-hardlinks exact checkout, scorecard/manifest refusal, direct scheduler, multi-failure continuation, red/green and cells-file selection, exact and batch repetitions, retry/attempt/JSON accounting, minimum shared build/preparation, sampling, timeout/OOM classification, generated-DAG mutation, cleanup, retained-runner/result identity, verify-log, and normalized-golden brackets pass
[gate.manifest]   runner log isolation: pass and exit 23 retained; outer bytes unchanged
[gate.manifest]   inner freshness skip: new option accepted, old option refused, and help names only the two inner checks
[gate.manifest] [pre.submodules] ▶ START  inert committed preflight
[gate.manifest] [compatprep.fixtures] ▶ START  Functional compatibility fixtures for direct outer-DAG probes
[gate.manifest] [compatprep.fixtures] ✓ PASS   Functional compatibility fixtures for direct outer-DAG probes (1s)
[gate.manifest] [pre.submodules] ✓ PASS   inert committed preflight (1s)
[gate.manifest] [pre.reverie_pin] ▶ START  inert committed preflight
[gate.manifest] [pre.reverie_pin] ✓ PASS   inert committed preflight (0s)
[gate.manifest] [build.rust_scripts] ▶ START  inert committed preflight
[gate.manifest] [build.rust_scripts] ✓ PASS   inert committed preflight (0s)
[gate.manifest] [setup.manifest_plan] ▶ START  inert committed preflight
[gate.manifest] [setup.manifest_plan] ✓ PASS   inert committed preflight (0s)
[gate.manifest] [gate.manifest] ▶ START  inert committed preflight
[gate.manifest] [gate.manifest] ✓ PASS   inert committed preflight (0s)
[gate.manifest] [test.hermit_modes] ▶ START  Portable Hermit mode cases (skips default_ and chaos_buck_)
[gate.manifest] [compat.echo] ▶ START  legacy below-L2 stripped verify compatibility: echo
[gate.manifest] [compat.true] ▶ START  legacy below-L2 stripped verify compatibility: true
[gate.manifest] [compat.true] ✓ PASS   legacy below-L2 stripped verify compatibility: true (1s)
[gate.manifest] [compat.echo] ✓ PASS   legacy below-L2 stripped verify compatibility: echo (1s)
[gate.manifest] [test.hermit_modes] ✓ PASS   Portable Hermit mode cases (skips default_ and chaos_buck_) (1s)
[gate.manifest]   portable strict compatibility: 189 direct outer nodes without hermit_guest exclusion, run-unique fixture/shell/top paths, one scheduler execution
[gate.manifest]   raw run-dag: public launcher passed the 1598-node committed superset plus exact hosted portable/privileged labels; non-selection controls forwarded; alternate DAG and label overrides refused before runner invocation; no nested scheduler command
[gate.manifest]   raw run-dag engine: default Rust executed the structured committed fixture; explicit Python refused before its marker could execute
[gate.manifest]   shard coverage: old 60s/512 MiB bounds refused; 600s/1 GiB hard bounds retain the 64 MiB warm estimate
[gate.manifest]   FAIL listed_fails known fail-closed under --portable-strict (planted: refused by fail-closed --strict); STILL BLOCKING -- this mode does not exempt listed rows
[gate.manifest]   WARN listed_passes passed but is listed as known fail-closed under --portable-strict (planted: expected to be refused); the EXPECTATION is STALE -- drop it from the known-failure table
[gate.manifest]   WARN bounded_diag is a bounded portable diagnostic: planted: bounded portable diagnostic
[gate.manifest] 
[gate.manifest] COMPATIBILITY SUMMARY (5 measured programs, mode legacy below-L2 stripped verify)
[gate.manifest] Category               | Programs |   passing
[gate.manifest] ----------------------------------------------
[gate.manifest] other                  |        5 |       2/5
[gate.manifest] ----------------------------------------------
[gate.manifest] TOTAL                  |        5 |       2/5
[gate.manifest] P/M means passing/measured; failures are M-P. Unmeasured rows are excluded from M.
[gate.manifest]   FAIL listed_fails known fail-closed under --portable-strict (planted: refused by fail-closed --strict); STILL BLOCKING -- this mode does not exempt listed rows
[gate.manifest]   WARN listed_passes passed but is listed as known fail-closed under --portable-strict (planted: expected to be refused); the EXPECTATION is STALE -- drop it from the known-failure table
[gate.manifest]   WARN bounded_diag is a bounded portable diagnostic: planted: bounded portable diagnostic
[gate.manifest]   NO_RESULT unknown_execution produced no product result; excluded from the measured denominator
[gate.manifest]   NO_RESULT aborted_execution produced no product result; excluded from the measured denominator
[gate.manifest] 
[gate.manifest] COMPATIBILITY SUMMARY (5 measured programs, mode legacy below-L2 stripped verify)
[gate.manifest] Category               | Programs |   passing
[gate.manifest] ----------------------------------------------
[gate.manifest] other                  |        5 |       2/5
[gate.manifest] ----------------------------------------------
[gate.manifest] TOTAL                  |        5 |       2/5
[gate.manifest] P/M means passing/measured; failures are M-P. Unmeasured rows are excluded from M.
[gate.manifest]   WARN listed_fails known fail-closed under --strict (planted: refused by fail-closed --strict; nonblocking)
[gate.manifest]   WARN listed_passes passed but is listed as known fail-closed under --strict (planted: expected to be refused); the EXPECTATION is STALE -- drop it from the known-failure table
[gate.manifest] 
[gate.manifest] COMPATIBILITY SUMMARY (5 measured programs, mode legacy below-L2 stripped verify)
[gate.manifest] Category               | Programs |   passing
[gate.manifest] ----------------------------------------------
[gate.manifest] other                  |        5 |       2/5
[gate.manifest] ----------------------------------------------
[gate.manifest] TOTAL                  |        5 |       2/5
[gate.manifest] P/M means passing/measured; failures are M-P. Unmeasured rows are excluded from M.
[gate.manifest]   corpora: strict=193 sabre=212 rr=174 (filtered to 139) e9patch=172
[gate.manifest] [fixture.intentional_skip] SKIPPED reason=empty-manifest-bucket
[gate.manifest] [fixture.pass] ▶ START  validate scheduler accounting fixture
[gate.manifest] [fixture.pass] ✓ PASS   validate scheduler accounting fixture (0s)
[gate.manifest] [fixture.fail] ▶ START  validate scheduler accounting fixture
[gate.manifest] 
[gate.manifest] DAGRUN STEP ERROR [fixture.fail]
[gate.manifest] [fixture.fail] ✗ FAIL   validate scheduler accounting fixture (0s, exit 1)
[gate.manifest] [fixture.fail] ----- detail -----
[gate.manifest] [fixture.fail] ----- end detail -----
[gate.manifest] [fixture.fail] ▶ START  validate scheduler accounting fixture
[gate.manifest] 
[gate.manifest] DAGRUN STEP ERROR [fixture.fail]
[gate.manifest] [fixture.fail] ✗ FAIL   validate scheduler accounting fixture (0s, exit 1)
[gate.manifest] [fixture.fail] ----- detail -----
[gate.manifest] [fixture.fail] ----- end detail -----
[gate.manifest] [fixture.pending_a] ▶ START  validate scheduler accounting fixture
[gate.manifest] [fixture.pending_a] ✓ PASS   validate scheduler accounting fixture (0s)
[gate.manifest] [fixture.pending_b] ▶ START  validate scheduler accounting fixture
[gate.manifest] [fixture.pending_b] ✓ PASS   validate scheduler accounting fixture (0s)
[gate.manifest] [fixture.dependency_failure] ▶ START  validate scheduler accounting fixture
[gate.manifest] 
[gate.manifest] DAGRUN STEP ERROR [fixture.dependency_failure]
[gate.manifest] [fixture.dependency_failure] ✗ FAIL   validate scheduler accounting fixture (0s, exit 1)
[gate.manifest] [fixture.dependency_failure] ----- detail -----
[gate.manifest] [fixture.dependency_failure] ----- end detail -----
[gate.manifest] [fixture.abort_failure] ▶ START  validate scheduler accounting fixture
[gate.manifest] [fixture.aborted_peer] ▶ START  validate scheduler accounting fixture
[gate.manifest] 
[gate.manifest] DAGRUN STEP ERROR [fixture.abort_failure]
[gate.manifest] [fixture.abort_failure] ✗ FAIL   validate scheduler accounting fixture (0s, exit 1)
[gate.manifest] [fixture.abort_failure] ----- detail -----
[gate.manifest] [fixture.abort_failure] ----- end detail -----
[gate.manifest] [fixture.aborted_peer] ⊘ ABORT  validate scheduler accounting fixture (1s — eager-exit after another step failed; --keep-going would continue independent work)
[gate.manifest] [fixture.family_failure] ▶ START  validate scheduler accounting fixture
[gate.manifest] [fixture.family_peer] ▶ START  validate scheduler accounting fixture
[gate.manifest] [fixture.independent_family] ▶ START  validate scheduler accounting fixture
[gate.manifest] 
[gate.manifest] DAGRUN STEP ERROR [fixture.family_failure]
[gate.manifest] [fixture.family_failure] ✗ FAIL   validate scheduler accounting fixture (0s, exit 1)
[gate.manifest] [fixture.family_failure] ----- detail -----
[gate.manifest] [fixture.family_failure] ----- end detail -----
[gate.manifest] [fixture.independent_family] ✓ PASS   validate scheduler accounting fixture (1s)
[gate.manifest] [fixture.family_peer] ⊘ ABORT  validate scheduler accounting fixture (1s — eager-exit after another step failed; --keep-going would continue independent work)
[gate.manifest] [fixture.intentional_skip] SKIPPED reason=empty-manifest-bucket
[gate.manifest] [fixture.allowed_failure] ▶ START  validate scheduler accounting fixture
[gate.manifest] 
[gate.manifest] DAGRUN STEP ERROR [fixture.allowed_failure]
[gate.manifest] [fixture.allowed_failure] ✗ FAIL   validate scheduler accounting fixture (0s, exit 1)
[gate.manifest] [fixture.allowed_failure] ----- detail -----
[gate.manifest] [fixture.allowed_failure] ----- end detail -----
[gate.manifest] [fixture.environmental] ▶ START  validate scheduler accounting fixture
[gate.manifest] 
[gate.manifest] DAGRUN STEP ERROR [fixture.environmental]
[gate.manifest] [fixture.environmental] ✗ FAIL   validate scheduler accounting fixture (0s, exit 1)
[gate.manifest] [fixture.environmental] ----- detail -----
[gate.manifest] [fixture.environmental] ----- end detail -----
[gate.manifest] [fixture.prerequisite] ▶ START  validate scheduler accounting fixture
[gate.manifest] [fixture.prerequisite] ✓ PASS   validate scheduler accounting fixture (0s)
[gate.manifest] [fixture.dependent] ▶ START  validate scheduler accounting fixture
[gate.manifest] [fixture.dependent] ✓ PASS   validate scheduler accounting fixture (0s)
[gate.manifest] 🧱 fixture.environmental: observed environmental signature bpfjailer-banner on attempt 1; terminal hypothesis UNCONFIRMED; aggregate result is reported separately in the node table.
[gate.manifest] [e2e.manifest_attempt] ▶ START  validate scheduler accounting fixture
[gate.manifest] 
[gate.manifest] DAGRUN STEP ERROR [e2e.manifest_attempt]
[gate.manifest] [e2e.manifest_attempt] ✗ FAIL   validate scheduler accounting fixture (0s, exit 1)
[gate.manifest] [e2e.manifest_attempt] ----- detail -----
[gate.manifest] [e2e.manifest_attempt] ----- end detail -----
[gate.manifest] [fixture.ordinary_structured] ▶ START  validate scheduler accounting fixture
[gate.manifest] 
[gate.manifest] DAGRUN STEP ERROR [fixture.ordinary_structured]
[gate.manifest] [fixture.ordinary_structured] ✗ FAIL   validate scheduler accounting fixture (0s, exit 1)
[gate.manifest] [fixture.ordinary_structured] ----- detail -----
[gate.manifest] [fixture.ordinary_structured] ----- end detail -----
[gate.manifest] 
[gate.manifest] == Super stress pass rates ==
[gate.manifest] Repetitions: 2; scheduler width: 1; online CPUs: 1
[gate.manifest]   ✅ ptrace-strict-verify     2/2 (100%)
[gate.manifest]   ✅ ptrace-pipeline          2/2 (100%)
[gate.manifest]   ✅ ptrace-record-replay     2/2 (100%)
[gate.manifest]   ✅ kvm-verify               2/2 (100%)
[gate.manifest]   ✅ dbt-verify               2/2 (100%)
[gate.manifest] 
[gate.manifest] == Super stress pass rates ==
[gate.manifest] Repetitions: 2; scheduler width: 1; online CPUs: 1
[gate.manifest]   ⚠️  ptrace-strict-verify     1/2 (50%) FLAKY/FAILING
[gate.manifest]   ✅ ptrace-pipeline          2/2 (100%)
[gate.manifest]   ✅ ptrace-record-replay     2/2 (100%)
[gate.manifest]   ✅ kvm-verify               2/2 (100%)
[gate.manifest]   ✅ dbt-verify               2/2 (100%)
[gate.manifest] 
[gate.manifest] == Super stress pass rates ==
[gate.manifest] Repetitions: 2; scheduler width: 1; online CPUs: 1
[gate.manifest]   ✅ ptrace-strict-verify     2/2 (100%)
[gate.manifest]   ✅ ptrace-pipeline          2/2 (100%)
[gate.manifest]   ✅ ptrace-record-replay     2/2 (100%)
[gate.manifest]   ⚠️  kvm-verify               1/2 (50%) FLAKY/FAILING — NONBLOCKING: this row was dead code in validate.sh (`backend_selector_supported` is undefined, so the guard was always false) and has never been measured; reporting it, not ratcheting it.
[gate.manifest]   ✅ dbt-verify               2/2 (100%)
[gate.manifest] 
[gate.manifest] == Envelope monotonicity vs /home/newton/work/dev-hermit/worktrees/slots/dev-hermit-gdb-vfile-pin-20260916/ignored/gdb-vfile-pin-20260916/official-cli-1/runtime-tmp/validate-envelope-selftest-775539/equal.json ==
[gate.manifest]   ✅ l1_pass  3 >= baseline 3
[gate.manifest]   ✅ l2_pass  3 >= baseline 3
[gate.manifest]   ✅ l3_pass  3 >= baseline 3
[gate.manifest]   ✅ l4_pass  3 >= baseline 3
[gate.manifest]   ✅ rr_pass  3 >= baseline 3
[gate.manifest]   ✅ total    3 >= baseline 3
[gate.manifest] 
[gate.manifest] == Envelope monotonicity vs /home/newton/work/dev-hermit/worktrees/slots/dev-hermit-gdb-vfile-pin-20260916/ignored/gdb-vfile-pin-20260916/official-cli-1/runtime-tmp/validate-envelope-selftest-775539/higher.json ==
[gate.manifest]   ❌ REGRESSION l1_pass  3 < baseline 99
[gate.manifest]   ✅ l2_pass  3 >= baseline 0
[gate.manifest]   ✅ l3_pass  3 >= baseline 0
[gate.manifest]   ✅ l4_pass  3 >= baseline 0
[gate.manifest]   ✅ rr_pass  3 >= baseline 0
[gate.manifest]   ✅ total    3 >= baseline 0
[gate.manifest] 
[gate.manifest] == Super stress pass rates ==
[gate.manifest] Repetitions: 2; scheduler width: 1; online CPUs: 1
[gate.manifest]   NO_RESULT ptrace-strict-verify     1/1 product result(s) passed (100%); 1 of 2 selected repetition(s) did not produce a product result
[gate.manifest]   NO_RESULT ptrace-pipeline          1/1 product result(s) passed (100%); 1 of 2 selected repetition(s) did not produce a product result
[gate.manifest]   NO_RESULT ptrace-record-replay     1/1 product result(s) passed (100%); 1 of 2 selected repetition(s) did not produce a product result
[gate.manifest]   NO_RESULT kvm-verify               1/1 product result(s) passed (100%); 1 of 2 selected repetition(s) did not produce a product result
[gate.manifest]   NO_RESULT dbt-verify               1/1 product result(s) passed (100%); 1 of 2 selected repetition(s) did not produce a product result
[gate.manifest] 
[gate.manifest] == Super stress pass rates ==
[gate.manifest] Repetitions: 2; scheduler width: 1; online CPUs: 1
[gate.manifest]   NO_RESULT ptrace-strict-verify     0/2 selected repetition(s) produced a product result
[gate.manifest]   NO_RESULT ptrace-pipeline          0/2 selected repetition(s) produced a product result
[gate.manifest]   NO_RESULT ptrace-record-replay     0/2 selected repetition(s) produced a product result
[gate.manifest]   NO_RESULT kvm-verify               0/2 selected repetition(s) produced a product result
[gate.manifest]   NO_RESULT dbt-verify               0/2 selected repetition(s) produced a product result
[gate.manifest] 
[gate.manifest] == Super stress pass rates ==
[gate.manifest] Repetitions: 1; scheduler width: 1; online CPUs: 1
[gate.manifest]   ✅ ptrace-strict-verify     1/1 (100%)
[gate.manifest]   ✅ ptrace-pipeline          1/1 (100%)
[gate.manifest]   ✅ ptrace-record-replay     1/1 (100%)
[gate.manifest]   ✅ kvm-verify               1/1 (100%)
[gate.manifest]   ✅ dbt-verify               1/1 (100%)
[gate.manifest] 
[gate.manifest] == Super stress pass rates ==
[gate.manifest] Repetitions: 2; scheduler width: 1; online CPUs: 1
[gate.manifest]   NO_RESULT ptrace-strict-verify     0/2 selected repetition(s) produced a product result
[gate.manifest]   NO_RESULT ptrace-pipeline          0/2 selected repetition(s) produced a product result
[gate.manifest]   NO_RESULT ptrace-record-replay     0/2 selected repetition(s) produced a product result
[gate.manifest]   ⚠️  kvm-verify               0/1 product result(s) passed (0%); 1 of 2 selected repetition(s) did not produce a product result — NONBLOCKING: this row was dead code in validate.sh (`backend_selector_supported` is undefined, so the guard was always false) and has never been measured; reporting it, not ratcheting it.
[gate.manifest]   ⚠️  dbt-verify               0/1 product result(s) passed (0%); 1 of 2 selected repetition(s) did not produce a product result — NONBLOCKING: this row was dead code in validate.sh (`backend_selector_supported` is undefined, so the guard was always false) and has never been measured; reporting it, not ratcheting it.
[gate.manifest] 
[gate.manifest] == Super stress pass rates ==
[gate.manifest] Repetitions: 2; scheduler width: 1; online CPUs: 1
[gate.manifest]   ⚠️  ptrace-strict-verify     0/1 product result(s) passed (0%); 1 of 2 selected repetition(s) did not produce a product result
[gate.manifest]   NO_RESULT ptrace-pipeline          1/1 product result(s) passed (100%); 1 of 2 selected repetition(s) did not produce a product result
[gate.manifest]   NO_RESULT ptrace-record-replay     1/1 product result(s) passed (100%); 1 of 2 selected repetition(s) did not produce a product result
[gate.manifest]   NO_RESULT kvm-verify               1/1 product result(s) passed (100%); 1 of 2 selected repetition(s) did not produce a product result
[gate.manifest]   NO_RESULT dbt-verify               1/1 product result(s) passed (100%); 1 of 2 selected repetition(s) did not produce a product result
[gate.manifest]   safe-ci scope: containment, promised-scope ancestor, outer memory/swap/OOM-group, optional RuntimeMax, and per-step cgroups bracketed
[gate.manifest]   safe-ci scope: real outer -> step child -> nested boxed step passed
[gate.manifest]   retry bounds: 46 nextest node(s) keep test events live; outer DAG nodes run once; default nextest cap including grace=59s and largest nextest cap including grace=59s leave at least 61s in every enclosing nextest node; 29 manifest node(s) fit both cell attempts with their production prebuilt/non-prebuilt preparation and execution windows at CPU 1x/wall 1x and representative CPU 1.25x/wall 1.5x, leaving at least 344s at the configured multipliers; invalid, inverted, and oversized policies are refused
[gate.manifest]   scheduler accounting: complete and allowed-failure plans accepted; fail-fast, skipped, aborted, one-shot outer execution, inner manifest retry identity, and terminal failure/incompleteness summary bracketed
[gate.manifest]   budget reason: 10 producer-rendered reason(s) classified; retry-eligible = ["wall budget", "cpu budget"];          the SIGSEGV arm contains the word "timeout" and is correctly NOT eligible; all eight independent OOM/CPU/wall combinations retain their typed attribution through poisoned presentation text
[gate.manifest]   summary listing: count and enumeration agree across 10 cases (the 9-failure shape named in full, the cap states its remainder, a budget kill is counted and named without being folded into the failure count, and the two refusal sites' shared cap is whole at the cap, declares +1 and +7 above it, and is silent when empty)
[gate.manifest]   super source: 32 rows, 3 synthetic expansions, 26 nextest rows, 4 malformed tables refused; stress verdict bracketed
[gate.manifest]   envelope: 15 nodes (3 probes x 5 levels) all capped, l4->l2 edges present, scoring bracketed 1 full / 1 skip-zero, comparison bracketed 1 accept / 2 refuse
[gate.manifest]   history: cache bracketed 4 accept / 20 refuse (incl. both cross-producer counter traps), estimate bracketed thin/median/no-ledger/fail-poison, selective baseline bracketed slot-preference/explicit/missing-commit
[gate.manifest]   receipt: eligibility bracketed 1 accept / 11 refuse (no label was touched; the predicate is pure)
[gate.manifest]   runtime: one retry per cell; environmental classifier bracketed 16 accept / 18 refuse (incl. the proxy/VCS classes and the 5 measured build-tool phrasings, one of them spanning a cargo Caused-by block), node-detail extraction 1 hit / 2 miss (incl. partial), retry verdict 1 confirmed / 1 refuted / 1 unconfirmed with all 3 refuted shapes, CPU-vs-wall hints 2 fire / 2 silent, nesting 1 ancestor-accept / 3 refuse, invocation lock 2 accept (incl. the sequential re-claim) / 11 concurrent-refuse / 1 safety-refuse, registry registration 1 success / 1 lock-refuse / 1 write-refuse / 1 create-before-flock race-refuse, census 1 live / 1 stale-reaped / 1 cpu-active
[gate.manifest]   classification: exact selected populations; stale/raw fold agreement; failed tests and node limits outrank infrastructure; missing super repetitions remain unmeasured
[gate.manifest]   rust-script build: one producer follows checkout verification and precedes graph consumers; prepared binaries are read-only and duplicate producers refuse
[gate.manifest]   envelope CLI: 3 accepted form(s), 4 refused misuse(s) (the refusal messages above are expected)
[gate.manifest]   super plan: 146 boxed node(s), all capped; caps audit bracketed 1 accept / 1 refusal
[gate.manifest]   verdict refusals: 3 positive(s) fire (0-measured+spine, 0-executed, spine-with-full-matrix), 2 negative(s) inert (complete run, unknown counts); refusal -> exit 75/COULD_NOT_RUN, product failure -> exit 1/FAILED, clean -> exit 0/PASSED
[gate.manifest]   pin gate: receipt-producing pass requires the observed gate; off-the-record selected pass does not claim a receipt
[gate.manifest]   scorecard write-back: receipt-producing top-level run only; nested and off-the-record runs inert
[gate.manifest] HOST-INAPPLICABLE: dropped result-consumer dependency edge full-scorecard.compatibility -> privileged-e2e.manifest_backend_parity_c — the consumer still RUNS and judges the incomplete result set itself; it is not skipped.
[gate.manifest] HOST-INAPPLICABLE: dropped result-consumer dependency edge privileged-scorecard.compatibility -> privileged-only-e2e.manifest_backend_parity_c — the consumer still RUNS and judges the incomplete result set itself; it is not skipped.
[gate.manifest]   node vacuity: 2 withheld / 7 not-withheld (3 un-withholding, 3 nothing-withheld, 1 empty-bucket), 1 transformed command bound / 15 refused, accounting parser 1 good / 3 malformed, dependents 1 edge-dropped / 1 refusal / 1 inert, actual plan 1 bucket withheld / 1 scorecard edge dropped / 0 other changes
[gate.manifest]   host capability: 1 withheld / 3 not-withheld (capable, undeclared, dependent-refusal), probe conjunction 1 absent / 7 present-on-doubt, vocabulary closed, shipped DAG declares it; this machine's cpuid-faulting probe says PRESENT (arch_prctl(ARCH_SET_CPUID, 0) = 0; /proc/cpuinfo advertises cpuid_fault)
[gate.manifest]   coverage schema: 1/1 real judgement -> schema 5; 4/4 unresolved shapes -> schema 5/null
[gate.manifest]   cell-results schema: current payload -> schema 7; absent payload -> schema 5
[gate.manifest]   rebase freshness: stale admission still refuses; exact-commit evidence is separate from hard-green or soft-green landing authorization
[gate.manifest]   test-node coverage: 2 structured-positive / 1 structured-zero / 3 absent; printed banners alone remain absent
[gate.manifest]   typed libtest counts: exact 873/873/350 pass; retained count-only failure stayed unknown; mixed typed failure aggregated exactly; typed mutation moved 1 -> 2; direct compatibility rows joined the outer denominator without hiding an unknown pass count; compatibility rows carried terminal verdicts and latest attempt ordinals; fail-then-unreported refused; 0/0/0 preserved
[gate.manifest]   ledger gate origin: fallback, terminal attempts, and failure classes stayed typed
[gate.manifest]   requalification plan: exact five-field identity resolved to committed owner e2e.manifest_applications; its dependency closure and declared result population stayed unchanged; graph and source mutations both refused
[gate.manifest] Initialized empty Git repository in /home/newton/work/dev-hermit/worktrees/slots/dev-hermit-gdb-vfile-pin-20260916/ignored/gdb-vfile-pin-20260916/official-cli-1/runtime-tmp/validate-tool-root-775539-1789602030/state-root/.git/
[gate.manifest] [main (root-commit) 9b8b1ef] fixture
[gate.manifest]  4 files changed, 13 insertions(+)
[gate.manifest]  create mode 100644 .gitmodules
[gate.manifest]  create mode 100755 ci-hub/ci-hub
[gate.manifest]  create mode 100644 ci-hub/ledger/validate_rows.py
[gate.manifest]  create mode 100644 ci-hub/validate/finalize_receipt.py
[gate.manifest] HEAD is now at 9b8b1ef fixture
[gate.manifest]   tool-root split: sealed descriptor authority, digest, receipt finalizer, and remediation preserve immutable code/state separation
[gate.manifest]   validate series writer: checkout identity and both appended attempts carried
[gate.manifest]   no-result propagation: 75 stayed distinct; 0 passed; 8 other exits and mixed 75+failure stayed RED
[gate.manifest]   missing-artifact hint: 1 --only candidate / 3 non-qualifying shapes; other profiles silent
[gate.manifest] Selective validation: selected 1 requested portable DAG node(s); committed dependency closure contains 2/261 node(s):
[gate.manifest]   pre.reverie_pin
[gate.manifest] Selective validation: selected 1 requested portable DAG node(s); committed dependency closure contains 13/261 node(s):
[gate.manifest]   e2e.manifest_applications
[gate.manifest] Selective validation: no CI-relevant changes since baseline — nothing beyond committed preflight runs (0/261 lane nodes). The ledger's coverage record will show zero planned test nodes, so this cannot be misread as a full pass.
[gate.manifest]   selective subset: typed ID selection retained pre.reverie_pin and dependency pre.submodules; unknown IDs refused; no-change retained exact preflight; source bytes unchanged
[gate.manifest] Selective validation: privileged public node cpuid.faulting maps to committed node privileged-only-cpuid.faulting
[gate.manifest]   only plan: requested IDs plus committed preflight selected through dagrun; old privileged public IDs map explicitly, unknown portable and privileged IDs refuse, outside dependencies drop, selected edges remain, nested scheduler absent, and source/selected-step bytes are guarded both ways
[gate.manifest]   self-output: 7 own-output shape(s) excused, 8 foreign change(s) still dirty, 0 live entr(y/ies) from the real checkout all correctly classified
[gate.manifest]   checkout attribution: clean disposable + Hermit summary remains anchored; dirty in-place source refuses
[gate.manifest]   product front door: publishing requires authority; clean quick/focused local iteration is off the record; dirty/full local forms and diagnostics bracketed
[gate.manifest]   product front door process: full/focused/nested missing-authority runs refused before validation state
[gate.manifest]   dag-config: portable carries 3 cap(s), default_step_timeout=600s; cleared-caps refusal names 16 starved step(s)
[gate.manifest]   dag-config: privileged carries 3 cap(s), default_step_timeout=600s; cleared-caps refusal names 0 starved step(s)
[gate.manifest] [pre.submodules] ▶ START  manifest producer dependency fixture
[gate.manifest] [setup.manifest_plan] ▶ START  manifest producer dependency fixture
[gate.manifest] [pre.submodules] ✓ PASS   manifest producer dependency fixture (0s)
[gate.manifest] [pre.reverie_pin] ▶ START  manifest producer dependency fixture
[gate.manifest] [setup.manifest_plan] ✓ PASS   manifest producer dependency fixture (0s)
[gate.manifest] [gate.manifest] ▶ START  manifest producer dependency fixture
[gate.manifest] [pre.reverie_pin] ✓ PASS   manifest producer dependency fixture (0s)
[gate.manifest] [gate.manifest] ✓ PASS   manifest producer dependency fixture (0s)
[gate.manifest] [pre.submodules] ▶ START  manifest producer dependency fixture
[gate.manifest] [setup.manifest_plan] ▶ START  manifest producer dependency fixture
[gate.manifest] 
[gate.manifest] DAGRUN STEP ERROR [setup.manifest_plan]
[gate.manifest] [setup.manifest_plan] ✗ FAIL   manifest producer dependency fixture (0s, exit 23)
[gate.manifest] [setup.manifest_plan] ----- detail -----
[gate.manifest] [setup.manifest_plan] ----- end detail -----
[gate.manifest] [pre.submodules] ✓ PASS   manifest producer dependency fixture (0s)
[gate.manifest] [pre.reverie_pin] ▶ START  manifest producer dependency fixture
[gate.manifest] [pre.reverie_pin] ✓ PASS   manifest producer dependency fixture (0s)
[gate.manifest]   manifest producer edge: absent output built before gate; producer failure dependency-skips gate
[gate.manifest]   full plan: 270 committed labelled node(s), 1 manifest-plan producer -> 1 exact-tree manifest audit + 1 pin authority; removed sequential-lanes spelling refused
[gate.manifest]   missing agent-utils stays a bootstrap failure; with agent-utils present, missing rr is a typed pre.submodules failure across scope re-exec
[gate.manifest] 
[gate.manifest] ✅ validate SELF-TEST (exit 0) — profile self-test @ 932f7130ea3c77dcdb2547b6834f46f08bf593f0
[gate.manifest]    force-full policy brackets, shell quoting, corpus counts, super gate table, envelope scoring/comparison, ledger cache, receipt eligibility, and the selective/only subset builders all passed
[gate.manifest]    policy/data brackets are inert; the cgroup bracket runs only inside a bounded disposable scope and neither publishes nor writes the real ledger
[gate.manifest]    nodes: none executed (stopped before the DAG ran)
[gate.manifest]    durable log: (none — stopped before one was opened)
[gate.manifest]    wall 5m01s | CPU 3m25s (user 3m09s, sys 17s) | CPU/wall 0.7x across 1 cores
[gate.manifest] FINAL_VALIDATE_STATUS: PASSED
[gate.manifest] test-harness: completed 7 independent validation audits with up to 2 concurrent workers
[gate.manifest] PASS: 13 YAML manifests, 734 required cells
[gate.manifest] ✓ PASS   Centralized test manifest and inventory (444s)  [PASS: 13 YAML manifests, 734 required cells]
[setup.pinned_root_fetch] ▶ START  Fetch locked Cargo inputs
[setup.pinned_root_fetch] … 30s elapsed, no test events yet
[setup.pinned_root_fetch] validate: base: STALE, 2 behind origin/main — forced past the freshness gate
[setup.pinned_root_fetch] == phase boundary: /home/newton/work/dev-hermit/worktrees/slots/dev-hermit-gdb-vfile-pin-20260916/ignored/hermetic/split
[setup.pinned_root_fetch] == FETCH phase   (host, WITH network): cargo fetch --locked, no build output
[setup.pinned_root_fetch] 
[setup.pinned_root_fetch] :::: FETCH PHASE -- host, network ALLOWED, download only
[setup.pinned_root_fetch] dns github.com: RESOLVED
[setup.pinned_root_fetch] dns crates.io: RESOLVED
[setup.pinned_root_fetch] dns static.crates.io: RESOLVED
[setup.pinned_root_fetch] assert-no-network: route-table: REACHABLE (0 non-loopback route(s), 1 non-loopback interface(s))
[setup.pinned_root_fetch] assert-no-network: dns github.com: RESOLVED
[setup.pinned_root_fetch] assert-no-network: dns crates.io: RESOLVED
[setup.pinned_root_fetch] assert-no-network: dns static.crates.io: RESOLVED
[setup.pinned_root_fetch] assert-no-network: tcp 1.1.1.1:443: refused
[setup.pinned_root_fetch] assert-no-network: tcp 8.8.8.8:53: refused
[setup.pinned_root_fetch] assert-no-network: NEGATIVE CONTROL PASSED -- network is reachable here, so the probe can detect one.
[setup.pinned_root_fetch] warning: profiles for the non root package will be ignored, specify profiles at the workspace root:
[setup.pinned_root_fetch] package:   /home/newton/work/dev-hermit/worktrees/slots/dev-hermit-gdb-vfile-pin-20260916/ignored/gdb-vfile-pin-20260916/official-cli-1/runtime-tmp/hermit-rust-script-packages.SeKF9z3Z/5f829a04c0a8df85/Cargo.toml
[setup.pinned_root_fetch] workspace: /home/newton/work/dev-hermit/worktrees/slots/dev-hermit-gdb-vfile-pin-20260916/ignored/gdb-vfile-pin-20260916/official-cli-1/runtime-tmp/hermit-rust-script-packages.SeKF9z3Z/Cargo.toml
[setup.pinned_root_fetch] warning: profiles for the non root package will be ignored, specify profiles at the workspace root:
[setup.pinned_root_fetch] package:   /home/newton/work/dev-hermit/worktrees/slots/dev-hermit-gdb-vfile-pin-20260916/ignored/gdb-vfile-pin-20260916/official-cli-1/runtime-tmp/hermit-rust-script-packages.SeKF9z3Z/ea43a74c69f612af/Cargo.toml
[setup.pinned_root_fetch] workspace: /home/newton/work/dev-hermit/worktrees/slots/dev-hermit-gdb-vfile-pin-20260916/ignored/gdb-vfile-pin-20260916/official-cli-1/runtime-tmp/hermit-rust-script-packages.SeKF9z3Z/Cargo.toml
[setup.pinned_root_fetch] warning: profiles for the non root package will be ignored, specify profiles at the workspace root:
[setup.pinned_root_fetch] package:   /home/newton/work/dev-hermit/worktrees/slots/dev-hermit-gdb-vfile-pin-20260916/ignored/gdb-vfile-pin-20260916/official-cli-1/runtime-tmp/hermit-rust-script-packages.SeKF9z3Z/914eb5845ec9abe9/Cargo.toml
[setup.pinned_root_fetch] workspace: /home/newton/work/dev-hermit/worktrees/slots/dev-hermit-gdb-vfile-pin-20260916/ignored/gdb-vfile-pin-20260916/official-cli-1/runtime-tmp/hermit-rust-script-packages.SeKF9z3Z/Cargo.toml
[setup.pinned_root_fetch] warning: profiles for the non root package will be ignored, specify profiles at the workspace root:
[setup.pinned_root_fetch] package:   /home/newton/work/dev-hermit/worktrees/slots/dev-hermit-gdb-vfile-pin-20260916/ignored/gdb-vfile-pin-20260916/official-cli-1/runtime-tmp/hermit-rust-script-packages.SeKF9z3Z/59ea0555bb7bb866/Cargo.toml
[setup.pinned_root_fetch] workspace: /home/newton/work/dev-hermit/worktrees/slots/dev-hermit-gdb-vfile-pin-20260916/ignored/gdb-vfile-pin-20260916/official-cli-1/runtime-tmp/hermit-rust-script-packages.SeKF9z3Z/Cargo.toml
[setup.pinned_root_fetch] warning: profiles for the non root package will be ignored, specify profiles at the workspace root:
[setup.pinned_root_fetch] package:   /home/newton/work/dev-hermit/worktrees/slots/dev-hermit-gdb-vfile-pin-20260916/ignored/gdb-vfile-pin-20260916/official-cli-1/runtime-tmp/hermit-rust-script-packages.SeKF9z3Z/2162d8a3b81d996d/Cargo.toml
[setup.pinned_root_fetch] workspace: /home/newton/work/dev-hermit/worktrees/slots/dev-hermit-gdb-vfile-pin-20260916/ignored/gdb-vfile-pin-20260916/official-cli-1/runtime-tmp/hermit-rust-script-packages.SeKF9z3Z/Cargo.toml
[setup.pinned_root_fetch] warning: profiles for the non root package will be ignored, specify profiles at the workspace root:
[setup.pinned_root_fetch] package:   /home/newton/work/dev-hermit/worktrees/slots/dev-hermit-gdb-vfile-pin-20260916/ignored/gdb-vfile-pin-20260916/official-cli-1/runtime-tmp/hermit-rust-script-packages.SeKF9z3Z/74f4de48268e496d/Cargo.toml
[setup.pinned_root_fetch] workspace: /home/newton/work/dev-hermit/worktrees/slots/dev-hermit-gdb-vfile-pin-20260916/ignored/gdb-vfile-pin-20260916/official-cli-1/runtime-tmp/hermit-rust-script-packages.SeKF9z3Z/Cargo.toml
[setup.pinned_root_fetch] warning: profiles for the non root package will be ignored, specify profiles at the workspace root:
[setup.pinned_root_fetch] package:   /home/newton/work/dev-hermit/worktrees/slots/dev-hermit-gdb-vfile-pin-20260916/ignored/gdb-vfile-pin-20260916/official-cli-1/runtime-tmp/hermit-rust-script-packages.SeKF9z3Z/cfee71cd74153651/Cargo.toml
[setup.pinned_root_fetch] workspace: /home/newton/work/dev-hermit/worktrees/slots/dev-hermit-gdb-vfile-pin-20260916/ignored/gdb-vfile-pin-20260916/official-cli-1/runtime-tmp/hermit-rust-script-packages.SeKF9z3Z/Cargo.toml
[setup.pinned_root_fetch] warning: profiles for the non root package will be ignored, specify profiles at the workspace root:
[setup.pinned_root_fetch] package:   /home/newton/work/dev-hermit/worktrees/slots/dev-hermit-gdb-vfile-pin-20260916/ignored/gdb-vfile-pin-20260916/official-cli-1/runtime-tmp/hermit-rust-script-packages.SeKF9z3Z/dbfbd1f3870f1cf4/Cargo.toml
[setup.pinned_root_fetch] workspace: /home/newton/work/dev-hermit/worktrees/slots/dev-hermit-gdb-vfile-pin-20260916/ignored/gdb-vfile-pin-20260916/official-cli-1/runtime-tmp/hermit-rust-script-packages.SeKF9z3Z/Cargo.toml
[setup.pinned_root_fetch] warning: profiles for the non root package will be ignored, specify profiles at the workspace root:
[setup.pinned_root_fetch] package:   /home/newton/work/dev-hermit/worktrees/slots/dev-hermit-gdb-vfile-pin-20260916/ignored/gdb-vfile-pin-20260916/official-cli-1/runtime-tmp/hermit-rust-script-packages.SeKF9z3Z/344d4004465230b9/Cargo.toml
[setup.pinned_root_fetch] workspace: /home/newton/work/dev-hermit/worktrees/slots/dev-hermit-gdb-vfile-pin-20260916/ignored/gdb-vfile-pin-20260916/official-cli-1/runtime-tmp/hermit-rust-script-packages.SeKF9z3Z/Cargo.toml
[setup.pinned_root_fetch] warning: profiles for the non root package will be ignored, specify profiles at the workspace root:
[setup.pinned_root_fetch] package:   /home/newton/work/dev-hermit/worktrees/slots/dev-hermit-gdb-vfile-pin-20260916/ignored/gdb-vfile-pin-20260916/official-cli-1/runtime-tmp/hermit-rust-script-packages.SeKF9z3Z/cd189eff27bcb3f6/Cargo.toml
[setup.pinned_root_fetch] workspace: /home/newton/work/dev-hermit/worktrees/slots/dev-hermit-gdb-vfile-pin-20260916/ignored/gdb-vfile-pin-20260916/official-cli-1/runtime-tmp/hermit-rust-script-packages.SeKF9z3Z/Cargo.toml
[setup.pinned_root_fetch] warning: profiles for the non root package will be ignored, specify profiles at the workspace root:
[setup.pinned_root_fetch] package:   /home/newton/work/dev-hermit/worktrees/slots/dev-hermit-gdb-vfile-pin-20260916/ignored/gdb-vfile-pin-20260916/official-cli-1/runtime-tmp/hermit-rust-script-packages.SeKF9z3Z/91a6f85b46f9a093/Cargo.toml
[setup.pinned_root_fetch] workspace: /home/newton/work/dev-hermit/worktrees/slots/dev-hermit-gdb-vfile-pin-20260916/ignored/gdb-vfile-pin-20260916/official-cli-1/runtime-tmp/hermit-rust-script-packages.SeKF9z3Z/Cargo.toml
[setup.pinned_root_fetch] warning: profiles for the non root package will be ignored, specify profiles at the workspace root:
[setup.pinned_root_fetch] package:   /home/newton/work/dev-hermit/worktrees/slots/dev-hermit-gdb-vfile-pin-20260916/ignored/gdb-vfile-pin-20260916/official-cli-1/runtime-tmp/hermit-rust-script-packages.SeKF9z3Z/a1bd4437bae839b6/Cargo.toml
[setup.pinned_root_fetch] workspace: /home/newton/work/dev-hermit/worktrees/slots/dev-hermit-gdb-vfile-pin-20260916/ignored/gdb-vfile-pin-20260916/official-cli-1/runtime-tmp/hermit-rust-script-packages.SeKF9z3Z/Cargo.toml
[setup.pinned_root_fetch] warning: profiles for the non root package will be ignored, specify profiles at the workspace root:
[setup.pinned_root_fetch] package:   /home/newton/work/dev-hermit/worktrees/slots/dev-hermit-gdb-vfile-pin-20260916/ignored/gdb-vfile-pin-20260916/official-cli-1/runtime-tmp/hermit-rust-script-packages.SeKF9z3Z/6b330abf7c0ddfd4/Cargo.toml
[setup.pinned_root_fetch] workspace: /home/newton/work/dev-hermit/worktrees/slots/dev-hermit-gdb-vfile-pin-20260916/ignored/gdb-vfile-pin-20260916/official-cli-1/runtime-tmp/hermit-rust-script-packages.SeKF9z3Z/Cargo.toml
[setup.pinned_root_fetch] warning: profiles for the non root package will be ignored, specify profiles at the workspace root:
[setup.pinned_root_fetch] package:   /home/newton/work/dev-hermit/worktrees/slots/dev-hermit-gdb-vfile-pin-20260916/ignored/gdb-vfile-pin-20260916/official-cli-1/runtime-tmp/hermit-rust-script-packages.SeKF9z3Z/55ba5f117f6432d6/Cargo.toml
[setup.pinned_root_fetch] workspace: /home/newton/work/dev-hermit/worktrees/slots/dev-hermit-gdb-vfile-pin-20260916/ignored/gdb-vfile-pin-20260916/official-cli-1/runtime-tmp/hermit-rust-script-packages.SeKF9z3Z/Cargo.toml
[setup.pinned_root_fetch] warning: profiles for the non root package will be ignored, specify profiles at the workspace root:
[setup.pinned_root_fetch] package:   /home/newton/work/dev-hermit/worktrees/slots/dev-hermit-gdb-vfile-pin-20260916/ignored/gdb-vfile-pin-20260916/official-cli-1/runtime-tmp/hermit-rust-script-packages.SeKF9z3Z/40aa044d7d34c808/Cargo.toml
[setup.pinned_root_fetch] workspace: /home/newton/work/dev-hermit/worktrees/slots/dev-hermit-gdb-vfile-pin-20260916/ignored/gdb-vfile-pin-20260916/official-cli-1/runtime-tmp/hermit-rust-script-packages.SeKF9z3Z/Cargo.toml
[setup.pinned_root_fetch] warning: profiles for the non root package will be ignored, specify profiles at the workspace root:
[setup.pinned_root_fetch] package:   /home/newton/work/dev-hermit/worktrees/slots/dev-hermit-gdb-vfile-pin-20260916/ignored/gdb-vfile-pin-20260916/official-cli-1/runtime-tmp/hermit-rust-script-packages.SeKF9z3Z/f8017f227c95ed9a/Cargo.toml
[setup.pinned_root_fetch] workspace: /home/newton/work/dev-hermit/worktrees/slots/dev-hermit-gdb-vfile-pin-20260916/ignored/gdb-vfile-pin-20260916/official-cli-1/runtime-tmp/hermit-rust-script-packages.SeKF9z3Z/Cargo.toml
[setup.pinned_root_fetch] warning: profiles for the non root package will be ignored, specify profiles at the workspace root:
[setup.pinned_root_fetch] package:   /home/newton/work/dev-hermit/worktrees/slots/dev-hermit-gdb-vfile-pin-20260916/ignored/gdb-vfile-pin-20260916/official-cli-1/runtime-tmp/hermit-rust-script-packages.SeKF9z3Z/93265ab9957e4aba/Cargo.toml
[setup.pinned_root_fetch] workspace: /home/newton/work/dev-hermit/worktrees/slots/dev-hermit-gdb-vfile-pin-20260916/ignored/gdb-vfile-pin-20260916/official-cli-1/runtime-tmp/hermit-rust-script-packages.SeKF9z3Z/Cargo.toml
[setup.pinned_root_fetch] warning: profiles for the non root package will be ignored, specify profiles at the workspace root:
[setup.pinned_root_fetch] package:   /home/newton/work/dev-hermit/worktrees/slots/dev-hermit-gdb-vfile-pin-20260916/ignored/gdb-vfile-pin-20260916/official-cli-1/runtime-tmp/hermit-rust-script-packages.SeKF9z3Z/2952a53430d12a42/Cargo.toml
[setup.pinned_root_fetch] workspace: /home/newton/work/dev-hermit/worktrees/slots/dev-hermit-gdb-vfile-pin-20260916/ignored/gdb-vfile-pin-20260916/official-cli-1/runtime-tmp/hermit-rust-script-packages.SeKF9z3Z/Cargo.toml
[setup.pinned_root_fetch] warning: profiles for the non root package will be ignored, specify profiles at the workspace root:
[setup.pinned_root_fetch] package:   /home/newton/work/dev-hermit/worktrees/slots/dev-hermit-gdb-vfile-pin-20260916/ignored/gdb-vfile-pin-20260916/official-cli-1/runtime-tmp/hermit-rust-script-packages.SeKF9z3Z/cae18980d4930ac8/Cargo.toml
[setup.pinned_root_fetch] workspace: /home/newton/work/dev-hermit/worktrees/slots/dev-hermit-gdb-vfile-pin-20260916/ignored/gdb-vfile-pin-20260916/official-cli-1/runtime-tmp/hermit-rust-script-packages.SeKF9z3Z/Cargo.toml
[setup.pinned_root_fetch] warning: profiles for the non root package will be ignored, specify profiles at the workspace root:
[setup.pinned_root_fetch] package:   /home/newton/work/dev-hermit/worktrees/slots/dev-hermit-gdb-vfile-pin-20260916/ignored/gdb-vfile-pin-20260916/official-cli-1/runtime-tmp/hermit-rust-script-packages.SeKF9z3Z/62ac2bfb61938d72/Cargo.toml
[setup.pinned_root_fetch] workspace: /home/newton/work/dev-hermit/worktrees/slots/dev-hermit-gdb-vfile-pin-20260916/ignored/gdb-vfile-pin-20260916/official-cli-1/runtime-tmp/hermit-rust-script-packages.SeKF9z3Z/Cargo.toml
[setup.pinned_root_fetch] warning: profiles for the non root package will be ignored, specify profiles at the workspace root:
[setup.pinned_root_fetch] package:   /home/newton/work/dev-hermit/worktrees/slots/dev-hermit-gdb-vfile-pin-20260916/ignored/gdb-vfile-pin-20260916/official-cli-1/runtime-tmp/hermit-rust-script-packages.SeKF9z3Z/76d1a06784c51374/Cargo.toml
[setup.pinned_root_fetch] workspace: /home/newton/work/dev-hermit/worktrees/slots/dev-hermit-gdb-vfile-pin-20260916/ignored/gdb-vfile-pin-20260916/official-cli-1/runtime-tmp/hermit-rust-script-packages.SeKF9z3Z/Cargo.toml
[setup.pinned_root_fetch] warning: profiles for the non root package will be ignored, specify profiles at the workspace root:
[setup.pinned_root_fetch] package:   /home/newton/work/dev-hermit/worktrees/slots/dev-hermit-gdb-vfile-pin-20260916/ignored/gdb-vfile-pin-20260916/official-cli-1/runtime-tmp/hermit-rust-script-packages.SeKF9z3Z/e306610591edf591/Cargo.toml
[setup.pinned_root_fetch] workspace: /home/newton/work/dev-hermit/worktrees/slots/dev-hermit-gdb-vfile-pin-20260916/ignored/gdb-vfile-pin-20260916/official-cli-1/runtime-tmp/hermit-rust-script-packages.SeKF9z3Z/Cargo.toml
[setup.pinned_root_fetch] warning: profiles for the non root package will be ignored, specify profiles at the workspace root:
[setup.pinned_root_fetch] package:   /home/newton/work/dev-hermit/worktrees/slots/dev-hermit-gdb-vfile-pin-20260916/ignored/gdb-vfile-pin-20260916/official-cli-1/runtime-tmp/hermit-rust-script-packages.SeKF9z3Z/d409f34a1c6de4ee/Cargo.toml
[setup.pinned_root_fetch] workspace: /home/newton/work/dev-hermit/worktrees/slots/dev-hermit-gdb-vfile-pin-20260916/ignored/gdb-vfile-pin-20260916/official-cli-1/runtime-tmp/hermit-rust-script-packages.SeKF9z3Z/Cargo.toml
[setup.pinned_root_fetch] warning: profiles for the non root package will be ignored, specify profiles at the workspace root:
[setup.pinned_root_fetch] package:   /home/newton/work/dev-hermit/worktrees/slots/dev-hermit-gdb-vfile-pin-20260916/ignored/gdb-vfile-pin-20260916/official-cli-1/runtime-tmp/hermit-rust-script-packages.SeKF9z3Z/fc33cf509da19b1c/Cargo.toml
[setup.pinned_root_fetch] workspace: /home/newton/work/dev-hermit/worktrees/slots/dev-hermit-gdb-vfile-pin-20260916/ignored/gdb-vfile-pin-20260916/official-cli-1/runtime-tmp/hermit-rust-script-packages.SeKF9z3Z/Cargo.toml
[setup.pinned_root_fetch] warning: profiles for the non root package will be ignored, specify profiles at the workspace root:
[setup.pinned_root_fetch] package:   /home/newton/work/dev-hermit/worktrees/slots/dev-hermit-gdb-vfile-pin-20260916/ignored/gdb-vfile-pin-20260916/official-cli-1/runtime-tmp/hermit-rust-script-packages.SeKF9z3Z/3872522b0d01e12d/Cargo.toml
[setup.pinned_root_fetch] workspace: /home/newton/work/dev-hermit/worktrees/slots/dev-hermit-gdb-vfile-pin-20260916/ignored/gdb-vfile-pin-20260916/official-cli-1/runtime-tmp/hermit-rust-script-packages.SeKF9z3Z/Cargo.toml
[setup.pinned_root_fetch] warning: profiles for the non root package will be ignored, specify profiles at the workspace root:
[setup.pinned_root_fetch] package:   /home/newton/work/dev-hermit/worktrees/slots/dev-hermit-gdb-vfile-pin-20260916/ignored/gdb-vfile-pin-20260916/official-cli-1/runtime-tmp/hermit-rust-script-packages.SeKF9z3Z/81da3f1d442cc879/Cargo.toml
[setup.pinned_root_fetch] workspace: /home/newton/work/dev-hermit/worktrees/slots/dev-hermit-gdb-vfile-pin-20260916/ignored/gdb-vfile-pin-20260916/official-cli-1/runtime-tmp/hermit-rust-script-packages.SeKF9z3Z/Cargo.toml
[setup.pinned_root_fetch] warning: profiles for the non root package will be ignored, specify profiles at the workspace root:
[setup.pinned_root_fetch] package:   /home/newton/work/dev-hermit/worktrees/slots/dev-hermit-gdb-vfile-pin-20260916/ignored/gdb-vfile-pin-20260916/official-cli-1/runtime-tmp/hermit-rust-script-packages.SeKF9z3Z/b7908774f65bce43/Cargo.toml
[setup.pinned_root_fetch] workspace: /home/newton/work/dev-hermit/worktrees/slots/dev-hermit-gdb-vfile-pin-20260916/ignored/gdb-vfile-pin-20260916/official-cli-1/runtime-tmp/hermit-rust-script-packages.SeKF9z3Z/Cargo.toml
[setup.pinned_root_fetch] warning: profiles for the non root package will be ignored, specify profiles at the workspace root:
[setup.pinned_root_fetch] package:   /home/newton/work/dev-hermit/worktrees/slots/dev-hermit-gdb-vfile-pin-20260916/ignored/gdb-vfile-pin-20260916/official-cli-1/runtime-tmp/hermit-rust-script-packages.SeKF9z3Z/6972560c9ef2290f/Cargo.toml
[setup.pinned_root_fetch] workspace: /home/newton/work/dev-hermit/worktrees/slots/dev-hermit-gdb-vfile-pin-20260916/ignored/gdb-vfile-pin-20260916/official-cli-1/runtime-tmp/hermit-rust-script-packages.SeKF9z3Z/Cargo.toml
[setup.pinned_root_fetch]     Updating crates.io index
[setup.pinned_root_fetch]     Updating git repository `https://github.com/rrnewton/reverie.git`
[setup.pinned_root_fetch]      Locking 217 packages to highest compatible versions
[setup.pinned_root_fetch]       Adding generic-array v0.14.7 (available: v0.14.9)
[setup.pinned_root_fetch]       Adding sha2 v0.10.9 (available: v0.11.0)
[setup.pinned_root_fetch]       Adding syn v2.0.119 (available: v3.0.6)
[setup.pinned_root_fetch]       Adding toml v0.8.23 (available: v1.1.6+spec-1.1.0)
[setup.pinned_root_fetch]       Adding toml_edit v0.22.27 (available: v0.25.15+spec-1.1.0)
[setup.pinned_root_fetch] warning: profiles for the non root package will be ignored, specify profiles at the workspace root:
[setup.pinned_root_fetch] package:   /home/newton/work/dev-hermit/worktrees/slots/dev-hermit-gdb-vfile-pin-20260916/ignored/gdb-vfile-pin-20260916/official-cli-1/runtime-tmp/hermit-rust-script-packages.SeKF9z3Z/5f829a04c0a8df85/Cargo.toml
[setup.pinned_root_fetch] workspace: /home/newton/work/dev-hermit/worktrees/slots/dev-hermit-gdb-vfile-pin-20260916/ignored/gdb-vfile-pin-20260916/official-cli-1/runtime-tmp/hermit-rust-script-packages.SeKF9z3Z/Cargo.toml
[setup.pinned_root_fetch] warning: profiles for the non root package will be ignored, specify profiles at the workspace root:
[setup.pinned_root_fetch] package:   /home/newton/work/dev-hermit/worktrees/slots/dev-hermit-gdb-vfile-pin-20260916/ignored/gdb-vfile-pin-20260916/official-cli-1/runtime-tmp/hermit-rust-script-packages.SeKF9z3Z/ea43a74c69f612af/Cargo.toml
[setup.pinned_root_fetch] workspace: /home/newton/work/dev-hermit/worktrees/slots/dev-hermit-gdb-vfile-pin-20260916/ignored/gdb-vfile-pin-20260916/official-cli-1/runtime-tmp/hermit-rust-script-packages.SeKF9z3Z/Cargo.toml
[setup.pinned_root_fetch] warning: profiles for the non root package will be ignored, specify profiles at the workspace root:
[setup.pinned_root_fetch] package:   /home/newton/work/dev-hermit/worktrees/slots/dev-hermit-gdb-vfile-pin-20260916/ignored/gdb-vfile-pin-20260916/official-cli-1/runtime-tmp/hermit-rust-script-packages.SeKF9z3Z/914eb5845ec9abe9/Cargo.toml
[setup.pinned_root_fetch] workspace: /home/newton/work/dev-hermit/worktrees/slots/dev-hermit-gdb-vfile-pin-20260916/ignored/gdb-vfile-pin-20260916/official-cli-1/runtime-tmp/hermit-rust-script-packages.SeKF9z3Z/Cargo.toml
[setup.pinned_root_fetch] warning: profiles for the non root package will be ignored, specify profiles at the workspace root:
[setup.pinned_root_fetch] package:   /home/newton/work/dev-hermit/worktrees/slots/dev-hermit-gdb-vfile-pin-20260916/ignored/gdb-vfile-pin-20260916/official-cli-1/runtime-tmp/hermit-rust-script-packages.SeKF9z3Z/59ea0555bb7bb866/Cargo.toml
[setup.pinned_root_fetch] workspace: /home/newton/work/dev-hermit/worktrees/slots/dev-hermit-gdb-vfile-pin-20260916/ignored/gdb-vfile-pin-20260916/official-cli-1/runtime-tmp/hermit-rust-script-packages.SeKF9z3Z/Cargo.toml
[setup.pinned_root_fetch] warning: profiles for the non root package will be ignored, specify profiles at the workspace root:
[setup.pinned_root_fetch] package:   /home/newton/work/dev-hermit/worktrees/slots/dev-hermit-gdb-vfile-pin-20260916/ignored/gdb-vfile-pin-20260916/official-cli-1/runtime-tmp/hermit-rust-script-packages.SeKF9z3Z/2162d8a3b81d996d/Cargo.toml
[setup.pinned_root_fetch] workspace: /home/newton/work/dev-hermit/worktrees/slots/dev-hermit-gdb-vfile-pin-20260916/ignored/gdb-vfile-pin-20260916/official-cli-1/runtime-tmp/hermit-rust-script-packages.SeKF9z3Z/Cargo.toml
[setup.pinned_root_fetch] warning: profiles for the non root package will be ignored, specify profiles at the workspace root:
[setup.pinned_root_fetch] package:   /home/newton/work/dev-hermit/worktrees/slots/dev-hermit-gdb-vfile-pin-20260916/ignored/gdb-vfile-pin-20260916/official-cli-1/runtime-tmp/hermit-rust-script-packages.SeKF9z3Z/74f4de48268e496d/Cargo.toml
[setup.pinned_root_fetch] workspace: /home/newton/work/dev-hermit/worktrees/slots/dev-hermit-gdb-vfile-pin-20260916/ignored/gdb-vfile-pin-20260916/official-cli-1/runtime-tmp/hermit-rust-script-packages.SeKF9z3Z/Cargo.toml
[setup.pinned_root_fetch] warning: profiles for the non root package will be ignored, specify profiles at the workspace root:
[setup.pinned_root_fetch] package:   /home/newton/work/dev-hermit/worktrees/slots/dev-hermit-gdb-vfile-pin-20260916/ignored/gdb-vfile-pin-20260916/official-cli-1/runtime-tmp/hermit-rust-script-packages.SeKF9z3Z/cfee71cd74153651/Cargo.toml
[setup.pinned_root_fetch] workspace: /home/newton/work/dev-hermit/worktrees/slots/dev-hermit-gdb-vfile-pin-20260916/ignored/gdb-vfile-pin-20260916/official-cli-1/runtime-tmp/hermit-rust-script-packages.SeKF9z3Z/Cargo.toml
[setup.pinned_root_fetch] warning: profiles for the non root package will be ignored, specify profiles at the workspace root:
[setup.pinned_root_fetch] package:   /home/newton/work/dev-hermit/worktrees/slots/dev-hermit-gdb-vfile-pin-20260916/ignored/gdb-vfile-pin-20260916/official-cli-1/runtime-tmp/hermit-rust-script-packages.SeKF9z3Z/dbfbd1f3870f1cf4/Cargo.toml
[setup.pinned_root_fetch] workspace: /home/newton/work/dev-hermit/worktrees/slots/dev-hermit-gdb-vfile-pin-20260916/ignored/gdb-vfile-pin-20260916/official-cli-1/runtime-tmp/hermit-rust-script-packages.SeKF9z3Z/Cargo.toml
[setup.pinned_root_fetch] warning: profiles for the non root package will be ignored, specify profiles at the workspace root:
[setup.pinned_root_fetch] package:   /home/newton/work/dev-hermit/worktrees/slots/dev-hermit-gdb-vfile-pin-20260916/ignored/gdb-vfile-pin-20260916/official-cli-1/runtime-tmp/hermit-rust-script-packages.SeKF9z3Z/344d4004465230b9/Cargo.toml
[setup.pinned_root_fetch] workspace: /home/newton/work/dev-hermit/worktrees/slots/dev-hermit-gdb-vfile-pin-20260916/ignored/gdb-vfile-pin-20260916/official-cli-1/runtime-tmp/hermit-rust-script-packages.SeKF9z3Z/Cargo.toml
[setup.pinned_root_fetch] warning: profiles for the non root package will be ignored, specify profiles at the workspace root:
[setup.pinned_root_fetch] package:   /home/newton/work/dev-hermit/worktrees/slots/dev-hermit-gdb-vfile-pin-20260916/ignored/gdb-vfile-pin-20260916/official-cli-1/runtime-tmp/hermit-rust-script-packages.SeKF9z3Z/cd189eff27bcb3f6/Cargo.toml
[setup.pinned_root_fetch] workspace: /home/newton/work/dev-hermit/worktrees/slots/dev-hermit-gdb-vfile-pin-20260916/ignored/gdb-vfile-pin-20260916/official-cli-1/runtime-tmp/hermit-rust-script-packages.SeKF9z3Z/Cargo.toml
[setup.pinned_root_fetch] warning: profiles for the non root package will be ignored, specify profiles at the workspace root:
[setup.pinned_root_fetch] package:   /home/newton/work/dev-hermit/worktrees/slots/dev-hermit-gdb-vfile-pin-20260916/ignored/gdb-vfile-pin-20260916/official-cli-1/runtime-tmp/hermit-rust-script-packages.SeKF9z3Z/91a6f85b46f9a093/Cargo.toml
[setup.pinned_root_fetch] workspace: /home/newton/work/dev-hermit/worktrees/slots/dev-hermit-gdb-vfile-pin-20260916/ignored/gdb-vfile-pin-20260916/official-cli-1/runtime-tmp/hermit-rust-script-packages.SeKF9z3Z/Cargo.toml
[setup.pinned_root_fetch] warning: profiles for the non root package will be ignored, specify profiles at the workspace root:
[setup.pinned_root_fetch] package:   /home/newton/work/dev-hermit/worktrees/slots/dev-hermit-gdb-vfile-pin-20260916/ignored/gdb-vfile-pin-20260916/official-cli-1/runtime-tmp/hermit-rust-script-packages.SeKF9z3Z/a1bd4437bae839b6/Cargo.toml
[setup.pinned_root_fetch] workspace: /home/newton/work/dev-hermit/worktrees/slots/dev-hermit-gdb-vfile-pin-20260916/ignored/gdb-vfile-pin-20260916/official-cli-1/runtime-tmp/hermit-rust-script-packages.SeKF9z3Z/Cargo.toml
[setup.pinned_root_fetch] warning: profiles for the non root package will be ignored, specify profiles at the workspace root:
[setup.pinned_root_fetch] package:   /home/newton/work/dev-hermit/worktrees/slots/dev-hermit-gdb-vfile-pin-20260916/ignored/gdb-vfile-pin-20260916/official-cli-1/runtime-tmp/hermit-rust-script-packages.SeKF9z3Z/6b330abf7c0ddfd4/Cargo.toml
[setup.pinned_root_fetch] workspace: /home/newton/work/dev-hermit/worktrees/slots/dev-hermit-gdb-vfile-pin-20260916/ignored/gdb-vfile-pin-20260916/official-cli-1/runtime-tmp/hermit-rust-script-packages.SeKF9z3Z/Cargo.toml
[setup.pinned_root_fetch] warning: profiles for the non root package will be ignored, specify profiles at the workspace root:
[setup.pinned_root_fetch] package:   /home/newton/work/dev-hermit/worktrees/slots/dev-hermit-gdb-vfile-pin-20260916/ignored/gdb-vfile-pin-20260916/official-cli-1/runtime-tmp/hermit-rust-script-packages.SeKF9z3Z/55ba5f117f6432d6/Cargo.toml
[setup.pinned_root_fetch] workspace: /home/newton/work/dev-hermit/worktrees/slots/dev-hermit-gdb-vfile-pin-20260916/ignored/gdb-vfile-pin-20260916/official-cli-1/runtime-tmp/hermit-rust-script-packages.SeKF9z3Z/Cargo.toml
[setup.pinned_root_fetch] warning: profiles for the non root package will be ignored, specify profiles at the workspace root:
[setup.pinned_root_fetch] package:   /home/newton/work/dev-hermit/worktrees/slots/dev-hermit-gdb-vfile-pin-20260916/ignored/gdb-vfile-pin-20260916/official-cli-1/runtime-tmp/hermit-rust-script-packages.SeKF9z3Z/40aa044d7d34c808/Cargo.toml
[setup.pinned_root_fetch] workspace: /home/newton/work/dev-hermit/worktrees/slots/dev-hermit-gdb-vfile-pin-20260916/ignored/gdb-vfile-pin-20260916/official-cli-1/runtime-tmp/hermit-rust-script-packages.SeKF9z3Z/Cargo.toml
[setup.pinned_root_fetch] warning: profiles for the non root package will be ignored, specify profiles at the workspace root:
[setup.pinned_root_fetch] package:   /home/newton/work/dev-hermit/worktrees/slots/dev-hermit-gdb-vfile-pin-20260916/ignored/gdb-vfile-pin-20260916/official-cli-1/runtime-tmp/hermit-rust-script-packages.SeKF9z3Z/f8017f227c95ed9a/Cargo.toml
[setup.pinned_root_fetch] workspace: /home/newton/work/dev-hermit/worktrees/slots/dev-hermit-gdb-vfile-pin-20260916/ignored/gdb-vfile-pin-20260916/official-cli-1/runtime-tmp/hermit-rust-script-packages.SeKF9z3Z/Cargo.toml
[setup.pinned_root_fetch] warning: profiles for the non root package will be ignored, specify profiles at the workspace root:
[setup.pinned_root_fetch] package:   /home/newton/work/dev-hermit/worktrees/slots/dev-hermit-gdb-vfile-pin-20260916/ignored/gdb-vfile-pin-20260916/official-cli-1/runtime-tmp/hermit-rust-script-packages.SeKF9z3Z/93265ab9957e4aba/Cargo.toml
[setup.pinned_root_fetch] workspace: /home/newton/work/dev-hermit/worktrees/slots/dev-hermit-gdb-vfile-pin-20260916/ignored/gdb-vfile-pin-20260916/official-cli-1/runtime-tmp/hermit-rust-script-packages.SeKF9z3Z/Cargo.toml
[setup.pinned_root_fetch] warning: profiles for the non root package will be ignored, specify profiles at the workspace root:
[setup.pinned_root_fetch] package:   /home/newton/work/dev-hermit/worktrees/slots/dev-hermit-gdb-vfile-pin-20260916/ignored/gdb-vfile-pin-20260916/official-cli-1/runtime-tmp/hermit-rust-script-packages.SeKF9z3Z/2952a53430d12a42/Cargo.toml
[setup.pinned_root_fetch] workspace: /home/newton/work/dev-hermit/worktrees/slots/dev-hermit-gdb-vfile-pin-20260916/ignored/gdb-vfile-pin-20260916/official-cli-1/runtime-tmp/hermit-rust-script-packages.SeKF9z3Z/Cargo.toml
[setup.pinned_root_fetch] warning: profiles for the non root package will be ignored, specify profiles at the workspace root:
[setup.pinned_root_fetch] package:   /home/newton/work/dev-hermit/worktrees/slots/dev-hermit-gdb-vfile-pin-20260916/ignored/gdb-vfile-pin-20260916/official-cli-1/runtime-tmp/hermit-rust-script-packages.SeKF9z3Z/cae18980d4930ac8/Cargo.toml
[setup.pinned_root_fetch] workspace: /home/newton/work/dev-hermit/worktrees/slots/dev-hermit-gdb-vfile-pin-20260916/ignored/gdb-vfile-pin-20260916/official-cli-1/runtime-tmp/hermit-rust-script-packages.SeKF9z3Z/Cargo.toml
[setup.pinned_root_fetch] warning: profiles for the non root package will be ignored, specify profiles at the workspace root:
[setup.pinned_root_fetch] package:   /home/newton/work/dev-hermit/worktrees/slots/dev-hermit-gdb-vfile-pin-20260916/ignored/gdb-vfile-pin-20260916/official-cli-1/runtime-tmp/hermit-rust-script-packages.SeKF9z3Z/62ac2bfb61938d72/Cargo.toml
[setup.pinned_root_fetch] workspace: /home/newton/work/dev-hermit/worktrees/slots/dev-hermit-gdb-vfile-pin-20260916/ignored/gdb-vfile-pin-20260916/official-cli-1/runtime-tmp/hermit-rust-script-packages.SeKF9z3Z/Cargo.toml
[setup.pinned_root_fetch] warning: profiles for the non root package will be ignored, specify profiles at the workspace root:
[setup.pinned_root_fetch] package:   /home/newton/work/dev-hermit/worktrees/slots/dev-hermit-gdb-vfile-pin-20260916/ignored/gdb-vfile-pin-20260916/official-cli-1/runtime-tmp/hermit-rust-script-packages.SeKF9z3Z/76d1a06784c51374/Cargo.toml
[setup.pinned_root_fetch] workspace: /home/newton/work/dev-hermit/worktrees/slots/dev-hermit-gdb-vfile-pin-20260916/ignored/gdb-vfile-pin-20260916/official-cli-1/runtime-tmp/hermit-rust-script-packages.SeKF9z3Z/Cargo.toml
[setup.pinned_root_fetch] warning: profiles for the non root package will be ignored, specify profiles at the workspace root:
[setup.pinned_root_fetch] package:   /home/newton/work/dev-hermit/worktrees/slots/dev-hermit-gdb-vfile-pin-20260916/ignored/gdb-vfile-pin-20260916/official-cli-1/runtime-tmp/hermit-rust-script-packages.SeKF9z3Z/e306610591edf591/Cargo.toml
[setup.pinned_root_fetch] workspace: /home/newton/work/dev-hermit/worktrees/slots/dev-hermit-gdb-vfile-pin-20260916/ignored/gdb-vfile-pin-20260916/official-cli-1/runtime-tmp/hermit-rust-script-packages.SeKF9z3Z/Cargo.toml
[setup.pinned_root_fetch] warning: profiles for the non root package will be ignored, specify profiles at the workspace root:
[setup.pinned_root_fetch] package:   /home/newton/work/dev-hermit/worktrees/slots/dev-hermit-gdb-vfile-pin-20260916/ignored/gdb-vfile-pin-20260916/official-cli-1/runtime-tmp/hermit-rust-script-packages.SeKF9z3Z/d409f34a1c6de4ee/Cargo.toml
[setup.pinned_root_fetch] workspace: /home/newton/work/dev-hermit/worktrees/slots/dev-hermit-gdb-vfile-pin-20260916/ignored/gdb-vfile-pin-20260916/official-cli-1/runtime-tmp/hermit-rust-script-packages.SeKF9z3Z/Cargo.toml
[setup.pinned_root_fetch] warning: profiles for the non root package will be ignored, specify profiles at the workspace root:
[setup.pinned_root_fetch] package:   /home/newton/work/dev-hermit/worktrees/slots/dev-hermit-gdb-vfile-pin-20260916/ignored/gdb-vfile-pin-20260916/official-cli-1/runtime-tmp/hermit-rust-script-packages.SeKF9z3Z/fc33cf509da19b1c/Cargo.toml
[setup.pinned_root_fetch] workspace: /home/newton/work/dev-hermit/worktrees/slots/dev-hermit-gdb-vfile-pin-20260916/ignored/gdb-vfile-pin-20260916/official-cli-1/runtime-tmp/hermit-rust-script-packages.SeKF9z3Z/Cargo.toml
[setup.pinned_root_fetch] warning: profiles for the non root package will be ignored, specify profiles at the workspace root:
[setup.pinned_root_fetch] package:   /home/newton/work/dev-hermit/worktrees/slots/dev-hermit-gdb-vfile-pin-20260916/ignored/gdb-vfile-pin-20260916/official-cli-1/runtime-tmp/hermit-rust-script-packages.SeKF9z3Z/3872522b0d01e12d/Cargo.toml
[setup.pinned_root_fetch] workspace: /home/newton/work/dev-hermit/worktrees/slots/dev-hermit-gdb-vfile-pin-20260916/ignored/gdb-vfile-pin-20260916/official-cli-1/runtime-tmp/hermit-rust-script-packages.SeKF9z3Z/Cargo.toml
[setup.pinned_root_fetch] warning: profiles for the non root package will be ignored, specify profiles at the workspace root:
[setup.pinned_root_fetch] package:   /home/newton/work/dev-hermit/worktrees/slots/dev-hermit-gdb-vfile-pin-20260916/ignored/gdb-vfile-pin-20260916/official-cli-1/runtime-tmp/hermit-rust-script-packages.SeKF9z3Z/81da3f1d442cc879/Cargo.toml
[setup.pinned_root_fetch] workspace: /home/newton/work/dev-hermit/worktrees/slots/dev-hermit-gdb-vfile-pin-20260916/ignored/gdb-vfile-pin-20260916/official-cli-1/runtime-tmp/hermit-rust-script-packages.SeKF9z3Z/Cargo.toml
[setup.pinned_root_fetch] warning: profiles for the non root package will be ignored, specify profiles at the workspace root:
[setup.pinned_root_fetch] package:   /home/newton/work/dev-hermit/worktrees/slots/dev-hermit-gdb-vfile-pin-20260916/ignored/gdb-vfile-pin-20260916/official-cli-1/runtime-tmp/hermit-rust-script-packages.SeKF9z3Z/b7908774f65bce43/Cargo.toml
[setup.pinned_root_fetch] workspace: /home/newton/work/dev-hermit/worktrees/slots/dev-hermit-gdb-vfile-pin-20260916/ignored/gdb-vfile-pin-20260916/official-cli-1/runtime-tmp/hermit-rust-script-packages.SeKF9z3Z/Cargo.toml
[setup.pinned_root_fetch] warning: profiles for the non root package will be ignored, specify profiles at the workspace root:
[setup.pinned_root_fetch] package:   /home/newton/work/dev-hermit/worktrees/slots/dev-hermit-gdb-vfile-pin-20260916/ignored/gdb-vfile-pin-20260916/official-cli-1/runtime-tmp/hermit-rust-script-packages.SeKF9z3Z/6972560c9ef2290f/Cargo.toml
[setup.pinned_root_fetch] workspace: /home/newton/work/dev-hermit/worktrees/slots/dev-hermit-gdb-vfile-pin-20260916/ignored/gdb-vfile-pin-20260916/official-cli-1/runtime-tmp/hermit-rust-script-packages.SeKF9z3Z/Cargo.toml
[setup.pinned_root_fetch] prepare-rust-scripts: fetched dependencies for 28 entrypoints into /home/newton/work/dev-hermit/worktrees/slots/dev-hermit-gdb-vfile-pin-20260916/ignored/hermetic/split/cargo
[setup.pinned_root_fetch] :::: FETCH PHASE complete -- every byte checked against its Cargo.lock
[setup.pinned_root_fetch] ✓ PASS   Fetch locked Cargo inputs (48s)  [:::: FETCH PHASE complete -- every byte checked against its Cargo.lock]
[build.rust_scripts_in_pinned_root] ▶ START  Build every tracked rust-script before graph consumers run
[build.rust_scripts_in_pinned_root] dns github.com: refused (gaierror)
[build.rust_scripts_in_pinned_root] dns crates.io: refused (gaierror)
[build.rust_scripts_in_pinned_root] dns static.crates.io: refused (gaierror)
[build.rust_scripts_in_pinned_root] assert-no-network: route-table: no route (0 non-loopback routes, 0 non-loopback interfaces)
[build.rust_scripts_in_pinned_root] assert-no-network: dns github.com: refused
[build.rust_scripts_in_pinned_root] assert-no-network: dns crates.io: refused
[build.rust_scripts_in_pinned_root] assert-no-network: dns static.crates.io: refused
[build.rust_scripts_in_pinned_root] assert-no-network: tcp 1.1.1.1:443: refused
[build.rust_scripts_in_pinned_root] assert-no-network: tcp 8.8.8.8:53: refused
[build.rust_scripts_in_pinned_root] assert-no-network: OK -- no route, no DNS, no raw TCP. This environment is isolated.
[build.rust_scripts_in_pinned_root] assert-build-dependencies: OK -- 18/18 executable build dependencies are present.
[build.rust_scripts_in_pinned_root] assert-build-dependencies: OK -- 4/4 native libraries and development headers are present.
[build.rust_scripts_in_pinned_root] assert-build-dependencies: OK -- 87/87 absolute guest paths are executable files.
[build.rust_scripts_in_pinned_root] warning: profiles for the non root package will be ignored, specify profiles at the workspace root:
[build.rust_scripts_in_pinned_root] package:   /tmp/hermit-rust-script-packages.6FMB6wJk/5f829a04c0a8df85/Cargo.toml
[build.rust_scripts_in_pinned_root] workspace: /tmp/hermit-rust-script-packages.6FMB6wJk/Cargo.toml
[build.rust_scripts_in_pinned_root] warning: profiles for the non root package will be ignored, specify profiles at the workspace root:
[build.rust_scripts_in_pinned_root] package:   /tmp/hermit-rust-script-packages.6FMB6wJk/ea43a74c69f612af/Cargo.toml
[build.rust_scripts_in_pinned_root] workspace: /tmp/hermit-rust-script-packages.6FMB6wJk/Cargo.toml
[build.rust_scripts_in_pinned_root] warning: profiles for the non root package will be ignored, specify profiles at the workspace root:
[build.rust_scripts_in_pinned_root] package:   /tmp/hermit-rust-script-packages.6FMB6wJk/914eb5845ec9abe9/Cargo.toml
[build.rust_scripts_in_pinned_root] workspace: /tmp/hermit-rust-script-packages.6FMB6wJk/Cargo.toml
[build.rust_scripts_in_pinned_root] warning: profiles for the non root package will be ignored, specify profiles at the workspace root:
[build.rust_scripts_in_pinned_root] package:   /tmp/hermit-rust-script-packages.6FMB6wJk/59ea0555bb7bb866/Cargo.toml
[build.rust_scripts_in_pinned_root] workspace: /tmp/hermit-rust-script-packages.6FMB6wJk/Cargo.toml
[build.rust_scripts_in_pinned_root] warning: profiles for the non root package will be ignored, specify profiles at the workspace root:
[build.rust_scripts_in_pinned_root] package:   /tmp/hermit-rust-script-packages.6FMB6wJk/2162d8a3b81d996d/Cargo.toml
[build.rust_scripts_in_pinned_root] workspace: /tmp/hermit-rust-script-packages.6FMB6wJk/Cargo.toml
[build.rust_scripts_in_pinned_root] warning: profiles for the non root package will be ignored, specify profiles at the workspace root:
[build.rust_scripts_in_pinned_root] package:   /tmp/hermit-rust-script-packages.6FMB6wJk/74f4de48268e496d/Cargo.toml
[build.rust_scripts_in_pinned_root] workspace: /tmp/hermit-rust-script-packages.6FMB6wJk/Cargo.toml
[build.rust_scripts_in_pinned_root] warning: profiles for the non root package will be ignored, specify profiles at the workspace root:
[build.rust_scripts_in_pinned_root] package:   /tmp/hermit-rust-script-packages.6FMB6wJk/cfee71cd74153651/Cargo.toml
[build.rust_scripts_in_pinned_root] workspace: /tmp/hermit-rust-script-packages.6FMB6wJk/Cargo.toml
[build.rust_scripts_in_pinned_root] warning: profiles for the non root package will be ignored, specify profiles at the workspace root:
[build.rust_scripts_in_pinned_root] package:   /tmp/hermit-rust-script-packages.6FMB6wJk/dbfbd1f3870f1cf4/Cargo.toml
[build.rust_scripts_in_pinned_root] workspace: /tmp/hermit-rust-script-packages.6FMB6wJk/Cargo.toml
[build.rust_scripts_in_pinned_root] warning: profiles for the non root package will be ignored, specify profiles at the workspace root:
[build.rust_scripts_in_pinned_root] package:   /tmp/hermit-rust-script-packages.6FMB6wJk/344d4004465230b9/Cargo.toml
[build.rust_scripts_in_pinned_root] workspace: /tmp/hermit-rust-script-packages.6FMB6wJk/Cargo.toml
[build.rust_scripts_in_pinned_root] warning: profiles for the non root package will be ignored, specify profiles at the workspace root:
[build.rust_scripts_in_pinned_root] package:   /tmp/hermit-rust-script-packages.6FMB6wJk/cd189eff27bcb3f6/Cargo.toml
[build.rust_scripts_in_pinned_root] workspace: /tmp/hermit-rust-script-packages.6FMB6wJk/Cargo.toml
[build.rust_scripts_in_pinned_root] warning: profiles for the non root package will be ignored, specify profiles at the workspace root:
[build.rust_scripts_in_pinned_root] package:   /tmp/hermit-rust-script-packages.6FMB6wJk/91a6f85b46f9a093/Cargo.toml
[build.rust_scripts_in_pinned_root] workspace: /tmp/hermit-rust-script-packages.6FMB6wJk/Cargo.toml
[build.rust_scripts_in_pinned_root] warning: profiles for the non root package will be ignored, specify profiles at the workspace root:
[build.rust_scripts_in_pinned_root] package:   /tmp/hermit-rust-script-packages.6FMB6wJk/a1bd4437bae839b6/Cargo.toml
[build.rust_scripts_in_pinned_root] workspace: /tmp/hermit-rust-script-packages.6FMB6wJk/Cargo.toml
[build.rust_scripts_in_pinned_root] warning: profiles for the non root package will be ignored, specify profiles at the workspace root:
[build.rust_scripts_in_pinned_root] package:   /tmp/hermit-rust-script-packages.6FMB6wJk/6b330abf7c0ddfd4/Cargo.toml
[build.rust_scripts_in_pinned_root] workspace: /tmp/hermit-rust-script-packages.6FMB6wJk/Cargo.toml
[build.rust_scripts_in_pinned_root] warning: profiles for the non root package will be ignored, specify profiles at the workspace root:
[build.rust_scripts_in_pinned_root] package:   /tmp/hermit-rust-script-packages.6FMB6wJk/55ba5f117f6432d6/Cargo.toml
[build.rust_scripts_in_pinned_root] workspace: /tmp/hermit-rust-script-packages.6FMB6wJk/Cargo.toml
[build.rust_scripts_in_pinned_root] warning: profiles for the non root package will be ignored, specify profiles at the workspace root:
[build.rust_scripts_in_pinned_root] package:   /tmp/hermit-rust-script-packages.6FMB6wJk/40aa044d7d34c808/Cargo.toml
[build.rust_scripts_in_pinned_root] workspace: /tmp/hermit-rust-script-packages.6FMB6wJk/Cargo.toml
[build.rust_scripts_in_pinned_root] warning: profiles for the non root package will be ignored, specify profiles at the workspace root:
[build.rust_scripts_in_pinned_root] package:   /tmp/hermit-rust-script-packages.6FMB6wJk/f8017f227c95ed9a/Cargo.toml
[build.rust_scripts_in_pinned_root] workspace: /tmp/hermit-rust-script-packages.6FMB6wJk/Cargo.toml
[build.rust_scripts_in_pinned_root] warning: profiles for the non root package will be ignored, specify profiles at the workspace root:
[build.rust_scripts_in_pinned_root] package:   /tmp/hermit-rust-script-packages.6FMB6wJk/93265ab9957e4aba/Cargo.toml
[build.rust_scripts_in_pinned_root] workspace: /tmp/hermit-rust-script-packages.6FMB6wJk/Cargo.toml
[build.rust_scripts_in_pinned_root] warning: profiles for the non root package will be ignored, specify profiles at the workspace root:
[build.rust_scripts_in_pinned_root] package:   /tmp/hermit-rust-script-packages.6FMB6wJk/2952a53430d12a42/Cargo.toml
[build.rust_scripts_in_pinned_root] workspace: /tmp/hermit-rust-script-packages.6FMB6wJk/Cargo.toml
[build.rust_scripts_in_pinned_root] warning: profiles for the non root package will be ignored, specify profiles at the workspace root:
[build.rust_scripts_in_pinned_root] package:   /tmp/hermit-rust-script-packages.6FMB6wJk/cae18980d4930ac8/Cargo.toml
[build.rust_scripts_in_pinned_root] workspace: /tmp/hermit-rust-script-packages.6FMB6wJk/Cargo.toml
[build.rust_scripts_in_pinned_root] warning: profiles for the non root package will be ignored, specify profiles at the workspace root:
[build.rust_scripts_in_pinned_root] package:   /tmp/hermit-rust-script-packages.6FMB6wJk/62ac2bfb61938d72/Cargo.toml
[build.rust_scripts_in_pinned_root] workspace: /tmp/hermit-rust-script-packages.6FMB6wJk/Cargo.toml
[build.rust_scripts_in_pinned_root] warning: profiles for the non root package will be ignored, specify profiles at the workspace root:
[build.rust_scripts_in_pinned_root] package:   /tmp/hermit-rust-script-packages.6FMB6wJk/76d1a06784c51374/Cargo.toml
[build.rust_scripts_in_pinned_root] workspace: /tmp/hermit-rust-script-packages.6FMB6wJk/Cargo.toml
[build.rust_scripts_in_pinned_root] warning: profiles for the non root package will be ignored, specify profiles at the workspace root:
[build.rust_scripts_in_pinned_root] package:   /tmp/hermit-rust-script-packages.6FMB6wJk/e306610591edf591/Cargo.toml
[build.rust_scripts_in_pinned_root] workspace: /tmp/hermit-rust-script-packages.6FMB6wJk/Cargo.toml
[build.rust_scripts_in_pinned_root] warning: profiles for the non root package will be ignored, specify profiles at the workspace root:
[build.rust_scripts_in_pinned_root] package:   /tmp/hermit-rust-script-packages.6FMB6wJk/d409f34a1c6de4ee/Cargo.toml
[build.rust_scripts_in_pinned_root] workspace: /tmp/hermit-rust-script-packages.6FMB6wJk/Cargo.toml
[build.rust_scripts_in_pinned_root] warning: profiles for the non root package will be ignored, specify profiles at the workspace root:
[build.rust_scripts_in_pinned_root] package:   /tmp/hermit-rust-script-packages.6FMB6wJk/fc33cf509da19b1c/Cargo.toml
[build.rust_scripts_in_pinned_root] workspace: /tmp/hermit-rust-script-packages.6FMB6wJk/Cargo.toml
[build.rust_scripts_in_pinned_root] warning: profiles for the non root package will be ignored, specify profiles at the workspace root:
[build.rust_scripts_in_pinned_root] package:   /tmp/hermit-rust-script-packages.6FMB6wJk/3872522b0d01e12d/Cargo.toml
[build.rust_scripts_in_pinned_root] workspace: /tmp/hermit-rust-script-packages.6FMB6wJk/Cargo.toml
[build.rust_scripts_in_pinned_root] warning: profiles for the non root package will be ignored, specify profiles at the workspace root:
[build.rust_scripts_in_pinned_root] package:   /tmp/hermit-rust-script-packages.6FMB6wJk/81da3f1d442cc879/Cargo.toml
[build.rust_scripts_in_pinned_root] workspace: /tmp/hermit-rust-script-packages.6FMB6wJk/Cargo.toml
[build.rust_scripts_in_pinned_root] warning: profiles for the non root package will be ignored, specify profiles at the workspace root:
[build.rust_scripts_in_pinned_root] package:   /tmp/hermit-rust-script-packages.6FMB6wJk/b7908774f65bce43/Cargo.toml
[build.rust_scripts_in_pinned_root] workspace: /tmp/hermit-rust-script-packages.6FMB6wJk/Cargo.toml
[build.rust_scripts_in_pinned_root] warning: profiles for the non root package will be ignored, specify profiles at the workspace root:
[build.rust_scripts_in_pinned_root] package:   /tmp/hermit-rust-script-packages.6FMB6wJk/6972560c9ef2290f/Cargo.toml
[build.rust_scripts_in_pinned_root] workspace: /tmp/hermit-rust-script-packages.6FMB6wJk/Cargo.toml
[build.rust_scripts_in_pinned_root]      Locking 217 packages to latest compatible versions
[build.rust_scripts_in_pinned_root]       Adding generic-array v0.14.7 (available: v0.14.9)
[build.rust_scripts_in_pinned_root]       Adding sha2 v0.10.9 (available: v0.11.0)
[build.rust_scripts_in_pinned_root]       Adding syn v2.0.119 (available: v3.0.6)
[build.rust_scripts_in_pinned_root]       Adding toml v0.8.23 (available: v1.1.4+spec-1.1.0)
[build.rust_scripts_in_pinned_root]       Adding toml_edit v0.22.27 (available: v0.25.13+spec-1.1.0)
[build.rust_scripts_in_pinned_root]    Compiling proc-macro2 v1.0.107
[build.rust_scripts_in_pinned_root]    Compiling quote v1.0.47
[build.rust_scripts_in_pinned_root]    Compiling unicode-ident v1.0.25
[build.rust_scripts_in_pinned_root]    Compiling serde_core v1.0.229
[build.rust_scripts_in_pinned_root]    Compiling serde v1.0.229
[build.rust_scripts_in_pinned_root]    Compiling libc v0.2.189
[build.rust_scripts_in_pinned_root]     Checking memchr v2.8.3
[build.rust_scripts_in_pinned_root]     Checking cfg-if v1.0.5
[build.rust_scripts_in_pinned_root]    Compiling autocfg v1.5.1
[build.rust_scripts_in_pinned_root]     Checking itoa v1.0.18
[build.rust_scripts_in_pinned_root]     Checking hashbrown v0.17.1
[build.rust_scripts_in_pinned_root]     Checking equivalent v1.0.2
[build.rust_scripts_in_pinned_root]    Compiling zmij v1.0.23
[build.rust_scripts_in_pinned_root]    Compiling serde_json v1.0.151
[build.rust_scripts_in_pinned_root]    Compiling rustix v1.1.5
[build.rust_scripts_in_pinned_root]    Compiling libm v0.2.16
[build.rust_scripts_in_pinned_root]    Compiling num-traits v0.2.19
[build.rust_scripts_in_pinned_root]    Compiling version_check v0.9.5
[build.rust_scripts_in_pinned_root]     Checking pin-project-lite v0.2.17
[build.rust_scripts_in_pinned_root]     Checking indexmap v2.14.2
[build.rust_scripts_in_pinned_root]     Checking linux-raw-sys v0.12.1
[build.rust_scripts_in_pinned_root]    Compiling generic-array v0.14.7
[build.rust_scripts_in_pinned_root]    Compiling syn v3.0.6
[build.rust_scripts_in_pinned_root]    Compiling syn v2.0.119
[build.rust_scripts_in_pinned_root]    Compiling memoffset v0.9.1
[build.rust_scripts_in_pinned_root]    Compiling syscalls v0.6.18
[build.rust_scripts_in_pinned_root]    Compiling cfg_aliases v0.2.2
[build.rust_scripts_in_pinned_root]     Checking ryu v1.0.23
[build.rust_scripts_in_pinned_root]    Compiling nix v0.30.1
[build.rust_scripts_in_pinned_root]     Checking typenum v1.20.1
[build.rust_scripts_in_pinned_root]    Compiling unicode-segmentation v1.13.3
[build.rust_scripts_in_pinned_root]    Compiling paste v1.0.15
[build.rust_scripts_in_pinned_root]     Checking errno v0.3.14
[build.rust_scripts_in_pinned_root]    Compiling convert_case v0.6.0
[build.rust_scripts_in_pinned_root]     Checking signal-hook-registry v1.4.8
[build.rust_scripts_in_pinned_root]     Checking utf8parse v0.2.2
[build.rust_scripts_in_pinned_root]    Compiling virtue v0.0.18
[build.rust_scripts_in_pinned_root]    Compiling unicode-xid v0.2.6
[build.rust_scripts_in_pinned_root]     Checking iana-time-zone v0.1.65
[build.rust_scripts_in_pinned_root]     Checking anstyle-parse v1.0.0
[build.rust_scripts_in_pinned_root]     Checking bitflags v2.13.2
[build.rust_scripts_in_pinned_root]     Checking unty v0.0.4
[build.rust_scripts_in_pinned_root]     Checking colorchoice v1.0.5
[build.rust_scripts_in_pinned_root]    Compiling anyhow v1.0.104
[build.rust_scripts_in_pinned_root]     Checking anstyle v1.0.14
[build.rust_scripts_in_pinned_root]    Compiling radium v0.7.0
[build.rust_scripts_in_pinned_root]    Compiling bincode_derive v2.0.1
[build.rust_scripts_in_pinned_root]     Checking once_cell v1.21.4
[build.rust_scripts_in_pinned_root]     Checking anstyle-query v1.1.5
[build.rust_scripts_in_pinned_root]     Checking unicode-width v0.2.2
[build.rust_scripts_in_pinned_root]     Checking is_terminal_polyfill v1.70.2
[build.rust_scripts_in_pinned_root]     Checking anstream v1.0.0
[build.rust_scripts_in_pinned_root]     Checking block-buffer v0.10.4
[build.rust_scripts_in_pinned_root]     Checking crypto-common v0.1.7
[build.rust_scripts_in_pinned_root]     Checking tap v1.0.1
[build.rust_scripts_in_pinned_root]    Compiling heck v0.5.0
[build.rust_scripts_in_pinned_root]    Compiling signal-hook v0.4.4
[build.rust_scripts_in_pinned_root]     Checking strsim v0.11.1
[build.rust_scripts_in_pinned_root]     Checking unicase v2.9.0
[build.rust_scripts_in_pinned_root]    Compiling crc32fast v1.5.2
[build.rust_scripts_in_pinned_root]     Checking clap_lex v1.1.1
[build.rust_scripts_in_pinned_root]     Checking rand_core v0.10.1
[build.rust_scripts_in_pinned_root]     Checking wyz v0.5.1
[build.rust_scripts_in_pinned_root]     Checking digest v0.10.7
[build.rust_scripts_in_pinned_root]     Checking tracing-core v0.1.36
[build.rust_scripts_in_pinned_root]     Checking funty v2.0.0
[build.rust_scripts_in_pinned_root]     Checking simd-adler32 v0.3.10
[build.rust_scripts_in_pinned_root]     Checking unsafe-libyaml-norway v0.2.15
[build.rust_scripts_in_pinned_root]    Compiling getrandom v0.4.3
[build.rust_scripts_in_pinned_root]     Checking cpufeatures v0.2.17
[build.rust_scripts_in_pinned_root]     Checking adler2 v2.0.1
[build.rust_scripts_in_pinned_root]     Checking sha2 v0.10.9
[build.rust_scripts_in_pinned_root]     Checking miniz_oxide v0.9.1
[build.rust_scripts_in_pinned_root]     Checking unsafe-libyaml v0.2.11
[build.rust_scripts_in_pinned_root]     Checking bytesize v2.7.0
[build.rust_scripts_in_pinned_root]     Checking futures-sink v0.3.34
[build.rust_scripts_in_pinned_root]    Compiling parking_lot_core v0.9.12
[build.rust_scripts_in_pinned_root]     Checking futures-core v0.3.34
[build.rust_scripts_in_pinned_root]     Checking shell-words v1.1.1
[build.rust_scripts_in_pinned_root]     Checking smallvec v1.16.1
[build.rust_scripts_in_pinned_root]     Checking futures-channel v0.3.34
[build.rust_scripts_in_pinned_root]     Checking flate2 v1.1.10
[build.rust_scripts_in_pinned_root]     Checking futures-task v0.3.34
[build.rust_scripts_in_pinned_root]     Checking scopeguard v1.2.0
[build.rust_scripts_in_pinned_root]     Checking slab v0.4.12
[build.rust_scripts_in_pinned_root]     Checking futures v0.1.31
[build.rust_scripts_in_pinned_root]     Checking futures-io v0.3.34
[build.rust_scripts_in_pinned_root]     Checking lock_api v0.4.14
[build.rust_scripts_in_pinned_root]     Checking twox-hash v2.1.4
[build.rust_scripts_in_pinned_root]     Checking static_assertions v1.1.0
[build.rust_scripts_in_pinned_root]    Compiling object v0.39.1
[build.rust_scripts_in_pinned_root]    Compiling thiserror v2.0.20
[build.rust_scripts_in_pinned_root]    Compiling cpp_demangle v0.5.1
[build.rust_scripts_in_pinned_root]    Compiling serde_derive v1.0.229
[build.rust_scripts_in_pinned_root]    Compiling serde_repr v0.1.21
[build.rust_scripts_in_pinned_root]    Compiling clap_derive v4.6.7
[build.rust_scripts_in_pinned_root]    Compiling futures-macro v0.3.34
[build.rust_scripts_in_pinned_root]     Checking terminal_size v0.4.4
[build.rust_scripts_in_pinned_root]    Compiling thiserror-impl v2.0.20
[build.rust_scripts_in_pinned_root]    Compiling tokio-macros v2.7.2
[build.rust_scripts_in_pinned_root]     Checking clap_builder v4.6.7
[build.rust_scripts_in_pinned_root]     Checking futures-util v0.3.34
[build.rust_scripts_in_pinned_root]     Checking parking_lot v0.12.5
[build.rust_scripts_in_pinned_root]    Compiling derive_more-impl v1.0.0
[build.rust_scripts_in_pinned_root]    Compiling tracing-attributes v0.1.31
[build.rust_scripts_in_pinned_root]     Checking twox-hash v1.6.3
[build.rust_scripts_in_pinned_root]     Checking ruzstd v0.8.3
[build.rust_scripts_in_pinned_root]     Checking mio v1.2.3
[build.rust_scripts_in_pinned_root]     Checking socket2 v0.6.5
[build.rust_scripts_in_pinned_root]     Checking toml_write v0.1.2
[build.rust_scripts_in_pinned_root]     Checking typed-arena v2.0.2
[build.rust_scripts_in_pinned_root]     Checking clap v4.6.7
[build.rust_scripts_in_pinned_root]     Checking fastrand v2.5.0
[build.rust_scripts_in_pinned_root]     Checking hex v0.4.3
[build.rust_scripts_in_pinned_root]     Checking lazy_static v1.5.0
[build.rust_scripts_in_pinned_root]     Checking cpufeatures v0.3.1
[build.rust_scripts_in_pinned_root]    Compiling procfs v0.18.0
[build.rust_scripts_in_pinned_root]    Compiling object v0.36.7
[build.rust_scripts_in_pinned_root]     Checking foldhash v0.1.5
[build.rust_scripts_in_pinned_root]     Checking bytes v1.12.1
[build.rust_scripts_in_pinned_root]     Checking winnow v0.7.15
[build.rust_scripts_in_pinned_root]     Checking tracing v0.1.44
[build.rust_scripts_in_pinned_root]     Checking hashbrown v0.15.5
[build.rust_scripts_in_pinned_root]     Checking tempfile v3.27.0
[build.rust_scripts_in_pinned_root]     Checking chacha20 v0.10.2
[build.rust_scripts_in_pinned_root]     Checking colored v2.2.0
[build.rust_scripts_in_pinned_root]     Checking tokio v1.53.1
[build.rust_scripts_in_pinned_root]     Checking ruzstd v0.7.3
[build.rust_scripts_in_pinned_root]     Checking memmap2 v0.9.11
[build.rust_scripts_in_pinned_root]     Checking aho-corasick v1.1.5
[build.rust_scripts_in_pinned_root]     Checking chrono v0.4.45
[build.rust_scripts_in_pinned_root]     Checking bincode v2.0.1
[build.rust_scripts_in_pinned_root]     Checking reverie-memory v0.2.0 (https://github.com/rrnewton/reverie.git?rev=d87a03a312421d34dee81dae71aa395b40231e63#d87a03a3)
[build.rust_scripts_in_pinned_root]     Checking bitvec v1.1.1
[build.rust_scripts_in_pinned_root]     Checking serde_norway v0.9.42
[build.rust_scripts_in_pinned_root]     Checking serde_yaml v0.9.34+deprecated
[build.rust_scripts_in_pinned_root]     Checking futures-executor v0.3.34
[build.rust_scripts_in_pinned_root]     Checking toml_datetime v0.6.11
[build.rust_scripts_in_pinned_root]     Checking serde_spanned v0.6.9
[build.rust_scripts_in_pinned_root]     Checking futures v0.3.34
[build.rust_scripts_in_pinned_root]     Checking procfs-core v0.18.0
[build.rust_scripts_in_pinned_root]     Checking toml_edit v0.22.27
[build.rust_scripts_in_pinned_root]     Checking dagrun v0.15.0 (/src/agent-utils/rs/dagrun)
[build.rust_scripts_in_pinned_root]     Checking regex-syntax v0.8.11
[build.rust_scripts_in_pinned_root]     Checking derive_more v1.0.0
[build.rust_scripts_in_pinned_root]     Checking reverie-syscalls v0.2.0 (https://github.com/rrnewton/reverie.git?rev=d87a03a312421d34dee81dae71aa395b40231e63#d87a03a3)
[build.rust_scripts_in_pinned_root]     Checking rustc-demangle v0.1.28
[build.rust_scripts_in_pinned_root]     Checking gimli v0.33.0
[build.rust_scripts_in_pinned_root]     Checking fallible-iterator v0.3.0
[build.rust_scripts_in_pinned_root]     Checking bitflags v1.3.2
[build.rust_scripts_in_pinned_root]     Checking raw-cpuid v10.7.0
[build.rust_scripts_in_pinned_root]     Checking regex-automata v0.4.18
[build.rust_scripts_in_pinned_root]     Checking linked-hash-map v0.5.6
[build.rust_scripts_in_pinned_root]     Checking reverie-process v0.2.0 (https://github.com/rrnewton/reverie.git?rev=d87a03a312421d34dee81dae71aa395b40231e63#d87a03a3)
[build.rust_scripts_in_pinned_root]     Checking rand v0.10.2
[build.rust_scripts_in_pinned_root]    Compiling async-trait v0.1.92
[build.rust_scripts_in_pinned_root]     Checking csv-core v0.1.13
[build.rust_scripts_in_pinned_root]     Checking never-say-never v6.6.666
[build.rust_scripts_in_pinned_root]     Checking yansi v1.0.1
[build.rust_scripts_in_pinned_root]     Checking diff v0.1.13
[build.rust_scripts_in_pinned_root]     Checking arrayvec v0.5.2
[build.rust_scripts_in_pinned_root]     Checking byteorder v1.5.0
[build.rust_scripts_in_pinned_root]     Checking pretty v0.12.5
[build.rust_scripts_in_pinned_root]     Checking pretty_assertions v1.4.1
[build.rust_scripts_in_pinned_root]     Checking rand_distr v0.6.0
[build.rust_scripts_in_pinned_root]     Checking csv v1.4.0
[build.rust_scripts_in_pinned_root]     Checking addr2line v0.26.1
[build.rust_scripts_in_pinned_root]     Checking toml v0.8.23
[build.rust_scripts_in_pinned_root]     Checking regex v1.13.1
[build.rust_scripts_in_pinned_root]     Checking rand_pcg v0.10.2
[build.rust_scripts_in_pinned_root]     Checking fs2 v0.4.3
[build.rust_scripts_in_pinned_root]     Checking manifest-to-commands_ae038590b4b5f62da894fdfc v0.1.0 (/tmp/hermit-rust-script-packages.6FMB6wJk/fc33cf509da19b1c)
[build.rust_scripts_in_pinned_root]     Checking update_spreadsheet_5f1a7faed20eb82f1dfa39eb v0.1.0 (/tmp/hermit-rust-script-packages.6FMB6wJk/81da3f1d442cc879)
[build.rust_scripts_in_pinned_root]     Checking nextest-timeout-config_cf4d3b7f5856ee8874c5312c v0.1.0 (/tmp/hermit-rust-script-packages.6FMB6wJk/2162d8a3b81d996d)
[build.rust_scripts_in_pinned_root]     Checking manifest-cli_ebb7bfae82ac044bd62e8e23 v0.1.0 (/tmp/hermit-rust-script-packages.6FMB6wJk/6972560c9ef2290f)
[build.rust_scripts_in_pinned_root]     Checking hermit-code-coverage_3185d390edb9c474def1a04a v0.1.0 (/tmp/hermit-rust-script-packages.6FMB6wJk/e306610591edf591)
[build.rust_scripts_in_pinned_root]     Checking bisect-probe_5fbc8958596ecb395ae09162 v0.1.0 (/tmp/hermit-rust-script-packages.6FMB6wJk/344d4004465230b9)
[build.rust_scripts_in_pinned_root]     Checking select-tests_98c0b900b8f79b18e4ccb7de v0.1.0 (/tmp/hermit-rust-script-packages.6FMB6wJk/cfee71cd74153651)
[build.rust_scripts_in_pinned_root]     Checking power-to-weight_b29cb4e2b3ad561a802287ed v0.1.0 (/tmp/hermit-rust-script-packages.6FMB6wJk/74f4de48268e496d)
[build.rust_scripts_in_pinned_root]     Checking structured-test-results_ee4c6de738f77fba1bf5c48f v0.1.0 (/tmp/hermit-rust-script-packages.6FMB6wJk/dbfbd1f3870f1cf4)
[build.rust_scripts_in_pinned_root]     Checking nextest-test-results_612a44975661ea992fd66d52 v0.1.0 (/tmp/hermit-rust-script-packages.6FMB6wJk/59ea0555bb7bb866)
[build.rust_scripts_in_pinned_root]     Checking docs-pages-contract_e0d2d6cb1f1a9032b32db343 v0.1.0 (/tmp/hermit-rust-script-packages.6FMB6wJk/76d1a06784c51374)
[build.rust_scripts_in_pinned_root]     Checking check-record-version-floor_ac15c5ed7a71f36bd8258df1 v0.1.0 (/tmp/hermit-rust-script-packages.6FMB6wJk/f8017f227c95ed9a)
[build.rust_scripts_in_pinned_root]     Checking check-exit-status-class_28b6c2fda2c440424a74f8d8 v0.1.0 (/tmp/hermit-rust-script-packages.6FMB6wJk/a1bd4437bae839b6)
[build.rust_scripts_in_pinned_root]     Checking check-nested-lockfiles_ff9ce396fe45301dff1bdd6d v0.1.0 (/tmp/hermit-rust-script-packages.6FMB6wJk/40aa044d7d34c808)
[build.rust_scripts_in_pinned_root]     Checking detcore-model v0.2.0 (/src/detcore-model)
[build.rust_scripts_in_pinned_root]     Checking runner_health_8a372051316cb63778a98cef v0.1.0 (/tmp/hermit-rust-script-packages.6FMB6wJk/3872522b0d01e12d)
[build.rust_scripts_in_pinned_root]     Checking check-skill-discovery_b86b09f32d17243a98f6a689 v0.1.0 (/tmp/hermit-rust-script-packages.6FMB6wJk/2952a53430d12a42)
[build.rust_scripts_in_pinned_root]     Checking check-dbt-runtime-abi_1a4eb072226540516395dcd2 v0.1.0 (/tmp/hermit-rust-script-packages.6FMB6wJk/91a6f85b46f9a093)
[build.rust_scripts_in_pinned_root]     Checking check-github-actions-triggers_41686efb6533ea36c8d5958c v0.1.0 (/tmp/hermit-rust-script-packages.6FMB6wJk/55ba5f117f6432d6)
[build.rust_scripts_in_pinned_root]     Checking log_timeslice_cf7630744e3948982192a48b v0.1.0 (/tmp/hermit-rust-script-packages.6FMB6wJk/d409f34a1c6de4ee)
[build.rust_scripts_in_pinned_root]     Checking check-reverie-pin_91e08fe1d4e3305b596f312d v0.1.0 (/tmp/hermit-rust-script-packages.6FMB6wJk/93265ab9957e4aba)
[build.rust_scripts_in_pinned_root]     Checking check-checker-scheduling_b093feb8b909755434079bd2 v0.1.0 (/tmp/hermit-rust-script-packages.6FMB6wJk/cd189eff27bcb3f6)
[build.rust_scripts_in_pinned_root]     Checking check-git-pin-uniformity_4df9d3b82ebc36a6f946ef23 v0.1.0 (/tmp/hermit-rust-script-packages.6FMB6wJk/6b330abf7c0ddfd4)
[build.rust_scripts_in_pinned_root]     Checking reverie-core v0.2.0 (https://github.com/rrnewton/reverie.git?rev=d87a03a312421d34dee81dae71aa395b40231e63#d87a03a3)
[build.rust_scripts_in_pinned_root]     Checking detcore-backend-source_d4929287aa1a1bcd44485448 v0.1.0 (/tmp/hermit-rust-script-packages.6FMB6wJk/62ac2bfb61938d72)
[build.rust_scripts_in_pinned_root]     Checking hermit-manifest-plan v0.2.0 (/src/ci/manifest-plan)
[build.rust_scripts_in_pinned_root]     Checking hermit-detcore v0.2.0 (/src/detcore)
[build.rust_scripts_in_pinned_root]     Checking validate_d47fa2fb645760353d03e1fc v0.1.0 (/tmp/hermit-rust-script-packages.6FMB6wJk/b7908774f65bce43)
[build.rust_scripts_in_pinned_root]     Checking nextest-binaries_a8cca7602d87183074ad8e98 v0.1.0 (/tmp/hermit-rust-script-packages.6FMB6wJk/914eb5845ec9abe9)
[build.rust_scripts_in_pinned_root]     Checking scorecard_753d765b8f6b6aad8ab4aea6 v0.1.0 (/tmp/hermit-rust-script-packages.6FMB6wJk/ea43a74c69f612af)
[build.rust_scripts_in_pinned_root]     Checking pressure-test_b59e2627fef235cd282d47aa v0.1.0 (/tmp/hermit-rust-script-packages.6FMB6wJk/5f829a04c0a8df85)
[build.rust_scripts_in_pinned_root]     Checking cross-backend-detlog-diff_a3faf6a1e04a16d7e5261625 v0.1.0 (/tmp/hermit-rust-script-packages.6FMB6wJk/cae18980d4930ac8)
[build.rust_scripts_in_pinned_root]     Finished `dev` profile [unoptimized + debuginfo] target(s) in 17.54s
[build.rust_scripts_in_pinned_root] … 30s elapsed, no test events yet
[build.rust_scripts_in_pinned_root] … 60s elapsed, no test events yet
[build.rust_scripts_in_pinned_root] … 90s elapsed, no test events yet
[build.rust_scripts_in_pinned_root] warning: profiles for the non root package will be ignored, specify profiles at the workspace root:
[build.rust_scripts_in_pinned_root] package:   /tmp/hermit-rust-script-packages.6FMB6wJk/5f829a04c0a8df85/Cargo.toml
[build.rust_scripts_in_pinned_root] workspace: /tmp/hermit-rust-script-packages.6FMB6wJk/Cargo.toml
[build.rust_scripts_in_pinned_root] warning: profiles for the non root package will be ignored, specify profiles at the workspace root:
[build.rust_scripts_in_pinned_root] package:   /tmp/hermit-rust-script-packages.6FMB6wJk/ea43a74c69f612af/Cargo.toml
[build.rust_scripts_in_pinned_root] workspace: /tmp/hermit-rust-script-packages.6FMB6wJk/Cargo.toml
[build.rust_scripts_in_pinned_root] warning: profiles for the non root package will be ignored, specify profiles at the workspace root:
[build.rust_scripts_in_pinned_root] package:   /tmp/hermit-rust-script-packages.6FMB6wJk/914eb5845ec9abe9/Cargo.toml
[build.rust_scripts_in_pinned_root] workspace: /tmp/hermit-rust-script-packages.6FMB6wJk/Cargo.toml
[build.rust_scripts_in_pinned_root] warning: profiles for the non root package will be ignored, specify profiles at the workspace root:
[build.rust_scripts_in_pinned_root] package:   /tmp/hermit-rust-script-packages.6FMB6wJk/59ea0555bb7bb866/Cargo.toml
[build.rust_scripts_in_pinned_root] workspace: /tmp/hermit-rust-script-packages.6FMB6wJk/Cargo.toml
[build.rust_scripts_in_pinned_root] warning: profiles for the non root package will be ignored, specify profiles at the workspace root:
[build.rust_scripts_in_pinned_root] package:   /tmp/hermit-rust-script-packages.6FMB6wJk/2162d8a3b81d996d/Cargo.toml
[build.rust_scripts_in_pinned_root] workspace: /tmp/hermit-rust-script-packages.6FMB6wJk/Cargo.toml
[build.rust_scripts_in_pinned_root] warning: profiles for the non root package will be ignored, specify profiles at the workspace root:
[build.rust_scripts_in_pinned_root] package:   /tmp/hermit-rust-script-packages.6FMB6wJk/74f4de48268e496d/Cargo.toml
[build.rust_scripts_in_pinned_root] workspace: /tmp/hermit-rust-script-packages.6FMB6wJk/Cargo.toml
[build.rust_scripts_in_pinned_root] warning: profiles for the non root package will be ignored, specify profiles at the workspace root:
[build.rust_scripts_in_pinned_root] package:   /tmp/hermit-rust-script-packages.6FMB6wJk/cfee71cd74153651/Cargo.toml
[build.rust_scripts_in_pinned_root] workspace: /tmp/hermit-rust-script-packages.6FMB6wJk/Cargo.toml
[build.rust_scripts_in_pinned_root] warning: profiles for the non root package will be ignored, specify profiles at the workspace root:
[build.rust_scripts_in_pinned_root] package:   /tmp/hermit-rust-script-packages.6FMB6wJk/dbfbd1f3870f1cf4/Cargo.toml
[build.rust_scripts_in_pinned_root] workspace: /tmp/hermit-rust-script-packages.6FMB6wJk/Cargo.toml
[build.rust_scripts_in_pinned_root] warning: profiles for the non root package will be ignored, specify profiles at the workspace root:
[build.rust_scripts_in_pinned_root] package:   /tmp/hermit-rust-script-packages.6FMB6wJk/344d4004465230b9/Cargo.toml
[build.rust_scripts_in_pinned_root] workspace: /tmp/hermit-rust-script-packages.6FMB6wJk/Cargo.toml
[build.rust_scripts_in_pinned_root] warning: profiles for the non root package will be ignored, specify profiles at the workspace root:
[build.rust_scripts_in_pinned_root] package:   /tmp/hermit-rust-script-packages.6FMB6wJk/cd189eff27bcb3f6/Cargo.toml
[build.rust_scripts_in_pinned_root] workspace: /tmp/hermit-rust-script-packages.6FMB6wJk/Cargo.toml
[build.rust_scripts_in_pinned_root] warning: profiles for the non root package will be ignored, specify profiles at the workspace root:
[build.rust_scripts_in_pinned_root] package:   /tmp/hermit-rust-script-packages.6FMB6wJk/91a6f85b46f9a093/Cargo.toml
[build.rust_scripts_in_pinned_root] workspace: /tmp/hermit-rust-script-packages.6FMB6wJk/Cargo.toml
[build.rust_scripts_in_pinned_root] warning: profiles for the non root package will be ignored, specify profiles at the workspace root:
[build.rust_scripts_in_pinned_root] package:   /tmp/hermit-rust-script-packages.6FMB6wJk/a1bd4437bae839b6/Cargo.toml
[build.rust_scripts_in_pinned_root] workspace: /tmp/hermit-rust-script-packages.6FMB6wJk/Cargo.toml
[build.rust_scripts_in_pinned_root] warning: profiles for the non root package will be ignored, specify profiles at the workspace root:
[build.rust_scripts_in_pinned_root] package:   /tmp/hermit-rust-script-packages.6FMB6wJk/6b330abf7c0ddfd4/Cargo.toml
[build.rust_scripts_in_pinned_root] workspace: /tmp/hermit-rust-script-packages.6FMB6wJk/Cargo.toml
[build.rust_scripts_in_pinned_root] warning: profiles for the non root package will be ignored, specify profiles at the workspace root:
[build.rust_scripts_in_pinned_root] package:   /tmp/hermit-rust-script-packages.6FMB6wJk/55ba5f117f6432d6/Cargo.toml
[build.rust_scripts_in_pinned_root] workspace: /tmp/hermit-rust-script-packages.6FMB6wJk/Cargo.toml
[build.rust_scripts_in_pinned_root] warning: profiles for the non root package will be ignored, specify profiles at the workspace root:
[build.rust_scripts_in_pinned_root] package:   /tmp/hermit-rust-script-packages.6FMB6wJk/40aa044d7d34c808/Cargo.toml
[build.rust_scripts_in_pinned_root] workspace: /tmp/hermit-rust-script-packages.6FMB6wJk/Cargo.toml
[build.rust_scripts_in_pinned_root] warning: profiles for the non root package will be ignored, specify profiles at the workspace root:
[build.rust_scripts_in_pinned_root] package:   /tmp/hermit-rust-script-packages.6FMB6wJk/f8017f227c95ed9a/Cargo.toml
[build.rust_scripts_in_pinned_root] workspace: /tmp/hermit-rust-script-packages.6FMB6wJk/Cargo.toml
[build.rust_scripts_in_pinned_root] warning: profiles for the non root package will be ignored, specify profiles at the workspace root:
[build.rust_scripts_in_pinned_root] package:   /tmp/hermit-rust-script-packages.6FMB6wJk/93265ab9957e4aba/Cargo.toml
[build.rust_scripts_in_pinned_root] workspace: /tmp/hermit-rust-script-packages.6FMB6wJk/Cargo.toml
[build.rust_scripts_in_pinned_root] warning: profiles for the non root package will be ignored, specify profiles at the workspace root:
[build.rust_scripts_in_pinned_root] package:   /tmp/hermit-rust-script-packages.6FMB6wJk/2952a53430d12a42/Cargo.toml
[build.rust_scripts_in_pinned_root] workspace: /tmp/hermit-rust-script-packages.6FMB6wJk/Cargo.toml
[build.rust_scripts_in_pinned_root] warning: profiles for the non root package will be ignored, specify profiles at the workspace root:
[build.rust_scripts_in_pinned_root] package:   /tmp/hermit-rust-script-packages.6FMB6wJk/cae18980d4930ac8/Cargo.toml
[build.rust_scripts_in_pinned_root] workspace: /tmp/hermit-rust-script-packages.6FMB6wJk/Cargo.toml
[build.rust_scripts_in_pinned_root] warning: profiles for the non root package will be ignored, specify profiles at the workspace root:
[build.rust_scripts_in_pinned_root] package:   /tmp/hermit-rust-script-packages.6FMB6wJk/62ac2bfb61938d72/Cargo.toml
[build.rust_scripts_in_pinned_root] workspace: /tmp/hermit-rust-script-packages.6FMB6wJk/Cargo.toml
[build.rust_scripts_in_pinned_root] warning: profiles for the non root package will be ignored, specify profiles at the workspace root:
[build.rust_scripts_in_pinned_root] package:   /tmp/hermit-rust-script-packages.6FMB6wJk/76d1a06784c51374/Cargo.toml
[build.rust_scripts_in_pinned_root] workspace: /tmp/hermit-rust-script-packages.6FMB6wJk/Cargo.toml
[build.rust_scripts_in_pinned_root] warning: profiles for the non root package will be ignored, specify profiles at the workspace root:
[build.rust_scripts_in_pinned_root] package:   /tmp/hermit-rust-script-packages.6FMB6wJk/e306610591edf591/Cargo.toml
[build.rust_scripts_in_pinned_root] workspace: /tmp/hermit-rust-script-packages.6FMB6wJk/Cargo.toml
[build.rust_scripts_in_pinned_root] warning: profiles for the non root package will be ignored, specify profiles at the workspace root:
[build.rust_scripts_in_pinned_root] package:   /tmp/hermit-rust-script-packages.6FMB6wJk/d409f34a1c6de4ee/Cargo.toml
[build.rust_scripts_in_pinned_root] workspace: /tmp/hermit-rust-script-packages.6FMB6wJk/Cargo.toml
[build.rust_scripts_in_pinned_root] warning: profiles for the non root package will be ignored, specify profiles at the workspace root:
[build.rust_scripts_in_pinned_root] package:   /tmp/hermit-rust-script-packages.6FMB6wJk/fc33cf509da19b1c/Cargo.toml
[build.rust_scripts_in_pinned_root] workspace: /tmp/hermit-rust-script-packages.6FMB6wJk/Cargo.toml
[build.rust_scripts_in_pinned_root] warning: profiles for the non root package will be ignored, specify profiles at the workspace root:
[build.rust_scripts_in_pinned_root] package:   /tmp/hermit-rust-script-packages.6FMB6wJk/3872522b0d01e12d/Cargo.toml
[build.rust_scripts_in_pinned_root] workspace: /tmp/hermit-rust-script-packages.6FMB6wJk/Cargo.toml
[build.rust_scripts_in_pinned_root] warning: profiles for the non root package will be ignored, specify profiles at the workspace root:
[build.rust_scripts_in_pinned_root] package:   /tmp/hermit-rust-script-packages.6FMB6wJk/81da3f1d442cc879/Cargo.toml
[build.rust_scripts_in_pinned_root] workspace: /tmp/hermit-rust-script-packages.6FMB6wJk/Cargo.toml
[build.rust_scripts_in_pinned_root] warning: profiles for the non root package will be ignored, specify profiles at the workspace root:
[build.rust_scripts_in_pinned_root] package:   /tmp/hermit-rust-script-packages.6FMB6wJk/b7908774f65bce43/Cargo.toml
[build.rust_scripts_in_pinned_root] workspace: /tmp/hermit-rust-script-packages.6FMB6wJk/Cargo.toml
[build.rust_scripts_in_pinned_root] warning: profiles for the non root package will be ignored, specify profiles at the workspace root:
[build.rust_scripts_in_pinned_root] package:   /tmp/hermit-rust-script-packages.6FMB6wJk/6972560c9ef2290f/Cargo.toml
[build.rust_scripts_in_pinned_root] workspace: /tmp/hermit-rust-script-packages.6FMB6wJk/Cargo.toml
[build.rust_scripts_in_pinned_root]    Compiling proc-macro2 v1.0.107
[build.rust_scripts_in_pinned_root]    Compiling quote v1.0.47
[build.rust_scripts_in_pinned_root]    Compiling unicode-ident v1.0.25
[build.rust_scripts_in_pinned_root]    Compiling serde_core v1.0.229
[build.rust_scripts_in_pinned_root]    Compiling libc v0.2.189
[build.rust_scripts_in_pinned_root]    Compiling serde v1.0.229
[build.rust_scripts_in_pinned_root]    Compiling memchr v2.8.3
[build.rust_scripts_in_pinned_root]    Compiling cfg-if v1.0.5
[build.rust_scripts_in_pinned_root]    Compiling itoa v1.0.18
[build.rust_scripts_in_pinned_root]    Compiling autocfg v1.5.1
[build.rust_scripts_in_pinned_root]    Compiling hashbrown v0.17.1
[build.rust_scripts_in_pinned_root]    Compiling equivalent v1.0.2
[build.rust_scripts_in_pinned_root]    Compiling zmij v1.0.23
[build.rust_scripts_in_pinned_root]    Compiling serde_json v1.0.151
[build.rust_scripts_in_pinned_root]    Compiling libm v0.2.16
[build.rust_scripts_in_pinned_root]    Compiling rustix v1.1.5
[build.rust_scripts_in_pinned_root]    Compiling num-traits v0.2.19
[build.rust_scripts_in_pinned_root]    Compiling version_check v0.9.5
[build.rust_scripts_in_pinned_root]    Compiling pin-project-lite v0.2.17
[build.rust_scripts_in_pinned_root]    Compiling syn v3.0.6
[build.rust_scripts_in_pinned_root]    Compiling linux-raw-sys v0.12.1
[build.rust_scripts_in_pinned_root]    Compiling syn v2.0.119
[build.rust_scripts_in_pinned_root]    Compiling indexmap v2.14.2
[build.rust_scripts_in_pinned_root]    Compiling generic-array v0.14.7
[build.rust_scripts_in_pinned_root]    Compiling memoffset v0.9.1
[build.rust_scripts_in_pinned_root]    Compiling syscalls v0.6.18
[build.rust_scripts_in_pinned_root]    Compiling cfg_aliases v0.2.2
[build.rust_scripts_in_pinned_root]    Compiling ryu v1.0.23
[build.rust_scripts_in_pinned_root]    Compiling nix v0.30.1
[build.rust_scripts_in_pinned_root]    Compiling typenum v1.20.1
[build.rust_scripts_in_pinned_root]    Compiling unicode-segmentation v1.13.3
[build.rust_scripts_in_pinned_root]    Compiling paste v1.0.15
[build.rust_scripts_in_pinned_root]    Compiling errno v0.3.14
[build.rust_scripts_in_pinned_root]    Compiling signal-hook-registry v1.4.8
[build.rust_scripts_in_pinned_root]    Compiling convert_case v0.6.0
[build.rust_scripts_in_pinned_root]    Compiling utf8parse v0.2.2
[build.rust_scripts_in_pinned_root]    Compiling iana-time-zone v0.1.65
[build.rust_scripts_in_pinned_root]    Compiling bitflags v2.13.2
[build.rust_scripts_in_pinned_root]    Compiling virtue v0.0.18
[build.rust_scripts_in_pinned_root]    Compiling unicode-xid v0.2.6
[build.rust_scripts_in_pinned_root]    Compiling anstyle-parse v1.0.0
[build.rust_scripts_in_pinned_root]    Compiling colorchoice v1.0.5
[build.rust_scripts_in_pinned_root]    Compiling anstyle v1.0.14
[build.rust_scripts_in_pinned_root]    Compiling radium v0.7.0
[build.rust_scripts_in_pinned_root]    Compiling once_cell v1.21.4
[build.rust_scripts_in_pinned_root]    Compiling anstyle-query v1.1.5
[build.rust_scripts_in_pinned_root]    Compiling unicode-width v0.2.2
[build.rust_scripts_in_pinned_root]    Compiling bincode_derive v2.0.1
[build.rust_scripts_in_pinned_root]    Compiling anyhow v1.0.104
[build.rust_scripts_in_pinned_root]    Compiling is_terminal_polyfill v1.70.2
[build.rust_scripts_in_pinned_root]    Compiling unty v0.0.4
[build.rust_scripts_in_pinned_root]    Compiling anstream v1.0.0
[build.rust_scripts_in_pinned_root]    Compiling block-buffer v0.10.4
[build.rust_scripts_in_pinned_root]    Compiling crypto-common v0.1.7
[build.rust_scripts_in_pinned_root]    Compiling signal-hook v0.4.4
[build.rust_scripts_in_pinned_root]    Compiling strsim v0.11.1
[build.rust_scripts_in_pinned_root]    Compiling unicase v2.9.0
[build.rust_scripts_in_pinned_root]    Compiling crc32fast v1.5.2
[build.rust_scripts_in_pinned_root]    Compiling serde_derive v1.0.229
[build.rust_scripts_in_pinned_root]    Compiling serde_repr v0.1.21
[build.rust_scripts_in_pinned_root]    Compiling clap_lex v1.1.1
[build.rust_scripts_in_pinned_root]    Compiling rand_core v0.10.1
[build.rust_scripts_in_pinned_root]    Compiling tap v1.0.1
[build.rust_scripts_in_pinned_root]    Compiling heck v0.5.0
[build.rust_scripts_in_pinned_root]    Compiling wyz v0.5.1
[build.rust_scripts_in_pinned_root]    Compiling clap_derive v4.6.7
[build.rust_scripts_in_pinned_root]    Compiling digest v0.10.7
[build.rust_scripts_in_pinned_root]    Compiling derive_more-impl v1.0.0
[build.rust_scripts_in_pinned_root]    Compiling tracing-attributes v0.1.31
[build.rust_scripts_in_pinned_root]    Compiling tracing-core v0.1.36
[build.rust_scripts_in_pinned_root]    Compiling funty v2.0.0
[build.rust_scripts_in_pinned_root]    Compiling terminal_size v0.4.4
[build.rust_scripts_in_pinned_root]    Compiling clap_builder v4.6.7
[build.rust_scripts_in_pinned_root]    Compiling simd-adler32 v0.3.10
[build.rust_scripts_in_pinned_root]    Compiling unsafe-libyaml-norway v0.2.15
[build.rust_scripts_in_pinned_root]    Compiling cpufeatures v0.2.17
[build.rust_scripts_in_pinned_root]    Compiling getrandom v0.4.3
[build.rust_scripts_in_pinned_root]    Compiling adler2 v2.0.1
[build.rust_scripts_in_pinned_root]    Compiling chrono v0.4.45
[build.rust_scripts_in_pinned_root]    Compiling bincode v2.0.1
[build.rust_scripts_in_pinned_root]    Compiling reverie-memory v0.2.0 (https://github.com/rrnewton/reverie.git?rev=d87a03a312421d34dee81dae71aa395b40231e63#d87a03a3)
[build.rust_scripts_in_pinned_root]    Compiling serde_norway v0.9.42
[build.rust_scripts_in_pinned_root]    Compiling bitvec v1.1.1
[build.rust_scripts_in_pinned_root]    Compiling derive_more v1.0.0
[build.rust_scripts_in_pinned_root]    Compiling reverie-syscalls v0.2.0 (https://github.com/rrnewton/reverie.git?rev=d87a03a312421d34dee81dae71aa395b40231e63#d87a03a3)
[build.rust_scripts_in_pinned_root]    Compiling clap v4.6.7
[build.rust_scripts_in_pinned_root]    Compiling miniz_oxide v0.9.1
[build.rust_scripts_in_pinned_root]    Compiling sha2 v0.10.9
[build.rust_scripts_in_pinned_root]    Compiling tracing v0.1.44
[build.rust_scripts_in_pinned_root]    Compiling unsafe-libyaml v0.2.11
[build.rust_scripts_in_pinned_root]    Compiling bytesize v2.7.0
[build.rust_scripts_in_pinned_root]    Compiling futures-sink v0.3.34
[build.rust_scripts_in_pinned_root]    Compiling parking_lot_core v0.9.12
[build.rust_scripts_in_pinned_root]    Compiling futures-core v0.3.34
[build.rust_scripts_in_pinned_root]    Compiling shell-words v1.1.1
[build.rust_scripts_in_pinned_root]    Compiling smallvec v1.16.1
[build.rust_scripts_in_pinned_root]    Compiling futures-channel v0.3.34
[build.rust_scripts_in_pinned_root]    Compiling dagrun v0.15.0 (/src/agent-utils/rs/dagrun)
[build.rust_scripts_in_pinned_root]    Compiling flate2 v1.1.10
[build.rust_scripts_in_pinned_root]    Compiling futures-macro v0.3.34
[build.rust_scripts_in_pinned_root]    Compiling serde_yaml v0.9.34+deprecated
[build.rust_scripts_in_pinned_root]    Compiling futures-task v0.3.34
[build.rust_scripts_in_pinned_root]    Compiling scopeguard v1.2.0
[build.rust_scripts_in_pinned_root]    Compiling slab v0.4.12
[build.rust_scripts_in_pinned_root]    Compiling futures v0.1.31
[build.rust_scripts_in_pinned_root]    Compiling futures-io v0.3.34
[build.rust_scripts_in_pinned_root]    Compiling lock_api v0.4.14
[build.rust_scripts_in_pinned_root]    Compiling twox-hash v2.1.4
[build.rust_scripts_in_pinned_root]    Compiling static_assertions v1.1.0
[build.rust_scripts_in_pinned_root]    Compiling object v0.39.1
[build.rust_scripts_in_pinned_root]    Compiling detcore-model v0.2.0 (/src/detcore-model)
[build.rust_scripts_in_pinned_root]    Compiling thiserror v2.0.20
[build.rust_scripts_in_pinned_root]    Compiling cpp_demangle v0.5.1
[build.rust_scripts_in_pinned_root]    Compiling futures-util v0.3.34
[build.rust_scripts_in_pinned_root]    Compiling parking_lot v0.12.5
[build.rust_scripts_in_pinned_root]    Compiling twox-hash v1.6.3
[build.rust_scripts_in_pinned_root]    Compiling ruzstd v0.8.3
[build.rust_scripts_in_pinned_root]    Compiling toml_datetime v0.6.11
[build.rust_scripts_in_pinned_root]    Compiling serde_spanned v0.6.9
[build.rust_scripts_in_pinned_root]    Compiling thiserror-impl v2.0.20
[build.rust_scripts_in_pinned_root]    Compiling tokio-macros v2.7.2
[build.rust_scripts_in_pinned_root]    Compiling mio v1.2.3
[build.rust_scripts_in_pinned_root]    Compiling socket2 v0.6.5
[build.rust_scripts_in_pinned_root]    Compiling fastrand v2.5.0
[build.rust_scripts_in_pinned_root]    Compiling hex v0.4.3
[build.rust_scripts_in_pinned_root]    Compiling lazy_static v1.5.0
[build.rust_scripts_in_pinned_root]    Compiling futures-executor v0.3.34
[build.rust_scripts_in_pinned_root]    Compiling cpufeatures v0.3.1
[build.rust_scripts_in_pinned_root]    Compiling procfs v0.18.0
[build.rust_scripts_in_pinned_root]    Compiling object v0.36.7
[build.rust_scripts_in_pinned_root]    Compiling foldhash v0.1.5
[build.rust_scripts_in_pinned_root]    Compiling bytes v1.12.1
[build.rust_scripts_in_pinned_root]    Compiling winnow v0.7.15
[build.rust_scripts_in_pinned_root]    Compiling toml_write v0.1.2
[build.rust_scripts_in_pinned_root]    Compiling typed-arena v2.0.2
[build.rust_scripts_in_pinned_root]    Compiling hashbrown v0.15.5
[build.rust_scripts_in_pinned_root]    Compiling futures v0.3.34
[build.rust_scripts_in_pinned_root]    Compiling chacha20 v0.10.2
[build.rust_scripts_in_pinned_root]    Compiling tokio v1.53.1
[build.rust_scripts_in_pinned_root]    Compiling colored v2.2.0
[build.rust_scripts_in_pinned_root]    Compiling procfs-core v0.18.0
[build.rust_scripts_in_pinned_root]    Compiling tempfile v3.27.0
[build.rust_scripts_in_pinned_root]    Compiling toml_edit v0.22.27
[build.rust_scripts_in_pinned_root]    Compiling ruzstd v0.7.3
[build.rust_scripts_in_pinned_root]    Compiling hermit-manifest-plan v0.2.0 (/src/ci/manifest-plan)
[build.rust_scripts_in_pinned_root]    Compiling memmap2 v0.9.11
[build.rust_scripts_in_pinned_root]    Compiling aho-corasick v1.1.5
[build.rust_scripts_in_pinned_root]    Compiling regex-syntax v0.8.11
[build.rust_scripts_in_pinned_root]    Compiling rustc-demangle v0.1.28
[build.rust_scripts_in_pinned_root]    Compiling gimli v0.33.0
[build.rust_scripts_in_pinned_root]    Compiling fallible-iterator v0.3.0
[build.rust_scripts_in_pinned_root]    Compiling bitflags v1.3.2
[build.rust_scripts_in_pinned_root]    Compiling addr2line v0.26.1
[build.rust_scripts_in_pinned_root]    Compiling raw-cpuid v10.7.0
[build.rust_scripts_in_pinned_root]    Compiling regex-automata v0.4.18
[build.rust_scripts_in_pinned_root]    Compiling reverie-process v0.2.0 (https://github.com/rrnewton/reverie.git?rev=d87a03a312421d34dee81dae71aa395b40231e63#d87a03a3)
[build.rust_scripts_in_pinned_root]    Compiling rand v0.10.2
[build.rust_scripts_in_pinned_root]    Compiling linked-hash-map v0.5.6
[build.rust_scripts_in_pinned_root]    Compiling async-trait v0.1.92
[build.rust_scripts_in_pinned_root]    Compiling csv-core v0.1.13
[build.rust_scripts_in_pinned_root]    Compiling never-say-never v6.6.666
[build.rust_scripts_in_pinned_root]    Compiling yansi v1.0.1
[build.rust_scripts_in_pinned_root]    Compiling diff v0.1.13
[build.rust_scripts_in_pinned_root]    Compiling arrayvec v0.5.2
[build.rust_scripts_in_pinned_root]    Compiling byteorder v1.5.0
[build.rust_scripts_in_pinned_root]    Compiling reverie-core v0.2.0 (https://github.com/rrnewton/reverie.git?rev=d87a03a312421d34dee81dae71aa395b40231e63#d87a03a3)
[build.rust_scripts_in_pinned_root]    Compiling pretty v0.12.5
[build.rust_scripts_in_pinned_root]    Compiling pretty_assertions v1.4.1
[build.rust_scripts_in_pinned_root]    Compiling csv v1.4.0
[build.rust_scripts_in_pinned_root]    Compiling rand_distr v0.6.0
[build.rust_scripts_in_pinned_root]    Compiling regex v1.13.1
[build.rust_scripts_in_pinned_root]    Compiling toml v0.8.23
[build.rust_scripts_in_pinned_root]    Compiling rand_pcg v0.10.2
[build.rust_scripts_in_pinned_root]    Compiling hermit-detcore v0.2.0 (/src/detcore)
[build.rust_scripts_in_pinned_root]    Compiling fs2 v0.4.3
[build.rust_scripts_in_pinned_root]    Compiling manifest-to-commands_ae038590b4b5f62da894fdfc v0.1.0 (/tmp/hermit-rust-script-packages.6FMB6wJk/fc33cf509da19b1c)
[build.rust_scripts_in_pinned_root]    Compiling update_spreadsheet_5f1a7faed20eb82f1dfa39eb v0.1.0 (/tmp/hermit-rust-script-packages.6FMB6wJk/81da3f1d442cc879)
[build.rust_scripts_in_pinned_root]    Compiling nextest-timeout-config_cf4d3b7f5856ee8874c5312c v0.1.0 (/tmp/hermit-rust-script-packages.6FMB6wJk/2162d8a3b81d996d)
[build.rust_scripts_in_pinned_root]    Compiling manifest-cli_ebb7bfae82ac044bd62e8e23 v0.1.0 (/tmp/hermit-rust-script-packages.6FMB6wJk/6972560c9ef2290f)
[build.rust_scripts_in_pinned_root]    Compiling hermit-code-coverage_3185d390edb9c474def1a04a v0.1.0 (/tmp/hermit-rust-script-packages.6FMB6wJk/e306610591edf591)
[build.rust_scripts_in_pinned_root]    Compiling select-tests_98c0b900b8f79b18e4ccb7de v0.1.0 (/tmp/hermit-rust-script-packages.6FMB6wJk/cfee71cd74153651)
[build.rust_scripts_in_pinned_root]    Compiling power-to-weight_b29cb4e2b3ad561a802287ed v0.1.0 (/tmp/hermit-rust-script-packages.6FMB6wJk/74f4de48268e496d)
[build.rust_scripts_in_pinned_root]    Compiling bisect-probe_5fbc8958596ecb395ae09162 v0.1.0 (/tmp/hermit-rust-script-packages.6FMB6wJk/344d4004465230b9)
[build.rust_scripts_in_pinned_root]    Compiling docs-pages-contract_e0d2d6cb1f1a9032b32db343 v0.1.0 (/tmp/hermit-rust-script-packages.6FMB6wJk/76d1a06784c51374)
[build.rust_scripts_in_pinned_root]    Compiling check-exit-status-class_28b6c2fda2c440424a74f8d8 v0.1.0 (/tmp/hermit-rust-script-packages.6FMB6wJk/a1bd4437bae839b6)
[build.rust_scripts_in_pinned_root]    Compiling check-nested-lockfiles_ff9ce396fe45301dff1bdd6d v0.1.0 (/tmp/hermit-rust-script-packages.6FMB6wJk/40aa044d7d34c808)
[build.rust_scripts_in_pinned_root]    Compiling check-skill-discovery_b86b09f32d17243a98f6a689 v0.1.0 (/tmp/hermit-rust-script-packages.6FMB6wJk/2952a53430d12a42)
[build.rust_scripts_in_pinned_root]    Compiling check-dbt-runtime-abi_1a4eb072226540516395dcd2 v0.1.0 (/tmp/hermit-rust-script-packages.6FMB6wJk/91a6f85b46f9a093)
[build.rust_scripts_in_pinned_root]    Compiling check-github-actions-triggers_41686efb6533ea36c8d5958c v0.1.0 (/tmp/hermit-rust-script-packages.6FMB6wJk/55ba5f117f6432d6)
[build.rust_scripts_in_pinned_root]    Compiling runner_health_8a372051316cb63778a98cef v0.1.0 (/tmp/hermit-rust-script-packages.6FMB6wJk/3872522b0d01e12d)
[build.rust_scripts_in_pinned_root]    Compiling check-reverie-pin_91e08fe1d4e3305b596f312d v0.1.0 (/tmp/hermit-rust-script-packages.6FMB6wJk/93265ab9957e4aba)
[build.rust_scripts_in_pinned_root]    Compiling check-checker-scheduling_b093feb8b909755434079bd2 v0.1.0 (/tmp/hermit-rust-script-packages.6FMB6wJk/cd189eff27bcb3f6)
[build.rust_scripts_in_pinned_root]    Compiling log_timeslice_cf7630744e3948982192a48b v0.1.0 (/tmp/hermit-rust-script-packages.6FMB6wJk/d409f34a1c6de4ee)
[build.rust_scripts_in_pinned_root]    Compiling check-git-pin-uniformity_4df9d3b82ebc36a6f946ef23 v0.1.0 (/tmp/hermit-rust-script-packages.6FMB6wJk/6b330abf7c0ddfd4)
[build.rust_scripts_in_pinned_root]    Compiling check-record-version-floor_ac15c5ed7a71f36bd8258df1 v0.1.0 (/tmp/hermit-rust-script-packages.6FMB6wJk/f8017f227c95ed9a)
[build.rust_scripts_in_pinned_root]    Compiling detcore-backend-source_d4929287aa1a1bcd44485448 v0.1.0 (/tmp/hermit-rust-script-packages.6FMB6wJk/62ac2bfb61938d72)
[build.rust_scripts_in_pinned_root]    Compiling structured-test-results_ee4c6de738f77fba1bf5c48f v0.1.0 (/tmp/hermit-rust-script-packages.6FMB6wJk/dbfbd1f3870f1cf4)
[build.rust_scripts_in_pinned_root]    Compiling nextest-test-results_612a44975661ea992fd66d52 v0.1.0 (/tmp/hermit-rust-script-packages.6FMB6wJk/59ea0555bb7bb866)
[build.rust_scripts_in_pinned_root]    Compiling validate_d47fa2fb645760353d03e1fc v0.1.0 (/tmp/hermit-rust-script-packages.6FMB6wJk/b7908774f65bce43)
[build.rust_scripts_in_pinned_root]    Compiling nextest-binaries_a8cca7602d87183074ad8e98 v0.1.0 (/tmp/hermit-rust-script-packages.6FMB6wJk/914eb5845ec9abe9)
[build.rust_scripts_in_pinned_root]    Compiling scorecard_753d765b8f6b6aad8ab4aea6 v0.1.0 (/tmp/hermit-rust-script-packages.6FMB6wJk/ea43a74c69f612af)
[build.rust_scripts_in_pinned_root]    Compiling pressure-test_b59e2627fef235cd282d47aa v0.1.0 (/tmp/hermit-rust-script-packages.6FMB6wJk/5f829a04c0a8df85)
[build.rust_scripts_in_pinned_root]    Compiling cross-backend-detlog-diff_a3faf6a1e04a16d7e5261625 v0.1.0 (/tmp/hermit-rust-script-packages.6FMB6wJk/cae18980d4930ac8)
[build.rust_scripts_in_pinned_root]     Finished `release` profile [optimized] target(s) in 1m 14s
[build.rust_scripts_in_pinned_root] warning: profiles for the non root package will be ignored, specify profiles at the workspace root:
[build.rust_scripts_in_pinned_root] package:   /tmp/hermit-rust-script-packages.6FMB6wJk/5f829a04c0a8df85/Cargo.toml
[build.rust_scripts_in_pinned_root] workspace: /tmp/hermit-rust-script-packages.6FMB6wJk/Cargo.toml
[build.rust_scripts_in_pinned_root] warning: profiles for the non root package will be ignored, specify profiles at the workspace root:
[build.rust_scripts_in_pinned_root] package:   /tmp/hermit-rust-script-packages.6FMB6wJk/ea43a74c69f612af/Cargo.toml
[build.rust_scripts_in_pinned_root] workspace: /tmp/hermit-rust-script-packages.6FMB6wJk/Cargo.toml
[build.rust_scripts_in_pinned_root] warning: profiles for the non root package will be ignored, specify profiles at the workspace root:
[build.rust_scripts_in_pinned_root] package:   /tmp/hermit-rust-script-packages.6FMB6wJk/914eb5845ec9abe9/Cargo.toml
[build.rust_scripts_in_pinned_root] workspace: /tmp/hermit-rust-script-packages.6FMB6wJk/Cargo.toml
[build.rust_scripts_in_pinned_root] warning: profiles for the non root package will be ignored, specify profiles at the workspace root:
[build.rust_scripts_in_pinned_root] package:   /tmp/hermit-rust-script-packages.6FMB6wJk/59ea0555bb7bb866/Cargo.toml
[build.rust_scripts_in_pinned_root] workspace: /tmp/hermit-rust-script-packages.6FMB6wJk/Cargo.toml
[build.rust_scripts_in_pinned_root] warning: profiles for the non root package will be ignored, specify profiles at the workspace root:
[build.rust_scripts_in_pinned_root] package:   /tmp/hermit-rust-script-packages.6FMB6wJk/2162d8a3b81d996d/Cargo.toml
[build.rust_scripts_in_pinned_root] workspace: /tmp/hermit-rust-script-packages.6FMB6wJk/Cargo.toml
[build.rust_scripts_in_pinned_root] warning: profiles for the non root package will be ignored, specify profiles at the workspace root:
[build.rust_scripts_in_pinned_root] package:   /tmp/hermit-rust-script-packages.6FMB6wJk/74f4de48268e496d/Cargo.toml
[build.rust_scripts_in_pinned_root] workspace: /tmp/hermit-rust-script-packages.6FMB6wJk/Cargo.toml
[build.rust_scripts_in_pinned_root] warning: profiles for the non root package will be ignored, specify profiles at the workspace root:
[build.rust_scripts_in_pinned_root] package:   /tmp/hermit-rust-script-packages.6FMB6wJk/cfee71cd74153651/Cargo.toml
[build.rust_scripts_in_pinned_root] workspace: /tmp/hermit-rust-script-packages.6FMB6wJk/Cargo.toml
[build.rust_scripts_in_pinned_root] warning: profiles for the non root package will be ignored, specify profiles at the workspace root:
[build.rust_scripts_in_pinned_root] package:   /tmp/hermit-rust-script-packages.6FMB6wJk/dbfbd1f3870f1cf4/Cargo.toml
[build.rust_scripts_in_pinned_root] workspace: /tmp/hermit-rust-script-packages.6FMB6wJk/Cargo.toml
[build.rust_scripts_in_pinned_root] warning: profiles for the non root package will be ignored, specify profiles at the workspace root:
[build.rust_scripts_in_pinned_root] package:   /tmp/hermit-rust-script-packages.6FMB6wJk/344d4004465230b9/Cargo.toml
[build.rust_scripts_in_pinned_root] workspace: /tmp/hermit-rust-script-packages.6FMB6wJk/Cargo.toml
[build.rust_scripts_in_pinned_root] warning: profiles for the non root package will be ignored, specify profiles at the workspace root:
[build.rust_scripts_in_pinned_root] package:   /tmp/hermit-rust-script-packages.6FMB6wJk/cd189eff27bcb3f6/Cargo.toml
[build.rust_scripts_in_pinned_root] workspace: /tmp/hermit-rust-script-packages.6FMB6wJk/Cargo.toml
[build.rust_scripts_in_pinned_root] warning: profiles for the non root package will be ignored, specify profiles at the workspace root:
[build.rust_scripts_in_pinned_root] package:   /tmp/hermit-rust-script-packages.6FMB6wJk/91a6f85b46f9a093/Cargo.toml
[build.rust_scripts_in_pinned_root] workspace: /tmp/hermit-rust-script-packages.6FMB6wJk/Cargo.toml
[build.rust_scripts_in_pinned_root] warning: profiles for the non root package will be ignored, specify profiles at the workspace root:
[build.rust_scripts_in_pinned_root] package:   /tmp/hermit-rust-script-packages.6FMB6wJk/a1bd4437bae839b6/Cargo.toml
[build.rust_scripts_in_pinned_root] workspace: /tmp/hermit-rust-script-packages.6FMB6wJk/Cargo.toml
[build.rust_scripts_in_pinned_root] warning: profiles for the non root package will be ignored, specify profiles at the workspace root:
[build.rust_scripts_in_pinned_root] package:   /tmp/hermit-rust-script-packages.6FMB6wJk/6b330abf7c0ddfd4/Cargo.toml
[build.rust_scripts_in_pinned_root] workspace: /tmp/hermit-rust-script-packages.6FMB6wJk/Cargo.toml
[build.rust_scripts_in_pinned_root] warning: profiles for the non root package will be ignored, specify profiles at the workspace root:
[build.rust_scripts_in_pinned_root] package:   /tmp/hermit-rust-script-packages.6FMB6wJk/55ba5f117f6432d6/Cargo.toml
[build.rust_scripts_in_pinned_root] workspace: /tmp/hermit-rust-script-packages.6FMB6wJk/Cargo.toml
[build.rust_scripts_in_pinned_root] warning: profiles for the non root package will be ignored, specify profiles at the workspace root:
[build.rust_scripts_in_pinned_root] package:   /tmp/hermit-rust-script-packages.6FMB6wJk/40aa044d7d34c808/Cargo.toml
[build.rust_scripts_in_pinned_root] workspace: /tmp/hermit-rust-script-packages.6FMB6wJk/Cargo.toml
[build.rust_scripts_in_pinned_root] warning: profiles for the non root package will be ignored, specify profiles at the workspace root:
[build.rust_scripts_in_pinned_root] package:   /tmp/hermit-rust-script-packages.6FMB6wJk/f8017f227c95ed9a/Cargo.toml
[build.rust_scripts_in_pinned_root] workspace: /tmp/hermit-rust-script-packages.6FMB6wJk/Cargo.toml
[build.rust_scripts_in_pinned_root] warning: profiles for the non root package will be ignored, specify profiles at the workspace root:
[build.rust_scripts_in_pinned_root] package:   /tmp/hermit-rust-script-packages.6FMB6wJk/93265ab9957e4aba/Cargo.toml
[build.rust_scripts_in_pinned_root] workspace: /tmp/hermit-rust-script-packages.6FMB6wJk/Cargo.toml
[build.rust_scripts_in_pinned_root] warning: profiles for the non root package will be ignored, specify profiles at the workspace root:
[build.rust_scripts_in_pinned_root] package:   /tmp/hermit-rust-script-packages.6FMB6wJk/2952a53430d12a42/Cargo.toml
[build.rust_scripts_in_pinned_root] workspace: /tmp/hermit-rust-script-packages.6FMB6wJk/Cargo.toml
[build.rust_scripts_in_pinned_root] warning: profiles for the non root package will be ignored, specify profiles at the workspace root:
[build.rust_scripts_in_pinned_root] package:   /tmp/hermit-rust-script-packages.6FMB6wJk/cae18980d4930ac8/Cargo.toml
[build.rust_scripts_in_pinned_root] workspace: /tmp/hermit-rust-script-packages.6FMB6wJk/Cargo.toml
[build.rust_scripts_in_pinned_root] warning: profiles for the non root package will be ignored, specify profiles at the workspace root:
[build.rust_scripts_in_pinned_root] package:   /tmp/hermit-rust-script-packages.6FMB6wJk/62ac2bfb61938d72/Cargo.toml
[build.rust_scripts_in_pinned_root] workspace: /tmp/hermit-rust-script-packages.6FMB6wJk/Cargo.toml
[build.rust_scripts_in_pinned_root] warning: profiles for the non root package will be ignored, specify profiles at the workspace root:
[build.rust_scripts_in_pinned_root] package:   /tmp/hermit-rust-script-packages.6FMB6wJk/76d1a06784c51374/Cargo.toml
[build.rust_scripts_in_pinned_root] workspace: /tmp/hermit-rust-script-packages.6FMB6wJk/Cargo.toml
[build.rust_scripts_in_pinned_root] warning: profiles for the non root package will be ignored, specify profiles at the workspace root:
[build.rust_scripts_in_pinned_root] package:   /tmp/hermit-rust-script-packages.6FMB6wJk/e306610591edf591/Cargo.toml
[build.rust_scripts_in_pinned_root] workspace: /tmp/hermit-rust-script-packages.6FMB6wJk/Cargo.toml
[build.rust_scripts_in_pinned_root] warning: profiles for the non root package will be ignored, specify profiles at the workspace root:
[build.rust_scripts_in_pinned_root] package:   /tmp/hermit-rust-script-packages.6FMB6wJk/d409f34a1c6de4ee/Cargo.toml
[build.rust_scripts_in_pinned_root] workspace: /tmp/hermit-rust-script-packages.6FMB6wJk/Cargo.toml
[build.rust_scripts_in_pinned_root] warning: profiles for the non root package will be ignored, specify profiles at the workspace root:
[build.rust_scripts_in_pinned_root] package:   /tmp/hermit-rust-script-packages.6FMB6wJk/fc33cf509da19b1c/Cargo.toml
[build.rust_scripts_in_pinned_root] workspace: /tmp/hermit-rust-script-packages.6FMB6wJk/Cargo.toml
[build.rust_scripts_in_pinned_root] warning: profiles for the non root package will be ignored, specify profiles at the workspace root:
[build.rust_scripts_in_pinned_root] package:   /tmp/hermit-rust-script-packages.6FMB6wJk/3872522b0d01e12d/Cargo.toml
[build.rust_scripts_in_pinned_root] workspace: /tmp/hermit-rust-script-packages.6FMB6wJk/Cargo.toml
[build.rust_scripts_in_pinned_root] warning: profiles for the non root package will be ignored, specify profiles at the workspace root:
[build.rust_scripts_in_pinned_root] package:   /tmp/hermit-rust-script-packages.6FMB6wJk/81da3f1d442cc879/Cargo.toml
[build.rust_scripts_in_pinned_root] workspace: /tmp/hermit-rust-script-packages.6FMB6wJk/Cargo.toml
[build.rust_scripts_in_pinned_root] warning: profiles for the non root package will be ignored, specify profiles at the workspace root:
[build.rust_scripts_in_pinned_root] package:   /tmp/hermit-rust-script-packages.6FMB6wJk/b7908774f65bce43/Cargo.toml
[build.rust_scripts_in_pinned_root] workspace: /tmp/hermit-rust-script-packages.6FMB6wJk/Cargo.toml
[build.rust_scripts_in_pinned_root] warning: profiles for the non root package will be ignored, specify profiles at the workspace root:
[build.rust_scripts_in_pinned_root] package:   /tmp/hermit-rust-script-packages.6FMB6wJk/6972560c9ef2290f/Cargo.toml
[build.rust_scripts_in_pinned_root] workspace: /tmp/hermit-rust-script-packages.6FMB6wJk/Cargo.toml
[build.rust_scripts_in_pinned_root]    Compiling itoa v1.0.18
[build.rust_scripts_in_pinned_root]    Compiling hashbrown v0.17.1
[build.rust_scripts_in_pinned_root]    Compiling serde_core v1.0.229
[build.rust_scripts_in_pinned_root]    Compiling libc v0.2.189
[build.rust_scripts_in_pinned_root]    Compiling equivalent v1.0.2
[build.rust_scripts_in_pinned_root]    Compiling memchr v2.8.3
[build.rust_scripts_in_pinned_root]    Compiling syn v3.0.6
[build.rust_scripts_in_pinned_root]    Compiling zmij v1.0.23
[build.rust_scripts_in_pinned_root]    Compiling cfg-if v1.0.5
[build.rust_scripts_in_pinned_root]    Compiling rustix v1.1.5
[build.rust_scripts_in_pinned_root]    Compiling ryu v1.0.23
[build.rust_scripts_in_pinned_root]    Compiling linux-raw-sys v0.12.1
[build.rust_scripts_in_pinned_root]    Compiling typenum v1.20.1
[build.rust_scripts_in_pinned_root]    Compiling utf8parse v0.2.2
[build.rust_scripts_in_pinned_root]    Compiling anstyle-parse v1.0.0
[build.rust_scripts_in_pinned_root]    Compiling indexmap v2.14.2
[build.rust_scripts_in_pinned_root]    Compiling num-traits v0.2.19
[build.rust_scripts_in_pinned_root]    Compiling anstyle v1.0.14
[build.rust_scripts_in_pinned_root]    Compiling is_terminal_polyfill v1.70.2
[build.rust_scripts_in_pinned_root]    Compiling colorchoice v1.0.5
[build.rust_scripts_in_pinned_root]    Compiling once_cell v1.21.4
[build.rust_scripts_in_pinned_root]    Compiling anstyle-query v1.1.5
[build.rust_scripts_in_pinned_root]    Compiling unsafe-libyaml-norway v0.2.15
[build.rust_scripts_in_pinned_root]    Compiling anstream v1.0.0
[build.rust_scripts_in_pinned_root]    Compiling generic-array v0.14.7
[build.rust_scripts_in_pinned_root]    Compiling memoffset v0.9.1
[build.rust_scripts_in_pinned_root]    Compiling unicase v2.9.0
[build.rust_scripts_in_pinned_root]    Compiling unicode-width v0.2.2
[build.rust_scripts_in_pinned_root]    Compiling tap v1.0.1
[build.rust_scripts_in_pinned_root]    Compiling strsim v0.11.1
[build.rust_scripts_in_pinned_root]    Compiling clap_lex v1.1.1
[build.rust_scripts_in_pinned_root]    Compiling wyz v0.5.1
[build.rust_scripts_in_pinned_root]    Compiling errno v0.3.14
[build.rust_scripts_in_pinned_root]    Compiling block-buffer v0.10.4
[build.rust_scripts_in_pinned_root]    Compiling crypto-common v0.1.7
[build.rust_scripts_in_pinned_root]    Compiling radium v0.7.0
[build.rust_scripts_in_pinned_root]    Compiling signal-hook-registry v1.4.8
[build.rust_scripts_in_pinned_root]    Compiling digest v0.10.7
[build.rust_scripts_in_pinned_root]    Compiling derive_more v1.0.0
[build.rust_scripts_in_pinned_root]    Compiling tracing-core v0.1.36
[build.rust_scripts_in_pinned_root]    Compiling signal-hook v0.4.4
[build.rust_scripts_in_pinned_root]    Compiling winnow v0.7.15
[build.rust_scripts_in_pinned_root]    Compiling toml_write v0.1.2
[build.rust_scripts_in_pinned_root]    Compiling iana-time-zone v0.1.65
[build.rust_scripts_in_pinned_root]    Compiling unsafe-libyaml v0.2.11
[build.rust_scripts_in_pinned_root]    Compiling pin-project-lite v0.2.17
[build.rust_scripts_in_pinned_root]    Compiling unty v0.0.4
[build.rust_scripts_in_pinned_root]    Compiling funty v2.0.0
[build.rust_scripts_in_pinned_root]    Compiling cpufeatures v0.2.17
[build.rust_scripts_in_pinned_root]    Compiling tracing v0.1.44
[build.rust_scripts_in_pinned_root]    Compiling sha2 v0.10.9
[build.rust_scripts_in_pinned_root]    Compiling bitflags v2.13.2
[build.rust_scripts_in_pinned_root]    Compiling serde_json v1.0.151
[build.rust_scripts_in_pinned_root]    Compiling anyhow v1.0.104
[build.rust_scripts_in_pinned_root]    Compiling nix v0.30.1
[build.rust_scripts_in_pinned_root]    Compiling getrandom v0.4.3
[build.rust_scripts_in_pinned_root]    Compiling bytesize v2.7.0
[build.rust_scripts_in_pinned_root]    Compiling shell-words v1.1.1
[build.rust_scripts_in_pinned_root]    Compiling csv-core v0.1.13
[build.rust_scripts_in_pinned_root]    Compiling fastrand v2.5.0
[build.rust_scripts_in_pinned_root]    Compiling csv v1.4.0
[build.rust_scripts_in_pinned_root]    Compiling check-checker-scheduling_b093feb8b909755434079bd2 v0.1.0 (/tmp/hermit-rust-script-packages.6FMB6wJk/cd189eff27bcb3f6)
[build.rust_scripts_in_pinned_root]    Compiling runner_health_8a372051316cb63778a98cef v0.1.0 (/tmp/hermit-rust-script-packages.6FMB6wJk/3872522b0d01e12d)
[build.rust_scripts_in_pinned_root]    Compiling check-reverie-pin_91e08fe1d4e3305b596f312d v0.1.0 (/tmp/hermit-rust-script-packages.6FMB6wJk/93265ab9957e4aba)
[build.rust_scripts_in_pinned_root]    Compiling check-exit-status-class_28b6c2fda2c440424a74f8d8 v0.1.0 (/tmp/hermit-rust-script-packages.6FMB6wJk/a1bd4437bae839b6)
[build.rust_scripts_in_pinned_root]    Compiling serde_derive v1.0.229
[build.rust_scripts_in_pinned_root]    Compiling serde_repr v0.1.21
[build.rust_scripts_in_pinned_root]    Compiling clap_derive v4.6.7
[build.rust_scripts_in_pinned_root]    Compiling bisect-probe_5fbc8958596ecb395ae09162 v0.1.0 (/tmp/hermit-rust-script-packages.6FMB6wJk/344d4004465230b9)
[build.rust_scripts_in_pinned_root]    Compiling terminal_size v0.4.4
[build.rust_scripts_in_pinned_root]    Compiling clap_builder v4.6.7
[build.rust_scripts_in_pinned_root]    Compiling tempfile v3.27.0
[build.rust_scripts_in_pinned_root]    Compiling check-nested-lockfiles_ff9ce396fe45301dff1bdd6d v0.1.0 (/tmp/hermit-rust-script-packages.6FMB6wJk/40aa044d7d34c808)
[build.rust_scripts_in_pinned_root]    Compiling docs-pages-contract_e0d2d6cb1f1a9032b32db343 v0.1.0 (/tmp/hermit-rust-script-packages.6FMB6wJk/76d1a06784c51374)
[build.rust_scripts_in_pinned_root]    Compiling check-git-pin-uniformity_4df9d3b82ebc36a6f946ef23 v0.1.0 (/tmp/hermit-rust-script-packages.6FMB6wJk/6b330abf7c0ddfd4)
[build.rust_scripts_in_pinned_root]    Compiling check-record-version-floor_ac15c5ed7a71f36bd8258df1 v0.1.0 (/tmp/hermit-rust-script-packages.6FMB6wJk/f8017f227c95ed9a)
[build.rust_scripts_in_pinned_root]    Compiling check-github-actions-triggers_41686efb6533ea36c8d5958c v0.1.0 (/tmp/hermit-rust-script-packages.6FMB6wJk/55ba5f117f6432d6)
[build.rust_scripts_in_pinned_root]    Compiling clap v4.6.7
[build.rust_scripts_in_pinned_root]    Compiling serde v1.0.229
[build.rust_scripts_in_pinned_root]    Compiling syscalls v0.6.18
[build.rust_scripts_in_pinned_root]    Compiling serde_norway v0.9.42
[build.rust_scripts_in_pinned_root]    Compiling serde_spanned v0.6.9
[build.rust_scripts_in_pinned_root]    Compiling toml_datetime v0.6.11
[build.rust_scripts_in_pinned_root]    Compiling chrono v0.4.45
[build.rust_scripts_in_pinned_root]    Compiling serde_yaml v0.9.34+deprecated
[build.rust_scripts_in_pinned_root]    Compiling bitvec v1.1.1
[build.rust_scripts_in_pinned_root]    Compiling toml_edit v0.22.27
[build.rust_scripts_in_pinned_root]    Compiling bincode v2.0.1
[build.rust_scripts_in_pinned_root]    Compiling reverie-memory v0.2.0 (https://github.com/rrnewton/reverie.git?rev=d87a03a312421d34dee81dae71aa395b40231e63#d87a03a3)
[build.rust_scripts_in_pinned_root]    Compiling hermit-code-coverage_3185d390edb9c474def1a04a v0.1.0 (/tmp/hermit-rust-script-packages.6FMB6wJk/e306610591edf591)
[build.rust_scripts_in_pinned_root]    Compiling reverie-syscalls v0.2.0 (https://github.com/rrnewton/reverie.git?rev=d87a03a312421d34dee81dae71aa395b40231e63#d87a03a3)
[build.rust_scripts_in_pinned_root]    Compiling dagrun v0.15.0 (/src/agent-utils/rs/dagrun)
[build.rust_scripts_in_pinned_root]    Compiling toml v0.8.23
[build.rust_scripts_in_pinned_root]    Compiling nextest-timeout-config_cf4d3b7f5856ee8874c5312c v0.1.0 (/tmp/hermit-rust-script-packages.6FMB6wJk/2162d8a3b81d996d)
[build.rust_scripts_in_pinned_root]    Compiling manifest-to-commands_ae038590b4b5f62da894fdfc v0.1.0 (/tmp/hermit-rust-script-packages.6FMB6wJk/fc33cf509da19b1c)
[build.rust_scripts_in_pinned_root]    Compiling detcore-model v0.2.0 (/src/detcore-model)
[build.rust_scripts_in_pinned_root]    Compiling hermit-manifest-plan v0.2.0 (/src/ci/manifest-plan)
[build.rust_scripts_in_pinned_root]    Compiling nextest-test-results_612a44975661ea992fd66d52 v0.1.0 (/tmp/hermit-rust-script-packages.6FMB6wJk/59ea0555bb7bb866)
[build.rust_scripts_in_pinned_root]    Compiling structured-test-results_ee4c6de738f77fba1bf5c48f v0.1.0 (/tmp/hermit-rust-script-packages.6FMB6wJk/dbfbd1f3870f1cf4)
[build.rust_scripts_in_pinned_root]    Compiling validate_d47fa2fb645760353d03e1fc v0.1.0 (/tmp/hermit-rust-script-packages.6FMB6wJk/b7908774f65bce43)
[build.rust_scripts_in_pinned_root]    Compiling pressure-test_b59e2627fef235cd282d47aa v0.1.0 (/tmp/hermit-rust-script-packages.6FMB6wJk/5f829a04c0a8df85)
[build.rust_scripts_in_pinned_root]     Finished `test` profile [unoptimized + debuginfo] target(s) in 20.42s
[build.rust_scripts_in_pinned_root] prepare-rust-scripts: built 28 entrypoints and 17 test harnesses in /src/target/ci/rust-scripts
[build.rust_scripts_in_pinned_root] ✓ PASS   Build every tracked rust-script before graph consumers run (116s)  [prepare-rust-scripts: built 28 entrypoints and 17 test harnesses in /src/target/ci/rust-scripts]
[build.runtime_release_in_pinned_root] ▶ START  Prepare DBT native resources, then build release Hermit and backend artifacts
[build.runtime_release_in_pinned_root] dns github.com: refused (gaierror)
[build.runtime_release_in_pinned_root] dns crates.io: refused (gaierror)
[build.runtime_release_in_pinned_root] dns static.crates.io: refused (gaierror)
[build.runtime_release_in_pinned_root] assert-no-network: route-table: no route (0 non-loopback routes, 0 non-loopback interfaces)
[build.runtime_release_in_pinned_root] assert-no-network: dns github.com: refused
[build.runtime_release_in_pinned_root] assert-no-network: dns crates.io: refused
[build.runtime_release_in_pinned_root] assert-no-network: dns static.crates.io: refused
[build.runtime_release_in_pinned_root] assert-no-network: tcp 1.1.1.1:443: refused
[build.runtime_release_in_pinned_root] assert-no-network: tcp 8.8.8.8:53: refused
[build.runtime_release_in_pinned_root] assert-no-network: OK -- no route, no DNS, no raw TCP. This environment is isolated.
[build.runtime_release_in_pinned_root] assert-build-dependencies: OK -- 18/18 executable build dependencies are present.
[build.runtime_release_in_pinned_root] assert-build-dependencies: OK -- 4/4 native libraries and development headers are present.
[build.runtime_release_in_pinned_root] assert-build-dependencies: OK -- 87/87 absolute guest paths are executable files.
[build.runtime_release_in_pinned_root]      Removed 40 files, 9.9MiB total
[build.runtime_release_in_pinned_root] Pin read from checkout HEAD 932f7130ea3c77dcdb2547b6834f46f08bf593f0.
[build.runtime_release_in_pinned_root] Scope: 21 tracked Cargo metadata file(s) PLUS tracked submodule gitlinks; 5 git dependency/ies pinned. Untracked, generated and vendored copies are EXCLUDED by design.
[build.runtime_release_in_pinned_root]   OK    https://github.com/facebookexperimental/rust-shed  4 entries @ 84a82026bc1d
[build.runtime_release_in_pinned_root]   FLOAT https://github.com/facebookexperimental/rust-shed  tracked by branch=main -- KNOWN EXCEPTION: branch=main since before 2026-08-24; the manifests are autocargo-generated from Meta's internal Buck targets, so pinning it is an owner decision rather than a hand edit. Only the lockfile records what was built (84a82026 at time of writing). Filed separately.
[build.runtime_release_in_pinned_root]   OK    https://github.com/rr-debugger/rr  1 entry @ 39e5c18e7e43
[build.runtime_release_in_pinned_root]   OK    https://github.com/rrnewton/agent-utils  1 entry @ 2781b1054efc
[build.runtime_release_in_pinned_root]   OK    https://github.com/rrnewton/liteinst2  2 entries @ 95ee5e6917fa
[build.runtime_release_in_pinned_root]   OK    https://github.com/rrnewton/reverie  46 entries @ d87a03a31242
[build.runtime_release_in_pinned_root] check-git-pin-uniformity.rs: OK -- every REVISION-PINNED git dependency is pinned at exactly one revision
[build.runtime_release_in_pinned_root]   ⚠️ 1 dependency/ies are NOT PINNED AT ALL and were excluded from that statement, by approved exception: https://github.com/facebookexperimental/rust-shed
[build.runtime_release_in_pinned_root]   A BRANCH IS NOT A PIN -- it moves under you. Uniformity cannot be asserted over a dependency that names one.
[build.runtime_release_in_pinned_root] run-with-reverie-dbt-budget.sh: reverie-dbt-budget={pin:d87a03a312421d34dee81dae71aa395b40231e63,source:inherited-launch-cargo-build-jobs,raw-build-jobs:32,effective-cpus-source:child-nproc,effective-cpus:32,reverie-max-jobs:16,effective-native-jobs:16,effective-job-seconds:1050,max-elapsed-seconds:66,basis:github-portable-cold-miss-n3-affinity4,carried-to-pin-on-dynamorio-recipe-key:c9c1ee55257cbb0635b56f494a75ee1dc6af839ca8e289231f533b0208340463}
[build.runtime_release_in_pinned_root]    Compiling hermit-resources v0.2.0 (/src/hermit-resources)
[build.runtime_release_in_pinned_root]    Compiling reverie-memory v0.2.0 (https://github.com/rrnewton/reverie.git?rev=d87a03a312421d34dee81dae71aa395b40231e63#d87a03a3)
[build.runtime_release_in_pinned_root]    Compiling reverie-dbt v0.2.0 (https://github.com/rrnewton/reverie.git?rev=d87a03a312421d34dee81dae71aa395b40231e63#d87a03a3)
[build.runtime_release_in_pinned_root]    Compiling reverie-process v0.2.0 (https://github.com/rrnewton/reverie.git?rev=d87a03a312421d34dee81dae71aa395b40231e63#d87a03a3)
[build.runtime_release_in_pinned_root]    Compiling reverie-syscalls v0.2.0 (https://github.com/rrnewton/reverie.git?rev=d87a03a312421d34dee81dae71aa395b40231e63#d87a03a3)
[build.runtime_release_in_pinned_root]    Compiling reverie-core v0.2.0 (https://github.com/rrnewton/reverie.git?rev=d87a03a312421d34dee81dae71aa395b40231e63#d87a03a3)
[build.runtime_release_in_pinned_root]    Compiling detcore-model v0.2.0 (/src/detcore-model)
[build.runtime_release_in_pinned_root]    Compiling reverie-rpc-transport v0.2.0 (https://github.com/rrnewton/reverie.git?rev=d87a03a312421d34dee81dae71aa395b40231e63#d87a03a3)
[build.runtime_release_in_pinned_root]    Compiling hermit-detcore v0.2.0 (/src/detcore)
[build.runtime_release_in_pinned_root]    Compiling detcore-dbt v0.2.0 (/src/detcore-dbt)
[build.runtime_release_in_pinned_root] … 30s elapsed, no test events yet
[build.runtime_release_in_pinned_root]     Finished `release` profile [optimized] target(s) in 29.58s
[build.runtime_release_in_pinned_root] Pin read from checkout HEAD 932f7130ea3c77dcdb2547b6834f46f08bf593f0.
[build.runtime_release_in_pinned_root] Scope: 21 tracked Cargo metadata file(s) PLUS tracked submodule gitlinks; 5 git dependency/ies pinned. Untracked, generated and vendored copies are EXCLUDED by design.
[build.runtime_release_in_pinned_root]   OK    https://github.com/facebookexperimental/rust-shed  4 entries @ 84a82026bc1d
[build.runtime_release_in_pinned_root]   FLOAT https://github.com/facebookexperimental/rust-shed  tracked by branch=main -- KNOWN EXCEPTION: branch=main since before 2026-08-24; the manifests are autocargo-generated from Meta's internal Buck targets, so pinning it is an owner decision rather than a hand edit. Only the lockfile records what was built (84a82026 at time of writing). Filed separately.
[build.runtime_release_in_pinned_root]   OK    https://github.com/rr-debugger/rr  1 entry @ 39e5c18e7e43
[build.runtime_release_in_pinned_root]   OK    https://github.com/rrnewton/agent-utils  1 entry @ 2781b1054efc
[build.runtime_release_in_pinned_root]   OK    https://github.com/rrnewton/liteinst2  2 entries @ 95ee5e6917fa
[build.runtime_release_in_pinned_root]   OK    https://github.com/rrnewton/reverie  46 entries @ d87a03a31242
[build.runtime_release_in_pinned_root] check-git-pin-uniformity.rs: OK -- every REVISION-PINNED git dependency is pinned at exactly one revision
[build.runtime_release_in_pinned_root]   ⚠️ 1 dependency/ies are NOT PINNED AT ALL and were excluded from that statement, by approved exception: https://github.com/facebookexperimental/rust-shed
[build.runtime_release_in_pinned_root]   A BRANCH IS NOT A PIN -- it moves under you. Uniformity cannot be asserted over a dependency that names one.
[build.runtime_release_in_pinned_root] run-with-reverie-dbt-budget.sh: reverie-dbt-budget={pin:d87a03a312421d34dee81dae71aa395b40231e63,source:inherited-launch-cargo-build-jobs,raw-build-jobs:32,effective-cpus-source:child-nproc,effective-cpus:32,reverie-max-jobs:16,effective-native-jobs:16,effective-job-seconds:1050,max-elapsed-seconds:66,basis:github-portable-cold-miss-n3-affinity4,carried-to-pin-on-dynamorio-recipe-key:c9c1ee55257cbb0635b56f494a75ee1dc6af839ca8e289231f533b0208340463}
[build.runtime_release_in_pinned_root]    Compiling reverie-memory v0.2.0 (https://github.com/rrnewton/reverie.git?rev=d87a03a312421d34dee81dae71aa395b40231e63#d87a03a3)
[build.runtime_release_in_pinned_root]    Compiling reverie-process v0.2.0 (https://github.com/rrnewton/reverie.git?rev=d87a03a312421d34dee81dae71aa395b40231e63#d87a03a3)
[build.runtime_release_in_pinned_root]    Compiling hermit v0.2.0 (/src/hermit-cli)
[build.runtime_release_in_pinned_root]    Compiling reverie-dbt v0.2.0 (https://github.com/rrnewton/reverie.git?rev=d87a03a312421d34dee81dae71aa395b40231e63#d87a03a3)
[build.runtime_release_in_pinned_root]    Compiling hermit-test-workdir v0.2.0 (/src/common/test-workdir)
[build.runtime_release_in_pinned_root]    Compiling reverie-sabre v0.2.0 (https://github.com/rrnewton/reverie.git?rev=d87a03a312421d34dee81dae71aa395b40231e63#d87a03a3)
[build.runtime_release_in_pinned_root]    Compiling nostd-print v0.2.0 (https://github.com/rrnewton/reverie.git?rev=d87a03a312421d34dee81dae71aa395b40231e63#d87a03a3)
[build.runtime_release_in_pinned_root]    Compiling reverie-rpc-macros v0.2.0 (https://github.com/rrnewton/reverie.git?rev=d87a03a312421d34dee81dae71aa395b40231e63#d87a03a3)
[build.runtime_release_in_pinned_root]    Compiling reverie-sabre-macros v0.2.0 (https://github.com/rrnewton/reverie.git?rev=d87a03a312421d34dee81dae71aa395b40231e63#d87a03a3)
[build.runtime_release_in_pinned_root]    Compiling reverie-syscalls v0.2.0 (https://github.com/rrnewton/reverie.git?rev=d87a03a312421d34dee81dae71aa395b40231e63#d87a03a3)
[build.runtime_release_in_pinned_root]    Compiling reverie-rpc v0.2.0 (https://github.com/rrnewton/reverie.git?rev=d87a03a312421d34dee81dae71aa395b40231e63#d87a03a3)
[build.runtime_release_in_pinned_root]    Compiling safeptrace v0.2.0 (https://github.com/rrnewton/reverie.git?rev=d87a03a312421d34dee81dae71aa395b40231e63#d87a03a3)
[build.runtime_release_in_pinned_root]    Compiling reverie-core v0.2.0 (https://github.com/rrnewton/reverie.git?rev=d87a03a312421d34dee81dae71aa395b40231e63#d87a03a3)
[build.runtime_release_in_pinned_root]    Compiling detcore-model v0.2.0 (/src/detcore-model)
[build.runtime_release_in_pinned_root]    Compiling reverie-rpc-transport v0.2.0 (https://github.com/rrnewton/reverie.git?rev=d87a03a312421d34dee81dae71aa395b40231e63#d87a03a3)
[build.runtime_release_in_pinned_root]    Compiling reverie-ptrace v0.2.0 (https://github.com/rrnewton/reverie.git?rev=d87a03a312421d34dee81dae71aa395b40231e63#d87a03a3)
[build.runtime_release_in_pinned_root]    Compiling reverie-kvm v0.2.0 (https://github.com/rrnewton/reverie.git?rev=d87a03a312421d34dee81dae71aa395b40231e63#d87a03a3)
[build.runtime_release_in_pinned_root]    Compiling reverie-sabre-stats v0.2.0 (https://github.com/rrnewton/reverie.git?rev=d87a03a312421d34dee81dae71aa395b40231e63#d87a03a3)
[build.runtime_release_in_pinned_root]    Compiling reverie-preload v0.2.0 (https://github.com/rrnewton/reverie.git?rev=d87a03a312421d34dee81dae71aa395b40231e63#d87a03a3)
[build.runtime_release_in_pinned_root]    Compiling hermit-detcore v0.2.0 (/src/detcore)
[build.runtime_release_in_pinned_root]    Compiling hermit-install v0.2.0 (/src/hermit-install)
[build.runtime_release_in_pinned_root]    Compiling reverie-liteinst v0.2.0 (https://github.com/rrnewton/reverie.git?rev=d87a03a312421d34dee81dae71aa395b40231e63#d87a03a3)
[build.runtime_release_in_pinned_root]    Compiling detcore-dbt v0.2.0 (/src/detcore-dbt)
[build.runtime_release_in_pinned_root]    Compiling detcore-sabre v0.2.0 (/src/detcore-sabre)
[build.runtime_release_in_pinned_root] … 60s elapsed, no test events yet
[build.runtime_release_in_pinned_root] … 90s elapsed, no test events yet
[build.runtime_release_in_pinned_root] … 120s elapsed, no test events yet
[build.runtime_release_in_pinned_root]     Finished `release` profile [optimized] target(s) in 1m 33s
[build.runtime_release_in_pinned_root] 5554edb0681235b53e1d065b6746fb9e0c3e20d3d63a2a33af58b2b76e114b64  target/install_pkg/rsrcs/sabre
[build.runtime_release_in_pinned_root] 41113f849f8799932ed8c7883f5a4de616b9e9fa
[build.runtime_release_in_pinned_root] ✓ PASS   Prepare DBT native resources, then build release Hermit and backend artifacts (126s)  [41113f849f8799932ed8c7883f5a4de616b9e9fa]
[build.workspace_in_pinned_root] ▶ START  Prepare DBT native resources, then build all debug workspace targets
[build.workspace_in_pinned_root] dns github.com: refused (gaierror)
[build.workspace_in_pinned_root] dns crates.io: refused (gaierror)
[build.workspace_in_pinned_root] dns static.crates.io: refused (gaierror)
[build.workspace_in_pinned_root] assert-no-network: route-table: no route (0 non-loopback routes, 0 non-loopback interfaces)
[build.workspace_in_pinned_root] assert-no-network: dns github.com: refused
[build.workspace_in_pinned_root] assert-no-network: dns crates.io: refused
[build.workspace_in_pinned_root] assert-no-network: dns static.crates.io: refused
[build.workspace_in_pinned_root] assert-no-network: tcp 1.1.1.1:443: refused
[build.workspace_in_pinned_root] assert-no-network: tcp 8.8.8.8:53: refused
[build.workspace_in_pinned_root] assert-no-network: OK -- no route, no DNS, no raw TCP. This environment is isolated.
[build.workspace_in_pinned_root] assert-build-dependencies: OK -- 18/18 executable build dependencies are present.
[build.workspace_in_pinned_root] assert-build-dependencies: OK -- 4/4 native libraries and development headers are present.
[build.workspace_in_pinned_root] assert-build-dependencies: OK -- 87/87 absolute guest paths are executable files.
[build.workspace_in_pinned_root] Pin read from checkout HEAD 932f7130ea3c77dcdb2547b6834f46f08bf593f0.
[build.workspace_in_pinned_root] Scope: 21 tracked Cargo metadata file(s) PLUS tracked submodule gitlinks; 5 git dependency/ies pinned. Untracked, generated and vendored copies are EXCLUDED by design.
[build.workspace_in_pinned_root]   OK    https://github.com/facebookexperimental/rust-shed  4 entries @ 84a82026bc1d
[build.workspace_in_pinned_root]   FLOAT https://github.com/facebookexperimental/rust-shed  tracked by branch=main -- KNOWN EXCEPTION: branch=main since before 2026-08-24; the manifests are autocargo-generated from Meta's internal Buck targets, so pinning it is an owner decision rather than a hand edit. Only the lockfile records what was built (84a82026 at time of writing). Filed separately.
[build.workspace_in_pinned_root]   OK    https://github.com/rr-debugger/rr  1 entry @ 39e5c18e7e43
[build.workspace_in_pinned_root]   OK    https://github.com/rrnewton/agent-utils  1 entry @ 2781b1054efc
[build.workspace_in_pinned_root]   OK    https://github.com/rrnewton/liteinst2  2 entries @ 95ee5e6917fa
[build.workspace_in_pinned_root]   OK    https://github.com/rrnewton/reverie  46 entries @ d87a03a31242
[build.workspace_in_pinned_root] check-git-pin-uniformity.rs: OK -- every REVISION-PINNED git dependency is pinned at exactly one revision
[build.workspace_in_pinned_root]   ⚠️ 1 dependency/ies are NOT PINNED AT ALL and were excluded from that statement, by approved exception: https://github.com/facebookexperimental/rust-shed
[build.workspace_in_pinned_root]   A BRANCH IS NOT A PIN -- it moves under you. Uniformity cannot be asserted over a dependency that names one.
[build.workspace_in_pinned_root] run-with-reverie-dbt-budget.sh: reverie-dbt-budget={pin:d87a03a312421d34dee81dae71aa395b40231e63,source:inherited-launch-cargo-build-jobs,raw-build-jobs:32,effective-cpus-source:child-nproc,effective-cpus:32,reverie-max-jobs:16,effective-native-jobs:16,effective-job-seconds:1050,max-elapsed-seconds:66,basis:github-portable-cold-miss-n3-affinity4,carried-to-pin-on-dynamorio-recipe-key:c9c1ee55257cbb0635b56f494a75ee1dc6af839ca8e289231f533b0208340463}
[build.workspace_in_pinned_root]    Compiling hermit-resources v0.2.0 (/src/hermit-resources)
[build.workspace_in_pinned_root]    Compiling reverie-memory v0.2.0 (https://github.com/rrnewton/reverie.git?rev=d87a03a312421d34dee81dae71aa395b40231e63#d87a03a3)
[build.workspace_in_pinned_root]    Compiling reverie-dbt v0.2.0 (https://github.com/rrnewton/reverie.git?rev=d87a03a312421d34dee81dae71aa395b40231e63#d87a03a3)
[build.workspace_in_pinned_root]    Compiling reverie-process v0.2.0 (https://github.com/rrnewton/reverie.git?rev=d87a03a312421d34dee81dae71aa395b40231e63#d87a03a3)
[build.workspace_in_pinned_root]    Compiling reverie-syscalls v0.2.0 (https://github.com/rrnewton/reverie.git?rev=d87a03a312421d34dee81dae71aa395b40231e63#d87a03a3)
[build.workspace_in_pinned_root]    Compiling reverie-core v0.2.0 (https://github.com/rrnewton/reverie.git?rev=d87a03a312421d34dee81dae71aa395b40231e63#d87a03a3)
[build.workspace_in_pinned_root]    Compiling detcore-model v0.2.0 (/src/detcore-model)
[build.workspace_in_pinned_root]    Compiling reverie-rpc-transport v0.2.0 (https://github.com/rrnewton/reverie.git?rev=d87a03a312421d34dee81dae71aa395b40231e63#d87a03a3)
[build.workspace_in_pinned_root]    Compiling hermit-detcore v0.2.0 (/src/detcore)
[build.workspace_in_pinned_root]    Compiling detcore-dbt v0.2.0 (/src/detcore-dbt)
[build.workspace_in_pinned_root]     Finished `dev` profile [unoptimized + debuginfo] target(s) in 18.11s
[build.workspace_in_pinned_root] Pin read from checkout HEAD 932f7130ea3c77dcdb2547b6834f46f08bf593f0.
[build.workspace_in_pinned_root] Scope: 21 tracked Cargo metadata file(s) PLUS tracked submodule gitlinks; 5 git dependency/ies pinned. Untracked, generated and vendored copies are EXCLUDED by design.
[build.workspace_in_pinned_root]   OK    https://github.com/facebookexperimental/rust-shed  4 entries @ 84a82026bc1d
[build.workspace_in_pinned_root]   FLOAT https://github.com/facebookexperimental/rust-shed  tracked by branch=main -- KNOWN EXCEPTION: branch=main since before 2026-08-24; the manifests are autocargo-generated from Meta's internal Buck targets, so pinning it is an owner decision rather than a hand edit. Only the lockfile records what was built (84a82026 at time of writing). Filed separately.
[build.workspace_in_pinned_root]   OK    https://github.com/rr-debugger/rr  1 entry @ 39e5c18e7e43
[build.workspace_in_pinned_root]   OK    https://github.com/rrnewton/agent-utils  1 entry @ 2781b1054efc
[build.workspace_in_pinned_root]   OK    https://github.com/rrnewton/liteinst2  2 entries @ 95ee5e6917fa
[build.workspace_in_pinned_root]   OK    https://github.com/rrnewton/reverie  46 entries @ d87a03a31242
[build.workspace_in_pinned_root] check-git-pin-uniformity.rs: OK -- every REVISION-PINNED git dependency is pinned at exactly one revision
[build.workspace_in_pinned_root]   ⚠️ 1 dependency/ies are NOT PINNED AT ALL and were excluded from that statement, by approved exception: https://github.com/facebookexperimental/rust-shed
[build.workspace_in_pinned_root]   A BRANCH IS NOT A PIN -- it moves under you. Uniformity cannot be asserted over a dependency that names one.
[build.workspace_in_pinned_root] run-with-reverie-dbt-budget.sh: reverie-dbt-budget={pin:d87a03a312421d34dee81dae71aa395b40231e63,source:inherited-launch-cargo-build-jobs,raw-build-jobs:32,effective-cpus-source:child-nproc,effective-cpus:32,reverie-max-jobs:16,effective-native-jobs:16,effective-job-seconds:1050,max-elapsed-seconds:66,basis:github-portable-cold-miss-n3-affinity4,carried-to-pin-on-dynamorio-recipe-key:c9c1ee55257cbb0635b56f494a75ee1dc6af839ca8e289231f533b0208340463}
[build.workspace_in_pinned_root]    Compiling hermit-test-workdir v0.2.0 (/src/common/test-workdir)
[build.workspace_in_pinned_root]    Compiling reverie-memory v0.2.0 (https://github.com/rrnewton/reverie.git?rev=d87a03a312421d34dee81dae71aa395b40231e63#d87a03a3)
[build.workspace_in_pinned_root]    Compiling hermit v0.2.0 (/src/hermit-cli)
[build.workspace_in_pinned_root]    Compiling test-allocator v0.2.0 (/src/common/test-allocator)
[build.workspace_in_pinned_root]    Compiling reverie-process v0.2.0 (https://github.com/rrnewton/reverie.git?rev=d87a03a312421d34dee81dae71aa395b40231e63#d87a03a3)
[build.workspace_in_pinned_root]    Compiling nostd-print v0.2.0 (https://github.com/rrnewton/reverie.git?rev=d87a03a312421d34dee81dae71aa395b40231e63#d87a03a3)
[build.workspace_in_pinned_root]    Compiling dagrun v0.15.0 (/src/agent-utils/rs/dagrun)
[build.workspace_in_pinned_root]    Compiling reverie-sabre v0.2.0 (https://github.com/rrnewton/reverie.git?rev=d87a03a312421d34dee81dae71aa395b40231e63#d87a03a3)
[build.workspace_in_pinned_root]    Compiling hermetic_infra_hermit_flaky-tests v0.2.0 (/src/flaky-tests)
[build.workspace_in_pinned_root]    Compiling hermit-resources v0.2.0 (/src/hermit-resources)
[build.workspace_in_pinned_root]    Compiling reverie-rpc-macros v0.2.0 (https://github.com/rrnewton/reverie.git?rev=d87a03a312421d34dee81dae71aa395b40231e63#d87a03a3)
[build.workspace_in_pinned_root]    Compiling reverie-sabre-macros v0.2.0 (https://github.com/rrnewton/reverie.git?rev=d87a03a312421d34dee81dae71aa395b40231e63#d87a03a3)
[build.workspace_in_pinned_root]    Compiling reverie-syscalls v0.2.0 (https://github.com/rrnewton/reverie.git?rev=d87a03a312421d34dee81dae71aa395b40231e63#d87a03a3)
[build.workspace_in_pinned_root]    Compiling reverie-rpc v0.2.0 (https://github.com/rrnewton/reverie.git?rev=d87a03a312421d34dee81dae71aa395b40231e63#d87a03a3)
[build.workspace_in_pinned_root]    Compiling safeptrace v0.2.0 (https://github.com/rrnewton/reverie.git?rev=d87a03a312421d34dee81dae71aa395b40231e63#d87a03a3)
[build.workspace_in_pinned_root]    Compiling detcore-model v0.2.0 (/src/detcore-model)
[build.workspace_in_pinned_root]    Compiling reverie-core v0.2.0 (https://github.com/rrnewton/reverie.git?rev=d87a03a312421d34dee81dae71aa395b40231e63#d87a03a3)
[build.workspace_in_pinned_root]    Compiling reverie-rpc-transport v0.2.0 (https://github.com/rrnewton/reverie.git?rev=d87a03a312421d34dee81dae71aa395b40231e63#d87a03a3)
[build.workspace_in_pinned_root]    Compiling reverie-ptrace v0.2.0 (https://github.com/rrnewton/reverie.git?rev=d87a03a312421d34dee81dae71aa395b40231e63#d87a03a3)
[build.workspace_in_pinned_root]    Compiling reverie-kvm v0.2.0 (https://github.com/rrnewton/reverie.git?rev=d87a03a312421d34dee81dae71aa395b40231e63#d87a03a3)
[build.workspace_in_pinned_root]    Compiling reverie-sabre-stats v0.2.0 (https://github.com/rrnewton/reverie.git?rev=d87a03a312421d34dee81dae71aa395b40231e63#d87a03a3)
[build.workspace_in_pinned_root]    Compiling reverie-dbt v0.2.0 (https://github.com/rrnewton/reverie.git?rev=d87a03a312421d34dee81dae71aa395b40231e63#d87a03a3)
[build.workspace_in_pinned_root]    Compiling reverie-preload v0.2.0 (https://github.com/rrnewton/reverie.git?rev=d87a03a312421d34dee81dae71aa395b40231e63#d87a03a3)
[build.workspace_in_pinned_root]    Compiling hermit-detcore v0.2.0 (/src/detcore)
[build.workspace_in_pinned_root]    Compiling hermit-manifest-plan v0.2.0 (/src/ci/manifest-plan)
[build.workspace_in_pinned_root]    Compiling hermit-install v0.2.0 (/src/hermit-install)
[build.workspace_in_pinned_root]    Compiling reverie-liteinst v0.2.0 (https://github.com/rrnewton/reverie.git?rev=d87a03a312421d34dee81dae71aa395b40231e63#d87a03a3)
[build.workspace_in_pinned_root] … 30s elapsed, no test events yet
[build.workspace_in_pinned_root]    Compiling detcore-testutils v0.2.0 (/src/detcore/tests/testutils)
[build.workspace_in_pinned_root]    Compiling detcore-dbt v0.2.0 (/src/detcore-dbt)
[build.workspace_in_pinned_root]    Compiling hermetic_infra_hermit_tests v0.2.0 (/src/tests)
[build.workspace_in_pinned_root]    Compiling detcore-sabre v0.2.0 (/src/detcore-sabre)
[build.workspace_in_pinned_root]    Compiling hermit-verify v0.2.0 (/src/hermit-verify)
[build.workspace_in_pinned_root] … 60s elapsed, no test events yet
[build.workspace_in_pinned_root]     Finished `dev` profile [unoptimized + debuginfo] target(s) in 46.75s
[build.workspace_in_pinned_root]    Compiling reverie-core v0.2.0 (https://github.com/rrnewton/reverie.git?rev=d87a03a312421d34dee81dae71aa395b40231e63#d87a03a3)
[build.workspace_in_pinned_root]    Compiling reverie-dbt v0.2.0 (https://github.com/rrnewton/reverie.git?rev=d87a03a312421d34dee81dae71aa395b40231e63#d87a03a3)
[build.workspace_in_pinned_root]    Compiling reverie-rpc-transport v0.2.0 (https://github.com/rrnewton/reverie.git?rev=d87a03a312421d34dee81dae71aa395b40231e63#d87a03a3)
[build.workspace_in_pinned_root]    Compiling reverie-ptrace v0.2.0 (https://github.com/rrnewton/reverie.git?rev=d87a03a312421d34dee81dae71aa395b40231e63#d87a03a3)
[build.workspace_in_pinned_root]    Compiling hermit-detcore v0.2.0 (/src/detcore)
[build.workspace_in_pinned_root]    Compiling reverie-kvm v0.2.0 (https://github.com/rrnewton/reverie.git?rev=d87a03a312421d34dee81dae71aa395b40231e63#d87a03a3)
[build.workspace_in_pinned_root]    Compiling reverie-preload v0.2.0 (https://github.com/rrnewton/reverie.git?rev=d87a03a312421d34dee81dae71aa395b40231e63#d87a03a3)
[build.workspace_in_pinned_root]    Compiling reverie-liteinst v0.2.0 (https://github.com/rrnewton/reverie.git?rev=d87a03a312421d34dee81dae71aa395b40231e63#d87a03a3)
[build.workspace_in_pinned_root]    Compiling detcore-dbt v0.2.0 (/src/detcore-dbt)
[build.workspace_in_pinned_root]    Compiling hermit v0.2.0 (/src/hermit-cli)
[build.workspace_in_pinned_root] … 90s elapsed, no test events yet
[build.workspace_in_pinned_root]     Finished `dev` profile [unoptimized + debuginfo] target(s) in 35.98s
[build.workspace_in_pinned_root] Pin read from checkout HEAD 932f7130ea3c77dcdb2547b6834f46f08bf593f0.
[build.workspace_in_pinned_root] Scope: 21 tracked Cargo metadata file(s) PLUS tracked submodule gitlinks; 5 git dependency/ies pinned. Untracked, generated and vendored copies are EXCLUDED by design.
[build.workspace_in_pinned_root]   OK    https://github.com/facebookexperimental/rust-shed  4 entries @ 84a82026bc1d
[build.workspace_in_pinned_root]   FLOAT https://github.com/facebookexperimental/rust-shed  tracked by branch=main -- KNOWN EXCEPTION: branch=main since before 2026-08-24; the manifests are autocargo-generated from Meta's internal Buck targets, so pinning it is an owner decision rather than a hand edit. Only the lockfile records what was built (84a82026 at time of writing). Filed separately.
[build.workspace_in_pinned_root]   OK    https://github.com/rr-debugger/rr  1 entry @ 39e5c18e7e43
[build.workspace_in_pinned_root]   OK    https://github.com/rrnewton/agent-utils  1 entry @ 2781b1054efc
[build.workspace_in_pinned_root]   OK    https://github.com/rrnewton/liteinst2  2 entries @ 95ee5e6917fa
[build.workspace_in_pinned_root]   OK    https://github.com/rrnewton/reverie  46 entries @ d87a03a31242
[build.workspace_in_pinned_root] check-git-pin-uniformity.rs: OK -- every REVISION-PINNED git dependency is pinned at exactly one revision
[build.workspace_in_pinned_root]   ⚠️ 1 dependency/ies are NOT PINNED AT ALL and were excluded from that statement, by approved exception: https://github.com/facebookexperimental/rust-shed
[build.workspace_in_pinned_root]   A BRANCH IS NOT A PIN -- it moves under you. Uniformity cannot be asserted over a dependency that names one.
[build.workspace_in_pinned_root] run-with-reverie-dbt-budget.sh: reverie-dbt-budget={pin:d87a03a312421d34dee81dae71aa395b40231e63,source:inherited-launch-cargo-build-jobs,raw-build-jobs:8,effective-cpus-source:child-nproc,effective-cpus:32,reverie-max-jobs:16,effective-native-jobs:8,effective-job-seconds:1050,max-elapsed-seconds:132,basis:github-portable-cold-miss-n3-affinity4,carried-to-pin-on-dynamorio-recipe-key:c9c1ee55257cbb0635b56f494a75ee1dc6af839ca8e289231f533b0208340463}
[build.workspace_in_pinned_root] Pin read from checkout HEAD 932f7130ea3c77dcdb2547b6834f46f08bf593f0.
[build.workspace_in_pinned_root] Scope: 21 tracked Cargo metadata file(s) PLUS tracked submodule gitlinks; 5 git dependency/ies pinned. Untracked, generated and vendored copies are EXCLUDED by design.
[build.workspace_in_pinned_root]   OK    https://github.com/facebookexperimental/rust-shed  4 entries @ 84a82026bc1d
[build.workspace_in_pinned_root]   FLOAT https://github.com/facebookexperimental/rust-shed  tracked by branch=main -- KNOWN EXCEPTION: branch=main since before 2026-08-24; the manifests are autocargo-generated from Meta's internal Buck targets, so pinning it is an owner decision rather than a hand edit. Only the lockfile records what was built (84a82026 at time of writing). Filed separately.
[build.workspace_in_pinned_root]   OK    https://github.com/rr-debugger/rr  1 entry @ 39e5c18e7e43
[build.workspace_in_pinned_root]   OK    https://github.com/rrnewton/agent-utils  1 entry @ 2781b1054efc
[build.workspace_in_pinned_root]   OK    https://github.com/rrnewton/liteinst2  2 entries @ 95ee5e6917fa
[build.workspace_in_pinned_root]   OK    https://github.com/rrnewton/reverie  46 entries @ d87a03a31242
[build.workspace_in_pinned_root] check-git-pin-uniformity.rs: OK -- every REVISION-PINNED git dependency is pinned at exactly one revision
[build.workspace_in_pinned_root]   ⚠️ 1 dependency/ies are NOT PINNED AT ALL and were excluded from that statement, by approved exception: https://github.com/facebookexperimental/rust-shed
[build.workspace_in_pinned_root]   A BRANCH IS NOT A PIN -- it moves under you. Uniformity cannot be asserted over a dependency that names one.
[build.workspace_in_pinned_root] run-with-reverie-dbt-budget.sh: reverie-dbt-budget={pin:d87a03a312421d34dee81dae71aa395b40231e63,source:inherited-launch-cargo-build-jobs,raw-build-jobs:8,effective-cpus-source:child-nproc,effective-cpus:32,reverie-max-jobs:16,effective-native-jobs:8,effective-job-seconds:1050,max-elapsed-seconds:132,basis:github-portable-cold-miss-n3-affinity4,carried-to-pin-on-dynamorio-recipe-key:c9c1ee55257cbb0635b56f494a75ee1dc6af839ca8e289231f533b0208340463}
[build.workspace_in_pinned_root]    Compiling reverie-process v0.2.0 (https://github.com/rrnewton/reverie.git?rev=d87a03a312421d34dee81dae71aa395b40231e63#d87a03a3)
[build.workspace_in_pinned_root]    Compiling detcore-model v0.2.0 (/src/detcore-model)
[build.workspace_in_pinned_root]    Compiling reverie-core v0.2.0 (https://github.com/rrnewton/reverie.git?rev=d87a03a312421d34dee81dae71aa395b40231e63#d87a03a3)
[build.workspace_in_pinned_root]    Compiling safeptrace v0.2.0 (https://github.com/rrnewton/reverie.git?rev=d87a03a312421d34dee81dae71aa395b40231e63#d87a03a3)
[build.workspace_in_pinned_root]    Compiling reverie-ptrace v0.2.0 (https://github.com/rrnewton/reverie.git?rev=d87a03a312421d34dee81dae71aa395b40231e63#d87a03a3)
[build.workspace_in_pinned_root]    Compiling hermit-detcore v0.2.0 (/src/detcore)
[build.workspace_in_pinned_root]    Compiling detcore-testutils v0.2.0 (/src/detcore/tests/testutils)
[build.workspace_in_pinned_root] … 120s elapsed, no test events yet
[build.workspace_in_pinned_root]     Finished `test` profile [unoptimized + debuginfo] target(s) in 20.13s
[build.workspace_in_pinned_root] Pin read from checkout HEAD 932f7130ea3c77dcdb2547b6834f46f08bf593f0.
[build.workspace_in_pinned_root] Scope: 21 tracked Cargo metadata file(s) PLUS tracked submodule gitlinks; 5 git dependency/ies pinned. Untracked, generated and vendored copies are EXCLUDED by design.
[build.workspace_in_pinned_root]   OK    https://github.com/facebookexperimental/rust-shed  4 entries @ 84a82026bc1d
[build.workspace_in_pinned_root]   FLOAT https://github.com/facebookexperimental/rust-shed  tracked by branch=main -- KNOWN EXCEPTION: branch=main since before 2026-08-24; the manifests are autocargo-generated from Meta's internal Buck targets, so pinning it is an owner decision rather than a hand edit. Only the lockfile records what was built (84a82026 at time of writing). Filed separately.
[build.workspace_in_pinned_root]   OK    https://github.com/rr-debugger/rr  1 entry @ 39e5c18e7e43
[build.workspace_in_pinned_root]   OK    https://github.com/rrnewton/agent-utils  1 entry @ 2781b1054efc
[build.workspace_in_pinned_root]   OK    https://github.com/rrnewton/liteinst2  2 entries @ 95ee5e6917fa
[build.workspace_in_pinned_root]   OK    https://github.com/rrnewton/reverie  46 entries @ d87a03a31242
[build.workspace_in_pinned_root] check-git-pin-uniformity.rs: OK -- every REVISION-PINNED git dependency is pinned at exactly one revision
[build.workspace_in_pinned_root]   ⚠️ 1 dependency/ies are NOT PINNED AT ALL and were excluded from that statement, by approved exception: https://github.com/facebookexperimental/rust-shed
[build.workspace_in_pinned_root]   A BRANCH IS NOT A PIN -- it moves under you. Uniformity cannot be asserted over a dependency that names one.
[build.workspace_in_pinned_root] run-with-reverie-dbt-budget.sh: reverie-dbt-budget={pin:d87a03a312421d34dee81dae71aa395b40231e63,source:inherited-launch-cargo-build-jobs,raw-build-jobs:8,effective-cpus-source:child-nproc,effective-cpus:32,reverie-max-jobs:16,effective-native-jobs:8,effective-job-seconds:1050,max-elapsed-seconds:132,basis:github-portable-cold-miss-n3-affinity4,carried-to-pin-on-dynamorio-recipe-key:c9c1ee55257cbb0635b56f494a75ee1dc6af839ca8e289231f533b0208340463}
[build.workspace_in_pinned_root]    Compiling reverie-dbt v0.2.0 (https://github.com/rrnewton/reverie.git?rev=d87a03a312421d34dee81dae71aa395b40231e63#d87a03a3)
[build.workspace_in_pinned_root]    Compiling detcore-dbt v0.2.0 (/src/detcore-dbt)
[build.workspace_in_pinned_root]    Compiling hermit v0.2.0 (/src/hermit-cli)
[build.workspace_in_pinned_root]     Finished `test` profile [unoptimized + debuginfo] target(s) in 6.92s
[build.workspace_in_pinned_root] Pin read from checkout HEAD 932f7130ea3c77dcdb2547b6834f46f08bf593f0.
[build.workspace_in_pinned_root] Scope: 21 tracked Cargo metadata file(s) PLUS tracked submodule gitlinks; 5 git dependency/ies pinned. Untracked, generated and vendored copies are EXCLUDED by design.
[build.workspace_in_pinned_root]   OK    https://github.com/facebookexperimental/rust-shed  4 entries @ 84a82026bc1d
[build.workspace_in_pinned_root]   FLOAT https://github.com/facebookexperimental/rust-shed  tracked by branch=main -- KNOWN EXCEPTION: branch=main since before 2026-08-24; the manifests are autocargo-generated from Meta's internal Buck targets, so pinning it is an owner decision rather than a hand edit. Only the lockfile records what was built (84a82026 at time of writing). Filed separately.
[build.workspace_in_pinned_root]   OK    https://github.com/rr-debugger/rr  1 entry @ 39e5c18e7e43
[build.workspace_in_pinned_root]   OK    https://github.com/rrnewton/agent-utils  1 entry @ 2781b1054efc
[build.workspace_in_pinned_root]   OK    https://github.com/rrnewton/liteinst2  2 entries @ 95ee5e6917fa
[build.workspace_in_pinned_root]   OK    https://github.com/rrnewton/reverie  46 entries @ d87a03a31242
[build.workspace_in_pinned_root] check-git-pin-uniformity.rs: OK -- every REVISION-PINNED git dependency is pinned at exactly one revision
[build.workspace_in_pinned_root]   ⚠️ 1 dependency/ies are NOT PINNED AT ALL and were excluded from that statement, by approved exception: https://github.com/facebookexperimental/rust-shed
[build.workspace_in_pinned_root]   A BRANCH IS NOT A PIN -- it moves under you. Uniformity cannot be asserted over a dependency that names one.
[build.workspace_in_pinned_root] run-with-reverie-dbt-budget.sh: reverie-dbt-budget={pin:d87a03a312421d34dee81dae71aa395b40231e63,source:inherited-launch-cargo-build-jobs,raw-build-jobs:8,effective-cpus-source:child-nproc,effective-cpus:32,reverie-max-jobs:16,effective-native-jobs:8,effective-job-seconds:1050,max-elapsed-seconds:132,basis:github-portable-cold-miss-n3-affinity4,carried-to-pin-on-dynamorio-recipe-key:c9c1ee55257cbb0635b56f494a75ee1dc6af839ca8e289231f533b0208340463}
[build.workspace_in_pinned_root]    Compiling hermit v0.2.0 (/src/hermit-cli)
[build.workspace_in_pinned_root]     Finished `test` profile [unoptimized + debuginfo] target(s) in 4.22s
[build.workspace_in_pinned_root] Pin read from checkout HEAD 932f7130ea3c77dcdb2547b6834f46f08bf593f0.
[build.workspace_in_pinned_root] Scope: 21 tracked Cargo metadata file(s) PLUS tracked submodule gitlinks; 5 git dependency/ies pinned. Untracked, generated and vendored copies are EXCLUDED by design.
[build.workspace_in_pinned_root]   OK    https://github.com/facebookexperimental/rust-shed  4 entries @ 84a82026bc1d
[build.workspace_in_pinned_root]   FLOAT https://github.com/facebookexperimental/rust-shed  tracked by branch=main -- KNOWN EXCEPTION: branch=main since before 2026-08-24; the manifests are autocargo-generated from Meta's internal Buck targets, so pinning it is an owner decision rather than a hand edit. Only the lockfile records what was built (84a82026 at time of writing). Filed separately.
[build.workspace_in_pinned_root]   OK    https://github.com/rr-debugger/rr  1 entry @ 39e5c18e7e43
[build.workspace_in_pinned_root]   OK    https://github.com/rrnewton/agent-utils  1 entry @ 2781b1054efc
[build.workspace_in_pinned_root]   OK    https://github.com/rrnewton/liteinst2  2 entries @ 95ee5e6917fa
[build.workspace_in_pinned_root]   OK    https://github.com/rrnewton/reverie  46 entries @ d87a03a31242
[build.workspace_in_pinned_root] check-git-pin-uniformity.rs: OK -- every REVISION-PINNED git dependency is pinned at exactly one revision
[build.workspace_in_pinned_root]   ⚠️ 1 dependency/ies are NOT PINNED AT ALL and were excluded from that statement, by approved exception: https://github.com/facebookexperimental/rust-shed
[build.workspace_in_pinned_root]   A BRANCH IS NOT A PIN -- it moves under you. Uniformity cannot be asserted over a dependency that names one.
[build.workspace_in_pinned_root] run-with-reverie-dbt-budget.sh: reverie-dbt-budget={pin:d87a03a312421d34dee81dae71aa395b40231e63,source:inherited-launch-cargo-build-jobs,raw-build-jobs:8,effective-cpus-source:child-nproc,effective-cpus:32,reverie-max-jobs:16,effective-native-jobs:8,effective-job-seconds:1050,max-elapsed-seconds:132,basis:github-portable-cold-miss-n3-affinity4,carried-to-pin-on-dynamorio-recipe-key:c9c1ee55257cbb0635b56f494a75ee1dc6af839ca8e289231f533b0208340463}
[build.workspace_in_pinned_root]    Compiling hermit v0.2.0 (/src/hermit-cli)
[build.workspace_in_pinned_root]     Finished `test` profile [unoptimized + debuginfo] target(s) in 0.52s
[build.workspace_in_pinned_root] Pin read from checkout HEAD 932f7130ea3c77dcdb2547b6834f46f08bf593f0.
[build.workspace_in_pinned_root] Scope: 21 tracked Cargo metadata file(s) PLUS tracked submodule gitlinks; 5 git dependency/ies pinned. Untracked, generated and vendored copies are EXCLUDED by design.
[build.workspace_in_pinned_root]   OK    https://github.com/facebookexperimental/rust-shed  4 entries @ 84a82026bc1d
[build.workspace_in_pinned_root]   FLOAT https://github.com/facebookexperimental/rust-shed  tracked by branch=main -- KNOWN EXCEPTION: branch=main since before 2026-08-24; the manifests are autocargo-generated from Meta's internal Buck targets, so pinning it is an owner decision rather than a hand edit. Only the lockfile records what was built (84a82026 at time of writing). Filed separately.
[build.workspace_in_pinned_root]   OK    https://github.com/rr-debugger/rr  1 entry @ 39e5c18e7e43
[build.workspace_in_pinned_root]   OK    https://github.com/rrnewton/agent-utils  1 entry @ 2781b1054efc
[build.workspace_in_pinned_root]   OK    https://github.com/rrnewton/liteinst2  2 entries @ 95ee5e6917fa
[build.workspace_in_pinned_root]   OK    https://github.com/rrnewton/reverie  46 entries @ d87a03a31242
[build.workspace_in_pinned_root] check-git-pin-uniformity.rs: OK -- every REVISION-PINNED git dependency is pinned at exactly one revision
[build.workspace_in_pinned_root]   ⚠️ 1 dependency/ies are NOT PINNED AT ALL and were excluded from that statement, by approved exception: https://github.com/facebookexperimental/rust-shed
[build.workspace_in_pinned_root]   A BRANCH IS NOT A PIN -- it moves under you. Uniformity cannot be asserted over a dependency that names one.
[build.workspace_in_pinned_root] run-with-reverie-dbt-budget.sh: reverie-dbt-budget={pin:d87a03a312421d34dee81dae71aa395b40231e63,source:inherited-launch-cargo-build-jobs,raw-build-jobs:8,effective-cpus-source:child-nproc,effective-cpus:32,reverie-max-jobs:16,effective-native-jobs:8,effective-job-seconds:1050,max-elapsed-seconds:132,basis:github-portable-cold-miss-n3-affinity4,carried-to-pin-on-dynamorio-recipe-key:c9c1ee55257cbb0635b56f494a75ee1dc6af839ca8e289231f533b0208340463}
[build.workspace_in_pinned_root]    Compiling hermit v0.2.0 (/src/hermit-cli)
[build.workspace_in_pinned_root]     Finished `test` profile [unoptimized + debuginfo] target(s) in 0.43s
[build.workspace_in_pinned_root] Pin read from checkout HEAD 932f7130ea3c77dcdb2547b6834f46f08bf593f0.
[build.workspace_in_pinned_root] Scope: 21 tracked Cargo metadata file(s) PLUS tracked submodule gitlinks; 5 git dependency/ies pinned. Untracked, generated and vendored copies are EXCLUDED by design.
[build.workspace_in_pinned_root]   OK    https://github.com/facebookexperimental/rust-shed  4 entries @ 84a82026bc1d
[build.workspace_in_pinned_root]   FLOAT https://github.com/facebookexperimental/rust-shed  tracked by branch=main -- KNOWN EXCEPTION: branch=main since before 2026-08-24; the manifests are autocargo-generated from Meta's internal Buck targets, so pinning it is an owner decision rather than a hand edit. Only the lockfile records what was built (84a82026 at time of writing). Filed separately.
[build.workspace_in_pinned_root]   OK    https://github.com/rr-debugger/rr  1 entry @ 39e5c18e7e43
[build.workspace_in_pinned_root]   OK    https://github.com/rrnewton/agent-utils  1 entry @ 2781b1054efc
[build.workspace_in_pinned_root]   OK    https://github.com/rrnewton/liteinst2  2 entries @ 95ee5e6917fa
[build.workspace_in_pinned_root]   OK    https://github.com/rrnewton/reverie  46 entries @ d87a03a31242
[build.workspace_in_pinned_root] check-git-pin-uniformity.rs: OK -- every REVISION-PINNED git dependency is pinned at exactly one revision
[build.workspace_in_pinned_root]   ⚠️ 1 dependency/ies are NOT PINNED AT ALL and were excluded from that statement, by approved exception: https://github.com/facebookexperimental/rust-shed
[build.workspace_in_pinned_root]   A BRANCH IS NOT A PIN -- it moves under you. Uniformity cannot be asserted over a dependency that names one.
[build.workspace_in_pinned_root] run-with-reverie-dbt-budget.sh: reverie-dbt-budget={pin:d87a03a312421d34dee81dae71aa395b40231e63,source:inherited-launch-cargo-build-jobs,raw-build-jobs:8,effective-cpus-source:child-nproc,effective-cpus:32,reverie-max-jobs:16,effective-native-jobs:8,effective-job-seconds:1050,max-elapsed-seconds:132,basis:github-portable-cold-miss-n3-affinity4,carried-to-pin-on-dynamorio-recipe-key:c9c1ee55257cbb0635b56f494a75ee1dc6af839ca8e289231f533b0208340463}
[build.workspace_in_pinned_root]    Compiling hermit v0.2.0 (/src/hermit-cli)
[build.workspace_in_pinned_root]     Finished `test` profile [unoptimized + debuginfo] target(s) in 0.63s
[build.workspace_in_pinned_root] Pin read from checkout HEAD 932f7130ea3c77dcdb2547b6834f46f08bf593f0.
[build.workspace_in_pinned_root] Scope: 21 tracked Cargo metadata file(s) PLUS tracked submodule gitlinks; 5 git dependency/ies pinned. Untracked, generated and vendored copies are EXCLUDED by design.
[build.workspace_in_pinned_root]   OK    https://github.com/facebookexperimental/rust-shed  4 entries @ 84a82026bc1d
[build.workspace_in_pinned_root]   FLOAT https://github.com/facebookexperimental/rust-shed  tracked by branch=main -- KNOWN EXCEPTION: branch=main since before 2026-08-24; the manifests are autocargo-generated from Meta's internal Buck targets, so pinning it is an owner decision rather than a hand edit. Only the lockfile records what was built (84a82026 at time of writing). Filed separately.
[build.workspace_in_pinned_root]   OK    https://github.com/rr-debugger/rr  1 entry @ 39e5c18e7e43
[build.workspace_in_pinned_root]   OK    https://github.com/rrnewton/agent-utils  1 entry @ 2781b1054efc
[build.workspace_in_pinned_root]   OK    https://github.com/rrnewton/liteinst2  2 entries @ 95ee5e6917fa
[build.workspace_in_pinned_root]   OK    https://github.com/rrnewton/reverie  46 entries @ d87a03a31242
[build.workspace_in_pinned_root] check-git-pin-uniformity.rs: OK -- every REVISION-PINNED git dependency is pinned at exactly one revision
[build.workspace_in_pinned_root]   ⚠️ 1 dependency/ies are NOT PINNED AT ALL and were excluded from that statement, by approved exception: https://github.com/facebookexperimental/rust-shed
[build.workspace_in_pinned_root]   A BRANCH IS NOT A PIN -- it moves under you. Uniformity cannot be asserted over a dependency that names one.
[build.workspace_in_pinned_root] run-with-reverie-dbt-budget.sh: reverie-dbt-budget={pin:d87a03a312421d34dee81dae71aa395b40231e63,source:inherited-launch-cargo-build-jobs,raw-build-jobs:8,effective-cpus-source:child-nproc,effective-cpus:32,reverie-max-jobs:16,effective-native-jobs:8,effective-job-seconds:1050,max-elapsed-seconds:132,basis:github-portable-cold-miss-n3-affinity4,carried-to-pin-on-dynamorio-recipe-key:c9c1ee55257cbb0635b56f494a75ee1dc6af839ca8e289231f533b0208340463}
[build.workspace_in_pinned_root]    Compiling hermit v0.2.0 (/src/hermit-cli)
[build.workspace_in_pinned_root]     Finished `test` profile [unoptimized + debuginfo] target(s) in 0.65s
[build.workspace_in_pinned_root] Pin read from checkout HEAD 932f7130ea3c77dcdb2547b6834f46f08bf593f0.
[build.workspace_in_pinned_root] Scope: 21 tracked Cargo metadata file(s) PLUS tracked submodule gitlinks; 5 git dependency/ies pinned. Untracked, generated and vendored copies are EXCLUDED by design.
[build.workspace_in_pinned_root]   OK    https://github.com/facebookexperimental/rust-shed  4 entries @ 84a82026bc1d
[build.workspace_in_pinned_root]   FLOAT https://github.com/facebookexperimental/rust-shed  tracked by branch=main -- KNOWN EXCEPTION: branch=main since before 2026-08-24; the manifests are autocargo-generated from Meta's internal Buck targets, so pinning it is an owner decision rather than a hand edit. Only the lockfile records what was built (84a82026 at time of writing). Filed separately.
[build.workspace_in_pinned_root]   OK    https://github.com/rr-debugger/rr  1 entry @ 39e5c18e7e43
[build.workspace_in_pinned_root]   OK    https://github.com/rrnewton/agent-utils  1 entry @ 2781b1054efc
[build.workspace_in_pinned_root]   OK    https://github.com/rrnewton/liteinst2  2 entries @ 95ee5e6917fa
[build.workspace_in_pinned_root]   OK    https://github.com/rrnewton/reverie  46 entries @ d87a03a31242
[build.workspace_in_pinned_root] check-git-pin-uniformity.rs: OK -- every REVISION-PINNED git dependency is pinned at exactly one revision
[build.workspace_in_pinned_root]   ⚠️ 1 dependency/ies are NOT PINNED AT ALL and were excluded from that statement, by approved exception: https://github.com/facebookexperimental/rust-shed
[build.workspace_in_pinned_root]   A BRANCH IS NOT A PIN -- it moves under you. Uniformity cannot be asserted over a dependency that names one.
[build.workspace_in_pinned_root] run-with-reverie-dbt-budget.sh: reverie-dbt-budget={pin:d87a03a312421d34dee81dae71aa395b40231e63,source:inherited-launch-cargo-build-jobs,raw-build-jobs:8,effective-cpus-source:child-nproc,effective-cpus:32,reverie-max-jobs:16,effective-native-jobs:8,effective-job-seconds:1050,max-elapsed-seconds:132,basis:github-portable-cold-miss-n3-affinity4,carried-to-pin-on-dynamorio-recipe-key:c9c1ee55257cbb0635b56f494a75ee1dc6af839ca8e289231f533b0208340463}
[build.workspace_in_pinned_root]    Compiling reverie-dbt v0.2.0 (https://github.com/rrnewton/reverie.git?rev=d87a03a312421d34dee81dae71aa395b40231e63#d87a03a3)
[build.workspace_in_pinned_root]    Compiling reverie-ptrace v0.2.0 (https://github.com/rrnewton/reverie.git?rev=d87a03a312421d34dee81dae71aa395b40231e63#d87a03a3)
[build.workspace_in_pinned_root]    Compiling hermit-install v0.2.0 (/src/hermit-install)
[build.workspace_in_pinned_root]    Compiling detcore-dbt v0.2.0 (/src/detcore-dbt)
[build.workspace_in_pinned_root] … 150s elapsed, no test events yet
[build.workspace_in_pinned_root]    Compiling detcore-testutils v0.2.0 (/src/detcore/tests/testutils)
[build.workspace_in_pinned_root]     Finished `test` profile [unoptimized + debuginfo] target(s) in 8.46s
[build.workspace_in_pinned_root] Pin read from checkout HEAD 932f7130ea3c77dcdb2547b6834f46f08bf593f0.
[build.workspace_in_pinned_root] Scope: 21 tracked Cargo metadata file(s) PLUS tracked submodule gitlinks; 5 git dependency/ies pinned. Untracked, generated and vendored copies are EXCLUDED by design.
[build.workspace_in_pinned_root]   OK    https://github.com/facebookexperimental/rust-shed  4 entries @ 84a82026bc1d
[build.workspace_in_pinned_root]   FLOAT https://github.com/facebookexperimental/rust-shed  tracked by branch=main -- KNOWN EXCEPTION: branch=main since before 2026-08-24; the manifests are autocargo-generated from Meta's internal Buck targets, so pinning it is an owner decision rather than a hand edit. Only the lockfile records what was built (84a82026 at time of writing). Filed separately.
[build.workspace_in_pinned_root]   OK    https://github.com/rr-debugger/rr  1 entry @ 39e5c18e7e43
[build.workspace_in_pinned_root]   OK    https://github.com/rrnewton/agent-utils  1 entry @ 2781b1054efc
[build.workspace_in_pinned_root]   OK    https://github.com/rrnewton/liteinst2  2 entries @ 95ee5e6917fa
[build.workspace_in_pinned_root]   OK    https://github.com/rrnewton/reverie  46 entries @ d87a03a31242
[build.workspace_in_pinned_root] check-git-pin-uniformity.rs: OK -- every REVISION-PINNED git dependency is pinned at exactly one revision
[build.workspace_in_pinned_root]   ⚠️ 1 dependency/ies are NOT PINNED AT ALL and were excluded from that statement, by approved exception: https://github.com/facebookexperimental/rust-shed
[build.workspace_in_pinned_root]   A BRANCH IS NOT A PIN -- it moves under you. Uniformity cannot be asserted over a dependency that names one.
[build.workspace_in_pinned_root] run-with-reverie-dbt-budget.sh: reverie-dbt-budget={pin:d87a03a312421d34dee81dae71aa395b40231e63,source:inherited-launch-cargo-build-jobs,raw-build-jobs:8,effective-cpus-source:child-nproc,effective-cpus:32,reverie-max-jobs:16,effective-native-jobs:8,effective-job-seconds:1050,max-elapsed-seconds:132,basis:github-portable-cold-miss-n3-affinity4,carried-to-pin-on-dynamorio-recipe-key:c9c1ee55257cbb0635b56f494a75ee1dc6af839ca8e289231f533b0208340463}
[build.workspace_in_pinned_root]    Compiling detcore-dbt v0.2.0 (/src/detcore-dbt)
[build.workspace_in_pinned_root]    Compiling hermit v0.2.0 (/src/hermit-cli)
[build.workspace_in_pinned_root]     Finished `test` profile [unoptimized + debuginfo] target(s) in 5.56s
[build.workspace_in_pinned_root] Pin read from checkout HEAD 932f7130ea3c77dcdb2547b6834f46f08bf593f0.
[build.workspace_in_pinned_root] Scope: 21 tracked Cargo metadata file(s) PLUS tracked submodule gitlinks; 5 git dependency/ies pinned. Untracked, generated and vendored copies are EXCLUDED by design.
[build.workspace_in_pinned_root]   OK    https://github.com/facebookexperimental/rust-shed  4 entries @ 84a82026bc1d
[build.workspace_in_pinned_root]   FLOAT https://github.com/facebookexperimental/rust-shed  tracked by branch=main -- KNOWN EXCEPTION: branch=main since before 2026-08-24; the manifests are autocargo-generated from Meta's internal Buck targets, so pinning it is an owner decision rather than a hand edit. Only the lockfile records what was built (84a82026 at time of writing). Filed separately.
[build.workspace_in_pinned_root]   OK    https://github.com/rr-debugger/rr  1 entry @ 39e5c18e7e43
[build.workspace_in_pinned_root]   OK    https://github.com/rrnewton/agent-utils  1 entry @ 2781b1054efc
[build.workspace_in_pinned_root]   OK    https://github.com/rrnewton/liteinst2  2 entries @ 95ee5e6917fa
[build.workspace_in_pinned_root]   OK    https://github.com/rrnewton/reverie  46 entries @ d87a03a31242
[build.workspace_in_pinned_root] check-git-pin-uniformity.rs: OK -- every REVISION-PINNED git dependency is pinned at exactly one revision
[build.workspace_in_pinned_root]   ⚠️ 1 dependency/ies are NOT PINNED AT ALL and were excluded from that statement, by approved exception: https://github.com/facebookexperimental/rust-shed
[build.workspace_in_pinned_root]   A BRANCH IS NOT A PIN -- it moves under you. Uniformity cannot be asserted over a dependency that names one.
[build.workspace_in_pinned_root] run-with-reverie-dbt-budget.sh: reverie-dbt-budget={pin:d87a03a312421d34dee81dae71aa395b40231e63,source:inherited-launch-cargo-build-jobs,raw-build-jobs:8,effective-cpus-source:child-nproc,effective-cpus:32,reverie-max-jobs:16,effective-native-jobs:8,effective-job-seconds:1050,max-elapsed-seconds:132,basis:github-portable-cold-miss-n3-affinity4,carried-to-pin-on-dynamorio-recipe-key:c9c1ee55257cbb0635b56f494a75ee1dc6af839ca8e289231f533b0208340463}
[build.workspace_in_pinned_root]    Compiling hermit v0.2.0 (/src/hermit-cli)
[build.workspace_in_pinned_root]     Finished `test` profile [unoptimized + debuginfo] target(s) in 2.01s
[build.workspace_in_pinned_root] Pin read from checkout HEAD 932f7130ea3c77dcdb2547b6834f46f08bf593f0.
[build.workspace_in_pinned_root] Scope: 21 tracked Cargo metadata file(s) PLUS tracked submodule gitlinks; 5 git dependency/ies pinned. Untracked, generated and vendored copies are EXCLUDED by design.
[build.workspace_in_pinned_root]   OK    https://github.com/facebookexperimental/rust-shed  4 entries @ 84a82026bc1d
[build.workspace_in_pinned_root]   FLOAT https://github.com/facebookexperimental/rust-shed  tracked by branch=main -- KNOWN EXCEPTION: branch=main since before 2026-08-24; the manifests are autocargo-generated from Meta's internal Buck targets, so pinning it is an owner decision rather than a hand edit. Only the lockfile records what was built (84a82026 at time of writing). Filed separately.
[build.workspace_in_pinned_root]   OK    https://github.com/rr-debugger/rr  1 entry @ 39e5c18e7e43
[build.workspace_in_pinned_root]   OK    https://github.com/rrnewton/agent-utils  1 entry @ 2781b1054efc
[build.workspace_in_pinned_root]   OK    https://github.com/rrnewton/liteinst2  2 entries @ 95ee5e6917fa
[build.workspace_in_pinned_root]   OK    https://github.com/rrnewton/reverie  46 entries @ d87a03a31242
[build.workspace_in_pinned_root] check-git-pin-uniformity.rs: OK -- every REVISION-PINNED git dependency is pinned at exactly one revision
[build.workspace_in_pinned_root]   ⚠️ 1 dependency/ies are NOT PINNED AT ALL and were excluded from that statement, by approved exception: https://github.com/facebookexperimental/rust-shed
[build.workspace_in_pinned_root]   A BRANCH IS NOT A PIN -- it moves under you. Uniformity cannot be asserted over a dependency that names one.
[build.workspace_in_pinned_root] run-with-reverie-dbt-budget.sh: reverie-dbt-budget={pin:d87a03a312421d34dee81dae71aa395b40231e63,source:inherited-launch-cargo-build-jobs,raw-build-jobs:8,effective-cpus-source:child-nproc,effective-cpus:32,reverie-max-jobs:16,effective-native-jobs:8,effective-job-seconds:1050,max-elapsed-seconds:132,basis:github-portable-cold-miss-n3-affinity4,carried-to-pin-on-dynamorio-recipe-key:c9c1ee55257cbb0635b56f494a75ee1dc6af839ca8e289231f533b0208340463}
[build.workspace_in_pinned_root]    Compiling hermit-detcore v0.2.0 (/src/detcore)
[build.workspace_in_pinned_root] … 180s elapsed, no test events yet
[build.workspace_in_pinned_root]     Finished `test` profile [unoptimized + debuginfo] target(s) in 15.92s
[build.workspace_in_pinned_root] Pin read from checkout HEAD 932f7130ea3c77dcdb2547b6834f46f08bf593f0.
[build.workspace_in_pinned_root] Scope: 21 tracked Cargo metadata file(s) PLUS tracked submodule gitlinks; 5 git dependency/ies pinned. Untracked, generated and vendored copies are EXCLUDED by design.
[build.workspace_in_pinned_root]   OK    https://github.com/facebookexperimental/rust-shed  4 entries @ 84a82026bc1d
[build.workspace_in_pinned_root]   FLOAT https://github.com/facebookexperimental/rust-shed  tracked by branch=main -- KNOWN EXCEPTION: branch=main since before 2026-08-24; the manifests are autocargo-generated from Meta's internal Buck targets, so pinning it is an owner decision rather than a hand edit. Only the lockfile records what was built (84a82026 at time of writing). Filed separately.
[build.workspace_in_pinned_root]   OK    https://github.com/rr-debugger/rr  1 entry @ 39e5c18e7e43
[build.workspace_in_pinned_root]   OK    https://github.com/rrnewton/agent-utils  1 entry @ 2781b1054efc
[build.workspace_in_pinned_root]   OK    https://github.com/rrnewton/liteinst2  2 entries @ 95ee5e6917fa
[build.workspace_in_pinned_root]   OK    https://github.com/rrnewton/reverie  46 entries @ d87a03a31242
[build.workspace_in_pinned_root] check-git-pin-uniformity.rs: OK -- every REVISION-PINNED git dependency is pinned at exactly one revision
[build.workspace_in_pinned_root]   ⚠️ 1 dependency/ies are NOT PINNED AT ALL and were excluded from that statement, by approved exception: https://github.com/facebookexperimental/rust-shed
[build.workspace_in_pinned_root]   A BRANCH IS NOT A PIN -- it moves under you. Uniformity cannot be asserted over a dependency that names one.
[build.workspace_in_pinned_root] run-with-reverie-dbt-budget.sh: reverie-dbt-budget={pin:d87a03a312421d34dee81dae71aa395b40231e63,source:inherited-launch-cargo-build-jobs,raw-build-jobs:8,effective-cpus-source:child-nproc,effective-cpus:32,reverie-max-jobs:16,effective-native-jobs:8,effective-job-seconds:1050,max-elapsed-seconds:132,basis:github-portable-cold-miss-n3-affinity4,carried-to-pin-on-dynamorio-recipe-key:c9c1ee55257cbb0635b56f494a75ee1dc6af839ca8e289231f533b0208340463}
[build.workspace_in_pinned_root]    Compiling hermit v0.2.0 (/src/hermit-cli)
[build.workspace_in_pinned_root]     Finished `test` profile [unoptimized + debuginfo] target(s) in 16.54s
[build.workspace_in_pinned_root] Pin read from checkout HEAD 932f7130ea3c77dcdb2547b6834f46f08bf593f0.
[build.workspace_in_pinned_root] Scope: 21 tracked Cargo metadata file(s) PLUS tracked submodule gitlinks; 5 git dependency/ies pinned. Untracked, generated and vendored copies are EXCLUDED by design.
[build.workspace_in_pinned_root]   OK    https://github.com/facebookexperimental/rust-shed  4 entries @ 84a82026bc1d
[build.workspace_in_pinned_root]   FLOAT https://github.com/facebookexperimental/rust-shed  tracked by branch=main -- KNOWN EXCEPTION: branch=main since before 2026-08-24; the manifests are autocargo-generated from Meta's internal Buck targets, so pinning it is an owner decision rather than a hand edit. Only the lockfile records what was built (84a82026 at time of writing). Filed separately.
[build.workspace_in_pinned_root]   OK    https://github.com/rr-debugger/rr  1 entry @ 39e5c18e7e43
[build.workspace_in_pinned_root]   OK    https://github.com/rrnewton/agent-utils  1 entry @ 2781b1054efc
[build.workspace_in_pinned_root]   OK    https://github.com/rrnewton/liteinst2  2 entries @ 95ee5e6917fa
[build.workspace_in_pinned_root]   OK    https://github.com/rrnewton/reverie  46 entries @ d87a03a31242
[build.workspace_in_pinned_root] check-git-pin-uniformity.rs: OK -- every REVISION-PINNED git dependency is pinned at exactly one revision
[build.workspace_in_pinned_root]   ⚠️ 1 dependency/ies are NOT PINNED AT ALL and were excluded from that statement, by approved exception: https://github.com/facebookexperimental/rust-shed
[build.workspace_in_pinned_root]   A BRANCH IS NOT A PIN -- it moves under you. Uniformity cannot be asserted over a dependency that names one.
[build.workspace_in_pinned_root] run-with-reverie-dbt-budget.sh: reverie-dbt-budget={pin:d87a03a312421d34dee81dae71aa395b40231e63,source:inherited-launch-cargo-build-jobs,raw-build-jobs:8,effective-cpus-source:child-nproc,effective-cpus:32,reverie-max-jobs:16,effective-native-jobs:8,effective-job-seconds:1050,max-elapsed-seconds:132,basis:github-portable-cold-miss-n3-affinity4,carried-to-pin-on-dynamorio-recipe-key:c9c1ee55257cbb0635b56f494a75ee1dc6af839ca8e289231f533b0208340463}
[build.workspace_in_pinned_root]    Compiling hermit-detcore v0.2.0 (/src/detcore)
[build.workspace_in_pinned_root]     Finished `test` profile [unoptimized + debuginfo] target(s) in 5.72s
[build.workspace_in_pinned_root] Pin read from checkout HEAD 932f7130ea3c77dcdb2547b6834f46f08bf593f0.
[build.workspace_in_pinned_root] Scope: 21 tracked Cargo metadata file(s) PLUS tracked submodule gitlinks; 5 git dependency/ies pinned. Untracked, generated and vendored copies are EXCLUDED by design.
[build.workspace_in_pinned_root]   OK    https://github.com/facebookexperimental/rust-shed  4 entries @ 84a82026bc1d
[build.workspace_in_pinned_root]   FLOAT https://github.com/facebookexperimental/rust-shed  tracked by branch=main -- KNOWN EXCEPTION: branch=main since before 2026-08-24; the manifests are autocargo-generated from Meta's internal Buck targets, so pinning it is an owner decision rather than a hand edit. Only the lockfile records what was built (84a82026 at time of writing). Filed separately.
[build.workspace_in_pinned_root]   OK    https://github.com/rr-debugger/rr  1 entry @ 39e5c18e7e43
[build.workspace_in_pinned_root]   OK    https://github.com/rrnewton/agent-utils  1 entry @ 2781b1054efc
[build.workspace_in_pinned_root]   OK    https://github.com/rrnewton/liteinst2  2 entries @ 95ee5e6917fa
[build.workspace_in_pinned_root]   OK    https://github.com/rrnewton/reverie  46 entries @ d87a03a31242
[build.workspace_in_pinned_root] check-git-pin-uniformity.rs: OK -- every REVISION-PINNED git dependency is pinned at exactly one revision
[build.workspace_in_pinned_root]   ⚠️ 1 dependency/ies are NOT PINNED AT ALL and were excluded from that statement, by approved exception: https://github.com/facebookexperimental/rust-shed
[build.workspace_in_pinned_root]   A BRANCH IS NOT A PIN -- it moves under you. Uniformity cannot be asserted over a dependency that names one.
[build.workspace_in_pinned_root] run-with-reverie-dbt-budget.sh: reverie-dbt-budget={pin:d87a03a312421d34dee81dae71aa395b40231e63,source:inherited-launch-cargo-build-jobs,raw-build-jobs:8,effective-cpus-source:child-nproc,effective-cpus:32,reverie-max-jobs:16,effective-native-jobs:8,effective-job-seconds:1050,max-elapsed-seconds:132,basis:github-portable-cold-miss-n3-affinity4,carried-to-pin-on-dynamorio-recipe-key:c9c1ee55257cbb0635b56f494a75ee1dc6af839ca8e289231f533b0208340463}
[build.workspace_in_pinned_root]    Compiling hermit v0.2.0 (/src/hermit-cli)
[build.workspace_in_pinned_root]     Finished `test` profile [unoptimized + debuginfo] target(s) in 0.87s
[build.workspace_in_pinned_root] Pin read from checkout HEAD 932f7130ea3c77dcdb2547b6834f46f08bf593f0.
[build.workspace_in_pinned_root] Scope: 21 tracked Cargo metadata file(s) PLUS tracked submodule gitlinks; 5 git dependency/ies pinned. Untracked, generated and vendored copies are EXCLUDED by design.
[build.workspace_in_pinned_root]   OK    https://github.com/facebookexperimental/rust-shed  4 entries @ 84a82026bc1d
[build.workspace_in_pinned_root]   FLOAT https://github.com/facebookexperimental/rust-shed  tracked by branch=main -- KNOWN EXCEPTION: branch=main since before 2026-08-24; the manifests are autocargo-generated from Meta's internal Buck targets, so pinning it is an owner decision rather than a hand edit. Only the lockfile records what was built (84a82026 at time of writing). Filed separately.
[build.workspace_in_pinned_root]   OK    https://github.com/rr-debugger/rr  1 entry @ 39e5c18e7e43
[build.workspace_in_pinned_root]   OK    https://github.com/rrnewton/agent-utils  1 entry @ 2781b1054efc
[build.workspace_in_pinned_root]   OK    https://github.com/rrnewton/liteinst2  2 entries @ 95ee5e6917fa
[build.workspace_in_pinned_root]   OK    https://github.com/rrnewton/reverie  46 entries @ d87a03a31242
[build.workspace_in_pinned_root] check-git-pin-uniformity.rs: OK -- every REVISION-PINNED git dependency is pinned at exactly one revision
[build.workspace_in_pinned_root]   ⚠️ 1 dependency/ies are NOT PINNED AT ALL and were excluded from that statement, by approved exception: https://github.com/facebookexperimental/rust-shed
[build.workspace_in_pinned_root]   A BRANCH IS NOT A PIN -- it moves under you. Uniformity cannot be asserted over a dependency that names one.
[build.workspace_in_pinned_root] … 210s elapsed, no test events yet
[build.workspace_in_pinned_root] run-with-reverie-dbt-budget.sh: reverie-dbt-budget={pin:d87a03a312421d34dee81dae71aa395b40231e63,source:inherited-launch-cargo-build-jobs,raw-build-jobs:8,effective-cpus-source:child-nproc,effective-cpus:32,reverie-max-jobs:16,effective-native-jobs:8,effective-job-seconds:1050,max-elapsed-seconds:132,basis:github-portable-cold-miss-n3-affinity4,carried-to-pin-on-dynamorio-recipe-key:c9c1ee55257cbb0635b56f494a75ee1dc6af839ca8e289231f533b0208340463}
[build.workspace_in_pinned_root]    Compiling hermit v0.2.0 (/src/hermit-cli)
[build.workspace_in_pinned_root]     Finished `test` profile [unoptimized + debuginfo] target(s) in 1.47s
[build.workspace_in_pinned_root] Pin read from checkout HEAD 932f7130ea3c77dcdb2547b6834f46f08bf593f0.
[build.workspace_in_pinned_root] Scope: 21 tracked Cargo metadata file(s) PLUS tracked submodule gitlinks; 5 git dependency/ies pinned. Untracked, generated and vendored copies are EXCLUDED by design.
[build.workspace_in_pinned_root]   OK    https://github.com/facebookexperimental/rust-shed  4 entries @ 84a82026bc1d
[build.workspace_in_pinned_root]   FLOAT https://github.com/facebookexperimental/rust-shed  tracked by branch=main -- KNOWN EXCEPTION: branch=main since before 2026-08-24; the manifests are autocargo-generated from Meta's internal Buck targets, so pinning it is an owner decision rather than a hand edit. Only the lockfile records what was built (84a82026 at time of writing). Filed separately.
[build.workspace_in_pinned_root]   OK    https://github.com/rr-debugger/rr  1 entry @ 39e5c18e7e43
[build.workspace_in_pinned_root]   OK    https://github.com/rrnewton/agent-utils  1 entry @ 2781b1054efc
[build.workspace_in_pinned_root]   OK    https://github.com/rrnewton/liteinst2  2 entries @ 95ee5e6917fa
[build.workspace_in_pinned_root]   OK    https://github.com/rrnewton/reverie  46 entries @ d87a03a31242
[build.workspace_in_pinned_root] check-git-pin-uniformity.rs: OK -- every REVISION-PINNED git dependency is pinned at exactly one revision
[build.workspace_in_pinned_root]   ⚠️ 1 dependency/ies are NOT PINNED AT ALL and were excluded from that statement, by approved exception: https://github.com/facebookexperimental/rust-shed
[build.workspace_in_pinned_root]   A BRANCH IS NOT A PIN -- it moves under you. Uniformity cannot be asserted over a dependency that names one.
[build.workspace_in_pinned_root] run-with-reverie-dbt-budget.sh: reverie-dbt-budget={pin:d87a03a312421d34dee81dae71aa395b40231e63,source:inherited-launch-cargo-build-jobs,raw-build-jobs:8,effective-cpus-source:child-nproc,effective-cpus:32,reverie-max-jobs:16,effective-native-jobs:8,effective-job-seconds:1050,max-elapsed-seconds:132,basis:github-portable-cold-miss-n3-affinity4,carried-to-pin-on-dynamorio-recipe-key:c9c1ee55257cbb0635b56f494a75ee1dc6af839ca8e289231f533b0208340463}
[build.workspace_in_pinned_root]    Compiling hermetic_infra_hermit_tests v0.2.0 (/src/tests)
[build.workspace_in_pinned_root]     Finished `dev` profile [unoptimized + debuginfo] target(s) in 1.52s
[build.workspace_in_pinned_root] Pin read from checkout HEAD 932f7130ea3c77dcdb2547b6834f46f08bf593f0.
[build.workspace_in_pinned_root] Scope: 21 tracked Cargo metadata file(s) PLUS tracked submodule gitlinks; 5 git dependency/ies pinned. Untracked, generated and vendored copies are EXCLUDED by design.
[build.workspace_in_pinned_root]   OK    https://github.com/facebookexperimental/rust-shed  4 entries @ 84a82026bc1d
[build.workspace_in_pinned_root]   FLOAT https://github.com/facebookexperimental/rust-shed  tracked by branch=main -- KNOWN EXCEPTION: branch=main since before 2026-08-24; the manifests are autocargo-generated from Meta's internal Buck targets, so pinning it is an owner decision rather than a hand edit. Only the lockfile records what was built (84a82026 at time of writing). Filed separately.
[build.workspace_in_pinned_root]   OK    https://github.com/rr-debugger/rr  1 entry @ 39e5c18e7e43
[build.workspace_in_pinned_root]   OK    https://github.com/rrnewton/agent-utils  1 entry @ 2781b1054efc
[build.workspace_in_pinned_root]   OK    https://github.com/rrnewton/liteinst2  2 entries @ 95ee5e6917fa
[build.workspace_in_pinned_root]   OK    https://github.com/rrnewton/reverie  46 entries @ d87a03a31242
[build.workspace_in_pinned_root] check-git-pin-uniformity.rs: OK -- every REVISION-PINNED git dependency is pinned at exactly one revision
[build.workspace_in_pinned_root]   ⚠️ 1 dependency/ies are NOT PINNED AT ALL and were excluded from that statement, by approved exception: https://github.com/facebookexperimental/rust-shed
[build.workspace_in_pinned_root]   A BRANCH IS NOT A PIN -- it moves under you. Uniformity cannot be asserted over a dependency that names one.
[build.workspace_in_pinned_root] run-with-reverie-dbt-budget.sh: reverie-dbt-budget={pin:d87a03a312421d34dee81dae71aa395b40231e63,source:inherited-launch-cargo-build-jobs,raw-build-jobs:8,effective-cpus-source:child-nproc,effective-cpus:32,reverie-max-jobs:16,effective-native-jobs:8,effective-job-seconds:1050,max-elapsed-seconds:132,basis:github-portable-cold-miss-n3-affinity4,carried-to-pin-on-dynamorio-recipe-key:c9c1ee55257cbb0635b56f494a75ee1dc6af839ca8e289231f533b0208340463}
[build.workspace_in_pinned_root]    Compiling reverie-memory v0.2.0 (https://github.com/rrnewton/reverie.git?rev=d87a03a312421d34dee81dae71aa395b40231e63#d87a03a3)
[build.workspace_in_pinned_root]    Compiling dagrun v0.15.0 (/src/agent-utils/rs/dagrun)
[build.workspace_in_pinned_root]    Compiling reverie-syscalls v0.2.0 (https://github.com/rrnewton/reverie.git?rev=d87a03a312421d34dee81dae71aa395b40231e63#d87a03a3)
[build.workspace_in_pinned_root]    Compiling detcore-model v0.2.0 (/src/detcore-model)
[build.workspace_in_pinned_root]    Compiling hermit-manifest-plan v0.2.0 (/src/ci/manifest-plan)
[build.workspace_in_pinned_root]     Finished `dev` profile [unoptimized + debuginfo] target(s) in 11.60s
[build.workspace_in_pinned_root] Pin read from checkout HEAD 932f7130ea3c77dcdb2547b6834f46f08bf593f0.
[build.workspace_in_pinned_root] Scope: 21 tracked Cargo metadata file(s) PLUS tracked submodule gitlinks; 5 git dependency/ies pinned. Untracked, generated and vendored copies are EXCLUDED by design.
[build.workspace_in_pinned_root]   OK    https://github.com/facebookexperimental/rust-shed  4 entries @ 84a82026bc1d
[build.workspace_in_pinned_root]   FLOAT https://github.com/facebookexperimental/rust-shed  tracked by branch=main -- KNOWN EXCEPTION: branch=main since before 2026-08-24; the manifests are autocargo-generated from Meta's internal Buck targets, so pinning it is an owner decision rather than a hand edit. Only the lockfile records what was built (84a82026 at time of writing). Filed separately.
[build.workspace_in_pinned_root]   OK    https://github.com/rr-debugger/rr  1 entry @ 39e5c18e7e43
[build.workspace_in_pinned_root]   OK    https://github.com/rrnewton/agent-utils  1 entry @ 2781b1054efc
[build.workspace_in_pinned_root]   OK    https://github.com/rrnewton/liteinst2  2 entries @ 95ee5e6917fa
[build.workspace_in_pinned_root]   OK    https://github.com/rrnewton/reverie  46 entries @ d87a03a31242
[build.workspace_in_pinned_root] check-git-pin-uniformity.rs: OK -- every REVISION-PINNED git dependency is pinned at exactly one revision
[build.workspace_in_pinned_root]   ⚠️ 1 dependency/ies are NOT PINNED AT ALL and were excluded from that statement, by approved exception: https://github.com/facebookexperimental/rust-shed
[build.workspace_in_pinned_root]   A BRANCH IS NOT A PIN -- it moves under you. Uniformity cannot be asserted over a dependency that names one.
[build.workspace_in_pinned_root] run-with-reverie-dbt-budget.sh: reverie-dbt-budget={pin:d87a03a312421d34dee81dae71aa395b40231e63,source:inherited-launch-cargo-build-jobs,raw-build-jobs:8,effective-cpus-source:child-nproc,effective-cpus:32,reverie-max-jobs:16,effective-native-jobs:8,effective-job-seconds:1050,max-elapsed-seconds:132,basis:github-portable-cold-miss-n3-affinity4,carried-to-pin-on-dynamorio-recipe-key:c9c1ee55257cbb0635b56f494a75ee1dc6af839ca8e289231f533b0208340463}
[build.workspace_in_pinned_root] Pin read from checkout HEAD 932f7130ea3c77dcdb2547b6834f46f08bf593f0.
[build.workspace_in_pinned_root] Scope: 21 tracked Cargo metadata file(s) PLUS tracked submodule gitlinks; 5 git dependency/ies pinned. Untracked, generated and vendored copies are EXCLUDED by design.
[build.workspace_in_pinned_root]   OK    https://github.com/facebookexperimental/rust-shed  4 entries @ 84a82026bc1d
[build.workspace_in_pinned_root]   FLOAT https://github.com/facebookexperimental/rust-shed  tracked by branch=main -- KNOWN EXCEPTION: branch=main since before 2026-08-24; the manifests are autocargo-generated from Meta's internal Buck targets, so pinning it is an owner decision rather than a hand edit. Only the lockfile records what was built (84a82026 at time of writing). Filed separately.
[build.workspace_in_pinned_root]   OK    https://github.com/rr-debugger/rr  1 entry @ 39e5c18e7e43
[build.workspace_in_pinned_root]   OK    https://github.com/rrnewton/agent-utils  1 entry @ 2781b1054efc
[build.workspace_in_pinned_root]   OK    https://github.com/rrnewton/liteinst2  2 entries @ 95ee5e6917fa
[build.workspace_in_pinned_root]   OK    https://github.com/rrnewton/reverie  46 entries @ d87a03a31242
[build.workspace_in_pinned_root] check-git-pin-uniformity.rs: OK -- every REVISION-PINNED git dependency is pinned at exactly one revision
[build.workspace_in_pinned_root]   ⚠️ 1 dependency/ies are NOT PINNED AT ALL and were excluded from that statement, by approved exception: https://github.com/facebookexperimental/rust-shed
[build.workspace_in_pinned_root]   A BRANCH IS NOT A PIN -- it moves under you. Uniformity cannot be asserted over a dependency that names one.
[build.workspace_in_pinned_root] run-with-reverie-dbt-budget.sh: reverie-dbt-budget={pin:d87a03a312421d34dee81dae71aa395b40231e63,source:inherited-launch-cargo-build-jobs,raw-build-jobs:8,effective-cpus-source:child-nproc,effective-cpus:32,reverie-max-jobs:16,effective-native-jobs:8,effective-job-seconds:1050,max-elapsed-seconds:132,basis:github-portable-cold-miss-n3-affinity4,carried-to-pin-on-dynamorio-recipe-key:c9c1ee55257cbb0635b56f494a75ee1dc6af839ca8e289231f533b0208340463}
[build.workspace_in_pinned_root] Pin read from checkout HEAD 932f7130ea3c77dcdb2547b6834f46f08bf593f0.
[build.workspace_in_pinned_root] Scope: 21 tracked Cargo metadata file(s) PLUS tracked submodule gitlinks; 5 git dependency/ies pinned. Untracked, generated and vendored copies are EXCLUDED by design.
[build.workspace_in_pinned_root]   OK    https://github.com/facebookexperimental/rust-shed  4 entries @ 84a82026bc1d
[build.workspace_in_pinned_root]   FLOAT https://github.com/facebookexperimental/rust-shed  tracked by branch=main -- KNOWN EXCEPTION: branch=main since before 2026-08-24; the manifests are autocargo-generated from Meta's internal Buck targets, so pinning it is an owner decision rather than a hand edit. Only the lockfile records what was built (84a82026 at time of writing). Filed separately.
[build.workspace_in_pinned_root]   OK    https://github.com/rr-debugger/rr  1 entry @ 39e5c18e7e43
[build.workspace_in_pinned_root]   OK    https://github.com/rrnewton/agent-utils  1 entry @ 2781b1054efc
[build.workspace_in_pinned_root]   OK    https://github.com/rrnewton/liteinst2  2 entries @ 95ee5e6917fa
[build.workspace_in_pinned_root]   OK    https://github.com/rrnewton/reverie  46 entries @ d87a03a31242
[build.workspace_in_pinned_root] check-git-pin-uniformity.rs: OK -- every REVISION-PINNED git dependency is pinned at exactly one revision
[build.workspace_in_pinned_root]   ⚠️ 1 dependency/ies are NOT PINNED AT ALL and were excluded from that statement, by approved exception: https://github.com/facebookexperimental/rust-shed
[build.workspace_in_pinned_root]   A BRANCH IS NOT A PIN -- it moves under you. Uniformity cannot be asserted over a dependency that names one.
[build.workspace_in_pinned_root] run-with-reverie-dbt-budget.sh: reverie-dbt-budget={pin:d87a03a312421d34dee81dae71aa395b40231e63,source:inherited-launch-cargo-build-jobs,raw-build-jobs:8,effective-cpus-source:child-nproc,effective-cpus:32,reverie-max-jobs:16,effective-native-jobs:8,effective-job-seconds:1050,max-elapsed-seconds:132,basis:github-portable-cold-miss-n3-affinity4,carried-to-pin-on-dynamorio-recipe-key:c9c1ee55257cbb0635b56f494a75ee1dc6af839ca8e289231f533b0208340463}
[build.workspace_in_pinned_root] Pin read from checkout HEAD 932f7130ea3c77dcdb2547b6834f46f08bf593f0.
[build.workspace_in_pinned_root] Scope: 21 tracked Cargo metadata file(s) PLUS tracked submodule gitlinks; 5 git dependency/ies pinned. Untracked, generated and vendored copies are EXCLUDED by design.
[build.workspace_in_pinned_root]   OK    https://github.com/facebookexperimental/rust-shed  4 entries @ 84a82026bc1d
[build.workspace_in_pinned_root]   FLOAT https://github.com/facebookexperimental/rust-shed  tracked by branch=main -- KNOWN EXCEPTION: branch=main since before 2026-08-24; the manifests are autocargo-generated from Meta's internal Buck targets, so pinning it is an owner decision rather than a hand edit. Only the lockfile records what was built (84a82026 at time of writing). Filed separately.
[build.workspace_in_pinned_root]   OK    https://github.com/rr-debugger/rr  1 entry @ 39e5c18e7e43
[build.workspace_in_pinned_root]   OK    https://github.com/rrnewton/agent-utils  1 entry @ 2781b1054efc
[build.workspace_in_pinned_root]   OK    https://github.com/rrnewton/liteinst2  2 entries @ 95ee5e6917fa
[build.workspace_in_pinned_root]   OK    https://github.com/rrnewton/reverie  46 entries @ d87a03a31242
[build.workspace_in_pinned_root] check-git-pin-uniformity.rs: OK -- every REVISION-PINNED git dependency is pinned at exactly one revision
[build.workspace_in_pinned_root]   ⚠️ 1 dependency/ies are NOT PINNED AT ALL and were excluded from that statement, by approved exception: https://github.com/facebookexperimental/rust-shed
[build.workspace_in_pinned_root]   A BRANCH IS NOT A PIN -- it moves under you. Uniformity cannot be asserted over a dependency that names one.
[build.workspace_in_pinned_root] run-with-reverie-dbt-budget.sh: reverie-dbt-budget={pin:d87a03a312421d34dee81dae71aa395b40231e63,source:inherited-launch-cargo-build-jobs,raw-build-jobs:8,effective-cpus-source:child-nproc,effective-cpus:32,reverie-max-jobs:16,effective-native-jobs:8,effective-job-seconds:1050,max-elapsed-seconds:132,basis:github-portable-cold-miss-n3-affinity4,carried-to-pin-on-dynamorio-recipe-key:c9c1ee55257cbb0635b56f494a75ee1dc6af839ca8e289231f533b0208340463}
[build.workspace_in_pinned_root] Pin read from checkout HEAD 932f7130ea3c77dcdb2547b6834f46f08bf593f0.
[build.workspace_in_pinned_root] Scope: 21 tracked Cargo metadata file(s) PLUS tracked submodule gitlinks; 5 git dependency/ies pinned. Untracked, generated and vendored copies are EXCLUDED by design.
[build.workspace_in_pinned_root]   OK    https://github.com/facebookexperimental/rust-shed  4 entries @ 84a82026bc1d
[build.workspace_in_pinned_root]   FLOAT https://github.com/facebookexperimental/rust-shed  tracked by branch=main -- KNOWN EXCEPTION: branch=main since before 2026-08-24; the manifests are autocargo-generated from Meta's internal Buck targets, so pinning it is an owner decision rather than a hand edit. Only the lockfile records what was built (84a82026 at time of writing). Filed separately.
[build.workspace_in_pinned_root]   OK    https://github.com/rr-debugger/rr  1 entry @ 39e5c18e7e43
[build.workspace_in_pinned_root]   OK    https://github.com/rrnewton/agent-utils  1 entry @ 2781b1054efc
[build.workspace_in_pinned_root]   OK    https://github.com/rrnewton/liteinst2  2 entries @ 95ee5e6917fa
[build.workspace_in_pinned_root]   OK    https://github.com/rrnewton/reverie  46 entries @ d87a03a31242
[build.workspace_in_pinned_root] check-git-pin-uniformity.rs: OK -- every REVISION-PINNED git dependency is pinned at exactly one revision
[build.workspace_in_pinned_root]   ⚠️ 1 dependency/ies are NOT PINNED AT ALL and were excluded from that statement, by approved exception: https://github.com/facebookexperimental/rust-shed
[build.workspace_in_pinned_root]   A BRANCH IS NOT A PIN -- it moves under you. Uniformity cannot be asserted over a dependency that names one.
[build.workspace_in_pinned_root] run-with-reverie-dbt-budget.sh: reverie-dbt-budget={pin:d87a03a312421d34dee81dae71aa395b40231e63,source:inherited-launch-cargo-build-jobs,raw-build-jobs:8,effective-cpus-source:child-nproc,effective-cpus:32,reverie-max-jobs:16,effective-native-jobs:8,effective-job-seconds:1050,max-elapsed-seconds:132,basis:github-portable-cold-miss-n3-affinity4,carried-to-pin-on-dynamorio-recipe-key:c9c1ee55257cbb0635b56f494a75ee1dc6af839ca8e289231f533b0208340463}
[build.workspace_in_pinned_root] … 240s elapsed, no test events yet
[build.workspace_in_pinned_root] Pin read from checkout HEAD 932f7130ea3c77dcdb2547b6834f46f08bf593f0.
[build.workspace_in_pinned_root] Scope: 21 tracked Cargo metadata file(s) PLUS tracked submodule gitlinks; 5 git dependency/ies pinned. Untracked, generated and vendored copies are EXCLUDED by design.
[build.workspace_in_pinned_root]   OK    https://github.com/facebookexperimental/rust-shed  4 entries @ 84a82026bc1d
[build.workspace_in_pinned_root]   FLOAT https://github.com/facebookexperimental/rust-shed  tracked by branch=main -- KNOWN EXCEPTION: branch=main since before 2026-08-24; the manifests are autocargo-generated from Meta's internal Buck targets, so pinning it is an owner decision rather than a hand edit. Only the lockfile records what was built (84a82026 at time of writing). Filed separately.
[build.workspace_in_pinned_root]   OK    https://github.com/rr-debugger/rr  1 entry @ 39e5c18e7e43
[build.workspace_in_pinned_root]   OK    https://github.com/rrnewton/agent-utils  1 entry @ 2781b1054efc
[build.workspace_in_pinned_root]   OK    https://github.com/rrnewton/liteinst2  2 entries @ 95ee5e6917fa
[build.workspace_in_pinned_root]   OK    https://github.com/rrnewton/reverie  46 entries @ d87a03a31242
[build.workspace_in_pinned_root] check-git-pin-uniformity.rs: OK -- every REVISION-PINNED git dependency is pinned at exactly one revision
[build.workspace_in_pinned_root]   ⚠️ 1 dependency/ies are NOT PINNED AT ALL and were excluded from that statement, by approved exception: https://github.com/facebookexperimental/rust-shed
[build.workspace_in_pinned_root]   A BRANCH IS NOT A PIN -- it moves under you. Uniformity cannot be asserted over a dependency that names one.
[build.workspace_in_pinned_root] run-with-reverie-dbt-budget.sh: reverie-dbt-budget={pin:d87a03a312421d34dee81dae71aa395b40231e63,source:inherited-launch-cargo-build-jobs,raw-build-jobs:8,effective-cpus-source:child-nproc,effective-cpus:32,reverie-max-jobs:16,effective-native-jobs:8,effective-job-seconds:1050,max-elapsed-seconds:132,basis:github-portable-cold-miss-n3-affinity4,carried-to-pin-on-dynamorio-recipe-key:c9c1ee55257cbb0635b56f494a75ee1dc6af839ca8e289231f533b0208340463}
[build.workspace_in_pinned_root] Pin read from checkout HEAD 932f7130ea3c77dcdb2547b6834f46f08bf593f0.
[build.workspace_in_pinned_root] Scope: 21 tracked Cargo metadata file(s) PLUS tracked submodule gitlinks; 5 git dependency/ies pinned. Untracked, generated and vendored copies are EXCLUDED by design.
[build.workspace_in_pinned_root]   OK    https://github.com/facebookexperimental/rust-shed  4 entries @ 84a82026bc1d
[build.workspace_in_pinned_root]   FLOAT https://github.com/facebookexperimental/rust-shed  tracked by branch=main -- KNOWN EXCEPTION: branch=main since before 2026-08-24; the manifests are autocargo-generated from Meta's internal Buck targets, so pinning it is an owner decision rather than a hand edit. Only the lockfile records what was built (84a82026 at time of writing). Filed separately.
[build.workspace_in_pinned_root]   OK    https://github.com/rr-debugger/rr  1 entry @ 39e5c18e7e43
[build.workspace_in_pinned_root]   OK    https://github.com/rrnewton/agent-utils  1 entry @ 2781b1054efc
[build.workspace_in_pinned_root]   OK    https://github.com/rrnewton/liteinst2  2 entries @ 95ee5e6917fa
[build.workspace_in_pinned_root]   OK    https://github.com/rrnewton/reverie  46 entries @ d87a03a31242
[build.workspace_in_pinned_root] check-git-pin-uniformity.rs: OK -- every REVISION-PINNED git dependency is pinned at exactly one revision
[build.workspace_in_pinned_root]   ⚠️ 1 dependency/ies are NOT PINNED AT ALL and were excluded from that statement, by approved exception: https://github.com/facebookexperimental/rust-shed
[build.workspace_in_pinned_root]   A BRANCH IS NOT A PIN -- it moves under you. Uniformity cannot be asserted over a dependency that names one.
[build.workspace_in_pinned_root] run-with-reverie-dbt-budget.sh: reverie-dbt-budget={pin:d87a03a312421d34dee81dae71aa395b40231e63,source:inherited-launch-cargo-build-jobs,raw-build-jobs:8,effective-cpus-source:child-nproc,effective-cpus:32,reverie-max-jobs:16,effective-native-jobs:8,effective-job-seconds:1050,max-elapsed-seconds:132,basis:github-portable-cold-miss-n3-affinity4,carried-to-pin-on-dynamorio-recipe-key:c9c1ee55257cbb0635b56f494a75ee1dc6af839ca8e289231f533b0208340463}
[build.workspace_in_pinned_root] Pin read from checkout HEAD 932f7130ea3c77dcdb2547b6834f46f08bf593f0.
[build.workspace_in_pinned_root] Scope: 21 tracked Cargo metadata file(s) PLUS tracked submodule gitlinks; 5 git dependency/ies pinned. Untracked, generated and vendored copies are EXCLUDED by design.
[build.workspace_in_pinned_root]   OK    https://github.com/facebookexperimental/rust-shed  4 entries @ 84a82026bc1d
[build.workspace_in_pinned_root]   FLOAT https://github.com/facebookexperimental/rust-shed  tracked by branch=main -- KNOWN EXCEPTION: branch=main since before 2026-08-24; the manifests are autocargo-generated from Meta's internal Buck targets, so pinning it is an owner decision rather than a hand edit. Only the lockfile records what was built (84a82026 at time of writing). Filed separately.
[build.workspace_in_pinned_root]   OK    https://github.com/rr-debugger/rr  1 entry @ 39e5c18e7e43
[build.workspace_in_pinned_root]   OK    https://github.com/rrnewton/agent-utils  1 entry @ 2781b1054efc
[build.workspace_in_pinned_root]   OK    https://github.com/rrnewton/liteinst2  2 entries @ 95ee5e6917fa
[build.workspace_in_pinned_root]   OK    https://github.com/rrnewton/reverie  46 entries @ d87a03a31242
[build.workspace_in_pinned_root] check-git-pin-uniformity.rs: OK -- every REVISION-PINNED git dependency is pinned at exactly one revision
[build.workspace_in_pinned_root]   ⚠️ 1 dependency/ies are NOT PINNED AT ALL and were excluded from that statement, by approved exception: https://github.com/facebookexperimental/rust-shed
[build.workspace_in_pinned_root]   A BRANCH IS NOT A PIN -- it moves under you. Uniformity cannot be asserted over a dependency that names one.
[build.workspace_in_pinned_root] run-with-reverie-dbt-budget.sh: reverie-dbt-budget={pin:d87a03a312421d34dee81dae71aa395b40231e63,source:inherited-launch-cargo-build-jobs,raw-build-jobs:8,effective-cpus-source:child-nproc,effective-cpus:32,reverie-max-jobs:16,effective-native-jobs:8,effective-job-seconds:1050,max-elapsed-seconds:132,basis:github-portable-cold-miss-n3-affinity4,carried-to-pin-on-dynamorio-recipe-key:c9c1ee55257cbb0635b56f494a75ee1dc6af839ca8e289231f533b0208340463}
[build.workspace_in_pinned_root] Pin read from checkout HEAD 932f7130ea3c77dcdb2547b6834f46f08bf593f0.
[build.workspace_in_pinned_root] Scope: 21 tracked Cargo metadata file(s) PLUS tracked submodule gitlinks; 5 git dependency/ies pinned. Untracked, generated and vendored copies are EXCLUDED by design.
[build.workspace_in_pinned_root]   OK    https://github.com/facebookexperimental/rust-shed  4 entries @ 84a82026bc1d
[build.workspace_in_pinned_root]   FLOAT https://github.com/facebookexperimental/rust-shed  tracked by branch=main -- KNOWN EXCEPTION: branch=main since before 2026-08-24; the manifests are autocargo-generated from Meta's internal Buck targets, so pinning it is an owner decision rather than a hand edit. Only the lockfile records what was built (84a82026 at time of writing). Filed separately.
[build.workspace_in_pinned_root]   OK    https://github.com/rr-debugger/rr  1 entry @ 39e5c18e7e43
[build.workspace_in_pinned_root]   OK    https://github.com/rrnewton/agent-utils  1 entry @ 2781b1054efc
[build.workspace_in_pinned_root]   OK    https://github.com/rrnewton/liteinst2  2 entries @ 95ee5e6917fa
[build.workspace_in_pinned_root]   OK    https://github.com/rrnewton/reverie  46 entries @ d87a03a31242
[build.workspace_in_pinned_root] check-git-pin-uniformity.rs: OK -- every REVISION-PINNED git dependency is pinned at exactly one revision
[build.workspace_in_pinned_root]   ⚠️ 1 dependency/ies are NOT PINNED AT ALL and were excluded from that statement, by approved exception: https://github.com/facebookexperimental/rust-shed
[build.workspace_in_pinned_root]   A BRANCH IS NOT A PIN -- it moves under you. Uniformity cannot be asserted over a dependency that names one.
[build.workspace_in_pinned_root] run-with-reverie-dbt-budget.sh: reverie-dbt-budget={pin:d87a03a312421d34dee81dae71aa395b40231e63,source:inherited-launch-cargo-build-jobs,raw-build-jobs:8,effective-cpus-source:child-nproc,effective-cpus:32,reverie-max-jobs:16,effective-native-jobs:8,effective-job-seconds:1050,max-elapsed-seconds:132,basis:github-portable-cold-miss-n3-affinity4,carried-to-pin-on-dynamorio-recipe-key:c9c1ee55257cbb0635b56f494a75ee1dc6af839ca8e289231f533b0208340463}
[build.workspace_in_pinned_root] Pin read from checkout HEAD 932f7130ea3c77dcdb2547b6834f46f08bf593f0.
[build.workspace_in_pinned_root] Scope: 21 tracked Cargo metadata file(s) PLUS tracked submodule gitlinks; 5 git dependency/ies pinned. Untracked, generated and vendored copies are EXCLUDED by design.
[build.workspace_in_pinned_root]   OK    https://github.com/facebookexperimental/rust-shed  4 entries @ 84a82026bc1d
[build.workspace_in_pinned_root]   FLOAT https://github.com/facebookexperimental/rust-shed  tracked by branch=main -- KNOWN EXCEPTION: branch=main since before 2026-08-24; the manifests are autocargo-generated from Meta's internal Buck targets, so pinning it is an owner decision rather than a hand edit. Only the lockfile records what was built (84a82026 at time of writing). Filed separately.
[build.workspace_in_pinned_root]   OK    https://github.com/rr-debugger/rr  1 entry @ 39e5c18e7e43
[build.workspace_in_pinned_root]   OK    https://github.com/rrnewton/agent-utils  1 entry @ 2781b1054efc
[build.workspace_in_pinned_root]   OK    https://github.com/rrnewton/liteinst2  2 entries @ 95ee5e6917fa
[build.workspace_in_pinned_root]   OK    https://github.com/rrnewton/reverie  46 entries @ d87a03a31242
[build.workspace_in_pinned_root] check-git-pin-uniformity.rs: OK -- every REVISION-PINNED git dependency is pinned at exactly one revision
[build.workspace_in_pinned_root]   ⚠️ 1 dependency/ies are NOT PINNED AT ALL and were excluded from that statement, by approved exception: https://github.com/facebookexperimental/rust-shed
[build.workspace_in_pinned_root]   A BRANCH IS NOT A PIN -- it moves under you. Uniformity cannot be asserted over a dependency that names one.
[build.workspace_in_pinned_root] run-with-reverie-dbt-budget.sh: reverie-dbt-budget={pin:d87a03a312421d34dee81dae71aa395b40231e63,source:inherited-launch-cargo-build-jobs,raw-build-jobs:8,effective-cpus-source:child-nproc,effective-cpus:32,reverie-max-jobs:16,effective-native-jobs:8,effective-job-seconds:1050,max-elapsed-seconds:132,basis:github-portable-cold-miss-n3-affinity4,carried-to-pin-on-dynamorio-recipe-key:c9c1ee55257cbb0635b56f494a75ee1dc6af839ca8e289231f533b0208340463}
[build.workspace_in_pinned_root] Pin read from checkout HEAD 932f7130ea3c77dcdb2547b6834f46f08bf593f0.
[build.workspace_in_pinned_root] Scope: 21 tracked Cargo metadata file(s) PLUS tracked submodule gitlinks; 5 git dependency/ies pinned. Untracked, generated and vendored copies are EXCLUDED by design.
[build.workspace_in_pinned_root]   OK    https://github.com/facebookexperimental/rust-shed  4 entries @ 84a82026bc1d
[build.workspace_in_pinned_root]   FLOAT https://github.com/facebookexperimental/rust-shed  tracked by branch=main -- KNOWN EXCEPTION: branch=main since before 2026-08-24; the manifests are autocargo-generated from Meta's internal Buck targets, so pinning it is an owner decision rather than a hand edit. Only the lockfile records what was built (84a82026 at time of writing). Filed separately.
[build.workspace_in_pinned_root]   OK    https://github.com/rr-debugger/rr  1 entry @ 39e5c18e7e43
[build.workspace_in_pinned_root]   OK    https://github.com/rrnewton/agent-utils  1 entry @ 2781b1054efc
[build.workspace_in_pinned_root]   OK    https://github.com/rrnewton/liteinst2  2 entries @ 95ee5e6917fa
[build.workspace_in_pinned_root]   OK    https://github.com/rrnewton/reverie  46 entries @ d87a03a31242
[build.workspace_in_pinned_root] check-git-pin-uniformity.rs: OK -- every REVISION-PINNED git dependency is pinned at exactly one revision
[build.workspace_in_pinned_root]   ⚠️ 1 dependency/ies are NOT PINNED AT ALL and were excluded from that statement, by approved exception: https://github.com/facebookexperimental/rust-shed
[build.workspace_in_pinned_root]   A BRANCH IS NOT A PIN -- it moves under you. Uniformity cannot be asserted over a dependency that names one.
[build.workspace_in_pinned_root] run-with-reverie-dbt-budget.sh: reverie-dbt-budget={pin:d87a03a312421d34dee81dae71aa395b40231e63,source:inherited-launch-cargo-build-jobs,raw-build-jobs:8,effective-cpus-source:child-nproc,effective-cpus:32,reverie-max-jobs:16,effective-native-jobs:8,effective-job-seconds:1050,max-elapsed-seconds:132,basis:github-portable-cold-miss-n3-affinity4,carried-to-pin-on-dynamorio-recipe-key:c9c1ee55257cbb0635b56f494a75ee1dc6af839ca8e289231f533b0208340463}
[build.workspace_in_pinned_root] Pin read from checkout HEAD 932f7130ea3c77dcdb2547b6834f46f08bf593f0.
[build.workspace_in_pinned_root] Scope: 21 tracked Cargo metadata file(s) PLUS tracked submodule gitlinks; 5 git dependency/ies pinned. Untracked, generated and vendored copies are EXCLUDED by design.
[build.workspace_in_pinned_root]   OK    https://github.com/facebookexperimental/rust-shed  4 entries @ 84a82026bc1d
[build.workspace_in_pinned_root]   FLOAT https://github.com/facebookexperimental/rust-shed  tracked by branch=main -- KNOWN EXCEPTION: branch=main since before 2026-08-24; the manifests are autocargo-generated from Meta's internal Buck targets, so pinning it is an owner decision rather than a hand edit. Only the lockfile records what was built (84a82026 at time of writing). Filed separately.
[build.workspace_in_pinned_root]   OK    https://github.com/rr-debugger/rr  1 entry @ 39e5c18e7e43
[build.workspace_in_pinned_root]   OK    https://github.com/rrnewton/agent-utils  1 entry @ 2781b1054efc
[build.workspace_in_pinned_root]   OK    https://github.com/rrnewton/liteinst2  2 entries @ 95ee5e6917fa
[build.workspace_in_pinned_root]   OK    https://github.com/rrnewton/reverie  46 entries @ d87a03a31242
[build.workspace_in_pinned_root] check-git-pin-uniformity.rs: OK -- every REVISION-PINNED git dependency is pinned at exactly one revision
[build.workspace_in_pinned_root]   ⚠️ 1 dependency/ies are NOT PINNED AT ALL and were excluded from that statement, by approved exception: https://github.com/facebookexperimental/rust-shed
[build.workspace_in_pinned_root]   A BRANCH IS NOT A PIN -- it moves under you. Uniformity cannot be asserted over a dependency that names one.
[build.workspace_in_pinned_root] run-with-reverie-dbt-budget.sh: reverie-dbt-budget={pin:d87a03a312421d34dee81dae71aa395b40231e63,source:inherited-launch-cargo-build-jobs,raw-build-jobs:8,effective-cpus-source:child-nproc,effective-cpus:32,reverie-max-jobs:16,effective-native-jobs:8,effective-job-seconds:1050,max-elapsed-seconds:132,basis:github-portable-cold-miss-n3-affinity4,carried-to-pin-on-dynamorio-recipe-key:c9c1ee55257cbb0635b56f494a75ee1dc6af839ca8e289231f533b0208340463}
[build.workspace_in_pinned_root] Pin read from checkout HEAD 932f7130ea3c77dcdb2547b6834f46f08bf593f0.
[build.workspace_in_pinned_root] Scope: 21 tracked Cargo metadata file(s) PLUS tracked submodule gitlinks; 5 git dependency/ies pinned. Untracked, generated and vendored copies are EXCLUDED by design.
[build.workspace_in_pinned_root]   OK    https://github.com/facebookexperimental/rust-shed  4 entries @ 84a82026bc1d
[build.workspace_in_pinned_root]   FLOAT https://github.com/facebookexperimental/rust-shed  tracked by branch=main -- KNOWN EXCEPTION: branch=main since before 2026-08-24; the manifests are autocargo-generated from Meta's internal Buck targets, so pinning it is an owner decision rather than a hand edit. Only the lockfile records what was built (84a82026 at time of writing). Filed separately.
[build.workspace_in_pinned_root]   OK    https://github.com/rr-debugger/rr  1 entry @ 39e5c18e7e43
[build.workspace_in_pinned_root]   OK    https://github.com/rrnewton/agent-utils  1 entry @ 2781b1054efc
[build.workspace_in_pinned_root]   OK    https://github.com/rrnewton/liteinst2  2 entries @ 95ee5e6917fa
[build.workspace_in_pinned_root]   OK    https://github.com/rrnewton/reverie  46 entries @ d87a03a31242
[build.workspace_in_pinned_root] check-git-pin-uniformity.rs: OK -- every REVISION-PINNED git dependency is pinned at exactly one revision
[build.workspace_in_pinned_root]   ⚠️ 1 dependency/ies are NOT PINNED AT ALL and were excluded from that statement, by approved exception: https://github.com/facebookexperimental/rust-shed
[build.workspace_in_pinned_root]   A BRANCH IS NOT A PIN -- it moves under you. Uniformity cannot be asserted over a dependency that names one.
[build.workspace_in_pinned_root] run-with-reverie-dbt-budget.sh: reverie-dbt-budget={pin:d87a03a312421d34dee81dae71aa395b40231e63,source:inherited-launch-cargo-build-jobs,raw-build-jobs:8,effective-cpus-source:child-nproc,effective-cpus:32,reverie-max-jobs:16,effective-native-jobs:8,effective-job-seconds:1050,max-elapsed-seconds:132,basis:github-portable-cold-miss-n3-affinity4,carried-to-pin-on-dynamorio-recipe-key:c9c1ee55257cbb0635b56f494a75ee1dc6af839ca8e289231f533b0208340463}
[build.workspace_in_pinned_root] Pin read from checkout HEAD 932f7130ea3c77dcdb2547b6834f46f08bf593f0.
[build.workspace_in_pinned_root] Scope: 21 tracked Cargo metadata file(s) PLUS tracked submodule gitlinks; 5 git dependency/ies pinned. Untracked, generated and vendored copies are EXCLUDED by design.
[build.workspace_in_pinned_root]   OK    https://github.com/facebookexperimental/rust-shed  4 entries @ 84a82026bc1d
[build.workspace_in_pinned_root]   FLOAT https://github.com/facebookexperimental/rust-shed  tracked by branch=main -- KNOWN EXCEPTION: branch=main since before 2026-08-24; the manifests are autocargo-generated from Meta's internal Buck targets, so pinning it is an owner decision rather than a hand edit. Only the lockfile records what was built (84a82026 at time of writing). Filed separately.
[build.workspace_in_pinned_root]   OK    https://github.com/rr-debugger/rr  1 entry @ 39e5c18e7e43
[build.workspace_in_pinned_root]   OK    https://github.com/rrnewton/agent-utils  1 entry @ 2781b1054efc
[build.workspace_in_pinned_root]   OK    https://github.com/rrnewton/liteinst2  2 entries @ 95ee5e6917fa
[build.workspace_in_pinned_root]   OK    https://github.com/rrnewton/reverie  46 entries @ d87a03a31242
[build.workspace_in_pinned_root] check-git-pin-uniformity.rs: OK -- every REVISION-PINNED git dependency is pinned at exactly one revision
[build.workspace_in_pinned_root]   ⚠️ 1 dependency/ies are NOT PINNED AT ALL and were excluded from that statement, by approved exception: https://github.com/facebookexperimental/rust-shed
[build.workspace_in_pinned_root]   A BRANCH IS NOT A PIN -- it moves under you. Uniformity cannot be asserted over a dependency that names one.
[build.workspace_in_pinned_root] run-with-reverie-dbt-budget.sh: reverie-dbt-budget={pin:d87a03a312421d34dee81dae71aa395b40231e63,source:inherited-launch-cargo-build-jobs,raw-build-jobs:8,effective-cpus-source:child-nproc,effective-cpus:32,reverie-max-jobs:16,effective-native-jobs:8,effective-job-seconds:1050,max-elapsed-seconds:132,basis:github-portable-cold-miss-n3-affinity4,carried-to-pin-on-dynamorio-recipe-key:c9c1ee55257cbb0635b56f494a75ee1dc6af839ca8e289231f533b0208340463}
[build.workspace_in_pinned_root] Pin read from checkout HEAD 932f7130ea3c77dcdb2547b6834f46f08bf593f0.
[build.workspace_in_pinned_root] Scope: 21 tracked Cargo metadata file(s) PLUS tracked submodule gitlinks; 5 git dependency/ies pinned. Untracked, generated and vendored copies are EXCLUDED by design.
[build.workspace_in_pinned_root]   OK    https://github.com/facebookexperimental/rust-shed  4 entries @ 84a82026bc1d
[build.workspace_in_pinned_root]   FLOAT https://github.com/facebookexperimental/rust-shed  tracked by branch=main -- KNOWN EXCEPTION: branch=main since before 2026-08-24; the manifests are autocargo-generated from Meta's internal Buck targets, so pinning it is an owner decision rather than a hand edit. Only the lockfile records what was built (84a82026 at time of writing). Filed separately.
[build.workspace_in_pinned_root]   OK    https://github.com/rr-debugger/rr  1 entry @ 39e5c18e7e43
[build.workspace_in_pinned_root]   OK    https://github.com/rrnewton/agent-utils  1 entry @ 2781b1054efc
[build.workspace_in_pinned_root]   OK    https://github.com/rrnewton/liteinst2  2 entries @ 95ee5e6917fa
[build.workspace_in_pinned_root]   OK    https://github.com/rrnewton/reverie  46 entries @ d87a03a31242
[build.workspace_in_pinned_root] check-git-pin-uniformity.rs: OK -- every REVISION-PINNED git dependency is pinned at exactly one revision
[build.workspace_in_pinned_root]   ⚠️ 1 dependency/ies are NOT PINNED AT ALL and were excluded from that statement, by approved exception: https://github.com/facebookexperimental/rust-shed
[build.workspace_in_pinned_root]   A BRANCH IS NOT A PIN -- it moves under you. Uniformity cannot be asserted over a dependency that names one.
[build.workspace_in_pinned_root] run-with-reverie-dbt-budget.sh: reverie-dbt-budget={pin:d87a03a312421d34dee81dae71aa395b40231e63,source:inherited-launch-cargo-build-jobs,raw-build-jobs:8,effective-cpus-source:child-nproc,effective-cpus:32,reverie-max-jobs:16,effective-native-jobs:8,effective-job-seconds:1050,max-elapsed-seconds:132,basis:github-portable-cold-miss-n3-affinity4,carried-to-pin-on-dynamorio-recipe-key:c9c1ee55257cbb0635b56f494a75ee1dc6af839ca8e289231f533b0208340463}
[build.workspace_in_pinned_root] … 270s elapsed, no test events yet
[build.workspace_in_pinned_root] prepared-nextest: published 15 selections and 21 Cargo guests for portable
[build.workspace_in_pinned_root] ✓ PASS   Prepare DBT native resources, then build all debug workspace targets (283s)  [prepared-nextest: published 15 selections and 21 Cargo guests for portable]
[build.e2e_artifact_in_pinned_root] ▶ START  Publish a verified content-addressed Hermit binary and complete backend-resource bundle
[build.e2e_artifact_in_pinned_root] dns github.com: refused (gaierror)
[build.e2e_artifact_in_pinned_root] dns crates.io: refused (gaierror)
[build.e2e_artifact_in_pinned_root] dns static.crates.io: refused (gaierror)
[build.e2e_artifact_in_pinned_root] assert-no-network: route-table: no route (0 non-loopback routes, 0 non-loopback interfaces)
[build.e2e_artifact_in_pinned_root] assert-no-network: dns github.com: refused
[build.e2e_artifact_in_pinned_root] assert-no-network: dns crates.io: refused
[build.e2e_artifact_in_pinned_root] assert-no-network: dns static.crates.io: refused
[build.e2e_artifact_in_pinned_root] assert-no-network: tcp 1.1.1.1:443: refused
[build.e2e_artifact_in_pinned_root] assert-no-network: tcp 8.8.8.8:53: refused
[build.e2e_artifact_in_pinned_root] assert-no-network: OK -- no route, no DNS, no raw TCP. This environment is isolated.
[build.e2e_artifact_in_pinned_root] assert-build-dependencies: OK -- 18/18 executable build dependencies are present.
[build.e2e_artifact_in_pinned_root] assert-build-dependencies: OK -- 4/4 native libraries and development headers are present.
[build.e2e_artifact_in_pinned_root] assert-build-dependencies: OK -- 87/87 absolute guest paths are executable files.
[build.e2e_artifact_in_pinned_root] published Hermit E2E artifact kind=complete identity=c1f4063e49592010ce598fd38f37c389920157819bcc986453b543b8fd5cc098 path=/src/target/ci/hermit-e2e-artifacts/c1f4063e49592010ce598fd38f37c389920157819bcc986453b543b8fd5cc098
[build.e2e_artifact_in_pinned_root] ✓ PASS   Publish a verified content-addressed Hermit binary and complete backend-resource bundle (10s)  [published Hermit E2E artifact kind=complete identity=c1f4063e49592010ce598fd38f37c389920157819bcc986453b543b8fd5cc098 path=/src/target/ci/hermit-e2e-artifacts/c1f4063e49592010ce598fd38f37c389920157819bcc986453b543b8fd5cc098]
[build.liteinst_runtime_release_in_pinned_root] ▶ START  Build and stage the release LiteInst runtime
[build.liteinst_runtime_release_in_pinned_root] dns github.com: refused (gaierror)
[build.liteinst_runtime_release_in_pinned_root] dns crates.io: refused (gaierror)
[build.liteinst_runtime_release_in_pinned_root] dns static.crates.io: refused (gaierror)
[build.liteinst_runtime_release_in_pinned_root] assert-no-network: route-table: no route (0 non-loopback routes, 0 non-loopback interfaces)
[build.liteinst_runtime_release_in_pinned_root] assert-no-network: dns github.com: refused
[build.liteinst_runtime_release_in_pinned_root] assert-no-network: dns crates.io: refused
[build.liteinst_runtime_release_in_pinned_root] assert-no-network: dns static.crates.io: refused
[build.liteinst_runtime_release_in_pinned_root] assert-no-network: tcp 1.1.1.1:443: refused
[build.liteinst_runtime_release_in_pinned_root] assert-no-network: tcp 8.8.8.8:53: refused
[build.liteinst_runtime_release_in_pinned_root] assert-no-network: OK -- no route, no DNS, no raw TCP. This environment is isolated.
[build.liteinst_runtime_release_in_pinned_root] assert-build-dependencies: OK -- 18/18 executable build dependencies are present.
[build.liteinst_runtime_release_in_pinned_root] assert-build-dependencies: OK -- 4/4 native libraries and development headers are present.
[build.liteinst_runtime_release_in_pinned_root] assert-build-dependencies: OK -- 87/87 absolute guest paths are executable files.
[build.liteinst_runtime_release_in_pinned_root] Pin read from checkout HEAD 932f7130ea3c77dcdb2547b6834f46f08bf593f0.
[build.liteinst_runtime_release_in_pinned_root] Scope: 21 tracked Cargo metadata file(s) PLUS tracked submodule gitlinks; 5 git dependency/ies pinned. Untracked, generated and vendored copies are EXCLUDED by design.
[build.liteinst_runtime_release_in_pinned_root]   OK    https://github.com/facebookexperimental/rust-shed  4 entries @ 84a82026bc1d
[build.liteinst_runtime_release_in_pinned_root]   FLOAT https://github.com/facebookexperimental/rust-shed  tracked by branch=main -- KNOWN EXCEPTION: branch=main since before 2026-08-24; the manifests are autocargo-generated from Meta's internal Buck targets, so pinning it is an owner decision rather than a hand edit. Only the lockfile records what was built (84a82026 at time of writing). Filed separately.
[build.liteinst_runtime_release_in_pinned_root]   OK    https://github.com/rr-debugger/rr  1 entry @ 39e5c18e7e43
[build.liteinst_runtime_release_in_pinned_root]   OK    https://github.com/rrnewton/agent-utils  1 entry @ 2781b1054efc
[build.liteinst_runtime_release_in_pinned_root]   OK    https://github.com/rrnewton/liteinst2  2 entries @ 95ee5e6917fa
[build.liteinst_runtime_release_in_pinned_root]   OK    https://github.com/rrnewton/reverie  46 entries @ d87a03a31242
[build.liteinst_runtime_release_in_pinned_root] check-git-pin-uniformity.rs: OK -- every REVISION-PINNED git dependency is pinned at exactly one revision
[build.liteinst_runtime_release_in_pinned_root]   ⚠️ 1 dependency/ies are NOT PINNED AT ALL and were excluded from that statement, by approved exception: https://github.com/facebookexperimental/rust-shed
[build.liteinst_runtime_release_in_pinned_root]   A BRANCH IS NOT A PIN -- it moves under you. Uniformity cannot be asserted over a dependency that names one.
[build.liteinst_runtime_release_in_pinned_root]    Compiling proc-macro2 v1.0.107
[build.liteinst_runtime_release_in_pinned_root]    Compiling unicode-ident v1.0.24
[build.liteinst_runtime_release_in_pinned_root]    Compiling quote v1.0.47
[build.liteinst_runtime_release_in_pinned_root]    Compiling syn v2.0.119
[build.liteinst_runtime_release_in_pinned_root]    Compiling serde_core v1.0.229
[build.liteinst_runtime_release_in_pinned_root]    Compiling zmij v1.0.23
[build.liteinst_runtime_release_in_pinned_root]    Compiling scroll_derive v0.13.1
[build.liteinst_runtime_release_in_pinned_root]    Compiling serde_json v1.0.151
[build.liteinst_runtime_release_in_pinned_root]    Compiling scroll v0.13.0
[build.liteinst_runtime_release_in_pinned_root]    Compiling itoa v1.0.18
[build.liteinst_runtime_release_in_pinned_root]    Compiling plain v0.2.3
[build.liteinst_runtime_release_in_pinned_root]    Compiling memchr v2.8.3
[build.liteinst_runtime_release_in_pinned_root]    Compiling log v0.4.33
[build.liteinst_runtime_release_in_pinned_root]    Compiling goblin v0.10.7
[build.liteinst_runtime_release_in_pinned_root]    Compiling hermit-liteinst-runtime-build v0.2.0 (/src/liteinst-runtime-build)
[build.liteinst_runtime_release_in_pinned_root] … 30s elapsed, no test events yet
[build.liteinst_runtime_release_in_pinned_root] … 60s elapsed, no test events yet
[build.liteinst_runtime_release_in_pinned_root] … 90s elapsed, no test events yet
[build.liteinst_runtime_release_in_pinned_root] … 120s elapsed, no test events yet
[build.liteinst_runtime_release_in_pinned_root] … 150s elapsed, no test events yet
[build.liteinst_runtime_release_in_pinned_root] … 180s elapsed, no test events yet
[build.liteinst_runtime_release_in_pinned_root]     Finished `release` profile [optimized] target(s) in 3m 23s
[scheduler] step build.liteinst_runtime_release_in_pinned_root: killed 1 process(es) by ownership nonce that neither the process-group kill nor the parentage sweep could reach (an environment-preserving setsid/double-fork escapee).
[build.liteinst_runtime_release_in_pinned_root] ✓ PASS   Build and stage the release LiteInst runtime (206s)  [Finished `release` profile [optimized] target(s) in 3m 23s]
[test.cli] ▶ START  Portable CLI cases (skips KVM/DBT-backend-only cases)
[test.cli] dns github.com: refused (gaierror)
[test.cli] dns crates.io: refused (gaierror)
[test.cli] dns static.crates.io: refused (gaierror)
[test.cli] assert-no-network: route-table: no route (0 non-loopback routes, 0 non-loopback interfaces)
[test.cli] assert-no-network: dns github.com: refused
[test.cli] assert-no-network: dns crates.io: refused
[test.cli] assert-no-network: dns static.crates.io: refused
[test.cli] assert-no-network: tcp 1.1.1.1:443: refused
[test.cli] assert-no-network: tcp 8.8.8.8:53: refused
[test.cli] assert-no-network: OK -- no route, no DNS, no raw TCP. This environment is isolated.
[test.cli] assert-build-dependencies: OK -- 18/18 executable build dependencies are present.
[test.cli] assert-build-dependencies: OK -- 4/4 native libraries and development headers are present.
[test.cli] assert-build-dependencies: OK -- 87/87 absolute guest paths are executable files.
[test.cli] Pin read from checkout HEAD 932f7130ea3c77dcdb2547b6834f46f08bf593f0.
[test.cli] Scope: 21 tracked Cargo metadata file(s) PLUS tracked submodule gitlinks; 5 git dependency/ies pinned. Untracked, generated and vendored copies are EXCLUDED by design.
[test.cli]   OK    https://github.com/facebookexperimental/rust-shed  4 entries @ 84a82026bc1d
[test.cli]   FLOAT https://github.com/facebookexperimental/rust-shed  tracked by branch=main -- KNOWN EXCEPTION: branch=main since before 2026-08-24; the manifests are autocargo-generated from Meta's internal Buck targets, so pinning it is an owner decision rather than a hand edit. Only the lockfile records what was built (84a82026 at time of writing). Filed separately.
[test.cli]   OK    https://github.com/rr-debugger/rr  1 entry @ 39e5c18e7e43
[test.cli]   OK    https://github.com/rrnewton/agent-utils  1 entry @ 2781b1054efc
[test.cli]   OK    https://github.com/rrnewton/liteinst2  2 entries @ 95ee5e6917fa
[test.cli]   OK    https://github.com/rrnewton/reverie  46 entries @ d87a03a31242
[test.cli] check-git-pin-uniformity.rs: OK -- every REVISION-PINNED git dependency is pinned at exactly one revision
[test.cli]   ⚠️ 1 dependency/ies are NOT PINNED AT ALL and were excluded from that statement, by approved exception: https://github.com/facebookexperimental/rust-shed
[test.cli]   A BRANCH IS NOT A PIN -- it moves under you. Uniformity cannot be asserted over a dependency that names one.
[test.cli] run-with-reverie-dbt-budget.sh: reverie-dbt-budget={pin:d87a03a312421d34dee81dae71aa395b40231e63,source:inherited-launch-cargo-build-jobs,raw-build-jobs:1,effective-cpus-source:child-nproc,effective-cpus:1,reverie-max-jobs:16,effective-native-jobs:1,effective-job-seconds:1050,max-elapsed-seconds:1050,basis:github-portable-cold-miss-n3-affinity4,carried-to-pin-on-dynamorio-recipe-key:c9c1ee55257cbb0635b56f494a75ee1dc6af839ca8e289231f533b0208340463}
[test.cli] … 30s elapsed, no test events yet
[test.cli] … 60s elapsed, no test events yet
[test.cli] … 90s elapsed, no test events yet
[test.cli] … 120s elapsed, no test events yet
[test.cli] … 150s elapsed, no test events yet
[test.cli] info: experimental features enabled: wrapper-scripts
[test.cli] info: experimental features enabled: wrapper-scripts
[test.cli] ────────────
[test.cli]  Nextest run ID 685ef5b9-dafe-4265-abaf-1ea71182614c with nextest profile: default
[test.cli]     Starting 78 tests across 1 binary (35 tests skipped)
[test.cli]         PASS [   0.284s] hermit::cli a_fault_aimed_at_no_existing_site_fires_nowhere
[test.cli]         PASS [   0.139s] hermit::cli a_guest_cannot_escape_the_deterministic_pipe_capacity_pin
[test.cli]         PASS [   0.403s] hermit::cli a_guest_exiting_a_reserved_status_is_not_reported_as_hermit
[test.cli]         PASS [   0.715s] hermit::cli a_guest_side_fault_is_not_reported_as_a_hermit_internal_failure
[test.cli]         PASS [   0.613s] hermit::cli a_signal_killed_container_reports_a_signal_death_not_a_refusal
[test.cli]         PASS [   2.561s] hermit::cli a_stopped_stderr_reader_does_not_hang_hermit_on_its_way_out
[test.cli]         PASS [   0.164s] hermit::cli backend_stats_are_debug_gated_and_absent_from_the_info_envelope
[test.cli]         PASS [   0.503s] hermit::cli container_child_exit_is_distinguishable_from_an_ordinary_cli_error
[test.cli]         PASS [   0.559s] hermit::cli dbt_verify_retains_captures_under_the_names_the_harness_scans_for
[test.cli]         PASS [   0.405s] hermit::cli dbt_verify_without_json_rejects_io_buffer_content_divergence
[test.cli]         PASS [   0.617s] hermit::cli diagnostics_survive_a_nonblocking_stderr_under_back_pressure
[test.cli] … 180s elapsed, no test events yet
[test.cli]         PASS [  28.540s] hermit::cli every_record_container_site_classifies_a_child_fault_by_name
[test.cli]         PASS [   0.011s] hermit::cli global_position_rejects_unknown_backends
[test.cli]         PASS [   0.005s] hermit::cli guest_env_difference_accepts_the_forced_pair_plus_the_explicit_value
[test.cli]         PASS [   0.005s] hermit::cli guest_env_difference_rejects_a_dropped_explicit_variable
[test.cli]         PASS [   0.005s] hermit::cli guest_env_difference_rejects_a_leaked_host_variable
[test.cli]         PASS [   0.004s] hermit::cli guest_env_difference_rejects_the_pre_parity_fix_output
[test.cli]         PASS [   0.008s] hermit::cli hermit_dap_forwards_remote_settings_to_gdb
[test.cli]         PASS [   0.006s] hermit::cli hermit_dap_help_describes_managed_replay
[test.cli]         PASS [   0.006s] hermit::cli hermit_dap_rejects_replay_options_without_replay
[test.cli]         PASS [   0.006s] hermit::cli hermit_dap_reports_a_missing_gdb_path
[test.cli]         PASS [   0.010s] hermit::cli incompatible_run_modes_fail_during_argument_parsing
[test.cli]         PASS [   0.155s] hermit::cli inherited_container_output_does_not_expose_capture_offset
[test.cli]         PASS [   0.006s] hermit::cli kvm_pinned_root_arguments_are_exact_and_fail_closed
[test.cli]         PASS [   0.007s] hermit::cli liteinst_runtime_cache_requires_the_current_revision
[test.cli]         PASS [   0.012s] hermit::cli log_file_that_cannot_be_opened_is_refused_by_path
[test.cli]         PASS [   0.066s] hermit::cli log_file_under_tmp_lands_on_the_host
[test.cli]         PASS [   0.052s] hermit::cli namespace_only_applies_a_fresh_private_tmpfs_workdir
[test.cli]         PASS [   0.024s] hermit::cli namespace_only_applies_minimal_and_explicit_environment
[test.cli]         PASS [   0.027s] hermit::cli namespace_only_preserves_default_host_environment
[test.cli]         PASS [   0.024s] hermit::cli namespace_only_propagates_guest_exit_status
[test.cli]         PASS [   0.023s] hermit::cli namespace_only_rejects_every_explicit_backend
[test.cli]         PASS [   0.012s] hermit::cli namespace_only_rejects_global_position_backend
[test.cli]         PASS [   0.033s] hermit::cli namespace_only_reports_invalid_process_settings
[test.cli]         PASS [   0.006s] hermit::cli no_container_site_is_unreachable_by_the_fault_injector
[test.cli]         PASS [   0.281s] hermit::cli no_namespace_fork_children_have_deterministic_distinct_rng_streams
[test.cli]         PASS [   0.203s] hermit::cli no_namespace_preserves_affinity_for_run_and_verify
[test.cli]         PASS [   0.058s] hermit::cli no_namespace_rejects_container_only_options
[test.cli]         PASS [   0.033s] hermit::cli no_namespace_runs_without_container_setup
[test.cli]         PASS [   0.005s] hermit::cli pinned_root_arguments_cover_split_guest_commands
[test.cli] … 210s elapsed, no test events yet
[test.cli]         PASS [   1.680s] hermit::cli record_classifies_a_container_child_failure_the_same_way_run_does
[test.cli]         PASS [   0.558s] hermit::cli record_classifies_a_gdbserver_replay_stage_container_child_failure
[test.cli]         PASS [   0.358s] hermit::cli record_classifies_a_replay_stage_container_child_failure
[test.cli]         PASS [   0.012s] hermit::cli record_list_json_reports_an_empty_inventory
[test.cli]         PASS [   0.017s] hermit::cli record_list_rejects_a_non_directory_inventory
[test.cli]         PASS [   0.301s] hermit::cli record_reports_an_unsupported_syscall_as_a_refusal_not_an_internal_failure
[test.cli]         PASS [   0.083s] hermit::cli run_dbt_executes_integrated_backend
[test.cli]         PASS [   0.087s] hermit::cli run_dbt_forwards_detcore_info_logs
[test.cli]         PASS [   0.438s] hermit::cli run_dbt_rejects_unfollowed_execveat
[test.cli]         PASS [   0.080s] hermit::cli run_dbt_uses_the_normalized_backend_config
[test.cli]         PASS [   0.087s] hermit::cli run_dbt_uses_the_requested_guest_environment
[test.cli]         PASS [   0.414s] hermit::cli run_dbt_verifies_application_mmap
[test.cli]         PASS [   0.523s] hermit::cli run_dbt_verifies_process_wait_lifecycle
[test.cli]         PASS [   1.539s] hermit::cli run_dbt_virtualizes_process_identities
[test.cli]         PASS [   0.016s] hermit::cli run_liteinst_rejects_a_non_runtime_override_before_activation_claim
[test.cli]         PASS [   0.088s] hermit::cli run_liteinst_rejects_an_inert_dso_before_activation_claim
[test.cli]         PASS [   3.473s] hermit::cli run_liteinst_verifies_detcore_backend
[test.cli]         PASS [   0.337s] hermit::cli run_ptrace_fails_closed_by_default_on_unsupported_syscall
[test.cli]         PASS [   0.332s] hermit::cli run_ptrace_virtual_clock_across_execve_is_deterministic
[test.cli]         PASS [   0.146s] hermit::cli run_ptrace_virtual_clock_advances_across_execve
[test.cli]         PASS [   0.020s] hermit::cli run_rejects_a_missing_bind_source_before_mounting
[test.cli]         PASS [   0.018s] hermit::cli run_rejects_invalid_configuration_without_panicking
[test.cli]         PASS [   0.042s] hermit::cli run_rejects_invalid_programs_with_actionable_errors
[test.cli]         PASS [   0.009s] hermit::cli run_rejects_unknown_backends_during_argument_parsing
[test.cli]         PASS [   0.018s] hermit::cli run_reports_denied_ptrace_and_seccomp_capabilities
[test.cli]         PASS [   0.049s] hermit::cli run_strict_flag_is_accepted_and_runs
[test.cli]         PASS [  11.038s] hermit::cli run_timeout_fallback_fires_when_the_unwind_does_not_finish
[test.cli]         PASS [   2.039s] hermit::cli run_timeout_fires_by_name_and_unwinds_the_container
[test.cli]         PASS [   0.073s] hermit::cli run_timeout_leaves_a_guest_that_finishes_in_time_alone
[test.cli]         PASS [   0.027s] hermit::cli run_timeout_refuses_backends_where_it_cannot_bound_the_run
[test.cli]         PASS [   0.023s] hermit::cli sabre_backend_validation_honors_command_scope
[test.cli]         PASS [   0.005s] hermit::cli sabre_rpc_socket_ignores_host_tmpdir_hidden_by_container_tmp
[test.cli]         PASS [   0.006s] hermit::cli sabre_rpc_socket_is_hidden_from_proc_environ
[test.cli]         PASS [   0.606s] hermit::cli sigint_instakill_reports_a_signal_death_not_a_policy_refusal
[test.cli]         PASS [   0.292s] hermit::cli skid_overshoot_and_guest_failure_have_different_exit_codes
[test.cli]         PASS [   2.560s] hermit::cli the_stderr_deadline_is_spent_once_across_writes_not_restarted_by_each
[test.cli]         PASS [   0.006s] hermit::cli the_stderr_diagnostic_deadline_fits_inside_the_unwind_grace
[test.cli]         PASS [   0.011s] hermit::cli verify_verbose_requires_verify
[test.cli] ────────────
[test.cli]      Summary [  64.011s] 78 tests run: 78 passed, 35 skipped
[test.cli] running 78 tests
[test.cli] test result: ok. 78 passed; 0 failed; 0 ignored; 35 filtered out
[test.cli] ✓ PASS   Portable CLI cases (skips KVM/DBT-backend-only cases) (237s)  [test result: ok. 78 passed; 0 failed; 0 ignored; 35 filtered out]
[scheduler] reaped 1 leftover step cgroup(s) on exit (setsid orphans a step left behind).

=== per-node cost (dagrun) ===
node                                           seconds  status   reason/returncode
------------------------------------------------------------------------------------
build.rust_scripts                              111.95  ok       rc 0
build.rust_scripts_in_pinned_root               115.87  ok       rc 0
build.runtime_release_in_pinned_root            126.19  ok       rc 0
test.cli                                        236.82  ok       rc 0
build.workspace_in_pinned_root                  282.59  ok       rc 0
build.liteinst_runtime_release_in_pinned_root    206.12  ok       rc 0
setup.manifest_plan                             149.40  ok       rc 0
build.e2e_artifact_in_pinned_root                 9.88  ok       rc 0
pre.submodules                                    5.86  ok       rc 0
pre.reverie_pin                                   6.18  ok       rc 0
gate.manifest                                   444.03  ok       rc 0
setup.pinned_root_fetch                          48.28  ok       rc 0
------------------------------------------------------------------------------------
TOTAL                                          1743.17  (sum of node wall)
Peer validates: 1 peak CPU-active of 1 peak live top-level run(s) registered in /home/newton/work/dev-hermit/ignored/validate/runs (existence alone is not concurrency; each peer had to hold its own flock AND burn CPU between two samples).
validate: not publishing a receipt-backed label: --no-label-pr / VALIDATE_LABEL_PR=0

✅ validate PASS (exit 0) — profile full @ 932f7130ea3c77dcdb2547b6834f46f08bf593f0
   COMPLETE: all 12 selected node(s) produced a product result
   every blocking gate passed (12 node(s) ran)
   78 test(s) executed, 78 passed, 35 filtered (aggregated from typed step outcomes)
   this was local iterative testing off the record: no ledger row or receipt was published, and the result cannot be cited as validation evidence
   retries: 0 occurrence(s) recorded from scheduler and per-cell attempts

   no retries, no flaky tests, and no failed test ids: every executed node passed first time
   nodes: 12 executed, 0 failed, 0 skipped in 29m04s at -j 1
   durable log: /home/newton/work/dev-hermit/ignored/validate/validate-full-932f7130ea3c-gdb-vfile-pin-932f7130ea-20260916-cli-1.log
   wall 29m04s | CPU 25m41s (user 22m56s, sys 2m45s) | CPU/wall 0.9x across 284 cores  (~1 core busy — single-threaded or possibly spinning)
FINAL_VALIDATE_STATUS: PASSED
